Unit,Model,SL,z,ratio,lots,markup,term_k,eval_end,last_decision,fill_rate,cycle_service,avg_oh,avg_bl,total_cost,demand_2024,end_oh,end_pipe
BR_1.0-1.5,arima,0.9,1.2816,2,True,-1.0,0.0,2024-11-01,2024-07-01,1.0,1.0,171483.70406407514,0.0,1886320.7447048265,500275.0,248938.2495186206,0.0
BR_1.0-1.5,arima,0.9,1.2816,5,True,-1.0,0.0,2024-11-01,2024-07-01,1.0,1.0,171483.70406407514,0.0,1886320.7447048265,500275.0,248938.2495186206,0.0
BR_1.0-1.5,arima,0.9,1.2816,10,True,-1.0,0.0,2024-11-01,2024-07-01,1.0,1.0,171483.70406407514,0.0,1886320.7447048265,500275.0,248938.2495186206,0.0
BR_1.0-1.5,arima,0.9,1.2816,20,True,-1.0,0.0,2024-11-01,2024-07-01,1.0,1.0,171483.70406407514,0.0,1886320.7447048265,500275.0,248938.2495186206,0.0
BR_1.0-1.5,arima,0.9,1.2816,50,True,-1.0,0.0,2024-11-01,2024-07-01,1.0,1.0,171483.70406407514,0.0,1886320.7447048265,500275.0,248938.2495186206,0.0
BR_1.0-1.5,arima,0.9,1.2816,10,False,-1.0,0.0,2024-11-01,2024-07-01,1.0,1.0,156651.45572015384,0.0,1723166.0129216923,500275.0,229474.5131000398,0.0
BR_1.0-1.5,arima,0.95,1.6449,2,True,-1.0,0.0,2024-11-01,2024-07-01,1.0,1.0,216528.07406808806,0.0,2381808.8147489685,500275.0,284882.6195226335,0.0
BR_1.0-1.5,arima,0.95,1.6449,5,True,-1.0,0.0,2024-11-01,2024-07-01,1.0,1.0,216528.07406808806,0.0,2381808.8147489685,500275.0,284882.6195226335,0.0
BR_1.0-1.5,arima,0.95,1.6449,10,True,-1.0,0.0,2024-11-01,2024-07-01,1.0,1.0,216528.07406808806,0.0,2381808.8147489685,500275.0,284882.6195226335,0.0
BR_1.0-1.5,arima,0.95,1.6449,20,True,-1.0,0.0,2024-11-01,2024-07-01,1.0,1.0,216528.07406808806,0.0,2381808.8147489685,500275.0,284882.6195226335,0.0
BR_1.0-1.5,arima,0.95,1.6449,50,True,-1.0,0.0,2024-11-01,2024-07-01,1.0,1.0,216528.07406808806,0.0,2381808.8147489685,500275.0,284882.6195226335,0.0
BR_1.0-1.5,arima,0.95,1.6449,10,False,-1.0,0.0,2024-11-01,2024-07-01,1.0,1.0,203558.6415923179,0.0,2239145.057515497,500275.0,272677.5498951842,0.0
BR_1.0-1.5,arima,0.98,2.0537,2,True,-1.0,0.0,2024-11-01,2024-07-01,1.0,1.0,265214.9952286728,0.0,2917364.947515401,500275.0,322194.5406832183,0.0
BR_1.0-1.5,arima,0.98,2.0537,5,True,-1.0,0.0,2024-11-01,2024-07-01,1.0,1.0,265214.9952286728,0.0,2917364.947515401,500275.0,322194.5406832183,0.0
BR_1.0-1.5,arima,0.98,2.0537,10,True,-1.0,0.0,2024-11-01,2024-07-01,1.0,1.0,265214.9952286728,0.0,2917364.947515401,500275.0,322194.5406832183,0.0
BR_1.0-1.5,arima,0.98,2.0537,20,True,-1.0,0.0,2024-11-01,2024-07-01,1.0,1.0,265214.9952286728,0.0,2917364.947515401,500275.0,322194.5406832183,0.0
BR_1.0-1.5,arima,0.98,2.0537,50,True,-1.0,0.0,2024-11-01,2024-07-01,1.0,1.0,265214.9952286728,0.0,2917364.947515401,500275.0,322194.5406832183,0.0
BR_1.0-1.5,arima,0.98,2.0537,10,False,-1.0,0.0,2024-11-01,2024-07-01,1.0,1.0,257559.36682552018,0.0,2833153.035080722,500275.0,321291.37164540443,0.0
BR_1.0-1.5,croston,0.9,1.2816,2,True,-1.0,0.0,2024-11-01,2024-07-01,1.0,1.0,148831.13042972272,0.0,1637142.4347269498,500275.0,203535.67588426813,0.0
BR_1.0-1.5,croston,0.9,1.2816,5,True,-1.0,0.0,2024-11-01,2024-07-01,1.0,1.0,148831.13042972272,0.0,1637142.4347269498,500275.0,203535.67588426813,0.0
BR_1.0-1.5,croston,0.9,1.2816,10,True,-1.0,0.0,2024-11-01,2024-07-01,1.0,1.0,148831.13042972272,0.0,1637142.4347269498,500275.0,203535.67588426813,0.0
BR_1.0-1.5,croston,0.9,1.2816,20,True,-1.0,0.0,2024-11-01,2024-07-01,1.0,1.0,148831.13042972272,0.0,1637142.4347269498,500275.0,203535.67588426813,0.0
BR_1.0-1.5,croston,0.9,1.2816,50,True,-1.0,0.0,2024-11-01,2024-07-01,1.0,1.0,148831.13042972272,0.0,1637142.4347269498,500275.0,203535.67588426813,0.0
BR_1.0-1.5,croston,0.9,1.2816,10,False,-1.0,0.0,2024-11-01,2024-07-01,1.0,1.0,140059.74033210974,0.0,1540657.143653207,500275.0,199988.40872905776,0.0
BR_1.0-1.5,croston,0.95,1.6449,2,True,-1.0,0.0,2024-11-01,2024-07-01,1.0,1.0,192553.17447041397,0.0,2118084.919174554,500275.0,258632.71992495947,0.0
BR_1.0-1.5,croston,0.95,1.6449,5,True,-1.0,0.0,2024-11-01,2024-07-01,1.0,1.0,192553.17447041397,0.0,2118084.919174554,500275.0,258632.71992495947,0.0
BR_1.0-1.5,croston,0.95,1.6449,10,True,-1.0,0.0,2024-11-01,2024-07-01,1.0,1.0,192553.17447041397,0.0,2118084.919174554,500275.0,258632.71992495947,0.0
BR_1.0-1.5,croston,0.95,1.6449,20,True,-1.0,0.0,2024-11-01,2024-07-01,1.0,1.0,192553.17447041397,0.0,2118084.919174554,500275.0,258632.71992495947,0.0
BR_1.0-1.5,croston,0.95,1.6449,50,True,-1.0,0.0,2024-11-01,2024-07-01,1.0,1.0,192553.17447041397,0.0,2118084.919174554,500275.0,258632.71992495947,0.0
BR_1.0-1.5,croston,0.95,1.6449,10,False,-1.0,0.0,2024-11-01,2024-07-01,1.0,1.0,179505.7646578245,0.0,1974563.4112360696,500275.0,235139.35447812243,0.0
BR_1.0-1.5,croston,0.98,2.0537,2,True,-1.0,0.0,2024-11-01,2024-07-01,1.0,1.0,237766.46680136534,0.0,2615431.1348150186,500275.0,292471.0122559108,0.0
BR_1.0-1.5,croston,0.98,2.0537,5,True,-1.0,0.0,2024-11-01,2024-07-01,1.0,1.0,237766.46680136534,0.0,2615431.1348150186,500275.0,292471.0122559108,0.0
BR_1.0-1.5,croston,0.98,2.0537,10,True,-1.0,0.0,2024-11-01,2024-07-01,1.0,1.0,237766.46680136534,0.0,2615431.1348150186,500275.0,292471.0122559108,0.0
BR_1.0-1.5,croston,0.98,2.0537,20,True,-1.0,0.0,2024-11-01,2024-07-01,1.0,1.0,237766.46680136534,0.0,2615431.1348150186,500275.0,292471.0122559108,0.0
BR_1.0-1.5,croston,0.98,2.0537,50,True,-1.0,0.0,2024-11-01,2024-07-01,1.0,1.0,237766.46680136534,0.0,2615431.1348150186,500275.0,292471.0122559108,0.0
BR_1.0-1.5,croston,0.98,2.0537,10,False,-1.0,0.0,2024-11-01,2024-07-01,1.0,1.0,223892.04251180802,0.0,2462812.467629888,500275.0,274692.6344732165,0.0
BR_1.0-1.5,hybrid,0.9,1.2816,2,True,-1.0,0.0,2024-11-01,2024-07-01,1.0,1.0,254581.67069756237,0.0,2800398.377673186,500275.0,213736.2161521078,0.0
BR_1.0-1.5,hybrid,0.9,1.2816,5,True,-1.0,0.0,2024-11-01,2024-07-01,1.0,1.0,254581.67069756237,0.0,2800398.377673186,500275.0,213736.2161521078,0.0
BR_1.0-1.5,hybrid,0.9,1.2816,10,True,-1.0,0.0,2024-11-01,2024-07-01,1.0,1.0,254581.67069756237,0.0,2800398.377673186,500275.0,213736.2161521078,0.0
BR_1.0-1.5,hybrid,0.9,1.2816,20,True,-1.0,0.0,2024-11-01,2024-07-01,1.0,1.0,254581.67069756237,0.0,2800398.377673186,500275.0,213736.2161521078,0.0
BR_1.0-1.5,hybrid,0.9,1.2816,50,True,-1.0,0.0,2024-11-01,2024-07-01,1.0,1.0,254581.67069756237,0.0,2800398.377673186,500275.0,213736.2161521078,0.0
BR_1.0-1.5,hybrid,0.9,1.2816,10,False,-1.0,0.0,2024-11-01,2024-07-01,1.0,1.0,235987.97168236805,0.0,2595867.6885060486,500275.0,206611.28645012423,0.0
BR_1.0-1.5,hybrid,0.95,1.6449,2,True,-1.0,0.0,2024-11-01,2024-07-01,1.0,1.0,307473.70623504143,0.0,3382210.768585456,500275.0,262078.25168958696,0.0
BR_1.0-1.5,hybrid,0.95,1.6449,5,True,-1.0,0.0,2024-11-01,2024-07-01,1.0,1.0,307473.70623504143,0.0,3382210.768585456,500275.0,262078.25168958696,0.0
BR_1.0-1.5,hybrid,0.95,1.6449,10,True,-1.0,0.0,2024-11-01,2024-07-01,1.0,1.0,307473.70623504143,0.0,3382210.768585456,500275.0,262078.25168958696,0.0
BR_1.0-1.5,hybrid,0.95,1.6449,20,True,-1.0,0.0,2024-11-01,2024-07-01,1.0,1.0,307473.70623504143,0.0,3382210.768585456,500275.0,262078.25168958696,0.0
BR_1.0-1.5,hybrid,0.95,1.6449,50,True,-1.0,0.0,2024-11-01,2024-07-01,1.0,1.0,307473.70623504143,0.0,3382210.768585456,500275.0,262078.25168958696,0.0
BR_1.0-1.5,hybrid,0.95,1.6449,10,False,-1.0,0.0,2024-11-01,2024-07-01,1.0,1.0,294604.7344664499,0.0,3240652.0791309485,500275.0,258524.95295825647,0.0
BR_1.0-1.5,hybrid,0.98,2.0537,2,True,-1.0,0.0,2024-11-01,2024-07-01,1.0,1.0,367835.9870710489,0.0,4046195.857781538,500275.0,338365.53252559435,0.0
BR_1.0-1.5,hybrid,0.98,2.0537,5,True,-1.0,0.0,2024-11-01,2024-07-01,1.0,1.0,367835.9870710489,0.0,4046195.857781538,500275.0,338365.53252559435,0.0
BR_1.0-1.5,hybrid,0.98,2.0537,10,True,-1.0,0.0,2024-11-01,2024-07-01,1.0,1.0,367835.9870710489,0.0,4046195.857781538,500275.0,338365.53252559435,0.0
BR_1.0-1.5,hybrid,0.98,2.0537,20,True,-1.0,0.0,2024-11-01,2024-07-01,1.0,1.0,367835.9870710489,0.0,4046195.857781538,500275.0,338365.53252559435,0.0
BR_1.0-1.5,hybrid,0.98,2.0537,50,True,-1.0,0.0,2024-11-01,2024-07-01,1.0,1.0,367835.9870710489,0.0,4046195.857781538,500275.0,338365.53252559435,0.0
BR_1.0-1.5,hybrid,0.98,2.0537,10,False,-1.0,0.0,2024-11-01,2024-07-01,1.0,1.0,360562.71031597554,0.0,3966189.813475731,500275.0,316940.3310714535,0.0
BR_1.0-1.5,mitra,0.9,1.2816,2,True,-1.0,0.0,2024-11-01,2024-07-01,1.0,1.0,189227.74312901255,0.0,2081505.174419138,500275.0,216632.288583558,0.0
BR_1.0-1.5,mitra,0.9,1.2816,5,True,-1.0,0.0,2024-11-01,2024-07-01,1.0,1.0,189227.74312901255,0.0,2081505.174419138,500275.0,216632.288583558,0.0
BR_1.0-1.5,mitra,0.9,1.2816,10,True,-1.0,0.0,2024-11-01,2024-07-01,1.0,1.0,189227.74312901255,0.0,2081505.174419138,500275.0,216632.288583558,0.0
BR_1.0-1.5,mitra,0.9,1.2816,20,True,-1.0,0.0,2024-11-01,2024-07-01,1.0,1.0,189227.74312901255,0.0,2081505.174419138,500275.0,216632.288583558,0.0
BR_1.0-1.5,mitra,0.9,1.2816,50,True,-1.0,0.0,2024-11-01,2024-07-01,1.0,1.0,189227.74312901255,0.0,2081505.174419138,500275.0,216632.288583558,0.0
BR_1.0-1.5,mitra,0.9,1.2816,10,False,-1.0,0.0,2024-11-01,2024-07-01,1.0,1.0,176729.04333165186,0.0,1944019.4766481705,500275.0,206812.8155336635,0.0
BR_1.0-1.5,mitra,0.95,1.6449,2,True,-1.0,0.0,2024-11-01,2024-07-01,1.0,1.0,254066.58554662068,0.0,2794732.4410128277,500275.0,276921.1310011662,0.0
BR_1.0-1.5,mitra,0.95,1.6449,5,True,-1.0,0.0,2024-11-01,2024-07-01,1.0,1.0,254066.58554662068,0.0,2794732.4410128277,500275.0,276921.1310011662,0.0
BR_1.0-1.5,mitra,0.95,1.6449,10,True,-1.0,0.0,2024-11-01,2024-07-01,1.0,1.0,254066.58554662068,0.0,2794732.4410128277,500275.0,276921.1310011662,0.0
BR_1.0-1.5,mitra,0.95,1.6449,20,True,-1.0,0.0,2024-11-01,2024-07-01,1.0,1.0,254066.58554662068,0.0,2794732.4410128277,500275.0,276921.1310011662,0.0
BR_1.0-1.5,mitra,0.95,1.6449,50,True,-1.0,0.0,2024-11-01,2024-07-01,1.0,1.0,254066.58554662068,0.0,2794732.4410128277,500275.0,276921.1310011662,0.0
BR_1.0-1.5,mitra,0.95,1.6449,10,False,-1.0,0.0,2024-11-01,2024-07-01,1.0,1.0,245181.6990756281,0.0,2696998.6898319093,500275.0,266592.8012026553,0.0
BR_1.0-1.5,mitra,0.98,2.0537,2,True,-1.0,0.0,2024-11-01,2024-07-01,1.0,1.0,332421.90148473857,0.0,3656640.9163321243,500275.0,341626.44693928404,0.0
BR_1.0-1.5,mitra,0.98,2.0537,5,True,-1.0,0.0,2024-11-01,2024-07-01,1.0,1.0,332421.90148473857,0.0,3656640.9163321243,500275.0,341626.44693928404,0.0
BR_1.0-1.5,mitra,0.98,2.0537,10,True,-1.0,0.0,2024-11-01,2024-07-01,1.0,1.0,332421.90148473857,0.0,3656640.9163321243,500275.0,341626.44693928404,0.0
BR_1.0-1.5,mitra,0.98,2.0537,20,True,-1.0,0.0,2024-11-01,2024-07-01,1.0,1.0,332421.90148473857,0.0,3656640.9163321243,500275.0,341626.44693928404,0.0
BR_1.0-1.5,mitra,0.98,2.0537,50,True,-1.0,0.0,2024-11-01,2024-07-01,1.0,1.0,332421.90148473857,0.0,3656640.9163321243,500275.0,341626.44693928404,0.0
BR_1.0-1.5,mitra,0.98,2.0537,10,False,-1.0,0.0,2024-11-01,2024-07-01,1.0,1.0,322207.42345806,0.0,3544281.6580386604,500275.0,333859.682957359,0.0
BR_1.0-1.5,naive,0.9,1.2816,2,True,-1.0,0.0,2024-11-01,2024-07-01,1.0,1.0,524252.5244919,0.0,5766777.7694109,500275.0,631282.0699464454,0.0
BR_1.0-1.5,naive,0.9,1.2816,5,True,-1.0,0.0,2024-11-01,2024-07-01,1.0,1.0,524252.5244919,0.0,5766777.7694109,500275.0,631282.0699464454,0.0
BR_1.0-1.5,naive,0.9,1.2816,10,True,-1.0,0.0,2024-11-01,2024-07-01,1.0,1.0,524252.5244919,0.0,5766777.7694109,500275.0,631282.0699464454,0.0
BR_1.0-1.5,naive,0.9,1.2816,20,True,-1.0,0.0,2024-11-01,2024-07-01,1.0,1.0,524252.5244919,0.0,5766777.7694109,500275.0,631282.0699464454,0.0
BR_1.0-1.5,naive,0.9,1.2816,50,True,-1.0,0.0,2024-11-01,2024-07-01,1.0,1.0,524252.5244919,0.0,5766777.7694109,500275.0,631282.0699464454,0.0
BR_1.0-1.5,naive,0.9,1.2816,10,False,-1.0,0.0,2024-11-01,2024-07-01,1.0,1.0,514190.191451214,0.0,5656092.105963354,500275.0,609506.1009674527,0.0
BR_1.0-1.5,naive,0.95,1.6449,2,True,-1.0,0.0,2024-11-01,2024-07-01,1.0,1.0,597860.0939453517,0.0,6576461.0333988685,500275.0,700339.6393998971,0.0
BR_1.0-1.5,naive,0.95,1.6449,5,True,-1.0,0.0,2024-11-01,2024-07-01,1.0,1.0,597860.0939453517,0.0,6576461.0333988685,500275.0,700339.6393998971,0.0
BR_1.0-1.5,naive,0.95,1.6449,10,True,-1.0,0.0,2024-11-01,2024-07-01,1.0,1.0,597860.0939453517,0.0,6576461.0333988685,500275.0,700339.6393998971,0.0
BR_1.0-1.5,naive,0.95,1.6449,20,True,-1.0,0.0,2024-11-01,2024-07-01,1.0,1.0,597860.0939453517,0.0,6576461.0333988685,500275.0,700339.6393998971,0.0
BR_1.0-1.5,naive,0.95,1.6449,50,True,-1.0,0.0,2024-11-01,2024-07-01,1.0,1.0,597860.0939453517,0.0,6576461.0333988685,500275.0,700339.6393998971,0.0
BR_1.0-1.5,naive,0.95,1.6449,10,False,-1.0,0.0,2024-11-01,2024-07-01,1.0,1.0,577420.1037835606,0.0,6351621.141619166,500275.0,683012.5823044344,0.0
BR_1.0-1.5,naive,0.98,2.0537,2,True,-1.0,0.0,2024-11-01,2024-07-01,1.0,1.0,656507.3397272701,0.0,7221580.736999971,500275.0,774911.8851818156,0.0
BR_1.0-1.5,naive,0.98,2.0537,5,True,-1.0,0.0,2024-11-01,2024-07-01,1.0,1.0,656507.3397272701,0.0,7221580.736999971,500275.0,774911.8851818156,0.0
BR_1.0-1.5,naive,0.98,2.0537,10,True,-1.0,0.0,2024-11-01,2024-07-01,1.0,1.0,656507.3397272701,0.0,7221580.736999971,500275.0,774911.8851818156,0.0
BR_1.0-1.5,naive,0.98,2.0537,20,True,-1.0,0.0,2024-11-01,2024-07-01,1.0,1.0,656507.3397272701,0.0,7221580.736999971,500275.0,774911.8851818156,0.0
BR_1.0-1.5,naive,0.98,2.0537,50,True,-1.0,0.0,2024-11-01,2024-07-01,1.0,1.0,656507.3397272701,0.0,7221580.736999971,500275.0,774911.8851818156,0.0
BR_1.0-1.5,naive,0.98,2.0537,10,False,-1.0,0.0,2024-11-01,2024-07-01,1.0,1.0,648568.9839417306,0.0,7134258.823359036,500275.0,765725.077681693,0.0
BR_1.0-1.5,rf,0.9,1.2816,2,True,-1.0,0.0,2024-11-01,2024-07-01,1.0,1.0,243726.59582566147,0.0,2680992.5540822763,500275.0,248381.14128020697,0.0
BR_1.0-1.5,rf,0.9,1.2816,5,True,-1.0,0.0,2024-11-01,2024-07-01,1.0,1.0,243726.59582566147,0.0,2680992.5540822763,500275.0,248381.14128020697,0.0
BR_1.0-1.5,rf,0.9,1.2816,10,True,-1.0,0.0,2024-11-01,2024-07-01,1.0,1.0,243726.59582566147,0.0,2680992.5540822763,500275.0,248381.14128020697,0.0
BR_1.0-1.5,rf,0.9,1.2816,20,True,-1.0,0.0,2024-11-01,2024-07-01,1.0,1.0,243726.59582566147,0.0,2680992.5540822763,500275.0,248381.14128020697,0.0
BR_1.0-1.5,rf,0.9,1.2816,50,True,-1.0,0.0,2024-11-01,2024-07-01,1.0,1.0,243726.59582566147,0.0,2680992.5540822763,500275.0,248381.14128020697,0.0
BR_1.0-1.5,rf,0.9,1.2816,10,False,-1.0,0.0,2024-11-01,2024-07-01,1.0,1.0,232699.64358721414,0.0,2559696.0794593557,500275.0,231766.81616533874,0.0
BR_1.0-1.5,rf,0.95,1.6449,2,True,-1.0,0.0,2024-11-01,2024-07-01,1.0,1.0,283931.5662307015,0.0,3123247.228537717,500275.0,288586.1116852469,0.0
BR_1.0-1.5,rf,0.95,1.6449,5,True,-1.0,0.0,2024-11-01,2024-07-01,1.0,1.0,283931.5662307015,0.0,3123247.228537717,500275.0,288586.1116852469,0.0
BR_1.0-1.5,rf,0.95,1.6449,10,True,-1.0,0.0,2024-11-01,2024-07-01,1.0,1.0,283931.5662307015,0.0,3123247.228537717,500275.0,288586.1116852469,0.0
BR_1.0-1.5,rf,0.95,1.6449,20,True,-1.0,0.0,2024-11-01,2024-07-01,1.0,1.0,283931.5662307015,0.0,3123247.228537717,500275.0,288586.1116852469,0.0
BR_1.0-1.5,rf,0.95,1.6449,50,True,-1.0,0.0,2024-11-01,2024-07-01,1.0,1.0,283931.5662307015,0.0,3123247.228537717,500275.0,288586.1116852469,0.0
BR_1.0-1.5,rf,0.95,1.6449,10,False,-1.0,0.0,2024-11-01,2024-07-01,1.0,1.0,279486.8581870456,0.0,3074355.4400575017,500275.0,283197.1545001293,0.0
BR_1.0-1.5,rf,0.98,2.0537,2,True,-1.0,0.0,2024-11-01,2024-07-01,1.0,1.0,339687.68899860774,0.0,3736564.5789846852,500275.0,355717.23445315316,0.0
BR_1.0-1.5,rf,0.98,2.0537,5,True,-1.0,0.0,2024-11-01,2024-07-01,1.0,1.0,339687.68899860774,0.0,3736564.5789846852,500275.0,355717.23445315316,0.0
BR_1.0-1.5,rf,0.98,2.0537,10,True,-1.0,0.0,2024-11-01,2024-07-01,1.0,1.0,339687.68899860774,0.0,3736564.5789846852,500275.0,355717.23445315316,0.0
BR_1.0-1.5,rf,0.98,2.0537,20,True,-1.0,0.0,2024-11-01,2024-07-01,1.0,1.0,339687.68899860774,0.0,3736564.5789846852,500275.0,355717.23445315316,0.0
BR_1.0-1.5,rf,0.98,2.0537,50,True,-1.0,0.0,2024-11-01,2024-07-01,1.0,1.0,339687.68899860774,0.0,3736564.5789846852,500275.0,355717.23445315316,0.0
BR_1.0-1.5,rf,0.98,2.0537,10,False,-1.0,0.0,2024-11-01,2024-07-01,1.0,1.0,332133.74320882134,0.0,3653471.175297035,500275.0,341068.6720097973,0.0
BR_1.0-1.5,sba,0.9,1.2816,2,True,-1.0,0.0,2024-11-01,2024-07-01,1.0,1.0,153153.64935967556,0.0,1684690.142956431,500275.0,207858.194814221,0.0
BR_1.0-1.5,sba,0.9,1.2816,5,True,-1.0,0.0,2024-11-01,2024-07-01,1.0,1.0,153153.64935967556,0.0,1684690.142956431,500275.0,207858.194814221,0.0
BR_1.0-1.5,sba,0.9,1.2816,10,True,-1.0,0.0,2024-11-01,2024-07-01,1.0,1.0,153153.64935967556,0.0,1684690.142956431,500275.0,207858.194814221,0.0
BR_1.0-1.5,sba,0.9,1.2816,20,True,-1.0,0.0,2024-11-01,2024-07-01,1.0,1.0,153153.64935967556,0.0,1684690.142956431,500275.0,207858.194814221,0.0
BR_1.0-1.5,sba,0.9,1.2816,50,True,-1.0,0.0,2024-11-01,2024-07-01,1.0,1.0,153153.64935967556,0.0,1684690.142956431,500275.0,207858.194814221,0.0
BR_1.0-1.5,sba,0.9,1.2816,10,False,-1.0,0.0,2024-11-01,2024-07-01,1.0,1.0,133973.92907928248,0.0,1473713.2198721073,500275.0,192424.61679892114,0.0
BR_1.0-1.5,sba,0.95,1.6449,2,True,-1.0,0.0,2024-11-01,2024-07-01,1.0,1.0,184345.6891849816,0.0,2027802.5810347975,500275.0,234500.23463952704,0.0
BR_1.0-1.5,sba,0.95,1.6449,5,True,-1.0,0.0,2024-11-01,2024-07-01,1.0,1.0,184345.6891849816,0.0,2027802.5810347975,500275.0,234500.23463952704,0.0
BR_1.0-1.5,sba,0.95,1.6449,10,True,-1.0,0.0,2024-11-01,2024-07-01,1.0,1.0,184345.6891849816,0.0,2027802.5810347975,500275.0,234500.23463952704,0.0
BR_1.0-1.5,sba,0.95,1.6449,20,True,-1.0,0.0,2024-11-01,2024-07-01,1.0,1.0,184345.6891849816,0.0,2027802.5810347975,500275.0,234500.23463952704,0.0
BR_1.0-1.5,sba,0.95,1.6449,50,True,-1.0,0.0,2024-11-01,2024-07-01,1.0,1.0,184345.6891849816,0.0,2027802.5810347975,500275.0,234500.23463952704,0.0
BR_1.0-1.5,sba,0.95,1.6449,10,False,-1.0,0.0,2024-11-01,2024-07-01,1.0,1.0,174479.47344763408,0.0,1919274.2079239748,500275.0,228635.21414188773,0.0
BR_1.0-1.5,sba,0.98,2.0537,2,True,-1.0,0.0,2024-11-01,2024-07-01,1.0,1.0,234799.4006647094,0.0,2582793.407311803,500275.0,289503.9461192548,0.0
BR_1.0-1.5,sba,0.98,2.0537,5,True,-1.0,0.0,2024-11-01,2024-07-01,1.0,1.0,234799.4006647094,0.0,2582793.407311803,500275.0,289503.9461192548,0.0
BR_1.0-1.5,sba,0.98,2.0537,10,True,-1.0,0.0,2024-11-01,2024-07-01,1.0,1.0,234799.4006647094,0.0,2582793.407311803,500275.0,289503.9461192548,0.0
BR_1.0-1.5,sba,0.98,2.0537,20,True,-1.0,0.0,2024-11-01,2024-07-01,1.0,1.0,234799.4006647094,0.0,2582793.407311803,500275.0,289503.9461192548,0.0
BR_1.0-1.5,sba,0.98,2.0537,50,True,-1.0,0.0,2024-11-01,2024-07-01,1.0,1.0,234799.4006647094,0.0,2582793.407311803,500275.0,289503.9461192548,0.0
BR_1.0-1.5,sba,0.98,2.0537,10,False,-1.0,0.0,2024-11-01,2024-07-01,1.0,1.0,220057.96653263865,0.0,2420637.631859025,500275.0,269380.8573948598,0.0
BR_1.0-1.5,ses,0.9,1.2816,2,True,-1.0,0.0,2024-11-01,2024-07-01,1.0,1.0,182750.69971034164,0.0,2010257.696813758,500275.0,244280.2451648871,0.0
BR_1.0-1.5,ses,0.9,1.2816,5,True,-1.0,0.0,2024-11-01,2024-07-01,1.0,1.0,182750.69971034164,0.0,2010257.696813758,500275.0,244280.2451648871,0.0
BR_1.0-1.5,ses,0.9,1.2816,10,True,-1.0,0.0,2024-11-01,2024-07-01,1.0,1.0,182750.69971034164,0.0,2010257.696813758,500275.0,244280.2451648871,0.0
BR_1.0-1.5,ses,0.9,1.2816,20,True,-1.0,0.0,2024-11-01,2024-07-01,1.0,1.0,182750.69971034164,0.0,2010257.696813758,500275.0,244280.2451648871,0.0
BR_1.0-1.5,ses,0.9,1.2816,50,True,-1.0,0.0,2024-11-01,2024-07-01,1.0,1.0,182750.69971034164,0.0,2010257.696813758,500275.0,244280.2451648871,0.0
BR_1.0-1.5,ses,0.9,1.2816,10,False,-1.0,0.0,2024-11-01,2024-07-01,1.0,1.0,174045.89676726106,0.0,1914504.8644398716,500275.0,237021.6758924632,0.0
BR_1.0-1.5,ses,0.95,1.6449,2,True,-1.0,0.0,2024-11-01,2024-07-01,1.0,1.0,235499.24374721476,0.0,2590491.681219362,500275.0,283378.7892017602,0.0
BR_1.0-1.5,ses,0.95,1.6449,5,True,-1.0,0.0,2024-11-01,2024-07-01,1.0,1.0,235499.24374721476,0.0,2590491.681219362,500275.0,283378.7892017602,0.0
BR_1.0-1.5,ses,0.95,1.6449,10,True,-1.0,0.0,2024-11-01,2024-07-01,1.0,1.0,235499.24374721476,0.0,2590491.681219362,500275.0,283378.7892017602,0.0
BR_1.0-1.5,ses,0.95,1.6449,20,True,-1.0,0.0,2024-11-01,2024-07-01,1.0,1.0,235499.24374721476,0.0,2590491.681219362,500275.0,283378.7892017602,0.0
BR_1.0-1.5,ses,0.95,1.6449,50,True,-1.0,0.0,2024-11-01,2024-07-01,1.0,1.0,235499.24374721476,0.0,2590491.681219362,500275.0,283378.7892017602,0.0
BR_1.0-1.5,ses,0.95,1.6449,10,False,-1.0,0.0,2024-11-01,2024-07-01,1.0,1.0,221929.82753658292,0.0,2441228.102902412,500275.0,279444.88912157563,0.0
BR_1.0-1.5,ses,0.98,2.0537,2,True,-1.0,0.0,2024-11-01,2024-07-01,1.0,1.0,287735.3703705941,0.0,3165089.074076535,500275.0,349264.9158251395,0.0
BR_1.0-1.5,ses,0.98,2.0537,5,True,-1.0,0.0,2024-11-01,2024-07-01,1.0,1.0,287735.3703705941,0.0,3165089.074076535,500275.0,349264.9158251395,0.0
BR_1.0-1.5,ses,0.98,2.0537,10,True,-1.0,0.0,2024-11-01,2024-07-01,1.0,1.0,287735.3703705941,0.0,3165089.074076535,500275.0,349264.9158251395,0.0
BR_1.0-1.5,ses,0.98,2.0537,20,True,-1.0,0.0,2024-11-01,2024-07-01,1.0,1.0,287735.3703705941,0.0,3165089.074076535,500275.0,349264.9158251395,0.0
BR_1.0-1.5,ses,0.98,2.0537,50,True,-1.0,0.0,2024-11-01,2024-07-01,1.0,1.0,287735.3703705941,0.0,3165089.074076535,500275.0,349264.9158251395,0.0
BR_1.0-1.5,ses,0.98,2.0537,10,False,-1.0,0.0,2024-11-01,2024-07-01,1.0,1.0,276775.6450270813,0.0,3044532.0952978944,500275.0,327181.22154123196,0.0
BR_1.0-1.5,tsb,0.9,1.2816,2,True,-1.0,0.0,2024-11-01,2024-07-01,1.0,1.0,180857.0770989009,0.0,1989427.8480879096,500275.0,242386.62255344633,0.0
BR_1.0-1.5,tsb,0.9,1.2816,5,True,-1.0,0.0,2024-11-01,2024-07-01,1.0,1.0,180857.0770989009,0.0,1989427.8480879096,500275.0,242386.62255344633,0.0
BR_1.0-1.5,tsb,0.9,1.2816,10,True,-1.0,0.0,2024-11-01,2024-07-01,1.0,1.0,180857.0770989009,0.0,1989427.8480879096,500275.0,242386.62255344633,0.0
BR_1.0-1.5,tsb,0.9,1.2816,20,True,-1.0,0.0,2024-11-01,2024-07-01,1.0,1.0,180857.0770989009,0.0,1989427.8480879096,500275.0,242386.62255344633,0.0
BR_1.0-1.5,tsb,0.9,1.2816,50,True,-1.0,0.0,2024-11-01,2024-07-01,1.0,1.0,180857.0770989009,0.0,1989427.8480879096,500275.0,242386.62255344633,0.0
BR_1.0-1.5,tsb,0.9,1.2816,10,False,-1.0,0.0,2024-11-01,2024-07-01,1.0,1.0,162358.1937372281,0.0,1785940.1311095092,500275.0,220059.2357599184,0.0
BR_1.0-1.5,tsb,0.95,1.6449,2,True,-1.0,0.0,2024-11-01,2024-07-01,1.0,1.0,216153.69002277267,0.0,2377690.5902504995,500275.0,257208.23547731817,0.0
BR_1.0-1.5,tsb,0.95,1.6449,5,True,-1.0,0.0,2024-11-01,2024-07-01,1.0,1.0,216153.69002277267,0.0,2377690.5902504995,500275.0,257208.23547731817,0.0
BR_1.0-1.5,tsb,0.95,1.6449,10,True,-1.0,0.0,2024-11-01,2024-07-01,1.0,1.0,216153.69002277267,0.0,2377690.5902504995,500275.0,257208.23547731817,0.0
BR_1.0-1.5,tsb,0.95,1.6449,20,True,-1.0,0.0,2024-11-01,2024-07-01,1.0,1.0,216153.69002277267,0.0,2377690.5902504995,500275.0,257208.23547731817,0.0
BR_1.0-1.5,tsb,0.95,1.6449,50,True,-1.0,0.0,2024-11-01,2024-07-01,1.0,1.0,216153.69002277267,0.0,2377690.5902504995,500275.0,257208.23547731817,0.0
BR_1.0-1.5,tsb,0.95,1.6449,10,False,-1.0,0.0,2024-11-01,2024-07-01,1.0,1.0,205057.78000558336,0.0,2255635.580061417,500275.0,256347.0000747089,0.0
BR_1.0-1.5,tsb,0.98,2.0537,2,True,-1.0,0.0,2024-11-01,2024-07-01,1.0,1.0,262406.5743147596,0.0,2886472.3174623554,500275.0,298911.11976930505,0.0
BR_1.0-1.5,tsb,0.98,2.0537,5,True,-1.0,0.0,2024-11-01,2024-07-01,1.0,1.0,262406.5743147596,0.0,2886472.3174623554,500275.0,298911.11976930505,0.0
BR_1.0-1.5,tsb,0.98,2.0537,10,True,-1.0,0.0,2024-11-01,2024-07-01,1.0,1.0,262406.5743147596,0.0,2886472.3174623554,500275.0,298911.11976930505,0.0
BR_1.0-1.5,tsb,0.98,2.0537,20,True,-1.0,0.0,2024-11-01,2024-07-01,1.0,1.0,262406.5743147596,0.0,2886472.3174623554,500275.0,298911.11976930505,0.0
BR_1.0-1.5,tsb,0.98,2.0537,50,True,-1.0,0.0,2024-11-01,2024-07-01,1.0,1.0,262406.5743147596,0.0,2886472.3174623554,500275.0,298911.11976930505,0.0
BR_1.0-1.5,tsb,0.98,2.0537,10,False,-1.0,0.0,2024-11-01,2024-07-01,1.0,1.0,253105.09865822206,0.0,2784156.085240443,500275.0,297179.47475647705,0.0
BR_1.0-1.5,xgb,0.9,1.2816,2,True,-1.0,0.0,2024-11-01,2024-07-01,1.0,1.0,134081.27000602466,0.0,1474893.9700662713,500275.0,154660.8154605701,0.0
BR_1.0-1.5,xgb,0.9,1.2816,5,True,-1.0,0.0,2024-11-01,2024-07-01,1.0,1.0,134081.27000602466,0.0,1474893.9700662713,500275.0,154660.8154605701,0.0
BR_1.0-1.5,xgb,0.9,1.2816,10,True,-1.0,0.0,2024-11-01,2024-07-01,1.0,1.0,134081.27000602466,0.0,1474893.9700662713,500275.0,154660.8154605701,0.0
BR_1.0-1.5,xgb,0.9,1.2816,20,True,-1.0,0.0,2024-11-01,2024-07-01,1.0,1.0,134081.27000602466,0.0,1474893.9700662713,500275.0,154660.8154605701,0.0
BR_1.0-1.5,xgb,0.9,1.2816,50,True,-1.0,0.0,2024-11-01,2024-07-01,1.0,1.0,134081.27000602466,0.0,1474893.9700662713,500275.0,154660.8154605701,0.0
BR_1.0-1.5,xgb,0.9,1.2816,10,False,-1.0,0.0,2024-11-01,2024-07-01,1.0,1.0,126406.97136437635,0.0,1390476.6850081398,500275.0,146553.40828439523,0.0
BR_1.0-1.5,xgb,0.95,1.6449,2,True,-1.0,0.0,2024-11-01,2024-07-01,1.0,1.0,227359.9582200431,0.0,2500959.540420474,500275.0,247939.50367458852,0.0
BR_1.0-1.5,xgb,0.95,1.6449,5,True,-1.0,0.0,2024-11-01,2024-07-01,1.0,1.0,227359.9582200431,0.0,2500959.540420474,500275.0,247939.50367458852,0.0
BR_1.0-1.5,xgb,0.95,1.6449,10,True,-1.0,0.0,2024-11-01,2024-07-01,1.0,1.0,227359.9582200431,0.0,2500959.540420474,500275.0,247939.50367458852,0.0
BR_1.0-1.5,xgb,0.95,1.6449,20,True,-1.0,0.0,2024-11-01,2024-07-01,1.0,1.0,227359.9582200431,0.0,2500959.540420474,500275.0,247939.50367458852,0.0
BR_1.0-1.5,xgb,0.95,1.6449,50,True,-1.0,0.0,2024-11-01,2024-07-01,1.0,1.0,227359.9582200431,0.0,2500959.540420474,500275.0,247939.50367458852,0.0
BR_1.0-1.5,xgb,0.95,1.6449,10,False,-1.0,0.0,2024-11-01,2024-07-01,1.0,1.0,209345.53844237217,0.0,2302800.922866094,500275.0,225894.7791079444,0.0
BR_1.0-1.5,xgb,0.98,2.0537,2,True,-1.0,0.0,2024-11-01,2024-07-01,1.0,1.0,314677.6439945841,0.0,3461454.083940425,500275.0,321607.1894491295,0.0
BR_1.0-1.5,xgb,0.98,2.0537,5,True,-1.0,0.0,2024-11-01,2024-07-01,1.0,1.0,314677.6439945841,0.0,3461454.083940425,500275.0,321607.1894491295,0.0
BR_1.0-1.5,xgb,0.98,2.0537,10,True,-1.0,0.0,2024-11-01,2024-07-01,1.0,1.0,314677.6439945841,0.0,3461454.083940425,500275.0,321607.1894491295,0.0
BR_1.0-1.5,xgb,0.98,2.0537,20,True,-1.0,0.0,2024-11-01,2024-07-01,1.0,1.0,314677.6439945841,0.0,3461454.083940425,500275.0,321607.1894491295,0.0
BR_1.0-1.5,xgb,0.98,2.0537,50,True,-1.0,0.0,2024-11-01,2024-07-01,1.0,1.0,314677.6439945841,0.0,3461454.083940425,500275.0,321607.1894491295,0.0
BR_1.0-1.5,xgb,0.98,2.0537,10,False,-1.0,0.0,2024-11-01,2024-07-01,1.0,1.0,302671.40197522304,0.0,3329385.4217274534,500275.0,315172.93047779554,0.0
BR_1.7-2.2,arima,0.9,1.2816,2,True,-1.0,0.0,2024-11-01,2024-07-01,1.0,1.0,258410.51165962077,0.0,2842515.6282558283,675550.0,210696.87529598433,0.0
BR_1.7-2.2,arima,0.9,1.2816,5,True,-1.0,0.0,2024-11-01,2024-07-01,1.0,1.0,258410.51165962077,0.0,2842515.6282558283,675550.0,210696.87529598433,0.0
BR_1.7-2.2,arima,0.9,1.2816,10,True,-1.0,0.0,2024-11-01,2024-07-01,1.0,1.0,258410.51165962077,0.0,2842515.6282558283,675550.0,210696.87529598433,0.0
BR_1.7-2.2,arima,0.9,1.2816,20,True,-1.0,0.0,2024-11-01,2024-07-01,1.0,1.0,258410.51165962077,0.0,2842515.6282558283,675550.0,210696.87529598433,0.0
BR_1.7-2.2,arima,0.9,1.2816,50,True,-1.0,0.0,2024-11-01,2024-07-01,1.0,1.0,258410.51165962077,0.0,2842515.6282558283,675550.0,210696.87529598433,0.0
BR_1.7-2.2,arima,0.9,1.2816,10,False,-1.0,0.0,2024-11-01,2024-07-01,1.0,1.0,242859.6395446224,0.0,2671456.034990846,675550.0,192527.60429540998,0.0
BR_1.7-2.2,arima,0.95,1.6449,2,True,-1.0,0.0,2024-11-01,2024-07-01,1.0,1.0,321289.1313620738,0.0,3534180.444982812,675550.0,269025.49499843747,0.0
BR_1.7-2.2,arima,0.95,1.6449,5,True,-1.0,0.0,2024-11-01,2024-07-01,1.0,1.0,321289.1313620738,0.0,3534180.444982812,675550.0,269025.49499843747,0.0
BR_1.7-2.2,arima,0.95,1.6449,10,True,-1.0,0.0,2024-11-01,2024-07-01,1.0,1.0,321289.1313620738,0.0,3534180.444982812,675550.0,269025.49499843747,0.0
BR_1.7-2.2,arima,0.95,1.6449,20,True,-1.0,0.0,2024-11-01,2024-07-01,1.0,1.0,321289.1313620738,0.0,3534180.444982812,675550.0,269025.49499843747,0.0
BR_1.7-2.2,arima,0.95,1.6449,50,True,-1.0,0.0,2024-11-01,2024-07-01,1.0,1.0,321289.1313620738,0.0,3534180.444982812,675550.0,269025.49499843747,0.0
BR_1.7-2.2,arima,0.95,1.6449,10,False,-1.0,0.0,2024-11-01,2024-07-01,1.0,1.0,305398.1175592148,0.0,3359379.293151363,675550.0,247499.4387150883,0.0
BR_1.7-2.2,arima,0.98,2.0537,2,True,-1.0,0.0,2024-11-01,2024-07-01,1.0,1.0,388338.72463034483,0.0,4271725.970933793,675550.0,331525.0882667084,0.0
BR_1.7-2.2,arima,0.98,2.0537,5,True,-1.0,0.0,2024-11-01,2024-07-01,1.0,1.0,388338.72463034483,0.0,4271725.970933793,675550.0,331525.0882667084,0.0
BR_1.7-2.2,arima,0.98,2.0537,10,True,-1.0,0.0,2024-11-01,2024-07-01,1.0,1.0,388338.72463034483,0.0,4271725.970933793,675550.0,331525.0882667084,0.0
BR_1.7-2.2,arima,0.98,2.0537,20,True,-1.0,0.0,2024-11-01,2024-07-01,1.0,1.0,388338.72463034483,0.0,4271725.970933793,675550.0,331525.0882667084,0.0
BR_1.7-2.2,arima,0.98,2.0537,50,True,-1.0,0.0,2024-11-01,2024-07-01,1.0,1.0,388338.72463034483,0.0,4271725.970933793,675550.0,331525.0882667084,0.0
BR_1.7-2.2,arima,0.98,2.0537,10,False,-1.0,0.0,2024-11-01,2024-07-01,1.0,1.0,375768.9675794884,0.0,4133458.6433743723,675550.0,309355.99228173983,0.0
BR_1.7-2.2,croston,0.9,1.2816,2,True,-1.0,0.0,2024-11-01,2024-07-01,1.0,1.0,274460.92457068677,0.0,3019070.1702775545,675550.0,215372.2882070504,0.0
BR_1.7-2.2,croston,0.9,1.2816,5,True,-1.0,0.0,2024-11-01,2024-07-01,1.0,1.0,274460.92457068677,0.0,3019070.1702775545,675550.0,215372.2882070504,0.0
BR_1.7-2.2,croston,0.9,1.2816,10,True,-1.0,0.0,2024-11-01,2024-07-01,1.0,1.0,274460.92457068677,0.0,3019070.1702775545,675550.0,215372.2882070504,0.0
BR_1.7-2.2,croston,0.9,1.2816,20,True,-1.0,0.0,2024-11-01,2024-07-01,1.0,1.0,274460.92457068677,0.0,3019070.1702775545,675550.0,215372.2882070504,0.0
BR_1.7-2.2,croston,0.9,1.2816,50,True,-1.0,0.0,2024-11-01,2024-07-01,1.0,1.0,274460.92457068677,0.0,3019070.1702775545,675550.0,215372.2882070504,0.0
BR_1.7-2.2,croston,0.9,1.2816,10,False,-1.0,0.0,2024-11-01,2024-07-01,1.0,1.0,264448.9025885474,0.0,2908937.928474021,675550.0,195744.84280985605,0.0
BR_1.7-2.2,croston,0.95,1.6449,2,True,-1.0,0.0,2024-11-01,2024-07-01,1.0,1.0,344400.3011737597,0.0,3788403.3129113563,675550.0,276211.6648101233,0.0
BR_1.7-2.2,croston,0.95,1.6449,5,True,-1.0,0.0,2024-11-01,2024-07-01,1.0,1.0,344400.3011737597,0.0,3788403.3129113563,675550.0,276211.6648101233,0.0
BR_1.7-2.2,croston,0.95,1.6449,10,True,-1.0,0.0,2024-11-01,2024-07-01,1.0,1.0,344400.3011737597,0.0,3788403.3129113563,675550.0,276211.6648101233,0.0
BR_1.7-2.2,croston,0.95,1.6449,20,True,-1.0,0.0,2024-11-01,2024-07-01,1.0,1.0,344400.3011737597,0.0,3788403.3129113563,675550.0,276211.6648101233,0.0
BR_1.7-2.2,croston,0.95,1.6449,50,True,-1.0,0.0,2024-11-01,2024-07-01,1.0,1.0,344400.3011737597,0.0,3788403.3129113563,675550.0,276211.6648101233,0.0
BR_1.7-2.2,croston,0.95,1.6449,10,False,-1.0,0.0,2024-11-01,2024-07-01,1.0,1.0,330613.62738602294,0.0,3636749.9012462525,675550.0,251815.2792530012,0.0
BR_1.7-2.2,croston,0.98,2.0537,2,True,-1.0,0.0,2024-11-01,2024-07-01,1.0,1.0,414275.1006654639,0.0,4557026.107320103,675550.0,316511.4643018276,0.0
BR_1.7-2.2,croston,0.98,2.0537,5,True,-1.0,0.0,2024-11-01,2024-07-01,1.0,1.0,414275.1006654639,0.0,4557026.107320103,675550.0,316511.4643018276,0.0
BR_1.7-2.2,croston,0.98,2.0537,10,True,-1.0,0.0,2024-11-01,2024-07-01,1.0,1.0,414275.1006654639,0.0,4557026.107320103,675550.0,316511.4643018276,0.0
BR_1.7-2.2,croston,0.98,2.0537,20,True,-1.0,0.0,2024-11-01,2024-07-01,1.0,1.0,414275.1006654639,0.0,4557026.107320103,675550.0,316511.4643018276,0.0
BR_1.7-2.2,croston,0.98,2.0537,50,True,-1.0,0.0,2024-11-01,2024-07-01,1.0,1.0,414275.1006654639,0.0,4557026.107320103,675550.0,316511.4643018276,0.0
BR_1.7-2.2,croston,0.98,2.0537,10,False,-1.0,0.0,2024-11-01,2024-07-01,1.0,1.0,405064.87841054273,0.0,4455713.66251597,675550.0,314908.02469191607,0.0
BR_1.7-2.2,hybrid,0.9,1.2816,2,True,-1.0,0.0,2024-11-01,2024-07-01,1.0,1.0,406578.9649319719,0.0,4472368.614251691,675550.0,229190.3285683355,0.0
BR_1.7-2.2,hybrid,0.9,1.2816,5,True,-1.0,0.0,2024-11-01,2024-07-01,1.0,1.0,406578.9649319719,0.0,4472368.614251691,675550.0,229190.3285683355,0.0
BR_1.7-2.2,hybrid,0.9,1.2816,10,True,-1.0,0.0,2024-11-01,2024-07-01,1.0,1.0,406578.9649319719,0.0,4472368.614251691,675550.0,229190.3285683355,0.0
BR_1.7-2.2,hybrid,0.9,1.2816,20,True,-1.0,0.0,2024-11-01,2024-07-01,1.0,1.0,406578.9649319719,0.0,4472368.614251691,675550.0,229190.3285683355,0.0
BR_1.7-2.2,hybrid,0.9,1.2816,50,True,-1.0,0.0,2024-11-01,2024-07-01,1.0,1.0,406578.9649319719,0.0,4472368.614251691,675550.0,229190.3285683355,0.0
BR_1.7-2.2,hybrid,0.9,1.2816,10,False,-1.0,0.0,2024-11-01,2024-07-01,1.0,1.0,399894.05170700344,0.0,4398834.568777038,675550.0,225984.9009599808,0.0
BR_1.7-2.2,hybrid,0.95,1.6449,2,True,-1.0,0.0,2024-11-01,2024-07-01,1.0,1.0,505150.4838555597,0.0,5556655.322411157,675550.0,345961.84749192325,0.0
BR_1.7-2.2,hybrid,0.95,1.6449,5,True,-1.0,0.0,2024-11-01,2024-07-01,1.0,1.0,505150.4838555597,0.0,5556655.322411157,675550.0,345961.84749192325,0.0
BR_1.7-2.2,hybrid,0.95,1.6449,10,True,-1.0,0.0,2024-11-01,2024-07-01,1.0,1.0,505150.4838555597,0.0,5556655.322411157,675550.0,345961.84749192325,0.0
BR_1.7-2.2,hybrid,0.95,1.6449,20,True,-1.0,0.0,2024-11-01,2024-07-01,1.0,1.0,505150.4838555597,0.0,5556655.322411157,675550.0,345961.84749192325,0.0
BR_1.7-2.2,hybrid,0.95,1.6449,50,True,-1.0,0.0,2024-11-01,2024-07-01,1.0,1.0,505150.4838555597,0.0,5556655.322411157,675550.0,345961.84749192325,0.0
BR_1.7-2.2,hybrid,0.95,1.6449,10,False,-1.0,0.0,2024-11-01,2024-07-01,1.0,1.0,494570.1991006803,0.0,5440272.190107483,675550.0,330544.7945753692,0.0
BR_1.7-2.2,hybrid,0.98,2.0537,2,True,-1.0,0.0,2024-11-01,2024-07-01,1.0,1.0,621178.262374587,0.0,6832960.886120457,675550.0,471089.62601095065,0.0
BR_1.7-2.2,hybrid,0.98,2.0537,5,True,-1.0,0.0,2024-11-01,2024-07-01,1.0,1.0,621178.262374587,0.0,6832960.886120457,675550.0,471089.62601095065,0.0
BR_1.7-2.2,hybrid,0.98,2.0537,10,True,-1.0,0.0,2024-11-01,2024-07-01,1.0,1.0,621178.262374587,0.0,6832960.886120457,675550.0,471089.62601095065,0.0
BR_1.7-2.2,hybrid,0.98,2.0537,20,True,-1.0,0.0,2024-11-01,2024-07-01,1.0,1.0,621178.262374587,0.0,6832960.886120457,675550.0,471089.62601095065,0.0
BR_1.7-2.2,hybrid,0.98,2.0537,50,True,-1.0,0.0,2024-11-01,2024-07-01,1.0,1.0,621178.262374587,0.0,6832960.886120457,675550.0,471089.62601095065,0.0
BR_1.7-2.2,hybrid,0.98,2.0537,10,False,-1.0,0.0,2024-11-01,2024-07-01,1.0,1.0,606404.8434040452,0.0,6670453.277444498,675550.0,448199.85791137454,0.0
BR_1.7-2.2,mitra,0.9,1.2816,2,True,-1.0,0.0,2024-11-01,2024-07-01,0.9957052608514853,0.75,74676.08088020077,263.75554834355984,827239.5117457667,675550.0,22148.688968220842,0.0
BR_1.7-2.2,mitra,0.9,1.2816,5,True,-1.0,0.0,2024-11-01,2024-07-01,0.9957052608514853,0.75,74676.08088020077,263.75554834355984,835943.4448411042,675550.0,22148.688968220842,0.0
BR_1.7-2.2,mitra,0.9,1.2816,10,True,-1.0,0.0,2024-11-01,2024-07-01,0.9957052608514853,0.75,74676.08088020077,263.75554834355984,850450.0,675550.0,22148.688968220842,0.0
BR_1.7-2.2,mitra,0.9,1.2816,20,True,-1.0,0.0,2024-11-01,2024-07-01,0.9957052608514853,0.75,74676.08088020077,263.75554834355984,879463.1103177916,675550.0,22148.688968220842,0.0
BR_1.7-2.2,mitra,0.9,1.2816,50,True,-1.0,0.0,2024-11-01,2024-07-01,0.9957052608514853,0.75,74676.08088020077,263.75554834355984,966502.4412711663,675550.0,22148.688968220842,0.0
BR_1.7-2.2,mitra,0.9,1.2816,10,False,-1.0,0.0,2024-11-01,2024-07-01,0.9734096988874097,0.75,59713.86953977398,1633.0070833282186,836483.3441036178,675550.0,6838.598288845387,0.0
BR_1.7-2.2,mitra,0.95,1.6449,2,True,-1.0,0.0,2024-11-01,2024-07-01,1.0,1.0,98196.16873241485,0.0,1080157.8560565633,675550.0,50482.532368778484,0.0
BR_1.7-2.2,mitra,0.95,1.6449,5,True,-1.0,0.0,2024-11-01,2024-07-01,1.0,1.0,98196.16873241485,0.0,1080157.8560565633,675550.0,50482.532368778484,0.0
BR_1.7-2.2,mitra,0.95,1.6449,10,True,-1.0,0.0,2024-11-01,2024-07-01,1.0,1.0,98196.16873241485,0.0,1080157.8560565633,675550.0,50482.532368778484,0.0
BR_1.7-2.2,mitra,0.95,1.6449,20,True,-1.0,0.0,2024-11-01,2024-07-01,1.0,1.0,98196.16873241485,0.0,1080157.8560565633,675550.0,50482.532368778484,0.0
BR_1.7-2.2,mitra,0.95,1.6449,50,True,-1.0,0.0,2024-11-01,2024-07-01,1.0,1.0,98196.16873241485,0.0,1080157.8560565633,675550.0,50482.532368778484,0.0
BR_1.7-2.2,mitra,0.95,1.6449,10,False,-1.0,0.0,2024-11-01,2024-07-01,1.0,1.0,80712.05384786658,0.0,887832.5923265324,675550.0,25899.56866442086,0.0
BR_1.7-2.2,mitra,0.98,2.0537,2,True,-1.0,0.0,2024-11-01,2024-07-01,1.0,1.0,115012.71891724266,0.0,1265139.9080896692,675550.0,60474.082553606306,0.0
BR_1.7-2.2,mitra,0.98,2.0537,5,True,-1.0,0.0,2024-11-01,2024-07-01,1.0,1.0,115012.71891724266,0.0,1265139.9080896692,675550.0,60474.082553606306,0.0
BR_1.7-2.2,mitra,0.98,2.0537,10,True,-1.0,0.0,2024-11-01,2024-07-01,1.0,1.0,115012.71891724266,0.0,1265139.9080896692,675550.0,60474.082553606306,0.0
BR_1.7-2.2,mitra,0.98,2.0537,20,True,-1.0,0.0,2024-11-01,2024-07-01,1.0,1.0,115012.71891724266,0.0,1265139.9080896692,675550.0,60474.082553606306,0.0
BR_1.7-2.2,mitra,0.98,2.0537,50,True,-1.0,0.0,2024-11-01,2024-07-01,1.0,1.0,115012.71891724266,0.0,1265139.9080896692,675550.0,60474.082553606306,0.0
BR_1.7-2.2,mitra,0.98,2.0537,10,False,-1.0,0.0,2024-11-01,2024-07-01,1.0,1.0,106177.59483551543,0.0,1167953.5431906697,675550.0,47347.75112942292,0.0
BR_1.7-2.2,naive,0.9,1.2816,2,True,-1.0,0.0,2024-11-01,2024-07-01,1.0,1.0,453375.89272585715,0.0,4987134.819984429,675550.0,366987.25636222074,0.0
BR_1.7-2.2,naive,0.9,1.2816,5,True,-1.0,0.0,2024-11-01,2024-07-01,1.0,1.0,453375.89272585715,0.0,4987134.819984429,675550.0,366987.25636222074,0.0
BR_1.7-2.2,naive,0.9,1.2816,10,True,-1.0,0.0,2024-11-01,2024-07-01,1.0,1.0,453375.89272585715,0.0,4987134.819984429,675550.0,366987.25636222074,0.0
BR_1.7-2.2,naive,0.9,1.2816,20,True,-1.0,0.0,2024-11-01,2024-07-01,1.0,1.0,453375.89272585715,0.0,4987134.819984429,675550.0,366987.25636222074,0.0
BR_1.7-2.2,naive,0.9,1.2816,50,True,-1.0,0.0,2024-11-01,2024-07-01,1.0,1.0,453375.89272585715,0.0,4987134.819984429,675550.0,366987.25636222074,0.0
BR_1.7-2.2,naive,0.9,1.2816,10,False,-1.0,0.0,2024-11-01,2024-07-01,1.0,1.0,446865.92858351837,0.0,4915525.214418702,675550.0,354852.7454375548,0.0
BR_1.7-2.2,naive,0.95,1.6449,2,True,-1.0,0.0,2024-11-01,2024-07-01,1.0,1.0,550658.5161937058,0.0,6057243.6781307645,675550.0,450619.8798300694,0.0
BR_1.7-2.2,naive,0.95,1.6449,5,True,-1.0,0.0,2024-11-01,2024-07-01,1.0,1.0,550658.5161937058,0.0,6057243.6781307645,675550.0,450619.8798300694,0.0
BR_1.7-2.2,naive,0.95,1.6449,10,True,-1.0,0.0,2024-11-01,2024-07-01,1.0,1.0,550658.5161937058,0.0,6057243.6781307645,675550.0,450619.8798300694,0.0
BR_1.7-2.2,naive,0.95,1.6449,20,True,-1.0,0.0,2024-11-01,2024-07-01,1.0,1.0,550658.5161937058,0.0,6057243.6781307645,675550.0,450619.8798300694,0.0
BR_1.7-2.2,naive,0.95,1.6449,50,True,-1.0,0.0,2024-11-01,2024-07-01,1.0,1.0,550658.5161937058,0.0,6057243.6781307645,675550.0,450619.8798300694,0.0
BR_1.7-2.2,naive,0.95,1.6449,10,False,-1.0,0.0,2024-11-01,2024-07-01,1.0,1.0,545507.0794104899,0.0,6000577.873515389,675550.0,434141.1407383224,0.0
BR_1.7-2.2,naive,0.98,2.0537,2,True,-1.0,0.0,2024-11-01,2024-07-01,1.0,1.0,660133.6647586838,0.0,7261470.3123455215,675550.0,525970.0283950474,0.0
BR_1.7-2.2,naive,0.98,2.0537,5,True,-1.0,0.0,2024-11-01,2024-07-01,1.0,1.0,660133.6647586838,0.0,7261470.3123455215,675550.0,525970.0283950474,0.0
BR_1.7-2.2,naive,0.98,2.0537,10,True,-1.0,0.0,2024-11-01,2024-07-01,1.0,1.0,660133.6647586838,0.0,7261470.3123455215,675550.0,525970.0283950474,0.0
BR_1.7-2.2,naive,0.98,2.0537,20,True,-1.0,0.0,2024-11-01,2024-07-01,1.0,1.0,660133.6647586838,0.0,7261470.3123455215,675550.0,525970.0283950474,0.0
BR_1.7-2.2,naive,0.98,2.0537,50,True,-1.0,0.0,2024-11-01,2024-07-01,1.0,1.0,660133.6647586838,0.0,7261470.3123455215,675550.0,525970.0283950474,0.0
BR_1.7-2.2,naive,0.98,2.0537,10,False,-1.0,0.0,2024-11-01,2024-07-01,1.0,1.0,656502.1315934405,0.0,7221523.447527846,675550.0,523359.68188600685,0.0
BR_1.7-2.2,rf,0.9,1.2816,2,True,-1.0,0.0,2024-11-01,2024-07-01,1.0,1.0,376865.0425519005,0.0,4145515.468070905,675550.0,265451.40618826414,0.0
BR_1.7-2.2,rf,0.9,1.2816,5,True,-1.0,0.0,2024-11-01,2024-07-01,1.0,1.0,376865.0425519005,0.0,4145515.468070905,675550.0,265451.40618826414,0.0
BR_1.7-2.2,rf,0.9,1.2816,10,True,-1.0,0.0,2024-11-01,2024-07-01,1.0,1.0,376865.0425519005,0.0,4145515.468070905,675550.0,265451.40618826414,0.0
BR_1.7-2.2,rf,0.9,1.2816,20,True,-1.0,0.0,2024-11-01,2024-07-01,1.0,1.0,376865.0425519005,0.0,4145515.468070905,675550.0,265451.40618826414,0.0
BR_1.7-2.2,rf,0.9,1.2816,50,True,-1.0,0.0,2024-11-01,2024-07-01,1.0,1.0,376865.0425519005,0.0,4145515.468070905,675550.0,265451.40618826414,0.0
BR_1.7-2.2,rf,0.9,1.2816,10,False,-1.0,0.0,2024-11-01,2024-07-01,1.0,1.0,363945.12686631904,0.0,4003396.3955295095,675550.0,251576.64219923806,0.0
BR_1.7-2.2,rf,0.95,1.6449,2,True,-1.0,0.0,2024-11-01,2024-07-01,1.0,1.0,481583.48774009995,0.0,5297418.365141099,675550.0,345144.85137646354,0.0
BR_1.7-2.2,rf,0.95,1.6449,5,True,-1.0,0.0,2024-11-01,2024-07-01,1.0,1.0,481583.48774009995,0.0,5297418.365141099,675550.0,345144.85137646354,0.0
BR_1.7-2.2,rf,0.95,1.6449,10,True,-1.0,0.0,2024-11-01,2024-07-01,1.0,1.0,481583.48774009995,0.0,5297418.365141099,675550.0,345144.85137646354,0.0
BR_1.7-2.2,rf,0.95,1.6449,20,True,-1.0,0.0,2024-11-01,2024-07-01,1.0,1.0,481583.48774009995,0.0,5297418.365141099,675550.0,345144.85137646354,0.0
BR_1.7-2.2,rf,0.95,1.6449,50,True,-1.0,0.0,2024-11-01,2024-07-01,1.0,1.0,481583.48774009995,0.0,5297418.365141099,675550.0,345144.85137646354,0.0
BR_1.7-2.2,rf,0.95,1.6449,10,False,-1.0,0.0,2024-11-01,2024-07-01,1.0,1.0,469197.92900426243,0.0,5161177.219046887,675550.0,331670.66907266434,0.0
BR_1.7-2.2,rf,0.98,2.0537,2,True,-1.0,0.0,2024-11-01,2024-07-01,1.0,1.0,599973.6553507135,0.0,6599710.208857848,675550.0,431685.01898707706,0.0
BR_1.7-2.2,rf,0.98,2.0537,5,True,-1.0,0.0,2024-11-01,2024-07-01,1.0,1.0,599973.6553507135,0.0,6599710.208857848,675550.0,431685.01898707706,0.0
BR_1.7-2.2,rf,0.98,2.0537,10,True,-1.0,0.0,2024-11-01,2024-07-01,1.0,1.0,599973.6553507135,0.0,6599710.208857848,675550.0,431685.01898707706,0.0
BR_1.7-2.2,rf,0.98,2.0537,20,True,-1.0,0.0,2024-11-01,2024-07-01,1.0,1.0,599973.6553507135,0.0,6599710.208857848,675550.0,431685.01898707706,0.0
BR_1.7-2.2,rf,0.98,2.0537,50,True,-1.0,0.0,2024-11-01,2024-07-01,1.0,1.0,599973.6553507135,0.0,6599710.208857848,675550.0,431685.01898707706,0.0
BR_1.7-2.2,rf,0.98,2.0537,10,False,-1.0,0.0,2024-11-01,2024-07-01,1.0,1.0,587632.6813136247,0.0,6463959.494449872,675550.0,421795.73977416917,0.0
BR_1.7-2.2,sba,0.9,1.2816,2,True,-1.0,0.0,2024-11-01,2024-07-01,1.0,1.0,237490.86468002165,0.0,2612399.5114802383,675550.0,178402.2283163853,0.0
BR_1.7-2.2,sba,0.9,1.2816,5,True,-1.0,0.0,2024-11-01,2024-07-01,1.0,1.0,237490.86468002165,0.0,2612399.5114802383,675550.0,178402.2283163853,0.0
BR_1.7-2.2,sba,0.9,1.2816,10,True,-1.0,0.0,2024-11-01,2024-07-01,1.0,1.0,237490.86468002165,0.0,2612399.5114802383,675550.0,178402.2283163853,0.0
BR_1.7-2.2,sba,0.9,1.2816,20,True,-1.0,0.0,2024-11-01,2024-07-01,1.0,1.0,237490.86468002165,0.0,2612399.5114802383,675550.0,178402.2283163853,0.0
BR_1.7-2.2,sba,0.9,1.2816,50,True,-1.0,0.0,2024-11-01,2024-07-01,1.0,1.0,237490.86468002165,0.0,2612399.5114802383,675550.0,178402.2283163853,0.0
BR_1.7-2.2,sba,0.9,1.2816,10,False,-1.0,0.0,2024-11-01,2024-07-01,1.0,1.0,227919.13251131435,0.0,2507110.457624458,675550.0,163522.45189963968,0.0
BR_1.7-2.2,sba,0.95,1.6449,2,True,-1.0,0.0,2024-11-01,2024-07-01,1.0,1.0,298617.22131140105,0.0,3284789.4344254117,675550.0,234978.58494776464,0.0
BR_1.7-2.2,sba,0.95,1.6449,5,True,-1.0,0.0,2024-11-01,2024-07-01,1.0,1.0,298617.22131140105,0.0,3284789.4344254117,675550.0,234978.58494776464,0.0
BR_1.7-2.2,sba,0.95,1.6449,10,True,-1.0,0.0,2024-11-01,2024-07-01,1.0,1.0,298617.22131140105,0.0,3284789.4344254117,675550.0,234978.58494776464,0.0
BR_1.7-2.2,sba,0.95,1.6449,20,True,-1.0,0.0,2024-11-01,2024-07-01,1.0,1.0,298617.22131140105,0.0,3284789.4344254117,675550.0,234978.58494776464,0.0
BR_1.7-2.2,sba,0.95,1.6449,50,True,-1.0,0.0,2024-11-01,2024-07-01,1.0,1.0,298617.22131140105,0.0,3284789.4344254117,675550.0,234978.58494776464,0.0
BR_1.7-2.2,sba,0.95,1.6449,10,False,-1.0,0.0,2024-11-01,2024-07-01,1.0,1.0,287811.6301634488,0.0,3165927.9317979366,675550.0,214684.88585346105,0.0
BR_1.7-2.2,sba,0.98,2.0537,2,True,-1.0,0.0,2024-11-01,2024-07-01,1.0,1.0,372795.0965960359,0.0,4100746.0625563944,675550.0,295506.4602323995,0.0
BR_1.7-2.2,sba,0.98,2.0537,5,True,-1.0,0.0,2024-11-01,2024-07-01,1.0,1.0,372795.0965960359,0.0,4100746.0625563944,675550.0,295506.4602323995,0.0
BR_1.7-2.2,sba,0.98,2.0537,10,True,-1.0,0.0,2024-11-01,2024-07-01,1.0,1.0,372795.0965960359,0.0,4100746.0625563944,675550.0,295506.4602323995,0.0
BR_1.7-2.2,sba,0.98,2.0537,20,True,-1.0,0.0,2024-11-01,2024-07-01,1.0,1.0,372795.0965960359,0.0,4100746.0625563944,675550.0,295506.4602323995,0.0
BR_1.7-2.2,sba,0.98,2.0537,50,True,-1.0,0.0,2024-11-01,2024-07-01,1.0,1.0,372795.0965960359,0.0,4100746.0625563944,675550.0,295506.4602323995,0.0
BR_1.7-2.2,sba,0.98,2.0537,10,False,-1.0,0.0,2024-11-01,2024-07-01,1.0,1.0,355205.1149974499,0.0,3907256.264971949,675550.0,272254.94641036214,0.0
BR_1.7-2.2,ses,0.9,1.2816,2,True,-1.0,0.0,2024-11-01,2024-07-01,1.0,1.0,246984.7948260827,0.0,2716832.74308691,675550.0,187896.15846244642,0.0
BR_1.7-2.2,ses,0.9,1.2816,5,True,-1.0,0.0,2024-11-01,2024-07-01,1.0,1.0,246984.7948260827,0.0,2716832.74308691,675550.0,187896.15846244642,0.0
BR_1.7-2.2,ses,0.9,1.2816,10,True,-1.0,0.0,2024-11-01,2024-07-01,1.0,1.0,246984.7948260827,0.0,2716832.74308691,675550.0,187896.15846244642,0.0
BR_1.7-2.2,ses,0.9,1.2816,20,True,-1.0,0.0,2024-11-01,2024-07-01,1.0,1.0,246984.7948260827,0.0,2716832.74308691,675550.0,187896.15846244642,0.0
BR_1.7-2.2,ses,0.9,1.2816,50,True,-1.0,0.0,2024-11-01,2024-07-01,1.0,1.0,246984.7948260827,0.0,2716832.74308691,675550.0,187896.15846244642,0.0
BR_1.7-2.2,ses,0.9,1.2816,10,False,-1.0,0.0,2024-11-01,2024-07-01,1.0,1.0,234191.0881634268,0.0,2576101.9697976946,675550.0,170314.34567535698,0.0
BR_1.7-2.2,ses,0.95,1.6449,2,True,-1.0,0.0,2024-11-01,2024-07-01,1.0,1.0,302842.9579940286,0.0,3331272.5379343145,675550.0,223279.32163039222,0.0
BR_1.7-2.2,ses,0.95,1.6449,5,True,-1.0,0.0,2024-11-01,2024-07-01,1.0,1.0,302842.9579940286,0.0,3331272.5379343145,675550.0,223279.32163039222,0.0
BR_1.7-2.2,ses,0.95,1.6449,10,True,-1.0,0.0,2024-11-01,2024-07-01,1.0,1.0,302842.9579940286,0.0,3331272.5379343145,675550.0,223279.32163039222,0.0
BR_1.7-2.2,ses,0.95,1.6449,20,True,-1.0,0.0,2024-11-01,2024-07-01,1.0,1.0,302842.9579940286,0.0,3331272.5379343145,675550.0,223279.32163039222,0.0
BR_1.7-2.2,ses,0.95,1.6449,50,True,-1.0,0.0,2024-11-01,2024-07-01,1.0,1.0,302842.9579940286,0.0,3331272.5379343145,675550.0,223279.32163039222,0.0
BR_1.7-2.2,ses,0.95,1.6449,10,False,-1.0,0.0,2024-11-01,2024-07-01,1.0,1.0,295560.67166328256,0.0,3251167.388296108,675550.0,220742.0101724849,0.0
BR_1.7-2.2,ses,0.98,2.0537,2,True,-1.0,0.0,2024-11-01,2024-07-01,1.0,1.0,376782.53851441445,0.0,4144607.923658559,675550.0,288118.9021507781,0.0
BR_1.7-2.2,ses,0.98,2.0537,5,True,-1.0,0.0,2024-11-01,2024-07-01,1.0,1.0,376782.53851441445,0.0,4144607.923658559,675550.0,288118.9021507781,0.0
BR_1.7-2.2,ses,0.98,2.0537,10,True,-1.0,0.0,2024-11-01,2024-07-01,1.0,1.0,376782.53851441445,0.0,4144607.923658559,675550.0,288118.9021507781,0.0
BR_1.7-2.2,ses,0.98,2.0537,20,True,-1.0,0.0,2024-11-01,2024-07-01,1.0,1.0,376782.53851441445,0.0,4144607.923658559,675550.0,288118.9021507781,0.0
BR_1.7-2.2,ses,0.98,2.0537,50,True,-1.0,0.0,2024-11-01,2024-07-01,1.0,1.0,376782.53851441445,0.0,4144607.923658559,675550.0,288118.9021507781,0.0
BR_1.7-2.2,ses,0.98,2.0537,10,False,-1.0,0.0,2024-11-01,2024-07-01,1.0,1.0,364616.2338288236,0.0,4010778.5721170595,675550.0,277485.2781230103,0.0
BR_1.7-2.2,tsb,0.9,1.2816,2,True,-1.0,0.0,2024-11-01,2024-07-01,1.0,1.0,271866.06501316256,0.0,2990526.715144788,675550.0,192302.4286495262,0.0
BR_1.7-2.2,tsb,0.9,1.2816,5,True,-1.0,0.0,2024-11-01,2024-07-01,1.0,1.0,271866.06501316256,0.0,2990526.715144788,675550.0,192302.4286495262,0.0
BR_1.7-2.2,tsb,0.9,1.2816,10,True,-1.0,0.0,2024-11-01,2024-07-01,1.0,1.0,271866.06501316256,0.0,2990526.715144788,675550.0,192302.4286495262,0.0
BR_1.7-2.2,tsb,0.9,1.2816,20,True,-1.0,0.0,2024-11-01,2024-07-01,1.0,1.0,271866.06501316256,0.0,2990526.715144788,675550.0,192302.4286495262,0.0
BR_1.7-2.2,tsb,0.9,1.2816,50,True,-1.0,0.0,2024-11-01,2024-07-01,1.0,1.0,271866.06501316256,0.0,2990526.715144788,675550.0,192302.4286495262,0.0
BR_1.7-2.2,tsb,0.9,1.2816,10,False,-1.0,0.0,2024-11-01,2024-07-01,1.0,1.0,253883.94940240498,0.0,2792723.443426455,675550.0,182738.4104295763,0.0
BR_1.7-2.2,tsb,0.95,1.6449,2,True,-1.0,0.0,2024-11-01,2024-07-01,1.0,1.0,332411.7192599697,0.0,3656528.911859667,675550.0,252848.08289633342,0.0
BR_1.7-2.2,tsb,0.95,1.6449,5,True,-1.0,0.0,2024-11-01,2024-07-01,1.0,1.0,332411.7192599697,0.0,3656528.911859667,675550.0,252848.08289633342,0.0
BR_1.7-2.2,tsb,0.95,1.6449,10,True,-1.0,0.0,2024-11-01,2024-07-01,1.0,1.0,332411.7192599697,0.0,3656528.911859667,675550.0,252848.08289633342,0.0
BR_1.7-2.2,tsb,0.95,1.6449,20,True,-1.0,0.0,2024-11-01,2024-07-01,1.0,1.0,332411.7192599697,0.0,3656528.911859667,675550.0,252848.08289633342,0.0
BR_1.7-2.2,tsb,0.95,1.6449,50,True,-1.0,0.0,2024-11-01,2024-07-01,1.0,1.0,332411.7192599697,0.0,3656528.911859667,675550.0,252848.08289633342,0.0
BR_1.7-2.2,tsb,0.95,1.6449,10,False,-1.0,0.0,2024-11-01,2024-07-01,1.0,1.0,316380.24605104874,0.0,3480182.706561536,675550.0,233593.7091281442,0.0
BR_1.7-2.2,tsb,0.98,2.0537,2,True,-1.0,0.0,2024-11-01,2024-07-01,1.0,1.0,392856.0103584964,0.0,4321416.11394346,675550.0,292817.3739948601,0.0
BR_1.7-2.2,tsb,0.98,2.0537,5,True,-1.0,0.0,2024-11-01,2024-07-01,1.0,1.0,392856.0103584964,0.0,4321416.11394346,675550.0,292817.3739948601,0.0
BR_1.7-2.2,tsb,0.98,2.0537,10,True,-1.0,0.0,2024-11-01,2024-07-01,1.0,1.0,392856.0103584964,0.0,4321416.11394346,675550.0,292817.3739948601,0.0
BR_1.7-2.2,tsb,0.98,2.0537,20,True,-1.0,0.0,2024-11-01,2024-07-01,1.0,1.0,392856.0103584964,0.0,4321416.11394346,675550.0,292817.3739948601,0.0
BR_1.7-2.2,tsb,0.98,2.0537,50,True,-1.0,0.0,2024-11-01,2024-07-01,1.0,1.0,392856.0103584964,0.0,4321416.11394346,675550.0,292817.3739948601,0.0
BR_1.7-2.2,tsb,0.98,2.0537,10,False,-1.0,0.0,2024-11-01,2024-07-01,1.0,1.0,386703.6318753415,0.0,4253739.950628757,675550.0,290818.1685500394,0.0
BR_1.7-2.2,xgb,0.9,1.2816,2,True,-1.0,0.0,2024-11-01,2024-07-01,0.8215967239299359,0.5,51025.23236230537,13093.373715046286,849331.7777163773,675550.0,1593.2222836227156,0.0
BR_1.7-2.2,xgb,0.9,1.2816,5,True,-1.0,0.0,2024-11-01,2024-07-01,0.8215967239299359,0.5,51025.23236230537,13093.373715046286,1281413.1103129047,675550.0,1593.2222836227156,0.0
BR_1.7-2.2,xgb,0.9,1.2816,10,True,-1.0,0.0,2024-11-01,2024-07-01,0.8215967239299359,0.5,51025.23236230537,13093.373715046286,2001548.6646404504,675550.0,1593.2222836227156,0.0
BR_1.7-2.2,xgb,0.9,1.2816,20,True,-1.0,0.0,2024-11-01,2024-07-01,0.8215967239299359,0.5,51025.23236230537,13093.373715046286,3441819.7732955418,675550.0,1593.2222836227156,0.0
BR_1.7-2.2,xgb,0.9,1.2816,50,True,-1.0,0.0,2024-11-01,2024-07-01,0.8215967239299359,0.5,51025.23236230537,13093.373715046286,7762633.099260816,675550.0,1593.2222836227156,0.0
BR_1.7-2.2,xgb,0.9,1.2816,10,False,-1.0,0.0,2024-11-01,2024-07-01,0.7280137067012367,0.5,45852.77243101566,20215.514444523516,2728087.085638759,675550.0,0.0,0.0
BR_1.7-2.2,xgb,0.95,1.6449,2,True,-1.0,0.0,2024-11-01,2024-07-01,0.9646288933375099,0.75,123840.95354014076,2172.26828234956,1410040.3911532387,675550.0,76230.04889415484,0.0
BR_1.7-2.2,xgb,0.95,1.6449,5,True,-1.0,0.0,2024-11-01,2024-07-01,0.9646288933375099,0.75,123840.95354014076,2172.26828234956,1481725.2444707742,675550.0,76230.04889415484,0.0
BR_1.7-2.2,xgb,0.95,1.6449,10,True,-1.0,0.0,2024-11-01,2024-07-01,0.9646288933375099,0.75,123840.95354014076,2172.26828234956,1601200.0,675550.0,76230.04889415484,0.0
BR_1.7-2.2,xgb,0.95,1.6449,20,True,-1.0,0.0,2024-11-01,2024-07-01,0.9646288933375099,0.75,123840.95354014076,2172.26828234956,1840149.5110584516,675550.0,76230.04889415484,0.0
BR_1.7-2.2,xgb,0.95,1.6449,50,True,-1.0,0.0,2024-11-01,2024-07-01,0.9646288933375099,0.75,123840.95354014076,2172.26828234956,2556998.0442338064,675550.0,76230.04889415484,0.0
BR_1.7-2.2,xgb,0.95,1.6449,10,False,-1.0,0.0,2024-11-01,2024-07-01,0.9635896431798077,0.75,117030.02312768213,2236.092413625542,1533300.419903313,675550.0,55051.22840870713,0.0
BR_1.7-2.2,xgb,0.98,2.0537,2,True,-1.0,0.0,2024-11-01,2024-07-01,1.0,1.0,234671.39574054797,0.0,2581385.353146028,675550.0,141457.75937691168,0.0
BR_1.7-2.2,xgb,0.98,2.0537,5,True,-1.0,0.0,2024-11-01,2024-07-01,1.0,1.0,234671.39574054797,0.0,2581385.353146028,675550.0,141457.75937691168,0.0
BR_1.7-2.2,xgb,0.98,2.0537,10,True,-1.0,0.0,2024-11-01,2024-07-01,1.0,1.0,234671.39574054797,0.0,2581385.353146028,675550.0,141457.75937691168,0.0
BR_1.7-2.2,xgb,0.98,2.0537,20,True,-1.0,0.0,2024-11-01,2024-07-01,1.0,1.0,234671.39574054797,0.0,2581385.353146028,675550.0,141457.75937691168,0.0
BR_1.7-2.2,xgb,0.98,2.0537,50,True,-1.0,0.0,2024-11-01,2024-07-01,1.0,1.0,234671.39574054797,0.0,2581385.353146028,675550.0,141457.75937691168,0.0
BR_1.7-2.2,xgb,0.98,2.0537,10,False,-1.0,0.0,2024-11-01,2024-07-01,1.0,1.0,225796.8963834245,0.0,2483765.8602176695,675550.0,133892.33083808102,0.0
BR_2.1-2.6,arima,0.9,1.2816,2,True,-1.0,0.0,2024-11-01,2024-07-01,1.0,1.0,399606.97915827297,0.0,4395676.770741003,925925.0,206231.97915827297,0.0
BR_2.1-2.6,arima,0.9,1.2816,5,True,-1.0,0.0,2024-11-01,2024-07-01,1.0,1.0,399606.97915827297,0.0,4395676.770741003,925925.0,206231.97915827297,0.0
BR_2.1-2.6,arima,0.9,1.2816,10,True,-1.0,0.0,2024-11-01,2024-07-01,1.0,1.0,399606.97915827297,0.0,4395676.770741003,925925.0,206231.97915827297,0.0
BR_2.1-2.6,arima,0.9,1.2816,20,True,-1.0,0.0,2024-11-01,2024-07-01,1.0,1.0,399606.97915827297,0.0,4395676.770741003,925925.0,206231.97915827297,0.0
BR_2.1-2.6,arima,0.9,1.2816,50,True,-1.0,0.0,2024-11-01,2024-07-01,1.0,1.0,399606.97915827297,0.0,4395676.770741003,925925.0,206231.97915827297,0.0
BR_2.1-2.6,arima,0.9,1.2816,10,False,-1.0,0.0,2024-11-01,2024-07-01,1.0,1.0,382057.8067811048,0.0,4202635.874592153,925925.0,194421.68375554483,0.0
BR_2.1-2.6,arima,0.95,1.6449,2,True,-1.0,0.0,2024-11-01,2024-07-01,1.0,1.0,489785.0412411474,0.0,5387635.453652621,925925.0,257735.04124114732,0.0
BR_2.1-2.6,arima,0.95,1.6449,5,True,-1.0,0.0,2024-11-01,2024-07-01,1.0,1.0,489785.0412411474,0.0,5387635.453652621,925925.0,257735.04124114732,0.0
BR_2.1-2.6,arima,0.95,1.6449,10,True,-1.0,0.0,2024-11-01,2024-07-01,1.0,1.0,489785.0412411474,0.0,5387635.453652621,925925.0,257735.04124114732,0.0
BR_2.1-2.6,arima,0.95,1.6449,20,True,-1.0,0.0,2024-11-01,2024-07-01,1.0,1.0,489785.0412411474,0.0,5387635.453652621,925925.0,257735.04124114732,0.0
BR_2.1-2.6,arima,0.95,1.6449,50,True,-1.0,0.0,2024-11-01,2024-07-01,1.0,1.0,489785.0412411474,0.0,5387635.453652621,925925.0,257735.04124114732,0.0
BR_2.1-2.6,arima,0.95,1.6449,10,False,-1.0,0.0,2024-11-01,2024-07-01,1.0,1.0,474338.3454446148,0.0,5217721.799890763,925925.0,238797.48820078163,0.0
BR_2.1-2.6,arima,0.98,2.0537,2,True,-1.0,0.0,2024-11-01,2024-07-01,1.0,1.0,588131.6949143625,0.0,6469448.644057988,925925.0,296931.6949143626,0.0
BR_2.1-2.6,arima,0.98,2.0537,5,True,-1.0,0.0,2024-11-01,2024-07-01,1.0,1.0,588131.6949143625,0.0,6469448.644057988,925925.0,296931.6949143626,0.0
BR_2.1-2.6,arima,0.98,2.0537,10,True,-1.0,0.0,2024-11-01,2024-07-01,1.0,1.0,588131.6949143625,0.0,6469448.644057988,925925.0,296931.6949143626,0.0
BR_2.1-2.6,arima,0.98,2.0537,20,True,-1.0,0.0,2024-11-01,2024-07-01,1.0,1.0,588131.6949143625,0.0,6469448.644057988,925925.0,296931.6949143626,0.0
BR_2.1-2.6,arima,0.98,2.0537,50,True,-1.0,0.0,2024-11-01,2024-07-01,1.0,1.0,588131.6949143625,0.0,6469448.644057988,925925.0,296931.6949143626,0.0
BR_2.1-2.6,arima,0.98,2.0537,10,False,-1.0,0.0,2024-11-01,2024-07-01,1.0,1.0,580411.085626455,0.0,6384521.941891005,925925.0,288730.956015846,0.0
BR_2.1-2.6,croston,0.9,1.2816,2,True,-1.0,0.0,2024-11-01,2024-07-01,1.0,1.0,390298.8162106345,0.0,4293286.9783169795,925925.0,176448.81621063454,0.0
BR_2.1-2.6,croston,0.9,1.2816,5,True,-1.0,0.0,2024-11-01,2024-07-01,1.0,1.0,390298.8162106345,0.0,4293286.9783169795,925925.0,176448.81621063454,0.0
BR_2.1-2.6,croston,0.9,1.2816,10,True,-1.0,0.0,2024-11-01,2024-07-01,1.0,1.0,390298.8162106345,0.0,4293286.9783169795,925925.0,176448.81621063454,0.0
BR_2.1-2.6,croston,0.9,1.2816,20,True,-1.0,0.0,2024-11-01,2024-07-01,1.0,1.0,390298.8162106345,0.0,4293286.9783169795,925925.0,176448.81621063454,0.0
BR_2.1-2.6,croston,0.9,1.2816,50,True,-1.0,0.0,2024-11-01,2024-07-01,1.0,1.0,390298.8162106345,0.0,4293286.9783169795,925925.0,176448.81621063454,0.0
BR_2.1-2.6,croston,0.9,1.2816,10,False,-1.0,0.0,2024-11-01,2024-07-01,1.0,1.0,379087.9232328693,0.0,4169967.155561562,925925.0,163380.49275834614,0.0
BR_2.1-2.6,croston,0.95,1.6449,2,True,-1.0,0.0,2024-11-01,2024-07-01,1.0,1.0,493201.8540597275,0.0,5425220.394657003,925925.0,224751.8540597274,0.0
BR_2.1-2.6,croston,0.95,1.6449,5,True,-1.0,0.0,2024-11-01,2024-07-01,1.0,1.0,493201.8540597275,0.0,5425220.394657003,925925.0,224751.8540597274,0.0
BR_2.1-2.6,croston,0.95,1.6449,10,True,-1.0,0.0,2024-11-01,2024-07-01,1.0,1.0,493201.8540597275,0.0,5425220.394657003,925925.0,224751.8540597274,0.0
BR_2.1-2.6,croston,0.95,1.6449,20,True,-1.0,0.0,2024-11-01,2024-07-01,1.0,1.0,493201.8540597275,0.0,5425220.394657003,925925.0,224751.8540597274,0.0
BR_2.1-2.6,croston,0.95,1.6449,50,True,-1.0,0.0,2024-11-01,2024-07-01,1.0,1.0,493201.8540597275,0.0,5425220.394657003,925925.0,224751.8540597274,0.0
BR_2.1-2.6,croston,0.95,1.6449,10,False,-1.0,0.0,2024-11-01,2024-07-01,1.0,1.0,478399.4751436832,0.0,5262394.2265805155,925925.0,203872.52251507947,0.0
BR_2.1-2.6,croston,0.98,2.0537,2,True,-1.0,0.0,2024-11-01,2024-07-01,1.0,1.0,617522.7097511924,0.0,6792749.807263115,925925.0,260347.70975119225,0.0
BR_2.1-2.6,croston,0.98,2.0537,5,True,-1.0,0.0,2024-11-01,2024-07-01,1.0,1.0,617522.7097511924,0.0,6792749.807263115,925925.0,260347.70975119225,0.0
BR_2.1-2.6,croston,0.98,2.0537,10,True,-1.0,0.0,2024-11-01,2024-07-01,1.0,1.0,617522.7097511924,0.0,6792749.807263115,925925.0,260347.70975119225,0.0
BR_2.1-2.6,croston,0.98,2.0537,20,True,-1.0,0.0,2024-11-01,2024-07-01,1.0,1.0,617522.7097511924,0.0,6792749.807263115,925925.0,260347.70975119225,0.0
BR_2.1-2.6,croston,0.98,2.0537,50,True,-1.0,0.0,2024-11-01,2024-07-01,1.0,1.0,617522.7097511924,0.0,6792749.807263115,925925.0,260347.70975119225,0.0
BR_2.1-2.6,croston,0.98,2.0537,10,False,-1.0,0.0,2024-11-01,2024-07-01,1.0,1.0,599829.1758783458,0.0,6598120.934661804,925925.0,249435.80840704916,0.0
BR_2.1-2.6,hybrid,0.9,1.2816,2,True,-1.0,0.0,2024-11-01,2024-07-01,1.0,1.0,446246.17118947057,0.0,4908707.883084176,925925.0,107271.17118947068,0.0
BR_2.1-2.6,hybrid,0.9,1.2816,5,True,-1.0,0.0,2024-11-01,2024-07-01,1.0,1.0,446246.17118947057,0.0,4908707.883084176,925925.0,107271.17118947068,0.0
BR_2.1-2.6,hybrid,0.9,1.2816,10,True,-1.0,0.0,2024-11-01,2024-07-01,1.0,1.0,446246.17118947057,0.0,4908707.883084176,925925.0,107271.17118947068,0.0
BR_2.1-2.6,hybrid,0.9,1.2816,20,True,-1.0,0.0,2024-11-01,2024-07-01,1.0,1.0,446246.17118947057,0.0,4908707.883084176,925925.0,107271.17118947068,0.0
BR_2.1-2.6,hybrid,0.9,1.2816,50,True,-1.0,0.0,2024-11-01,2024-07-01,1.0,1.0,446246.17118947057,0.0,4908707.883084176,925925.0,107271.17118947068,0.0
BR_2.1-2.6,hybrid,0.9,1.2816,10,False,-1.0,0.0,2024-11-01,2024-07-01,1.0,1.0,442221.8362626833,0.0,4864440.198889516,925925.0,97575.62197398825,0.0
BR_2.1-2.6,hybrid,0.95,1.6449,2,True,-1.0,0.0,2024-11-01,2024-07-01,1.0,1.0,603574.3593071144,0.0,6639317.952378258,925925.0,203174.3593071145,0.0
BR_2.1-2.6,hybrid,0.95,1.6449,5,True,-1.0,0.0,2024-11-01,2024-07-01,1.0,1.0,603574.3593071144,0.0,6639317.952378258,925925.0,203174.3593071145,0.0
BR_2.1-2.6,hybrid,0.95,1.6449,10,True,-1.0,0.0,2024-11-01,2024-07-01,1.0,1.0,603574.3593071144,0.0,6639317.952378258,925925.0,203174.3593071145,0.0
BR_2.1-2.6,hybrid,0.95,1.6449,20,True,-1.0,0.0,2024-11-01,2024-07-01,1.0,1.0,603574.3593071144,0.0,6639317.952378258,925925.0,203174.3593071145,0.0
BR_2.1-2.6,hybrid,0.95,1.6449,50,True,-1.0,0.0,2024-11-01,2024-07-01,1.0,1.0,603574.3593071144,0.0,6639317.952378258,925925.0,203174.3593071145,0.0
BR_2.1-2.6,hybrid,0.95,1.6449,10,False,-1.0,0.0,2024-11-01,2024-07-01,1.0,1.0,589434.5545747635,0.0,6483780.100322398,925925.0,188795.4486705782,0.0
BR_2.1-2.6,hybrid,0.98,2.0537,2,True,-1.0,0.0,2024-11-01,2024-07-01,1.0,1.0,789697.696225619,0.0,8686674.658481808,925925.0,389297.69622561894,0.0
BR_2.1-2.6,hybrid,0.98,2.0537,5,True,-1.0,0.0,2024-11-01,2024-07-01,1.0,1.0,789697.696225619,0.0,8686674.658481808,925925.0,389297.69622561894,0.0
BR_2.1-2.6,hybrid,0.98,2.0537,10,True,-1.0,0.0,2024-11-01,2024-07-01,1.0,1.0,789697.696225619,0.0,8686674.658481808,925925.0,389297.69622561894,0.0
BR_2.1-2.6,hybrid,0.98,2.0537,20,True,-1.0,0.0,2024-11-01,2024-07-01,1.0,1.0,789697.696225619,0.0,8686674.658481808,925925.0,389297.69622561894,0.0
BR_2.1-2.6,hybrid,0.98,2.0537,50,True,-1.0,0.0,2024-11-01,2024-07-01,1.0,1.0,789697.696225619,0.0,8686674.658481808,925925.0,389297.69622561894,0.0
BR_2.1-2.6,hybrid,0.98,2.0537,10,False,-1.0,0.0,2024-11-01,2024-07-01,1.0,1.0,768914.6874283728,0.0,8458061.561712101,925925.0,367506.752722668,0.0
BR_2.1-2.6,mitra,0.9,1.2816,2,True,-1.0,0.0,2024-11-01,2024-07-01,0.9329860220225422,0.75,120215.94281686371,5640.90159625251,1446475.206103056,925925.0,0.0,0.0
BR_2.1-2.6,mitra,0.9,1.2816,5,True,-1.0,0.0,2024-11-01,2024-07-01,0.9329860220225422,0.75,120215.94281686371,5640.90159625251,1632624.9587793888,925925.0,0.0,0.0
BR_2.1-2.6,mitra,0.9,1.2816,10,True,-1.0,0.0,2024-11-01,2024-07-01,0.9329860220225422,0.75,120215.94281686371,5640.90159625251,1942874.5465732769,925925.0,0.0,0.0
BR_2.1-2.6,mitra,0.9,1.2816,20,True,-1.0,0.0,2024-11-01,2024-07-01,0.9329860220225422,0.75,120215.94281686371,5640.90159625251,2563373.7221610527,925925.0,0.0,0.0
BR_2.1-2.6,mitra,0.9,1.2816,50,True,-1.0,0.0,2024-11-01,2024-07-01,0.9329860220225422,0.75,120215.94281686371,5640.90159625251,4424871.248924381,925925.0,0.0,0.0
BR_2.1-2.6,mitra,0.9,1.2816,10,False,-1.0,0.0,2024-11-01,2024-07-01,0.9288127380449218,0.75,110122.32209206925,5992.187775068721,1870486.198270321,925925.0,0.0,0.0
BR_2.1-2.6,mitra,0.95,1.6449,2,True,-1.0,0.0,2024-11-01,2024-07-01,0.9714724434629913,0.75,173911.92928497298,2401.3070715027015,1965859.9777077623,925925.0,23635.622213470284,0.0
BR_2.1-2.6,mitra,0.95,1.6449,5,True,-1.0,0.0,2024-11-01,2024-07-01,0.9714724434629913,0.75,173911.92928497298,2401.3070715027015,2045103.1110673514,925925.0,23635.622213470284,0.0
BR_2.1-2.6,mitra,0.95,1.6449,10,True,-1.0,0.0,2024-11-01,2024-07-01,0.9714724434629913,0.75,173911.92928497298,2401.3070715027015,2177175.0,925925.0,23635.622213470284,0.0
BR_2.1-2.6,mitra,0.95,1.6449,20,True,-1.0,0.0,2024-11-01,2024-07-01,0.9714724434629913,0.75,173911.92928497298,2401.3070715027015,2441318.777865297,925925.0,23635.622213470284,0.0
BR_2.1-2.6,mitra,0.95,1.6449,50,True,-1.0,0.0,2024-11-01,2024-07-01,0.9714724434629913,0.75,173911.92928497298,2401.3070715027015,3233750.1114611886,925925.0,23635.622213470284,0.0
BR_2.1-2.6,mitra,0.95,1.6449,10,False,-1.0,0.0,2024-11-01,2024-07-01,0.9675875108617673,0.75,162011.50718381788,2728.321273210728,2082241.919075177,925925.0,13297.841170270112,0.0
BR_2.1-2.6,mitra,0.98,2.0537,2,True,-1.0,0.0,2024-11-01,2024-07-01,1.0,0.75,248687.70178924967,0.0,2735564.7196817463,925925.0,50762.701789249666,0.0
BR_2.1-2.6,mitra,0.98,2.0537,5,True,-1.0,0.0,2024-11-01,2024-07-01,1.0,0.75,248687.70178924967,0.0,2735564.7196817463,925925.0,50762.701789249666,0.0
BR_2.1-2.6,mitra,0.98,2.0537,10,True,-1.0,0.0,2024-11-01,2024-07-01,1.0,0.75,248687.70178924967,0.0,2735564.7196817463,925925.0,50762.701789249666,0.0
BR_2.1-2.6,mitra,0.98,2.0537,20,True,-1.0,0.0,2024-11-01,2024-07-01,1.0,0.75,248687.70178924967,0.0,2735564.7196817463,925925.0,50762.701789249666,0.0
BR_2.1-2.6,mitra,0.98,2.0537,50,True,-1.0,0.0,2024-11-01,2024-07-01,1.0,0.75,248687.70178924967,0.0,2735564.7196817463,925925.0,50762.701789249666,0.0
BR_2.1-2.6,mitra,0.98,2.0537,10,False,-1.0,0.0,2024-11-01,2024-07-01,1.0,0.75,232984.4544680807,0.0,2562828.9991488876,925925.0,36815.606669939705,0.0
BR_2.1-2.6,naive,0.9,1.2816,2,True,-1.0,0.0,2024-11-01,2024-07-01,1.0,1.0,787212.2271511853,0.0,8659334.498663038,925925.0,834987.2271511853,0.0
BR_2.1-2.6,naive,0.9,1.2816,5,True,-1.0,0.0,2024-11-01,2024-07-01,1.0,1.0,787212.2271511853,0.0,8659334.498663038,925925.0,834987.2271511853,0.0
BR_2.1-2.6,naive,0.9,1.2816,10,True,-1.0,0.0,2024-11-01,2024-07-01,1.0,1.0,787212.2271511853,0.0,8659334.498663038,925925.0,834987.2271511853,0.0
BR_2.1-2.6,naive,0.9,1.2816,20,True,-1.0,0.0,2024-11-01,2024-07-01,1.0,1.0,787212.2271511853,0.0,8659334.498663038,925925.0,834987.2271511853,0.0
BR_2.1-2.6,naive,0.9,1.2816,50,True,-1.0,0.0,2024-11-01,2024-07-01,1.0,1.0,787212.2271511853,0.0,8659334.498663038,925925.0,834987.2271511853,0.0
BR_2.1-2.6,naive,0.9,1.2816,10,False,-1.0,0.0,2024-11-01,2024-07-01,1.0,1.0,774851.0469164383,0.0,8523361.516080821,925925.0,812830.9377614909,0.0
BR_2.1-2.6,naive,0.95,1.6449,2,True,-1.0,0.0,2024-11-01,2024-07-01,1.0,1.0,969847.0778253622,0.0,10668317.856078984,925925.0,935722.0778253623,0.0
BR_2.1-2.6,naive,0.95,1.6449,5,True,-1.0,0.0,2024-11-01,2024-07-01,1.0,1.0,969847.0778253622,0.0,10668317.856078984,925925.0,935722.0778253623,0.0
BR_2.1-2.6,naive,0.95,1.6449,10,True,-1.0,0.0,2024-11-01,2024-07-01,1.0,1.0,969847.0778253622,0.0,10668317.856078984,925925.0,935722.0778253623,0.0
BR_2.1-2.6,naive,0.95,1.6449,20,True,-1.0,0.0,2024-11-01,2024-07-01,1.0,1.0,969847.0778253622,0.0,10668317.856078984,925925.0,935722.0778253623,0.0
BR_2.1-2.6,naive,0.95,1.6449,50,True,-1.0,0.0,2024-11-01,2024-07-01,1.0,1.0,969847.0778253622,0.0,10668317.856078984,925925.0,935722.0778253623,0.0
BR_2.1-2.6,naive,0.95,1.6449,10,False,-1.0,0.0,2024-11-01,2024-07-01,1.0,1.0,961610.9586242583,0.0,10577720.544866841,925925.0,915556.4329930372,0.0
BR_2.1-2.6,naive,0.98,2.0537,2,True,-1.0,0.0,2024-11-01,2024-07-01,1.0,1.0,1179352.9598941861,0.0,12972882.558836047,925925.0,1042852.9598941861,0.0
BR_2.1-2.6,naive,0.98,2.0537,5,True,-1.0,0.0,2024-11-01,2024-07-01,1.0,1.0,1179352.9598941861,0.0,12972882.558836047,925925.0,1042852.9598941861,0.0
BR_2.1-2.6,naive,0.98,2.0537,10,True,-1.0,0.0,2024-11-01,2024-07-01,1.0,1.0,1179352.9598941861,0.0,12972882.558836047,925925.0,1042852.9598941861,0.0
BR_2.1-2.6,naive,0.98,2.0537,20,True,-1.0,0.0,2024-11-01,2024-07-01,1.0,1.0,1179352.9598941861,0.0,12972882.558836047,925925.0,1042852.9598941861,0.0
BR_2.1-2.6,naive,0.98,2.0537,50,True,-1.0,0.0,2024-11-01,2024-07-01,1.0,1.0,1179352.9598941861,0.0,12972882.558836047,925925.0,1042852.9598941861,0.0
BR_2.1-2.6,naive,0.98,2.0537,10,False,-1.0,0.0,2024-11-01,2024-07-01,1.0,1.0,1171760.8400064677,0.0,12889369.240071144,925925.0,1031147.3563364341,0.0
BR_2.1-2.6,rf,0.9,1.2816,2,True,-1.0,0.0,2024-11-01,2024-07-01,1.0,1.0,445248.7007885743,0.0,4897735.708674317,925925.0,174523.7007885743,0.0
BR_2.1-2.6,rf,0.9,1.2816,5,True,-1.0,0.0,2024-11-01,2024-07-01,1.0,1.0,445248.7007885743,0.0,4897735.708674317,925925.0,174523.7007885743,0.0
BR_2.1-2.6,rf,0.9,1.2816,10,True,-1.0,0.0,2024-11-01,2024-07-01,1.0,1.0,445248.7007885743,0.0,4897735.708674317,925925.0,174523.7007885743,0.0
BR_2.1-2.6,rf,0.9,1.2816,20,True,-1.0,0.0,2024-11-01,2024-07-01,1.0,1.0,445248.7007885743,0.0,4897735.708674317,925925.0,174523.7007885743,0.0
BR_2.1-2.6,rf,0.9,1.2816,50,True,-1.0,0.0,2024-11-01,2024-07-01,1.0,1.0,445248.7007885743,0.0,4897735.708674317,925925.0,174523.7007885743,0.0
BR_2.1-2.6,rf,0.9,1.2816,10,False,-1.0,0.0,2024-11-01,2024-07-01,1.0,1.0,434553.0593593363,0.0,4780083.652952699,925925.0,167858.44611305557,0.0
BR_2.1-2.6,rf,0.95,1.6449,2,True,-1.0,0.0,2024-11-01,2024-07-01,1.0,1.0,556126.3012344929,0.0,6117389.3135794215,925925.0,249001.3012344928,0.0
BR_2.1-2.6,rf,0.95,1.6449,5,True,-1.0,0.0,2024-11-01,2024-07-01,1.0,1.0,556126.3012344929,0.0,6117389.3135794215,925925.0,249001.3012344928,0.0
BR_2.1-2.6,rf,0.95,1.6449,10,True,-1.0,0.0,2024-11-01,2024-07-01,1.0,1.0,556126.3012344929,0.0,6117389.3135794215,925925.0,249001.3012344928,0.0
BR_2.1-2.6,rf,0.95,1.6449,20,True,-1.0,0.0,2024-11-01,2024-07-01,1.0,1.0,556126.3012344929,0.0,6117389.3135794215,925925.0,249001.3012344928,0.0
BR_2.1-2.6,rf,0.95,1.6449,50,True,-1.0,0.0,2024-11-01,2024-07-01,1.0,1.0,556126.3012344929,0.0,6117389.3135794215,925925.0,249001.3012344928,0.0
BR_2.1-2.6,rf,0.95,1.6449,10,False,-1.0,0.0,2024-11-01,2024-07-01,1.0,1.0,541974.4325189319,0.0,5961718.757708251,925925.0,227159.331961115,0.0
BR_2.1-2.6,rf,0.98,2.0537,2,True,-1.0,0.0,2024-11-01,2024-07-01,1.0,1.0,672640.6917169906,0.0,7399047.608886897,925925.0,310915.69171699067,0.0
BR_2.1-2.6,rf,0.98,2.0537,5,True,-1.0,0.0,2024-11-01,2024-07-01,1.0,1.0,672640.6917169906,0.0,7399047.608886897,925925.0,310915.69171699067,0.0
BR_2.1-2.6,rf,0.98,2.0537,10,True,-1.0,0.0,2024-11-01,2024-07-01,1.0,1.0,672640.6917169906,0.0,7399047.608886897,925925.0,310915.69171699067,0.0
BR_2.1-2.6,rf,0.98,2.0537,20,True,-1.0,0.0,2024-11-01,2024-07-01,1.0,1.0,672640.6917169906,0.0,7399047.608886897,925925.0,310915.69171699067,0.0
BR_2.1-2.6,rf,0.98,2.0537,50,True,-1.0,0.0,2024-11-01,2024-07-01,1.0,1.0,672640.6917169906,0.0,7399047.608886897,925925.0,310915.69171699067,0.0
BR_2.1-2.6,rf,0.98,2.0537,10,False,-1.0,0.0,2024-11-01,2024-07-01,1.0,1.0,662849.3495231782,0.0,7291342.844754959,925925.0,293887.1110271396,0.0
BR_2.1-2.6,sba,0.9,1.2816,2,True,-1.0,0.0,2024-11-01,2024-07-01,1.0,1.0,334936.376589254,0.0,3684300.142481794,925925.0,134736.376589254,0.0
BR_2.1-2.6,sba,0.9,1.2816,5,True,-1.0,0.0,2024-11-01,2024-07-01,1.0,1.0,334936.376589254,0.0,3684300.142481794,925925.0,134736.376589254,0.0
BR_2.1-2.6,sba,0.9,1.2816,10,True,-1.0,0.0,2024-11-01,2024-07-01,1.0,1.0,334936.376589254,0.0,3684300.142481794,925925.0,134736.376589254,0.0
BR_2.1-2.6,sba,0.9,1.2816,20,True,-1.0,0.0,2024-11-01,2024-07-01,1.0,1.0,334936.376589254,0.0,3684300.142481794,925925.0,134736.376589254,0.0
BR_2.1-2.6,sba,0.9,1.2816,50,True,-1.0,0.0,2024-11-01,2024-07-01,1.0,1.0,334936.376589254,0.0,3684300.142481794,925925.0,134736.376589254,0.0
BR_2.1-2.6,sba,0.9,1.2816,10,False,-1.0,0.0,2024-11-01,2024-07-01,1.0,1.0,326536.86150170205,0.0,3591905.4765187227,925925.0,120204.10875340214,0.0
BR_2.1-2.6,sba,0.95,1.6449,2,True,-1.0,0.0,2024-11-01,2024-07-01,1.0,1.0,427768.90385910886,0.0,4705457.942450197,925925.0,179793.90385910892,0.0
BR_2.1-2.6,sba,0.95,1.6449,5,True,-1.0,0.0,2024-11-01,2024-07-01,1.0,1.0,427768.90385910886,0.0,4705457.942450197,925925.0,179793.90385910892,0.0
BR_2.1-2.6,sba,0.95,1.6449,10,True,-1.0,0.0,2024-11-01,2024-07-01,1.0,1.0,427768.90385910886,0.0,4705457.942450197,925925.0,179793.90385910892,0.0
BR_2.1-2.6,sba,0.95,1.6449,20,True,-1.0,0.0,2024-11-01,2024-07-01,1.0,1.0,427768.90385910886,0.0,4705457.942450197,925925.0,179793.90385910892,0.0
BR_2.1-2.6,sba,0.95,1.6449,50,True,-1.0,0.0,2024-11-01,2024-07-01,1.0,1.0,427768.90385910886,0.0,4705457.942450197,925925.0,179793.90385910892,0.0
BR_2.1-2.6,sba,0.95,1.6449,10,False,-1.0,0.0,2024-11-01,2024-07-01,1.0,1.0,415858.99026175885,0.0,4574448.892879347,925925.0,154777.71013946424,0.0
BR_2.1-2.6,sba,0.98,2.0537,2,True,-1.0,0.0,2024-11-01,2024-07-01,1.0,1.0,543887.7784748994,0.0,5982765.563223893,925925.0,211737.77847489947,0.0
BR_2.1-2.6,sba,0.98,2.0537,5,True,-1.0,0.0,2024-11-01,2024-07-01,1.0,1.0,543887.7784748994,0.0,5982765.563223893,925925.0,211737.77847489947,0.0
BR_2.1-2.6,sba,0.98,2.0537,10,True,-1.0,0.0,2024-11-01,2024-07-01,1.0,1.0,543887.7784748994,0.0,5982765.563223893,925925.0,211737.77847489947,0.0
BR_2.1-2.6,sba,0.98,2.0537,20,True,-1.0,0.0,2024-11-01,2024-07-01,1.0,1.0,543887.7784748994,0.0,5982765.563223893,925925.0,211737.77847489947,0.0
BR_2.1-2.6,sba,0.98,2.0537,50,True,-1.0,0.0,2024-11-01,2024-07-01,1.0,1.0,543887.7784748994,0.0,5982765.563223893,925925.0,211737.77847489947,0.0
BR_2.1-2.6,sba,0.98,2.0537,10,False,-1.0,0.0,2024-11-01,2024-07-01,1.0,1.0,525846.7533401966,0.0,5784314.286742162,925925.0,193681.33867406985,0.0
BR_2.1-2.6,ses,0.9,1.2816,2,True,-1.0,0.0,2024-11-01,2024-07-01,1.0,1.0,309968.7420622677,0.0,3409656.1626849445,925925.0,134793.7420622676,0.0
BR_2.1-2.6,ses,0.9,1.2816,5,True,-1.0,0.0,2024-11-01,2024-07-01,1.0,1.0,309968.7420622677,0.0,3409656.1626849445,925925.0,134793.7420622676,0.0
BR_2.1-2.6,ses,0.9,1.2816,10,True,-1.0,0.0,2024-11-01,2024-07-01,1.0,1.0,309968.7420622677,0.0,3409656.1626849445,925925.0,134793.7420622676,0.0
BR_2.1-2.6,ses,0.9,1.2816,20,True,-1.0,0.0,2024-11-01,2024-07-01,1.0,1.0,309968.7420622677,0.0,3409656.1626849445,925925.0,134793.7420622676,0.0
BR_2.1-2.6,ses,0.9,1.2816,50,True,-1.0,0.0,2024-11-01,2024-07-01,1.0,1.0,309968.7420622677,0.0,3409656.1626849445,925925.0,134793.7420622676,0.0
BR_2.1-2.6,ses,0.9,1.2816,10,False,-1.0,0.0,2024-11-01,2024-07-01,1.0,1.0,296791.0705387741,0.0,3264701.775926515,925925.0,126261.4270217832,0.0
BR_2.1-2.6,ses,0.95,1.6449,2,True,-1.0,0.0,2024-11-01,2024-07-01,1.0,1.0,391717.6215622377,0.0,4308893.8371846145,925925.0,177867.62156223762,0.0
BR_2.1-2.6,ses,0.95,1.6449,5,True,-1.0,0.0,2024-11-01,2024-07-01,1.0,1.0,391717.6215622377,0.0,4308893.8371846145,925925.0,177867.62156223762,0.0
BR_2.1-2.6,ses,0.95,1.6449,10,True,-1.0,0.0,2024-11-01,2024-07-01,1.0,1.0,391717.6215622377,0.0,4308893.8371846145,925925.0,177867.62156223762,0.0
BR_2.1-2.6,ses,0.95,1.6449,20,True,-1.0,0.0,2024-11-01,2024-07-01,1.0,1.0,391717.6215622377,0.0,4308893.8371846145,925925.0,177867.62156223762,0.0
BR_2.1-2.6,ses,0.95,1.6449,50,True,-1.0,0.0,2024-11-01,2024-07-01,1.0,1.0,391717.6215622377,0.0,4308893.8371846145,925925.0,177867.62156223762,0.0
BR_2.1-2.6,ses,0.95,1.6449,10,False,-1.0,0.0,2024-11-01,2024-07-01,1.0,1.0,381193.1894541053,0.0,4193125.083995158,925925.0,158144.51713496144,0.0
BR_2.1-2.6,ses,0.98,2.0537,2,True,-1.0,0.0,2024-11-01,2024-07-01,1.0,1.0,508738.5668955369,0.0,5596124.235850906,925925.0,210713.56689553685,0.0
BR_2.1-2.6,ses,0.98,2.0537,5,True,-1.0,0.0,2024-11-01,2024-07-01,1.0,1.0,508738.5668955369,0.0,5596124.235850906,925925.0,210713.56689553685,0.0
BR_2.1-2.6,ses,0.98,2.0537,10,True,-1.0,0.0,2024-11-01,2024-07-01,1.0,1.0,508738.5668955369,0.0,5596124.235850906,925925.0,210713.56689553685,0.0
BR_2.1-2.6,ses,0.98,2.0537,20,True,-1.0,0.0,2024-11-01,2024-07-01,1.0,1.0,508738.5668955369,0.0,5596124.235850906,925925.0,210713.56689553685,0.0
BR_2.1-2.6,ses,0.98,2.0537,50,True,-1.0,0.0,2024-11-01,2024-07-01,1.0,1.0,508738.5668955369,0.0,5596124.235850906,925925.0,210713.56689553685,0.0
BR_2.1-2.6,ses,0.98,2.0537,10,False,-1.0,0.0,2024-11-01,2024-07-01,1.0,1.0,486896.09368522296,0.0,5355857.030537453,925925.0,194020.67248389404,0.0
BR_2.1-2.6,tsb,0.9,1.2816,2,True,-1.0,0.0,2024-11-01,2024-07-01,1.0,1.0,398206.49380654376,0.0,4380271.431871981,925925.0,166156.49380654376,0.0
BR_2.1-2.6,tsb,0.9,1.2816,5,True,-1.0,0.0,2024-11-01,2024-07-01,1.0,1.0,398206.49380654376,0.0,4380271.431871981,925925.0,166156.49380654376,0.0
BR_2.1-2.6,tsb,0.9,1.2816,10,True,-1.0,0.0,2024-11-01,2024-07-01,1.0,1.0,398206.49380654376,0.0,4380271.431871981,925925.0,166156.49380654376,0.0
BR_2.1-2.6,tsb,0.9,1.2816,20,True,-1.0,0.0,2024-11-01,2024-07-01,1.0,1.0,398206.49380654376,0.0,4380271.431871981,925925.0,166156.49380654376,0.0
BR_2.1-2.6,tsb,0.9,1.2816,50,True,-1.0,0.0,2024-11-01,2024-07-01,1.0,1.0,398206.49380654376,0.0,4380271.431871981,925925.0,166156.49380654376,0.0
BR_2.1-2.6,tsb,0.9,1.2816,10,False,-1.0,0.0,2024-11-01,2024-07-01,1.0,1.0,385332.0706347635,0.0,4238652.776982399,925925.0,158249.46862517018,0.0
BR_2.1-2.6,tsb,0.95,1.6449,2,True,-1.0,0.0,2024-11-01,2024-07-01,1.0,1.0,505277.2426011933,0.0,5558049.6686131265,925925.0,216352.24260119325,0.0
BR_2.1-2.6,tsb,0.95,1.6449,5,True,-1.0,0.0,2024-11-01,2024-07-01,1.0,1.0,505277.2426011933,0.0,5558049.6686131265,925925.0,216352.24260119325,0.0
BR_2.1-2.6,tsb,0.95,1.6449,10,True,-1.0,0.0,2024-11-01,2024-07-01,1.0,1.0,505277.2426011933,0.0,5558049.6686131265,925925.0,216352.24260119325,0.0
BR_2.1-2.6,tsb,0.95,1.6449,20,True,-1.0,0.0,2024-11-01,2024-07-01,1.0,1.0,505277.2426011933,0.0,5558049.6686131265,925925.0,216352.24260119325,0.0
BR_2.1-2.6,tsb,0.95,1.6449,50,True,-1.0,0.0,2024-11-01,2024-07-01,1.0,1.0,505277.2426011933,0.0,5558049.6686131265,925925.0,216352.24260119325,0.0
BR_2.1-2.6,tsb,0.95,1.6449,10,False,-1.0,0.0,2024-11-01,2024-07-01,1.0,1.0,487190.80228383926,0.0,5359098.825122232,925925.0,196160.21503759024,0.0
BR_2.1-2.6,tsb,0.98,2.0537,2,True,-1.0,0.0,2024-11-01,2024-07-01,1.0,1.0,618077.8539616466,0.0,6798856.393578112,925925.0,254077.85396164656,0.0
BR_2.1-2.6,tsb,0.98,2.0537,5,True,-1.0,0.0,2024-11-01,2024-07-01,1.0,1.0,618077.8539616466,0.0,6798856.393578112,925925.0,254077.85396164656,0.0
BR_2.1-2.6,tsb,0.98,2.0537,10,True,-1.0,0.0,2024-11-01,2024-07-01,1.0,1.0,618077.8539616466,0.0,6798856.393578112,925925.0,254077.85396164656,0.0
BR_2.1-2.6,tsb,0.98,2.0537,20,True,-1.0,0.0,2024-11-01,2024-07-01,1.0,1.0,618077.8539616466,0.0,6798856.393578112,925925.0,254077.85396164656,0.0
BR_2.1-2.6,tsb,0.98,2.0537,50,True,-1.0,0.0,2024-11-01,2024-07-01,1.0,1.0,618077.8539616466,0.0,6798856.393578112,925925.0,254077.85396164656,0.0
BR_2.1-2.6,tsb,0.98,2.0537,10,False,-1.0,0.0,2024-11-01,2024-07-01,1.0,1.0,609756.1027147549,0.0,6707317.129862304,925925.0,238818.93547083356,0.0
BR_2.1-2.6,xgb,0.9,1.2816,2,True,-1.0,0.0,2024-11-01,2024-07-01,0.8977433743734221,0.75,60228.96842047263,8607.451462117193,851882.5847917772,925925.0,40246.51695835544,0.0
BR_2.1-2.6,xgb,0.9,1.2816,5,True,-1.0,0.0,2024-11-01,2024-07-01,0.8977433743734221,0.75,60228.96842047263,8607.451462117193,1135928.4830416446,925925.0,40246.51695835544,0.0
BR_2.1-2.6,xgb,0.9,1.2816,10,True,-1.0,0.0,2024-11-01,2024-07-01,0.8977433743734221,0.75,60228.96842047263,8607.451462117193,1609338.3134580902,925925.0,40246.51695835544,0.0
BR_2.1-2.6,xgb,0.9,1.2816,20,True,-1.0,0.0,2024-11-01,2024-07-01,0.8977433743734221,0.75,60228.96842047263,8607.451462117193,2556157.9742909814,925925.0,40246.51695835544,0.0
BR_2.1-2.6,xgb,0.9,1.2816,50,True,-1.0,0.0,2024-11-01,2024-07-01,0.8977433743734221,0.75,60228.96842047263,8607.451462117193,5396616.956789656,925925.0,40246.51695835544,0.0
BR_2.1-2.6,xgb,0.9,1.2816,10,False,-1.0,0.0,2024-11-01,2024-07-01,0.875876867336149,0.75,47090.9438797577,10448.06469197966,1667287.4987950972,925925.0,25577.342563598242,0.0
BR_2.1-2.6,xgb,0.95,1.6449,2,True,-1.0,0.0,2024-11-01,2024-07-01,1.0,1.0,150842.02925772732,0.0,1659262.3218350005,925925.0,159942.02925772732,0.0
BR_2.1-2.6,xgb,0.95,1.6449,5,True,-1.0,0.0,2024-11-01,2024-07-01,1.0,1.0,150842.02925772732,0.0,1659262.3218350005,925925.0,159942.02925772732,0.0
BR_2.1-2.6,xgb,0.95,1.6449,10,True,-1.0,0.0,2024-11-01,2024-07-01,1.0,1.0,150842.02925772732,0.0,1659262.3218350005,925925.0,159942.02925772732,0.0
BR_2.1-2.6,xgb,0.95,1.6449,20,True,-1.0,0.0,2024-11-01,2024-07-01,1.0,1.0,150842.02925772732,0.0,1659262.3218350005,925925.0,159942.02925772732,0.0
BR_2.1-2.6,xgb,0.95,1.6449,50,True,-1.0,0.0,2024-11-01,2024-07-01,1.0,1.0,150842.02925772732,0.0,1659262.3218350005,925925.0,159942.02925772732,0.0
BR_2.1-2.6,xgb,0.95,1.6449,10,False,-1.0,0.0,2024-11-01,2024-07-01,1.0,1.0,138431.3738739123,0.0,1522745.1126130354,925925.0,137329.59298508044,0.0
BR_2.1-2.6,xgb,0.98,2.0537,2,True,-1.0,0.0,2024-11-01,2024-07-01,1.0,1.0,267630.7656408353,0.0,2943938.422049188,925925.0,279005.7656408353,0.0
BR_2.1-2.6,xgb,0.98,2.0537,5,True,-1.0,0.0,2024-11-01,2024-07-01,1.0,1.0,267630.7656408353,0.0,2943938.422049188,925925.0,279005.7656408353,0.0
BR_2.1-2.6,xgb,0.98,2.0537,10,True,-1.0,0.0,2024-11-01,2024-07-01,1.0,1.0,267630.7656408353,0.0,2943938.422049188,925925.0,279005.7656408353,0.0
BR_2.1-2.6,xgb,0.98,2.0537,20,True,-1.0,0.0,2024-11-01,2024-07-01,1.0,1.0,267630.7656408353,0.0,2943938.422049188,925925.0,279005.7656408353,0.0
BR_2.1-2.6,xgb,0.98,2.0537,50,True,-1.0,0.0,2024-11-01,2024-07-01,1.0,1.0,267630.7656408353,0.0,2943938.422049188,925925.0,279005.7656408353,0.0
BR_2.1-2.6,xgb,0.98,2.0537,10,False,-1.0,0.0,2024-11-01,2024-07-01,1.0,1.0,255302.46301955415,0.0,2808327.093215096,925925.0,263077.7899911414,0.0
BR_2.6-3.1,arima,0.9,1.2816,2,True,-1.0,0.0,2024-11-01,2024-07-01,1.0,1.0,113952.71182930809,0.0,1253479.830122389,75075.0,123052.71182930807,0.0
BR_2.6-3.1,arima,0.9,1.2816,5,True,-1.0,0.0,2024-11-01,2024-07-01,1.0,1.0,113952.71182930809,0.0,1253479.830122389,75075.0,123052.71182930807,0.0
BR_2.6-3.1,arima,0.9,1.2816,10,True,-1.0,0.0,2024-11-01,2024-07-01,1.0,1.0,113952.71182930809,0.0,1253479.830122389,75075.0,123052.71182930807,0.0
BR_2.6-3.1,arima,0.9,1.2816,20,True,-1.0,0.0,2024-11-01,2024-07-01,1.0,1.0,113952.71182930809,0.0,1253479.830122389,75075.0,123052.71182930807,0.0
BR_2.6-3.1,arima,0.9,1.2816,50,True,-1.0,0.0,2024-11-01,2024-07-01,1.0,1.0,113952.71182930809,0.0,1253479.830122389,75075.0,123052.71182930807,0.0
BR_2.6-3.1,arima,0.9,1.2816,10,False,-1.0,0.0,2024-11-01,2024-07-01,1.0,1.0,94772.20371711408,0.0,1042494.240888255,75075.0,103350.51275965071,0.0
BR_2.6-3.1,arima,0.95,1.6449,2,True,-1.0,0.0,2024-11-01,2024-07-01,1.0,1.0,127021.8044553767,0.0,1397239.8490091437,75075.0,136121.8044553767,0.0
BR_2.6-3.1,arima,0.95,1.6449,5,True,-1.0,0.0,2024-11-01,2024-07-01,1.0,1.0,127021.8044553767,0.0,1397239.8490091437,75075.0,136121.8044553767,0.0
BR_2.6-3.1,arima,0.95,1.6449,10,True,-1.0,0.0,2024-11-01,2024-07-01,1.0,1.0,127021.8044553767,0.0,1397239.8490091437,75075.0,136121.8044553767,0.0
BR_2.6-3.1,arima,0.95,1.6449,20,True,-1.0,0.0,2024-11-01,2024-07-01,1.0,1.0,127021.8044553767,0.0,1397239.8490091437,75075.0,136121.8044553767,0.0
BR_2.6-3.1,arima,0.95,1.6449,50,True,-1.0,0.0,2024-11-01,2024-07-01,1.0,1.0,127021.8044553767,0.0,1397239.8490091437,75075.0,136121.8044553767,0.0
BR_2.6-3.1,arima,0.95,1.6449,10,False,-1.0,0.0,2024-11-01,2024-07-01,1.0,1.0,111830.38199038127,0.0,1230134.201894194,75075.0,121663.73859130975,0.0
BR_2.6-3.1,arima,0.98,2.0537,2,True,-1.0,0.0,2024-11-01,2024-07-01,1.0,1.0,141727.68132170438,0.0,1559004.4945387482,75075.0,150827.6813217044,0.0
BR_2.6-3.1,arima,0.98,2.0537,5,True,-1.0,0.0,2024-11-01,2024-07-01,1.0,1.0,141727.68132170438,0.0,1559004.4945387482,75075.0,150827.6813217044,0.0
BR_2.6-3.1,arima,0.98,2.0537,10,True,-1.0,0.0,2024-11-01,2024-07-01,1.0,1.0,141727.68132170438,0.0,1559004.4945387482,75075.0,150827.6813217044,0.0
BR_2.6-3.1,arima,0.98,2.0537,20,True,-1.0,0.0,2024-11-01,2024-07-01,1.0,1.0,141727.68132170438,0.0,1559004.4945387482,75075.0,150827.6813217044,0.0
BR_2.6-3.1,arima,0.98,2.0537,50,True,-1.0,0.0,2024-11-01,2024-07-01,1.0,1.0,141727.68132170438,0.0,1559004.4945387482,75075.0,150827.6813217044,0.0
BR_2.6-3.1,arima,0.98,2.0537,10,False,-1.0,0.0,2024-11-01,2024-07-01,1.0,1.0,131117.924642198,0.0,1442297.171064178,75075.0,142270.52835178928,0.0
BR_2.6-3.1,croston,0.9,1.2816,2,True,-1.0,0.0,2024-11-01,2024-07-01,1.0,1.0,124532.17133233143,0.0,1369853.8846556458,75075.0,131357.17133233146,0.0
BR_2.6-3.1,croston,0.9,1.2816,5,True,-1.0,0.0,2024-11-01,2024-07-01,1.0,1.0,124532.17133233143,0.0,1369853.8846556458,75075.0,131357.17133233146,0.0
BR_2.6-3.1,croston,0.9,1.2816,10,True,-1.0,0.0,2024-11-01,2024-07-01,1.0,1.0,124532.17133233143,0.0,1369853.8846556458,75075.0,131357.17133233146,0.0
BR_2.6-3.1,croston,0.9,1.2816,20,True,-1.0,0.0,2024-11-01,2024-07-01,1.0,1.0,124532.17133233143,0.0,1369853.8846556458,75075.0,131357.17133233146,0.0
BR_2.6-3.1,croston,0.9,1.2816,50,True,-1.0,0.0,2024-11-01,2024-07-01,1.0,1.0,124532.17133233143,0.0,1369853.8846556458,75075.0,131357.17133233146,0.0
BR_2.6-3.1,croston,0.9,1.2816,10,False,-1.0,0.0,2024-11-01,2024-07-01,1.0,1.0,116570.1139595972,0.0,1282271.2535555693,75075.0,121083.41197155428,0.0
BR_2.6-3.1,croston,0.95,1.6449,2,True,-1.0,0.0,2024-11-01,2024-07-01,1.0,1.0,157832.3731865729,0.0,1736156.1050523017,75075.0,166932.37318657286,0.0
BR_2.6-3.1,croston,0.95,1.6449,5,True,-1.0,0.0,2024-11-01,2024-07-01,1.0,1.0,157832.3731865729,0.0,1736156.1050523017,75075.0,166932.37318657286,0.0
BR_2.6-3.1,croston,0.95,1.6449,10,True,-1.0,0.0,2024-11-01,2024-07-01,1.0,1.0,157832.3731865729,0.0,1736156.1050523017,75075.0,166932.37318657286,0.0
BR_2.6-3.1,croston,0.95,1.6449,20,True,-1.0,0.0,2024-11-01,2024-07-01,1.0,1.0,157832.3731865729,0.0,1736156.1050523017,75075.0,166932.37318657286,0.0
BR_2.6-3.1,croston,0.95,1.6449,50,True,-1.0,0.0,2024-11-01,2024-07-01,1.0,1.0,157832.3731865729,0.0,1736156.1050523017,75075.0,166932.37318657286,0.0
BR_2.6-3.1,croston,0.95,1.6449,10,False,-1.0,0.0,2024-11-01,2024-07-01,1.0,1.0,138252.03431363447,0.0,1520772.377449979,75075.0,144318.1951010735,0.0
BR_2.6-3.1,croston,0.98,2.0537,2,True,-1.0,0.0,2024-11-01,2024-07-01,1.0,1.0,169703.8912653339,0.0,1866742.8039186727,75075.0,178803.8912653339,0.0
BR_2.6-3.1,croston,0.98,2.0537,5,True,-1.0,0.0,2024-11-01,2024-07-01,1.0,1.0,169703.8912653339,0.0,1866742.8039186727,75075.0,178803.8912653339,0.0
BR_2.6-3.1,croston,0.98,2.0537,10,True,-1.0,0.0,2024-11-01,2024-07-01,1.0,1.0,169703.8912653339,0.0,1866742.8039186727,75075.0,178803.8912653339,0.0
BR_2.6-3.1,croston,0.98,2.0537,20,True,-1.0,0.0,2024-11-01,2024-07-01,1.0,1.0,169703.8912653339,0.0,1866742.8039186727,75075.0,178803.8912653339,0.0
BR_2.6-3.1,croston,0.98,2.0537,50,True,-1.0,0.0,2024-11-01,2024-07-01,1.0,1.0,169703.8912653339,0.0,1866742.8039186727,75075.0,178803.8912653339,0.0
BR_2.6-3.1,croston,0.98,2.0537,10,False,-1.0,0.0,2024-11-01,2024-07-01,1.0,1.0,162649.41675440085,0.0,1789143.5842984095,75075.0,170462.92216781573,0.0
BR_2.6-3.1,hybrid,0.9,1.2816,2,True,-1.0,0.0,2024-11-01,2024-07-01,1.0,1.0,73869.77684722883,0.0,812567.5453195171,75075.0,60219.776847228815,0.0
BR_2.6-3.1,hybrid,0.9,1.2816,5,True,-1.0,0.0,2024-11-01,2024-07-01,1.0,1.0,73869.77684722883,0.0,812567.5453195171,75075.0,60219.776847228815,0.0
BR_2.6-3.1,hybrid,0.9,1.2816,10,True,-1.0,0.0,2024-11-01,2024-07-01,1.0,1.0,73869.77684722883,0.0,812567.5453195171,75075.0,60219.776847228815,0.0
BR_2.6-3.1,hybrid,0.9,1.2816,20,True,-1.0,0.0,2024-11-01,2024-07-01,1.0,1.0,73869.77684722883,0.0,812567.5453195171,75075.0,60219.776847228815,0.0
BR_2.6-3.1,hybrid,0.9,1.2816,50,True,-1.0,0.0,2024-11-01,2024-07-01,1.0,1.0,73869.77684722883,0.0,812567.5453195171,75075.0,60219.776847228815,0.0
BR_2.6-3.1,hybrid,0.9,1.2816,10,False,-1.0,0.0,2024-11-01,2024-07-01,1.0,1.0,68625.31942730966,0.0,754878.5137004063,75075.0,56621.875159858755,0.0
BR_2.6-3.1,hybrid,0.95,1.6449,2,True,-1.0,0.0,2024-11-01,2024-07-01,1.0,1.0,95637.49795543337,0.0,1052012.477509767,75075.0,81987.49795543338,0.0
BR_2.6-3.1,hybrid,0.95,1.6449,5,True,-1.0,0.0,2024-11-01,2024-07-01,1.0,1.0,95637.49795543337,0.0,1052012.477509767,75075.0,81987.49795543338,0.0
BR_2.6-3.1,hybrid,0.95,1.6449,10,True,-1.0,0.0,2024-11-01,2024-07-01,1.0,1.0,95637.49795543337,0.0,1052012.477509767,75075.0,81987.49795543338,0.0
BR_2.6-3.1,hybrid,0.95,1.6449,20,True,-1.0,0.0,2024-11-01,2024-07-01,1.0,1.0,95637.49795543337,0.0,1052012.477509767,75075.0,81987.49795543338,0.0
BR_2.6-3.1,hybrid,0.95,1.6449,50,True,-1.0,0.0,2024-11-01,2024-07-01,1.0,1.0,95637.49795543337,0.0,1052012.477509767,75075.0,81987.49795543338,0.0
BR_2.6-3.1,hybrid,0.95,1.6449,10,False,-1.0,0.0,2024-11-01,2024-07-01,1.0,1.0,87784.08379197751,0.0,965624.9217117527,75075.0,72179.47099238246,0.0
BR_2.6-3.1,hybrid,0.98,2.0537,2,True,-1.0,0.0,2024-11-01,2024-07-01,1.0,1.0,120131.4269095596,0.0,1321445.6960051556,75075.0,106481.42690955958,0.0
BR_2.6-3.1,hybrid,0.98,2.0537,5,True,-1.0,0.0,2024-11-01,2024-07-01,1.0,1.0,120131.4269095596,0.0,1321445.6960051556,75075.0,106481.42690955958,0.0
BR_2.6-3.1,hybrid,0.98,2.0537,10,True,-1.0,0.0,2024-11-01,2024-07-01,1.0,1.0,120131.4269095596,0.0,1321445.6960051556,75075.0,106481.42690955958,0.0
BR_2.6-3.1,hybrid,0.98,2.0537,20,True,-1.0,0.0,2024-11-01,2024-07-01,1.0,1.0,120131.4269095596,0.0,1321445.6960051556,75075.0,106481.42690955958,0.0
BR_2.6-3.1,hybrid,0.98,2.0537,50,True,-1.0,0.0,2024-11-01,2024-07-01,1.0,1.0,120131.4269095596,0.0,1321445.6960051556,75075.0,106481.42690955958,0.0
BR_2.6-3.1,hybrid,0.98,2.0537,10,False,-1.0,0.0,2024-11-01,2024-07-01,1.0,1.0,109536.62503802957,0.0,1204902.8754183252,75075.0,90754.25676066056,0.0
BR_2.6-3.1,mitra,0.9,1.2816,2,True,-1.0,0.0,2024-11-01,2024-07-01,1.0,1.0,63661.95253305787,0.0,700281.4778636366,75075.0,72761.95253305786,0.0
BR_2.6-3.1,mitra,0.9,1.2816,5,True,-1.0,0.0,2024-11-01,2024-07-01,1.0,1.0,63661.95253305787,0.0,700281.4778636366,75075.0,72761.95253305786,0.0
BR_2.6-3.1,mitra,0.9,1.2816,10,True,-1.0,0.0,2024-11-01,2024-07-01,1.0,1.0,63661.95253305787,0.0,700281.4778636366,75075.0,72761.95253305786,0.0
BR_2.6-3.1,mitra,0.9,1.2816,20,True,-1.0,0.0,2024-11-01,2024-07-01,1.0,1.0,63661.95253305787,0.0,700281.4778636366,75075.0,72761.95253305786,0.0
BR_2.6-3.1,mitra,0.9,1.2816,50,True,-1.0,0.0,2024-11-01,2024-07-01,1.0,1.0,63661.95253305787,0.0,700281.4778636366,75075.0,72761.95253305786,0.0
BR_2.6-3.1,mitra,0.9,1.2816,10,False,-1.0,0.0,2024-11-01,2024-07-01,1.0,1.0,55395.171303947114,0.0,609346.8843434183,75075.0,63298.539538197336,0.0
BR_2.6-3.1,mitra,0.95,1.6449,2,True,-1.0,0.0,2024-11-01,2024-07-01,1.0,1.0,72464.83943635058,0.0,797113.2337998564,75075.0,81564.83943635056,0.0
BR_2.6-3.1,mitra,0.95,1.6449,5,True,-1.0,0.0,2024-11-01,2024-07-01,1.0,1.0,72464.83943635058,0.0,797113.2337998564,75075.0,81564.83943635056,0.0
BR_2.6-3.1,mitra,0.95,1.6449,10,True,-1.0,0.0,2024-11-01,2024-07-01,1.0,1.0,72464.83943635058,0.0,797113.2337998564,75075.0,81564.83943635056,0.0
BR_2.6-3.1,mitra,0.95,1.6449,20,True,-1.0,0.0,2024-11-01,2024-07-01,1.0,1.0,72464.83943635058,0.0,797113.2337998564,75075.0,81564.83943635056,0.0
BR_2.6-3.1,mitra,0.95,1.6449,50,True,-1.0,0.0,2024-11-01,2024-07-01,1.0,1.0,72464.83943635058,0.0,797113.2337998564,75075.0,81564.83943635056,0.0
BR_2.6-3.1,mitra,0.95,1.6449,10,False,-1.0,0.0,2024-11-01,2024-07-01,1.0,1.0,66422.7043561662,0.0,730649.7479178283,75075.0,73556.92361999126,0.0
BR_2.6-3.1,mitra,0.98,2.0537,2,True,-1.0,0.0,2024-11-01,2024-07-01,1.0,1.0,82370.20735836007,0.0,906072.2809419608,75075.0,91470.20735836007,0.0
BR_2.6-3.1,mitra,0.98,2.0537,5,True,-1.0,0.0,2024-11-01,2024-07-01,1.0,1.0,82370.20735836007,0.0,906072.2809419608,75075.0,91470.20735836007,0.0
BR_2.6-3.1,mitra,0.98,2.0537,10,True,-1.0,0.0,2024-11-01,2024-07-01,1.0,1.0,82370.20735836007,0.0,906072.2809419608,75075.0,91470.20735836007,0.0
BR_2.6-3.1,mitra,0.98,2.0537,20,True,-1.0,0.0,2024-11-01,2024-07-01,1.0,1.0,82370.20735836007,0.0,906072.2809419608,75075.0,91470.20735836007,0.0
BR_2.6-3.1,mitra,0.98,2.0537,50,True,-1.0,0.0,2024-11-01,2024-07-01,1.0,1.0,82370.20735836007,0.0,906072.2809419608,75075.0,91470.20735836007,0.0
BR_2.6-3.1,mitra,0.98,2.0537,10,False,-1.0,0.0,2024-11-01,2024-07-01,1.0,1.0,78831.3349968135,0.0,867144.6849649486,75075.0,85100.07642108499,0.0
BR_2.6-3.1,naive,0.9,1.2816,2,True,-1.0,0.0,2024-11-01,2024-07-01,1.0,1.0,323239.9941353952,0.0,3555639.935489347,75075.0,291389.9941353952,0.0
BR_2.6-3.1,naive,0.9,1.2816,5,True,-1.0,0.0,2024-11-01,2024-07-01,1.0,1.0,323239.9941353952,0.0,3555639.935489347,75075.0,291389.9941353952,0.0
BR_2.6-3.1,naive,0.9,1.2816,10,True,-1.0,0.0,2024-11-01,2024-07-01,1.0,1.0,323239.9941353952,0.0,3555639.935489347,75075.0,291389.9941353952,0.0
BR_2.6-3.1,naive,0.9,1.2816,20,True,-1.0,0.0,2024-11-01,2024-07-01,1.0,1.0,323239.9941353952,0.0,3555639.935489347,75075.0,291389.9941353952,0.0
BR_2.6-3.1,naive,0.9,1.2816,50,True,-1.0,0.0,2024-11-01,2024-07-01,1.0,1.0,323239.9941353952,0.0,3555639.935489347,75075.0,291389.9941353952,0.0
BR_2.6-3.1,naive,0.9,1.2816,10,False,-1.0,0.0,2024-11-01,2024-07-01,1.0,1.0,311121.1119181829,0.0,3422332.231100012,75075.0,279271.11191818287,0.0
BR_2.6-3.1,naive,0.95,1.6449,2,True,-1.0,0.0,2024-11-01,2024-07-01,1.0,1.0,370371.7609654428,0.0,4074089.370619871,75075.0,338521.76096544287,0.0
BR_2.6-3.1,naive,0.95,1.6449,5,True,-1.0,0.0,2024-11-01,2024-07-01,1.0,1.0,370371.7609654428,0.0,4074089.370619871,75075.0,338521.76096544287,0.0
BR_2.6-3.1,naive,0.95,1.6449,10,True,-1.0,0.0,2024-11-01,2024-07-01,1.0,1.0,370371.7609654428,0.0,4074089.370619871,75075.0,338521.76096544287,0.0
BR_2.6-3.1,naive,0.95,1.6449,20,True,-1.0,0.0,2024-11-01,2024-07-01,1.0,1.0,370371.7609654428,0.0,4074089.370619871,75075.0,338521.76096544287,0.0
BR_2.6-3.1,naive,0.95,1.6449,50,True,-1.0,0.0,2024-11-01,2024-07-01,1.0,1.0,370371.7609654428,0.0,4074089.370619871,75075.0,338521.76096544287,0.0
BR_2.6-3.1,naive,0.95,1.6449,10,False,-1.0,0.0,2024-11-01,2024-07-01,1.0,1.0,354817.49336315464,0.0,3902992.426994701,75075.0,322967.49336315464,0.0
BR_2.6-3.1,naive,0.98,2.0537,2,True,-1.0,0.0,2024-11-01,2024-07-01,1.0,1.0,423406.350230853,0.0,4657469.852539383,75075.0,391556.35023085296,0.0
BR_2.6-3.1,naive,0.98,2.0537,5,True,-1.0,0.0,2024-11-01,2024-07-01,1.0,1.0,423406.350230853,0.0,4657469.852539383,75075.0,391556.35023085296,0.0
BR_2.6-3.1,naive,0.98,2.0537,10,True,-1.0,0.0,2024-11-01,2024-07-01,1.0,1.0,423406.350230853,0.0,4657469.852539383,75075.0,391556.35023085296,0.0
BR_2.6-3.1,naive,0.98,2.0537,20,True,-1.0,0.0,2024-11-01,2024-07-01,1.0,1.0,423406.350230853,0.0,4657469.852539383,75075.0,391556.35023085296,0.0
BR_2.6-3.1,naive,0.98,2.0537,50,True,-1.0,0.0,2024-11-01,2024-07-01,1.0,1.0,423406.350230853,0.0,4657469.852539383,75075.0,391556.35023085296,0.0
BR_2.6-3.1,naive,0.98,2.0537,10,False,-1.0,0.0,2024-11-01,2024-07-01,1.0,1.0,403986.4466653965,0.0,4443850.913319361,75075.0,372136.4466653965,0.0
BR_2.6-3.1,rf,0.9,1.2816,2,True,-1.0,0.0,2024-11-01,2024-07-01,1.0,1.0,162958.6586775491,0.0,1792545.24545304,75075.0,167508.6586775491,0.0
BR_2.6-3.1,rf,0.9,1.2816,5,True,-1.0,0.0,2024-11-01,2024-07-01,1.0,1.0,162958.6586775491,0.0,1792545.24545304,75075.0,167508.6586775491,0.0
BR_2.6-3.1,rf,0.9,1.2816,10,True,-1.0,0.0,2024-11-01,2024-07-01,1.0,1.0,162958.6586775491,0.0,1792545.24545304,75075.0,167508.6586775491,0.0
BR_2.6-3.1,rf,0.9,1.2816,20,True,-1.0,0.0,2024-11-01,2024-07-01,1.0,1.0,162958.6586775491,0.0,1792545.24545304,75075.0,167508.6586775491,0.0
BR_2.6-3.1,rf,0.9,1.2816,50,True,-1.0,0.0,2024-11-01,2024-07-01,1.0,1.0,162958.6586775491,0.0,1792545.24545304,75075.0,167508.6586775491,0.0
BR_2.6-3.1,rf,0.9,1.2816,10,False,-1.0,0.0,2024-11-01,2024-07-01,1.0,1.0,147443.0677885156,0.0,1621873.7456736716,75075.0,157335.6917565736,0.0
BR_2.6-3.1,rf,0.95,1.6449,2,True,-1.0,0.0,2024-11-01,2024-07-01,1.0,1.0,190841.8360859086,0.0,2099260.196944995,75075.0,190841.83608590864,0.0
BR_2.6-3.1,rf,0.95,1.6449,5,True,-1.0,0.0,2024-11-01,2024-07-01,1.0,1.0,190841.8360859086,0.0,2099260.196944995,75075.0,190841.83608590864,0.0
BR_2.6-3.1,rf,0.95,1.6449,10,True,-1.0,0.0,2024-11-01,2024-07-01,1.0,1.0,190841.8360859086,0.0,2099260.196944995,75075.0,190841.83608590864,0.0
BR_2.6-3.1,rf,0.95,1.6449,20,True,-1.0,0.0,2024-11-01,2024-07-01,1.0,1.0,190841.8360859086,0.0,2099260.196944995,75075.0,190841.83608590864,0.0
BR_2.6-3.1,rf,0.95,1.6449,50,True,-1.0,0.0,2024-11-01,2024-07-01,1.0,1.0,190841.8360859086,0.0,2099260.196944995,75075.0,190841.83608590864,0.0
BR_2.6-3.1,rf,0.95,1.6449,10,False,-1.0,0.0,2024-11-01,2024-07-01,1.0,1.0,173327.06187433482,0.0,1906597.680617683,75075.0,185797.1318776435,0.0
BR_2.6-3.1,rf,0.98,2.0537,2,True,-1.0,0.0,2024-11-01,2024-07-01,1.0,1.0,221647.2804143903,0.0,2438120.084558293,75075.0,242122.28041439026,0.0
BR_2.6-3.1,rf,0.98,2.0537,5,True,-1.0,0.0,2024-11-01,2024-07-01,1.0,1.0,221647.2804143903,0.0,2438120.084558293,75075.0,242122.28041439026,0.0
BR_2.6-3.1,rf,0.98,2.0537,10,True,-1.0,0.0,2024-11-01,2024-07-01,1.0,1.0,221647.2804143903,0.0,2438120.084558293,75075.0,242122.28041439026,0.0
BR_2.6-3.1,rf,0.98,2.0537,20,True,-1.0,0.0,2024-11-01,2024-07-01,1.0,1.0,221647.2804143903,0.0,2438120.084558293,75075.0,242122.28041439026,0.0
BR_2.6-3.1,rf,0.98,2.0537,50,True,-1.0,0.0,2024-11-01,2024-07-01,1.0,1.0,221647.2804143903,0.0,2438120.084558293,75075.0,242122.28041439026,0.0
BR_2.6-3.1,rf,0.98,2.0537,10,False,-1.0,0.0,2024-11-01,2024-07-01,1.0,1.0,202452.78932350327,0.0,2226980.682558536,75075.0,217823.10688863543,0.0
BR_2.6-3.1,sba,0.9,1.2816,2,True,-1.0,0.0,2024-11-01,2024-07-01,1.0,1.0,119405.71803373723,0.0,1313462.8983711095,75075.0,126230.71803373721,0.0
BR_2.6-3.1,sba,0.9,1.2816,5,True,-1.0,0.0,2024-11-01,2024-07-01,1.0,1.0,119405.71803373723,0.0,1313462.8983711095,75075.0,126230.71803373721,0.0
BR_2.6-3.1,sba,0.9,1.2816,10,True,-1.0,0.0,2024-11-01,2024-07-01,1.0,1.0,119405.71803373723,0.0,1313462.8983711095,75075.0,126230.71803373721,0.0
BR_2.6-3.1,sba,0.9,1.2816,20,True,-1.0,0.0,2024-11-01,2024-07-01,1.0,1.0,119405.71803373723,0.0,1313462.8983711095,75075.0,126230.71803373721,0.0
BR_2.6-3.1,sba,0.9,1.2816,50,True,-1.0,0.0,2024-11-01,2024-07-01,1.0,1.0,119405.71803373723,0.0,1313462.8983711095,75075.0,126230.71803373721,0.0
BR_2.6-3.1,sba,0.9,1.2816,10,False,-1.0,0.0,2024-11-01,2024-07-01,1.0,1.0,108283.6648183446,0.0,1191120.3130017905,75075.0,112538.22812151967,0.0
BR_2.6-3.1,sba,0.95,1.6449,2,True,-1.0,0.0,2024-11-01,2024-07-01,1.0,1.0,143487.01039909964,0.0,1578357.114390096,75075.0,136662.0103990996,0.0
BR_2.6-3.1,sba,0.95,1.6449,5,True,-1.0,0.0,2024-11-01,2024-07-01,1.0,1.0,143487.01039909964,0.0,1578357.114390096,75075.0,136662.0103990996,0.0
BR_2.6-3.1,sba,0.95,1.6449,10,True,-1.0,0.0,2024-11-01,2024-07-01,1.0,1.0,143487.01039909964,0.0,1578357.114390096,75075.0,136662.0103990996,0.0
BR_2.6-3.1,sba,0.95,1.6449,20,True,-1.0,0.0,2024-11-01,2024-07-01,1.0,1.0,143487.01039909964,0.0,1578357.114390096,75075.0,136662.0103990996,0.0
BR_2.6-3.1,sba,0.95,1.6449,50,True,-1.0,0.0,2024-11-01,2024-07-01,1.0,1.0,143487.01039909964,0.0,1578357.114390096,75075.0,136662.0103990996,0.0
BR_2.6-3.1,sba,0.95,1.6449,10,False,-1.0,0.0,2024-11-01,2024-07-01,1.0,1.0,128668.4037708309,0.0,1415352.44147914,75075.0,134259.8317159313,0.0
BR_2.6-3.1,sba,0.98,2.0537,2,True,-1.0,0.0,2024-11-01,2024-07-01,1.0,1.0,164324.72666378488,0.0,1807571.9933016337,75075.0,173424.7266637849,0.0
BR_2.6-3.1,sba,0.98,2.0537,5,True,-1.0,0.0,2024-11-01,2024-07-01,1.0,1.0,164324.72666378488,0.0,1807571.9933016337,75075.0,173424.7266637849,0.0
BR_2.6-3.1,sba,0.98,2.0537,10,True,-1.0,0.0,2024-11-01,2024-07-01,1.0,1.0,164324.72666378488,0.0,1807571.9933016337,75075.0,173424.7266637849,0.0
BR_2.6-3.1,sba,0.98,2.0537,20,True,-1.0,0.0,2024-11-01,2024-07-01,1.0,1.0,164324.72666378488,0.0,1807571.9933016337,75075.0,173424.7266637849,0.0
BR_2.6-3.1,sba,0.98,2.0537,50,True,-1.0,0.0,2024-11-01,2024-07-01,1.0,1.0,164324.72666378488,0.0,1807571.9933016337,75075.0,173424.7266637849,0.0
BR_2.6-3.1,sba,0.98,2.0537,10,False,-1.0,0.0,2024-11-01,2024-07-01,1.0,1.0,151606.14471158627,0.0,1667667.591827449,75075.0,158701.8673597394,0.0
BR_2.6-3.1,ses,0.9,1.2816,2,True,-1.0,0.0,2024-11-01,2024-07-01,1.0,1.0,104315.09474591924,0.0,1147466.0422051116,75075.0,104315.09474591922,0.0
BR_2.6-3.1,ses,0.9,1.2816,5,True,-1.0,0.0,2024-11-01,2024-07-01,1.0,1.0,104315.09474591924,0.0,1147466.0422051116,75075.0,104315.09474591922,0.0
BR_2.6-3.1,ses,0.9,1.2816,10,True,-1.0,0.0,2024-11-01,2024-07-01,1.0,1.0,104315.09474591924,0.0,1147466.0422051116,75075.0,104315.09474591922,0.0
BR_2.6-3.1,ses,0.9,1.2816,20,True,-1.0,0.0,2024-11-01,2024-07-01,1.0,1.0,104315.09474591924,0.0,1147466.0422051116,75075.0,104315.09474591922,0.0
BR_2.6-3.1,ses,0.9,1.2816,50,True,-1.0,0.0,2024-11-01,2024-07-01,1.0,1.0,104315.09474591924,0.0,1147466.0422051116,75075.0,104315.09474591922,0.0
BR_2.6-3.1,ses,0.9,1.2816,10,False,-1.0,0.0,2024-11-01,2024-07-01,1.0,1.0,92624.15419866047,0.0,1018865.6961852652,75075.0,90065.17739279821,0.0
BR_2.6-3.1,ses,0.95,1.6449,2,True,-1.0,0.0,2024-11-01,2024-07-01,1.0,1.0,122374.69520907411,0.0,1346121.6472998152,75075.0,122374.69520907413,0.0
BR_2.6-3.1,ses,0.95,1.6449,5,True,-1.0,0.0,2024-11-01,2024-07-01,1.0,1.0,122374.69520907411,0.0,1346121.6472998152,75075.0,122374.69520907413,0.0
BR_2.6-3.1,ses,0.95,1.6449,10,True,-1.0,0.0,2024-11-01,2024-07-01,1.0,1.0,122374.69520907411,0.0,1346121.6472998152,75075.0,122374.69520907413,0.0
BR_2.6-3.1,ses,0.95,1.6449,20,True,-1.0,0.0,2024-11-01,2024-07-01,1.0,1.0,122374.69520907411,0.0,1346121.6472998152,75075.0,122374.69520907413,0.0
BR_2.6-3.1,ses,0.95,1.6449,50,True,-1.0,0.0,2024-11-01,2024-07-01,1.0,1.0,122374.69520907411,0.0,1346121.6472998152,75075.0,122374.69520907413,0.0
BR_2.6-3.1,ses,0.95,1.6449,10,False,-1.0,0.0,2024-11-01,2024-07-01,1.0,1.0,110126.68559925459,0.0,1211393.5415918005,75075.0,107436.61504806488,0.0
BR_2.6-3.1,ses,0.98,2.0537,2,True,-1.0,0.0,2024-11-01,2024-07-01,1.0,1.0,142696.0953448785,0.0,1569657.0487936635,75075.0,142696.0953448785,0.0
BR_2.6-3.1,ses,0.98,2.0537,5,True,-1.0,0.0,2024-11-01,2024-07-01,1.0,1.0,142696.0953448785,0.0,1569657.0487936635,75075.0,142696.0953448785,0.0
BR_2.6-3.1,ses,0.98,2.0537,10,True,-1.0,0.0,2024-11-01,2024-07-01,1.0,1.0,142696.0953448785,0.0,1569657.0487936635,75075.0,142696.0953448785,0.0
BR_2.6-3.1,ses,0.98,2.0537,20,True,-1.0,0.0,2024-11-01,2024-07-01,1.0,1.0,142696.0953448785,0.0,1569657.0487936635,75075.0,142696.0953448785,0.0
BR_2.6-3.1,ses,0.98,2.0537,50,True,-1.0,0.0,2024-11-01,2024-07-01,1.0,1.0,142696.0953448785,0.0,1569657.0487936635,75075.0,142696.0953448785,0.0
BR_2.6-3.1,ses,0.98,2.0537,10,False,-1.0,0.0,2024-11-01,2024-07-01,1.0,1.0,129821.24887082876,0.0,1428033.7375791164,75075.0,126983.66628250753,0.0
BR_2.6-3.1,tsb,0.9,1.2816,2,True,-1.0,0.0,2024-11-01,2024-07-01,1.0,1.0,112997.0108047056,0.0,1242967.1188517616,75075.0,119822.01080470561,0.0
BR_2.6-3.1,tsb,0.9,1.2816,5,True,-1.0,0.0,2024-11-01,2024-07-01,1.0,1.0,112997.0108047056,0.0,1242967.1188517616,75075.0,119822.01080470561,0.0
BR_2.6-3.1,tsb,0.9,1.2816,10,True,-1.0,0.0,2024-11-01,2024-07-01,1.0,1.0,112997.0108047056,0.0,1242967.1188517616,75075.0,119822.01080470561,0.0
BR_2.6-3.1,tsb,0.9,1.2816,20,True,-1.0,0.0,2024-11-01,2024-07-01,1.0,1.0,112997.0108047056,0.0,1242967.1188517616,75075.0,119822.01080470561,0.0
BR_2.6-3.1,tsb,0.9,1.2816,50,True,-1.0,0.0,2024-11-01,2024-07-01,1.0,1.0,112997.0108047056,0.0,1242967.1188517616,75075.0,119822.01080470561,0.0
BR_2.6-3.1,tsb,0.9,1.2816,10,False,-1.0,0.0,2024-11-01,2024-07-01,1.0,1.0,99822.97016567123,0.0,1098052.6718223835,75075.0,100999.57788900103,0.0
BR_2.6-3.1,tsb,0.95,1.6449,2,True,-1.0,0.0,2024-11-01,2024-07-01,1.0,1.0,131516.89145766894,0.0,1446685.8060343585,75075.0,138341.89145766894,0.0
BR_2.6-3.1,tsb,0.95,1.6449,5,True,-1.0,0.0,2024-11-01,2024-07-01,1.0,1.0,131516.89145766894,0.0,1446685.8060343585,75075.0,138341.89145766894,0.0
BR_2.6-3.1,tsb,0.95,1.6449,10,True,-1.0,0.0,2024-11-01,2024-07-01,1.0,1.0,131516.89145766894,0.0,1446685.8060343585,75075.0,138341.89145766894,0.0
BR_2.6-3.1,tsb,0.95,1.6449,20,True,-1.0,0.0,2024-11-01,2024-07-01,1.0,1.0,131516.89145766894,0.0,1446685.8060343585,75075.0,138341.89145766894,0.0
BR_2.6-3.1,tsb,0.95,1.6449,50,True,-1.0,0.0,2024-11-01,2024-07-01,1.0,1.0,131516.89145766894,0.0,1446685.8060343585,75075.0,138341.89145766894,0.0
BR_2.6-3.1,tsb,0.95,1.6449,10,False,-1.0,0.0,2024-11-01,2024-07-01,1.0,1.0,118515.68948651379,0.0,1303672.5843516516,75075.0,120388.90142137944,0.0
BR_2.6-3.1,tsb,0.98,2.0537,2,True,-1.0,0.0,2024-11-01,2024-07-01,1.0,1.0,152356.2176644716,0.0,1675918.3943091875,75075.0,159181.2176644716,0.0
BR_2.6-3.1,tsb,0.98,2.0537,5,True,-1.0,0.0,2024-11-01,2024-07-01,1.0,1.0,152356.2176644716,0.0,1675918.3943091875,75075.0,159181.2176644716,0.0
BR_2.6-3.1,tsb,0.98,2.0537,10,True,-1.0,0.0,2024-11-01,2024-07-01,1.0,1.0,152356.2176644716,0.0,1675918.3943091875,75075.0,159181.2176644716,0.0
BR_2.6-3.1,tsb,0.98,2.0537,20,True,-1.0,0.0,2024-11-01,2024-07-01,1.0,1.0,152356.2176644716,0.0,1675918.3943091875,75075.0,159181.2176644716,0.0
BR_2.6-3.1,tsb,0.98,2.0537,50,True,-1.0,0.0,2024-11-01,2024-07-01,1.0,1.0,152356.2176644716,0.0,1675918.3943091875,75075.0,159181.2176644716,0.0
BR_2.6-3.1,tsb,0.98,2.0537,10,False,-1.0,0.0,2024-11-01,2024-07-01,1.0,1.0,139549.50082249072,0.0,1535044.5090473979,75075.0,142206.5602709151,0.0
BR_2.6-3.1,xgb,0.9,1.2816,2,True,-1.0,0.0,2024-11-01,2024-07-01,1.0,1.0,70031.748294872,0.0,770349.231243592,75075.0,49556.748294872,0.0
BR_2.6-3.1,xgb,0.9,1.2816,5,True,-1.0,0.0,2024-11-01,2024-07-01,1.0,1.0,70031.748294872,0.0,770349.231243592,75075.0,49556.748294872,0.0
BR_2.6-3.1,xgb,0.9,1.2816,10,True,-1.0,0.0,2024-11-01,2024-07-01,1.0,1.0,70031.748294872,0.0,770349.231243592,75075.0,49556.748294872,0.0
BR_2.6-3.1,xgb,0.9,1.2816,20,True,-1.0,0.0,2024-11-01,2024-07-01,1.0,1.0,70031.748294872,0.0,770349.231243592,75075.0,49556.748294872,0.0
BR_2.6-3.1,xgb,0.9,1.2816,50,True,-1.0,0.0,2024-11-01,2024-07-01,1.0,1.0,70031.748294872,0.0,770349.231243592,75075.0,49556.748294872,0.0
BR_2.6-3.1,xgb,0.9,1.2816,10,False,-1.0,0.0,2024-11-01,2024-07-01,1.0,1.0,56453.679740941276,0.0,620990.4771503541,75075.0,39366.63008829572,0.0
BR_2.6-3.1,xgb,0.95,1.6449,2,True,-1.0,0.0,2024-11-01,2024-07-01,1.0,1.0,91587.27226889857,0.0,1007459.9949578843,75075.0,59737.27226889858,0.0
BR_2.6-3.1,xgb,0.95,1.6449,5,True,-1.0,0.0,2024-11-01,2024-07-01,1.0,1.0,91587.27226889857,0.0,1007459.9949578843,75075.0,59737.27226889858,0.0
BR_2.6-3.1,xgb,0.95,1.6449,10,True,-1.0,0.0,2024-11-01,2024-07-01,1.0,1.0,91587.27226889857,0.0,1007459.9949578843,75075.0,59737.27226889858,0.0
BR_2.6-3.1,xgb,0.95,1.6449,20,True,-1.0,0.0,2024-11-01,2024-07-01,1.0,1.0,91587.27226889857,0.0,1007459.9949578843,75075.0,59737.27226889858,0.0
BR_2.6-3.1,xgb,0.95,1.6449,50,True,-1.0,0.0,2024-11-01,2024-07-01,1.0,1.0,91587.27226889857,0.0,1007459.9949578843,75075.0,59737.27226889858,0.0
BR_2.6-3.1,xgb,0.95,1.6449,10,False,-1.0,0.0,2024-11-01,2024-07-01,1.0,1.0,81389.1144711713,0.0,895280.2591828842,75075.0,55383.13634458964,0.0
BR_2.6-3.1,xgb,0.98,2.0537,2,True,-1.0,0.0,2024-11-01,2024-07-01,1.0,1.0,131201.96591211928,0.0,1443221.625033312,75075.0,99351.96591211928,0.0
BR_2.6-3.1,xgb,0.98,2.0537,5,True,-1.0,0.0,2024-11-01,2024-07-01,1.0,1.0,131201.96591211928,0.0,1443221.625033312,75075.0,99351.96591211928,0.0
BR_2.6-3.1,xgb,0.98,2.0537,10,True,-1.0,0.0,2024-11-01,2024-07-01,1.0,1.0,131201.96591211928,0.0,1443221.625033312,75075.0,99351.96591211928,0.0
BR_2.6-3.1,xgb,0.98,2.0537,20,True,-1.0,0.0,2024-11-01,2024-07-01,1.0,1.0,131201.96591211928,0.0,1443221.625033312,75075.0,99351.96591211928,0.0
BR_2.6-3.1,xgb,0.98,2.0537,50,True,-1.0,0.0,2024-11-01,2024-07-01,1.0,1.0,131201.96591211928,0.0,1443221.625033312,75075.0,99351.96591211928,0.0
BR_2.6-3.1,xgb,0.98,2.0537,10,False,-1.0,0.0,2024-11-01,2024-07-01,1.0,1.0,113336.46391535894,0.0,1246701.1030689483,75075.0,81486.46391535891,0.0
BR_3.1-3.6,arima,0.9,1.2816,2,True,-1.0,0.0,2024-11-01,2024-07-01,1.0,1.0,116590.87597065624,0.0,1282499.6356772187,25025.0,98390.87597065623,0.0
BR_3.1-3.6,arima,0.9,1.2816,5,True,-1.0,0.0,2024-11-01,2024-07-01,1.0,1.0,116590.87597065624,0.0,1282499.6356772187,25025.0,98390.87597065623,0.0
BR_3.1-3.6,arima,0.9,1.2816,10,True,-1.0,0.0,2024-11-01,2024-07-01,1.0,1.0,116590.87597065624,0.0,1282499.6356772187,25025.0,98390.87597065623,0.0
BR_3.1-3.6,arima,0.9,1.2816,20,True,-1.0,0.0,2024-11-01,2024-07-01,1.0,1.0,116590.87597065624,0.0,1282499.6356772187,25025.0,98390.87597065623,0.0
BR_3.1-3.6,arima,0.9,1.2816,50,True,-1.0,0.0,2024-11-01,2024-07-01,1.0,1.0,116590.87597065624,0.0,1282499.6356772187,25025.0,98390.87597065623,0.0
BR_3.1-3.6,arima,0.9,1.2816,10,False,-1.0,0.0,2024-11-01,2024-07-01,1.0,1.0,116590.87597065624,0.0,1282499.6356772187,25025.0,98390.87597065623,0.0
BR_3.1-3.6,arima,0.95,1.6449,2,True,-1.0,0.0,2024-11-01,2024-07-01,1.0,1.0,150244.660494039,0.0,1652691.265434429,25025.0,132044.66049403898,0.0
BR_3.1-3.6,arima,0.95,1.6449,5,True,-1.0,0.0,2024-11-01,2024-07-01,1.0,1.0,150244.660494039,0.0,1652691.265434429,25025.0,132044.66049403898,0.0
BR_3.1-3.6,arima,0.95,1.6449,10,True,-1.0,0.0,2024-11-01,2024-07-01,1.0,1.0,150244.660494039,0.0,1652691.265434429,25025.0,132044.66049403898,0.0
BR_3.1-3.6,arima,0.95,1.6449,20,True,-1.0,0.0,2024-11-01,2024-07-01,1.0,1.0,150244.660494039,0.0,1652691.265434429,25025.0,132044.66049403898,0.0
BR_3.1-3.6,arima,0.95,1.6449,50,True,-1.0,0.0,2024-11-01,2024-07-01,1.0,1.0,150244.660494039,0.0,1652691.265434429,25025.0,132044.66049403898,0.0
BR_3.1-3.6,arima,0.95,1.6449,10,False,-1.0,0.0,2024-11-01,2024-07-01,1.0,1.0,150244.660494039,0.0,1652691.265434429,25025.0,132044.66049403898,0.0
BR_3.1-3.6,arima,0.98,2.0537,2,True,-1.0,0.0,2024-11-01,2024-07-01,1.0,1.0,188113.27352227693,0.0,2069246.0087450463,25025.0,169913.27352227696,0.0
BR_3.1-3.6,arima,0.98,2.0537,5,True,-1.0,0.0,2024-11-01,2024-07-01,1.0,1.0,188113.27352227693,0.0,2069246.0087450463,25025.0,169913.27352227696,0.0
BR_3.1-3.6,arima,0.98,2.0537,10,True,-1.0,0.0,2024-11-01,2024-07-01,1.0,1.0,188113.27352227693,0.0,2069246.0087450463,25025.0,169913.27352227696,0.0
BR_3.1-3.6,arima,0.98,2.0537,20,True,-1.0,0.0,2024-11-01,2024-07-01,1.0,1.0,188113.27352227693,0.0,2069246.0087450463,25025.0,169913.27352227696,0.0
BR_3.1-3.6,arima,0.98,2.0537,50,True,-1.0,0.0,2024-11-01,2024-07-01,1.0,1.0,188113.27352227693,0.0,2069246.0087450463,25025.0,169913.27352227696,0.0
BR_3.1-3.6,arima,0.98,2.0537,10,False,-1.0,0.0,2024-11-01,2024-07-01,1.0,1.0,188113.27352227693,0.0,2069246.0087450463,25025.0,169913.27352227696,0.0
BR_3.1-3.6,croston,0.9,1.2816,2,True,-1.0,0.0,2024-11-01,2024-07-01,1.0,1.0,112989.34451666856,0.0,1242882.789683354,25025.0,97064.34451666859,0.0
BR_3.1-3.6,croston,0.9,1.2816,5,True,-1.0,0.0,2024-11-01,2024-07-01,1.0,1.0,112989.34451666856,0.0,1242882.789683354,25025.0,97064.34451666859,0.0
BR_3.1-3.6,croston,0.9,1.2816,10,True,-1.0,0.0,2024-11-01,2024-07-01,1.0,1.0,112989.34451666856,0.0,1242882.789683354,25025.0,97064.34451666859,0.0
BR_3.1-3.6,croston,0.9,1.2816,20,True,-1.0,0.0,2024-11-01,2024-07-01,1.0,1.0,112989.34451666856,0.0,1242882.789683354,25025.0,97064.34451666859,0.0
BR_3.1-3.6,croston,0.9,1.2816,50,True,-1.0,0.0,2024-11-01,2024-07-01,1.0,1.0,112989.34451666856,0.0,1242882.789683354,25025.0,97064.34451666859,0.0
BR_3.1-3.6,croston,0.9,1.2816,10,False,-1.0,0.0,2024-11-01,2024-07-01,1.0,1.0,104095.32599828903,0.0,1145048.5859811793,25025.0,89508.71765556904,0.0
BR_3.1-3.6,croston,0.95,1.6449,2,True,-1.0,0.0,2024-11-01,2024-07-01,1.0,1.0,129410.51424926375,0.0,1423515.6567419013,25025.0,113485.51424926374,0.0
BR_3.1-3.6,croston,0.95,1.6449,5,True,-1.0,0.0,2024-11-01,2024-07-01,1.0,1.0,129410.51424926375,0.0,1423515.6567419013,25025.0,113485.51424926374,0.0
BR_3.1-3.6,croston,0.95,1.6449,10,True,-1.0,0.0,2024-11-01,2024-07-01,1.0,1.0,129410.51424926375,0.0,1423515.6567419013,25025.0,113485.51424926374,0.0
BR_3.1-3.6,croston,0.95,1.6449,20,True,-1.0,0.0,2024-11-01,2024-07-01,1.0,1.0,129410.51424926375,0.0,1423515.6567419013,25025.0,113485.51424926374,0.0
BR_3.1-3.6,croston,0.95,1.6449,50,True,-1.0,0.0,2024-11-01,2024-07-01,1.0,1.0,129410.51424926375,0.0,1423515.6567419013,25025.0,113485.51424926374,0.0
BR_3.1-3.6,croston,0.95,1.6449,10,False,-1.0,0.0,2024-11-01,2024-07-01,1.0,1.0,121184.76027673009,0.0,1333032.363044031,25025.0,106587.10630047251,0.0
BR_3.1-3.6,croston,0.98,2.0537,2,True,-1.0,0.0,2024-11-01,2024-07-01,1.0,1.0,147888.2852007774,0.0,1626771.1372085514,25025.0,131963.28520077738,0.0
BR_3.1-3.6,croston,0.98,2.0537,5,True,-1.0,0.0,2024-11-01,2024-07-01,1.0,1.0,147888.2852007774,0.0,1626771.1372085514,25025.0,131963.28520077738,0.0
BR_3.1-3.6,croston,0.98,2.0537,10,True,-1.0,0.0,2024-11-01,2024-07-01,1.0,1.0,147888.2852007774,0.0,1626771.1372085514,25025.0,131963.28520077738,0.0
BR_3.1-3.6,croston,0.98,2.0537,20,True,-1.0,0.0,2024-11-01,2024-07-01,1.0,1.0,147888.2852007774,0.0,1626771.1372085514,25025.0,131963.28520077738,0.0
BR_3.1-3.6,croston,0.98,2.0537,50,True,-1.0,0.0,2024-11-01,2024-07-01,1.0,1.0,147888.2852007774,0.0,1626771.1372085514,25025.0,131963.28520077738,0.0
BR_3.1-3.6,croston,0.98,2.0537,10,False,-1.0,0.0,2024-11-01,2024-07-01,1.0,1.0,140414.4897923555,0.0,1544559.3877159106,25025.0,125804.4068180517,0.0
BR_3.1-3.6,hybrid,0.9,1.2816,2,True,-1.0,0.0,2024-11-01,2024-07-01,1.0,1.0,66986.80630330787,0.0,736854.8693363866,25025.0,66986.80630330787,0.0
BR_3.1-3.6,hybrid,0.9,1.2816,5,True,-1.0,0.0,2024-11-01,2024-07-01,1.0,1.0,66986.80630330787,0.0,736854.8693363866,25025.0,66986.80630330787,0.0
BR_3.1-3.6,hybrid,0.9,1.2816,10,True,-1.0,0.0,2024-11-01,2024-07-01,1.0,1.0,66986.80630330787,0.0,736854.8693363866,25025.0,66986.80630330787,0.0
BR_3.1-3.6,hybrid,0.9,1.2816,20,True,-1.0,0.0,2024-11-01,2024-07-01,1.0,1.0,66986.80630330787,0.0,736854.8693363866,25025.0,66986.80630330787,0.0
BR_3.1-3.6,hybrid,0.9,1.2816,50,True,-1.0,0.0,2024-11-01,2024-07-01,1.0,1.0,66986.80630330787,0.0,736854.8693363866,25025.0,66986.80630330787,0.0
BR_3.1-3.6,hybrid,0.9,1.2816,10,False,-1.0,0.0,2024-11-01,2024-07-01,1.0,1.0,62950.55700247193,0.0,692456.1270271912,25025.0,56441.6160696272,0.0
BR_3.1-3.6,hybrid,0.95,1.6449,2,True,-1.0,0.0,2024-11-01,2024-07-01,1.0,1.0,86370.10358136965,0.0,950071.1393950662,25025.0,86370.10358136967,0.0
BR_3.1-3.6,hybrid,0.95,1.6449,5,True,-1.0,0.0,2024-11-01,2024-07-01,1.0,1.0,86370.10358136965,0.0,950071.1393950662,25025.0,86370.10358136967,0.0
BR_3.1-3.6,hybrid,0.95,1.6449,10,True,-1.0,0.0,2024-11-01,2024-07-01,1.0,1.0,86370.10358136965,0.0,950071.1393950662,25025.0,86370.10358136967,0.0
BR_3.1-3.6,hybrid,0.95,1.6449,20,True,-1.0,0.0,2024-11-01,2024-07-01,1.0,1.0,86370.10358136965,0.0,950071.1393950662,25025.0,86370.10358136967,0.0
BR_3.1-3.6,hybrid,0.95,1.6449,50,True,-1.0,0.0,2024-11-01,2024-07-01,1.0,1.0,86370.10358136965,0.0,950071.1393950662,25025.0,86370.10358136967,0.0
BR_3.1-3.6,hybrid,0.95,1.6449,10,False,-1.0,0.0,2024-11-01,2024-07-01,1.0,1.0,72889.27540916935,0.0,801782.0295008628,25025.0,65263.15970921039,0.0
BR_3.1-3.6,hybrid,0.98,2.0537,2,True,-1.0,0.0,2024-11-01,2024-07-01,1.0,1.0,99080.9814433891,0.0,1089890.7958772802,25025.0,83155.98144338912,0.0
BR_3.1-3.6,hybrid,0.98,2.0537,5,True,-1.0,0.0,2024-11-01,2024-07-01,1.0,1.0,99080.9814433891,0.0,1089890.7958772802,25025.0,83155.98144338912,0.0
BR_3.1-3.6,hybrid,0.98,2.0537,10,True,-1.0,0.0,2024-11-01,2024-07-01,1.0,1.0,99080.9814433891,0.0,1089890.7958772802,25025.0,83155.98144338912,0.0
BR_3.1-3.6,hybrid,0.98,2.0537,20,True,-1.0,0.0,2024-11-01,2024-07-01,1.0,1.0,99080.9814433891,0.0,1089890.7958772802,25025.0,83155.98144338912,0.0
BR_3.1-3.6,hybrid,0.98,2.0537,50,True,-1.0,0.0,2024-11-01,2024-07-01,1.0,1.0,99080.9814433891,0.0,1089890.7958772802,25025.0,83155.98144338912,0.0
BR_3.1-3.6,hybrid,0.98,2.0537,10,False,-1.0,0.0,2024-11-01,2024-07-01,1.0,1.0,84072.72733501003,0.0,924800.0006851103,25025.0,75189.52095298034,0.0
BR_3.1-3.6,mitra,0.9,1.2816,2,True,-1.0,0.0,2024-11-01,2024-07-01,1.0,1.0,58452.04490957736,0.0,642972.494005351,25025.0,44802.044909577366,0.0
BR_3.1-3.6,mitra,0.9,1.2816,5,True,-1.0,0.0,2024-11-01,2024-07-01,1.0,1.0,58452.04490957736,0.0,642972.494005351,25025.0,44802.044909577366,0.0
BR_3.1-3.6,mitra,0.9,1.2816,10,True,-1.0,0.0,2024-11-01,2024-07-01,1.0,1.0,58452.04490957736,0.0,642972.494005351,25025.0,44802.044909577366,0.0
BR_3.1-3.6,mitra,0.9,1.2816,20,True,-1.0,0.0,2024-11-01,2024-07-01,1.0,1.0,58452.04490957736,0.0,642972.494005351,25025.0,44802.044909577366,0.0
BR_3.1-3.6,mitra,0.9,1.2816,50,True,-1.0,0.0,2024-11-01,2024-07-01,1.0,1.0,58452.04490957736,0.0,642972.494005351,25025.0,44802.044909577366,0.0
BR_3.1-3.6,mitra,0.9,1.2816,10,False,-1.0,0.0,2024-11-01,2024-07-01,1.0,1.0,50108.78784126748,0.0,551196.6662539423,25025.0,35624.4621344365,0.0
BR_3.1-3.6,mitra,0.95,1.6449,2,True,-1.0,0.0,2024-11-01,2024-07-01,1.0,1.0,69378.76720253107,0.0,763166.4392278418,25025.0,55728.76720253106,0.0
BR_3.1-3.6,mitra,0.95,1.6449,5,True,-1.0,0.0,2024-11-01,2024-07-01,1.0,1.0,69378.76720253107,0.0,763166.4392278418,25025.0,55728.76720253106,0.0
BR_3.1-3.6,mitra,0.95,1.6449,10,True,-1.0,0.0,2024-11-01,2024-07-01,1.0,1.0,69378.76720253107,0.0,763166.4392278418,25025.0,55728.76720253106,0.0
BR_3.1-3.6,mitra,0.95,1.6449,20,True,-1.0,0.0,2024-11-01,2024-07-01,1.0,1.0,69378.76720253107,0.0,763166.4392278418,25025.0,55728.76720253106,0.0
BR_3.1-3.6,mitra,0.95,1.6449,50,True,-1.0,0.0,2024-11-01,2024-07-01,1.0,1.0,69378.76720253107,0.0,763166.4392278418,25025.0,55728.76720253106,0.0
BR_3.1-3.6,mitra,0.95,1.6449,10,False,-1.0,0.0,2024-11-01,2024-07-01,1.0,1.0,60282.67263194513,0.0,663109.3989513965,25025.0,45723.06317488654,0.0
BR_3.1-3.6,mitra,0.98,2.0537,2,True,-1.0,0.0,2024-11-01,2024-07-01,1.0,1.0,81673.96145895681,0.0,898413.5760485248,25025.0,68023.9614589568,0.0
BR_3.1-3.6,mitra,0.98,2.0537,5,True,-1.0,0.0,2024-11-01,2024-07-01,1.0,1.0,81673.96145895681,0.0,898413.5760485248,25025.0,68023.9614589568,0.0
BR_3.1-3.6,mitra,0.98,2.0537,10,True,-1.0,0.0,2024-11-01,2024-07-01,1.0,1.0,81673.96145895681,0.0,898413.5760485248,25025.0,68023.9614589568,0.0
BR_3.1-3.6,mitra,0.98,2.0537,20,True,-1.0,0.0,2024-11-01,2024-07-01,1.0,1.0,81673.96145895681,0.0,898413.5760485248,25025.0,68023.9614589568,0.0
BR_3.1-3.6,mitra,0.98,2.0537,50,True,-1.0,0.0,2024-11-01,2024-07-01,1.0,1.0,81673.96145895681,0.0,898413.5760485248,25025.0,68023.9614589568,0.0
BR_3.1-3.6,mitra,0.98,2.0537,10,False,-1.0,0.0,2024-11-01,2024-07-01,1.0,1.0,71730.74337906604,0.0,789038.1771697265,25025.0,57086.421571076964,0.0
BR_3.1-3.6,naive,0.9,1.2816,2,True,-1.0,0.0,2024-11-01,2024-07-01,1.0,1.0,124551.8557638896,0.0,1370070.4134027855,25025.0,106351.85576388959,0.0
BR_3.1-3.6,naive,0.9,1.2816,5,True,-1.0,0.0,2024-11-01,2024-07-01,1.0,1.0,124551.8557638896,0.0,1370070.4134027855,25025.0,106351.85576388959,0.0
BR_3.1-3.6,naive,0.9,1.2816,10,True,-1.0,0.0,2024-11-01,2024-07-01,1.0,1.0,124551.8557638896,0.0,1370070.4134027855,25025.0,106351.85576388959,0.0
BR_3.1-3.6,naive,0.9,1.2816,20,True,-1.0,0.0,2024-11-01,2024-07-01,1.0,1.0,124551.8557638896,0.0,1370070.4134027855,25025.0,106351.85576388959,0.0
BR_3.1-3.6,naive,0.9,1.2816,50,True,-1.0,0.0,2024-11-01,2024-07-01,1.0,1.0,124551.8557638896,0.0,1370070.4134027855,25025.0,106351.85576388959,0.0
BR_3.1-3.6,naive,0.9,1.2816,10,False,-1.0,0.0,2024-11-01,2024-07-01,1.0,1.0,124551.8557638896,0.0,1370070.4134027855,25025.0,106351.85576388959,0.0
BR_3.1-3.6,naive,0.95,1.6449,2,True,-1.0,0.0,2024-11-01,2024-07-01,1.0,1.0,175981.61286362514,0.0,1935797.7414998766,25025.0,157781.61286362514,0.0
BR_3.1-3.6,naive,0.95,1.6449,5,True,-1.0,0.0,2024-11-01,2024-07-01,1.0,1.0,175981.61286362514,0.0,1935797.7414998766,25025.0,157781.61286362514,0.0
BR_3.1-3.6,naive,0.95,1.6449,10,True,-1.0,0.0,2024-11-01,2024-07-01,1.0,1.0,175981.61286362514,0.0,1935797.7414998766,25025.0,157781.61286362514,0.0
BR_3.1-3.6,naive,0.95,1.6449,20,True,-1.0,0.0,2024-11-01,2024-07-01,1.0,1.0,175981.61286362514,0.0,1935797.7414998766,25025.0,157781.61286362514,0.0
BR_3.1-3.6,naive,0.95,1.6449,50,True,-1.0,0.0,2024-11-01,2024-07-01,1.0,1.0,175981.61286362514,0.0,1935797.7414998766,25025.0,157781.61286362514,0.0
BR_3.1-3.6,naive,0.95,1.6449,10,False,-1.0,0.0,2024-11-01,2024-07-01,1.0,1.0,175981.61286362514,0.0,1935797.7414998766,25025.0,157781.61286362514,0.0
BR_3.1-3.6,naive,0.98,2.0537,2,True,-1.0,0.0,2024-11-01,2024-07-01,1.0,1.0,233852.47634386702,0.0,2572377.2397825373,25025.0,215652.47634386708,0.0
BR_3.1-3.6,naive,0.98,2.0537,5,True,-1.0,0.0,2024-11-01,2024-07-01,1.0,1.0,233852.47634386702,0.0,2572377.2397825373,25025.0,215652.47634386708,0.0
BR_3.1-3.6,naive,0.98,2.0537,10,True,-1.0,0.0,2024-11-01,2024-07-01,1.0,1.0,233852.47634386702,0.0,2572377.2397825373,25025.0,215652.47634386708,0.0
BR_3.1-3.6,naive,0.98,2.0537,20,True,-1.0,0.0,2024-11-01,2024-07-01,1.0,1.0,233852.47634386702,0.0,2572377.2397825373,25025.0,215652.47634386708,0.0
BR_3.1-3.6,naive,0.98,2.0537,50,True,-1.0,0.0,2024-11-01,2024-07-01,1.0,1.0,233852.47634386702,0.0,2572377.2397825373,25025.0,215652.47634386708,0.0
BR_3.1-3.6,naive,0.98,2.0537,10,False,-1.0,0.0,2024-11-01,2024-07-01,1.0,1.0,233852.47634386702,0.0,2572377.2397825373,25025.0,215652.47634386708,0.0
BR_3.1-3.6,rf,0.9,1.2816,2,True,-1.0,0.0,2024-11-01,2024-07-01,1.0,1.0,134998.2631852217,0.0,1484980.8950374387,25025.0,119073.2631852217,0.0
BR_3.1-3.6,rf,0.9,1.2816,5,True,-1.0,0.0,2024-11-01,2024-07-01,1.0,1.0,134998.2631852217,0.0,1484980.8950374387,25025.0,119073.2631852217,0.0
BR_3.1-3.6,rf,0.9,1.2816,10,True,-1.0,0.0,2024-11-01,2024-07-01,1.0,1.0,134998.2631852217,0.0,1484980.8950374387,25025.0,119073.2631852217,0.0
BR_3.1-3.6,rf,0.9,1.2816,20,True,-1.0,0.0,2024-11-01,2024-07-01,1.0,1.0,134998.2631852217,0.0,1484980.8950374387,25025.0,119073.2631852217,0.0
BR_3.1-3.6,rf,0.9,1.2816,50,True,-1.0,0.0,2024-11-01,2024-07-01,1.0,1.0,134998.2631852217,0.0,1484980.8950374387,25025.0,119073.2631852217,0.0
BR_3.1-3.6,rf,0.9,1.2816,10,False,-1.0,0.0,2024-11-01,2024-07-01,1.0,1.0,116572.94761803007,0.0,1282302.4237983308,25025.0,104543.91165989269,0.0
BR_3.1-3.6,rf,0.95,1.6449,2,True,-1.0,0.0,2024-11-01,2024-07-01,1.0,1.0,142953.39419582646,0.0,1572487.336154091,25025.0,140678.39419582643,0.0
BR_3.1-3.6,rf,0.95,1.6449,5,True,-1.0,0.0,2024-11-01,2024-07-01,1.0,1.0,142953.39419582646,0.0,1572487.336154091,25025.0,140678.39419582643,0.0
BR_3.1-3.6,rf,0.95,1.6449,10,True,-1.0,0.0,2024-11-01,2024-07-01,1.0,1.0,142953.39419582646,0.0,1572487.336154091,25025.0,140678.39419582643,0.0
BR_3.1-3.6,rf,0.95,1.6449,20,True,-1.0,0.0,2024-11-01,2024-07-01,1.0,1.0,142953.39419582646,0.0,1572487.336154091,25025.0,140678.39419582643,0.0
BR_3.1-3.6,rf,0.95,1.6449,50,True,-1.0,0.0,2024-11-01,2024-07-01,1.0,1.0,142953.39419582646,0.0,1572487.336154091,25025.0,140678.39419582643,0.0
BR_3.1-3.6,rf,0.95,1.6449,10,False,-1.0,0.0,2024-11-01,2024-07-01,1.0,1.0,131947.5256023631,0.0,1451422.7816259942,25025.0,123879.661688013,0.0
BR_3.1-3.6,rf,0.98,2.0537,2,True,-1.0,0.0,2024-11-01,2024-07-01,1.0,1.0,167264.37013068804,0.0,1839908.0714375684,25025.0,164989.37013068807,0.0
BR_3.1-3.6,rf,0.98,2.0537,5,True,-1.0,0.0,2024-11-01,2024-07-01,1.0,1.0,167264.37013068804,0.0,1839908.0714375684,25025.0,164989.37013068807,0.0
BR_3.1-3.6,rf,0.98,2.0537,10,True,-1.0,0.0,2024-11-01,2024-07-01,1.0,1.0,167264.37013068804,0.0,1839908.0714375684,25025.0,164989.37013068807,0.0
BR_3.1-3.6,rf,0.98,2.0537,20,True,-1.0,0.0,2024-11-01,2024-07-01,1.0,1.0,167264.37013068804,0.0,1839908.0714375684,25025.0,164989.37013068807,0.0
BR_3.1-3.6,rf,0.98,2.0537,50,True,-1.0,0.0,2024-11-01,2024-07-01,1.0,1.0,167264.37013068804,0.0,1839908.0714375684,25025.0,164989.37013068807,0.0
BR_3.1-3.6,rf,0.98,2.0537,10,False,-1.0,0.0,2024-11-01,2024-07-01,1.0,1.0,149381.85566903322,0.0,1643200.4123593653,25025.0,145637.0374421985,0.0
BR_3.1-3.6,sba,0.9,1.2816,2,True,-1.0,0.0,2024-11-01,2024-07-01,1.0,1.0,105897.15965507264,0.0,1164868.756205799,25025.0,89972.15965507264,0.0
BR_3.1-3.6,sba,0.9,1.2816,5,True,-1.0,0.0,2024-11-01,2024-07-01,1.0,1.0,105897.15965507264,0.0,1164868.756205799,25025.0,89972.15965507264,0.0
BR_3.1-3.6,sba,0.9,1.2816,10,True,-1.0,0.0,2024-11-01,2024-07-01,1.0,1.0,105897.15965507264,0.0,1164868.756205799,25025.0,89972.15965507264,0.0
BR_3.1-3.6,sba,0.9,1.2816,20,True,-1.0,0.0,2024-11-01,2024-07-01,1.0,1.0,105897.15965507264,0.0,1164868.756205799,25025.0,89972.15965507264,0.0
BR_3.1-3.6,sba,0.9,1.2816,50,True,-1.0,0.0,2024-11-01,2024-07-01,1.0,1.0,105897.15965507264,0.0,1164868.756205799,25025.0,89972.15965507264,0.0
BR_3.1-3.6,sba,0.9,1.2816,10,False,-1.0,0.0,2024-11-01,2024-07-01,1.0,1.0,97705.85550329987,0.0,1074764.4105362985,25025.0,83183.32514436747,0.0
BR_3.1-3.6,sba,0.95,1.6449,2,True,-1.0,0.0,2024-11-01,2024-07-01,1.0,1.0,121217.27884651831,0.0,1333390.0673117014,25025.0,105292.27884651828,0.0
BR_3.1-3.6,sba,0.95,1.6449,5,True,-1.0,0.0,2024-11-01,2024-07-01,1.0,1.0,121217.27884651831,0.0,1333390.0673117014,25025.0,105292.27884651828,0.0
BR_3.1-3.6,sba,0.95,1.6449,10,True,-1.0,0.0,2024-11-01,2024-07-01,1.0,1.0,121217.27884651831,0.0,1333390.0673117014,25025.0,105292.27884651828,0.0
BR_3.1-3.6,sba,0.95,1.6449,20,True,-1.0,0.0,2024-11-01,2024-07-01,1.0,1.0,121217.27884651831,0.0,1333390.0673117014,25025.0,105292.27884651828,0.0
BR_3.1-3.6,sba,0.95,1.6449,50,True,-1.0,0.0,2024-11-01,2024-07-01,1.0,1.0,121217.27884651831,0.0,1333390.0673117014,25025.0,105292.27884651828,0.0
BR_3.1-3.6,sba,0.95,1.6449,10,False,-1.0,0.0,2024-11-01,2024-07-01,1.0,1.0,113766.21120212706,0.0,1251428.3232233976,25025.0,99238.07672429626,0.0
BR_3.1-3.6,sba,0.98,2.0537,2,True,-1.0,0.0,2024-11-01,2024-07-01,1.0,1.0,138456.10275365555,0.0,1523017.1302902112,25025.0,122531.10275365558,0.0
BR_3.1-3.6,sba,0.98,2.0537,5,True,-1.0,0.0,2024-11-01,2024-07-01,1.0,1.0,138456.10275365555,0.0,1523017.1302902112,25025.0,122531.10275365558,0.0
BR_3.1-3.6,sba,0.98,2.0537,10,True,-1.0,0.0,2024-11-01,2024-07-01,1.0,1.0,138456.10275365555,0.0,1523017.1302902112,25025.0,122531.10275365558,0.0
BR_3.1-3.6,sba,0.98,2.0537,20,True,-1.0,0.0,2024-11-01,2024-07-01,1.0,1.0,138456.10275365555,0.0,1523017.1302902112,25025.0,122531.10275365558,0.0
BR_3.1-3.6,sba,0.98,2.0537,50,True,-1.0,0.0,2024-11-01,2024-07-01,1.0,1.0,138456.10275365555,0.0,1523017.1302902112,25025.0,122531.10275365558,0.0
BR_3.1-3.6,sba,0.98,2.0537,10,False,-1.0,0.0,2024-11-01,2024-07-01,1.0,1.0,131837.97946439125,0.0,1450217.7741083037,25025.0,117303.53900306008,0.0
BR_3.1-3.6,ses,0.9,1.2816,2,True,-1.0,0.0,2024-11-01,2024-07-01,1.0,1.0,107132.41703613079,0.0,1178456.5873974387,25025.0,88932.41703613079,0.0
BR_3.1-3.6,ses,0.9,1.2816,5,True,-1.0,0.0,2024-11-01,2024-07-01,1.0,1.0,107132.41703613079,0.0,1178456.5873974387,25025.0,88932.41703613079,0.0
BR_3.1-3.6,ses,0.9,1.2816,10,True,-1.0,0.0,2024-11-01,2024-07-01,1.0,1.0,107132.41703613079,0.0,1178456.5873974387,25025.0,88932.41703613079,0.0
BR_3.1-3.6,ses,0.9,1.2816,20,True,-1.0,0.0,2024-11-01,2024-07-01,1.0,1.0,107132.41703613079,0.0,1178456.5873974387,25025.0,88932.41703613079,0.0
BR_3.1-3.6,ses,0.9,1.2816,50,True,-1.0,0.0,2024-11-01,2024-07-01,1.0,1.0,107132.41703613079,0.0,1178456.5873974387,25025.0,88932.41703613079,0.0
BR_3.1-3.6,ses,0.9,1.2816,10,False,-1.0,0.0,2024-11-01,2024-07-01,1.0,1.0,107132.41703613079,0.0,1178456.5873974387,25025.0,88932.41703613079,0.0
BR_3.1-3.6,ses,0.95,1.6449,2,True,-1.0,0.0,2024-11-01,2024-07-01,1.0,1.0,141181.15841937132,0.0,1552992.7426130844,25025.0,122981.15841937129,0.0
BR_3.1-3.6,ses,0.95,1.6449,5,True,-1.0,0.0,2024-11-01,2024-07-01,1.0,1.0,141181.15841937132,0.0,1552992.7426130844,25025.0,122981.15841937129,0.0
BR_3.1-3.6,ses,0.95,1.6449,10,True,-1.0,0.0,2024-11-01,2024-07-01,1.0,1.0,141181.15841937132,0.0,1552992.7426130844,25025.0,122981.15841937129,0.0
BR_3.1-3.6,ses,0.95,1.6449,20,True,-1.0,0.0,2024-11-01,2024-07-01,1.0,1.0,141181.15841937132,0.0,1552992.7426130844,25025.0,122981.15841937129,0.0
BR_3.1-3.6,ses,0.95,1.6449,50,True,-1.0,0.0,2024-11-01,2024-07-01,1.0,1.0,141181.15841937132,0.0,1552992.7426130844,25025.0,122981.15841937129,0.0
BR_3.1-3.6,ses,0.95,1.6449,10,False,-1.0,0.0,2024-11-01,2024-07-01,1.0,1.0,141181.15841937132,0.0,1552992.7426130844,25025.0,122981.15841937129,0.0
BR_3.1-3.6,ses,0.98,2.0537,2,True,-1.0,0.0,2024-11-01,2024-07-01,1.0,1.0,179494.19303943383,0.0,1974436.1234337722,25025.0,161294.19303943386,0.0
BR_3.1-3.6,ses,0.98,2.0537,5,True,-1.0,0.0,2024-11-01,2024-07-01,1.0,1.0,179494.19303943383,0.0,1974436.1234337722,25025.0,161294.19303943386,0.0
BR_3.1-3.6,ses,0.98,2.0537,10,True,-1.0,0.0,2024-11-01,2024-07-01,1.0,1.0,179494.19303943383,0.0,1974436.1234337722,25025.0,161294.19303943386,0.0
BR_3.1-3.6,ses,0.98,2.0537,20,True,-1.0,0.0,2024-11-01,2024-07-01,1.0,1.0,179494.19303943383,0.0,1974436.1234337722,25025.0,161294.19303943386,0.0
BR_3.1-3.6,ses,0.98,2.0537,50,True,-1.0,0.0,2024-11-01,2024-07-01,1.0,1.0,179494.19303943383,0.0,1974436.1234337722,25025.0,161294.19303943386,0.0
BR_3.1-3.6,ses,0.98,2.0537,10,False,-1.0,0.0,2024-11-01,2024-07-01,1.0,1.0,179494.19303943383,0.0,1974436.1234337722,25025.0,161294.19303943386,0.0
BR_3.1-3.6,tsb,0.9,1.2816,2,True,-1.0,0.0,2024-11-01,2024-07-01,1.0,1.0,116368.45667940495,0.0,1280053.0234734544,25025.0,100443.45667940495,0.0
BR_3.1-3.6,tsb,0.9,1.2816,5,True,-1.0,0.0,2024-11-01,2024-07-01,1.0,1.0,116368.45667940495,0.0,1280053.0234734544,25025.0,100443.45667940495,0.0
BR_3.1-3.6,tsb,0.9,1.2816,10,True,-1.0,0.0,2024-11-01,2024-07-01,1.0,1.0,116368.45667940495,0.0,1280053.0234734544,25025.0,100443.45667940495,0.0
BR_3.1-3.6,tsb,0.9,1.2816,20,True,-1.0,0.0,2024-11-01,2024-07-01,1.0,1.0,116368.45667940495,0.0,1280053.0234734544,25025.0,100443.45667940495,0.0
BR_3.1-3.6,tsb,0.9,1.2816,50,True,-1.0,0.0,2024-11-01,2024-07-01,1.0,1.0,116368.45667940495,0.0,1280053.0234734544,25025.0,100443.45667940495,0.0
BR_3.1-3.6,tsb,0.9,1.2816,10,False,-1.0,0.0,2024-11-01,2024-07-01,1.0,1.0,103184.17669161726,0.0,1135025.94360779,25025.0,85940.7486928385,0.0
BR_3.1-3.6,tsb,0.95,1.6449,2,True,-1.0,0.0,2024-11-01,2024-07-01,1.0,1.0,138409.89539133923,0.0,1522508.8493047317,25025.0,122484.89539133926,0.0
BR_3.1-3.6,tsb,0.95,1.6449,5,True,-1.0,0.0,2024-11-01,2024-07-01,1.0,1.0,138409.89539133923,0.0,1522508.8493047317,25025.0,122484.89539133926,0.0
BR_3.1-3.6,tsb,0.95,1.6449,10,True,-1.0,0.0,2024-11-01,2024-07-01,1.0,1.0,138409.89539133923,0.0,1522508.8493047317,25025.0,122484.89539133926,0.0
BR_3.1-3.6,tsb,0.95,1.6449,20,True,-1.0,0.0,2024-11-01,2024-07-01,1.0,1.0,138409.89539133923,0.0,1522508.8493047317,25025.0,122484.89539133926,0.0
BR_3.1-3.6,tsb,0.95,1.6449,50,True,-1.0,0.0,2024-11-01,2024-07-01,1.0,1.0,138409.89539133923,0.0,1522508.8493047317,25025.0,122484.89539133926,0.0
BR_3.1-3.6,tsb,0.95,1.6449,10,False,-1.0,0.0,2024-11-01,2024-07-01,1.0,1.0,122137.19329563138,0.0,1343509.1262519453,25025.0,104584.92308606056,0.0
BR_3.1-3.6,tsb,0.98,2.0537,2,True,-1.0,0.0,2024-11-01,2024-07-01,1.0,1.0,163211.82257393977,0.0,1795330.0483133374,25025.0,147286.82257393975,0.0
BR_3.1-3.6,tsb,0.98,2.0537,5,True,-1.0,0.0,2024-11-01,2024-07-01,1.0,1.0,163211.82257393977,0.0,1795330.0483133374,25025.0,147286.82257393975,0.0
BR_3.1-3.6,tsb,0.98,2.0537,10,True,-1.0,0.0,2024-11-01,2024-07-01,1.0,1.0,163211.82257393977,0.0,1795330.0483133374,25025.0,147286.82257393975,0.0
BR_3.1-3.6,tsb,0.98,2.0537,20,True,-1.0,0.0,2024-11-01,2024-07-01,1.0,1.0,163211.82257393977,0.0,1795330.0483133374,25025.0,147286.82257393975,0.0
BR_3.1-3.6,tsb,0.98,2.0537,50,True,-1.0,0.0,2024-11-01,2024-07-01,1.0,1.0,163211.82257393977,0.0,1795330.0483133374,25025.0,147286.82257393975,0.0
BR_3.1-3.6,tsb,0.98,2.0537,10,False,-1.0,0.0,2024-11-01,2024-07-01,1.0,1.0,143463.90176720018,0.0,1578102.919439202,25025.0,125564.10968652621,0.0
BR_3.1-3.6,xgb,0.9,1.2816,2,True,-1.0,0.0,2024-11-01,2024-07-01,1.0,1.0,44689.1104525673,0.0,491580.2149782403,25025.0,31039.110452567307,0.0
BR_3.1-3.6,xgb,0.9,1.2816,5,True,-1.0,0.0,2024-11-01,2024-07-01,1.0,1.0,44689.1104525673,0.0,491580.2149782403,25025.0,31039.110452567307,0.0
BR_3.1-3.6,xgb,0.9,1.2816,10,True,-1.0,0.0,2024-11-01,2024-07-01,1.0,1.0,44689.1104525673,0.0,491580.2149782403,25025.0,31039.110452567307,0.0
BR_3.1-3.6,xgb,0.9,1.2816,20,True,-1.0,0.0,2024-11-01,2024-07-01,1.0,1.0,44689.1104525673,0.0,491580.2149782403,25025.0,31039.110452567307,0.0
BR_3.1-3.6,xgb,0.9,1.2816,50,True,-1.0,0.0,2024-11-01,2024-07-01,1.0,1.0,44689.1104525673,0.0,491580.2149782403,25025.0,31039.110452567307,0.0
BR_3.1-3.6,xgb,0.9,1.2816,10,False,-1.0,0.0,2024-11-01,2024-07-01,1.0,1.0,34631.03717120877,0.0,380941.40888329654,25025.0,19975.229843072913,0.0
BR_3.1-3.6,xgb,0.95,1.6449,2,True,-1.0,0.0,2024-11-01,2024-07-01,1.0,1.0,60578.46733600913,0.0,666363.1406961004,25025.0,46928.467336009126,0.0
BR_3.1-3.6,xgb,0.95,1.6449,5,True,-1.0,0.0,2024-11-01,2024-07-01,1.0,1.0,60578.46733600913,0.0,666363.1406961004,25025.0,46928.467336009126,0.0
BR_3.1-3.6,xgb,0.95,1.6449,10,True,-1.0,0.0,2024-11-01,2024-07-01,1.0,1.0,60578.46733600913,0.0,666363.1406961004,25025.0,46928.467336009126,0.0
BR_3.1-3.6,xgb,0.95,1.6449,20,True,-1.0,0.0,2024-11-01,2024-07-01,1.0,1.0,60578.46733600913,0.0,666363.1406961004,25025.0,46928.467336009126,0.0
BR_3.1-3.6,xgb,0.95,1.6449,50,True,-1.0,0.0,2024-11-01,2024-07-01,1.0,1.0,60578.46733600913,0.0,666363.1406961004,25025.0,46928.467336009126,0.0
BR_3.1-3.6,xgb,0.95,1.6449,10,False,-1.0,0.0,2024-11-01,2024-07-01,1.0,1.0,47266.256161504745,0.0,519928.8177765522,25025.0,32285.035044054304,0.0
BR_3.1-3.6,xgb,0.98,2.0537,2,True,-1.0,0.0,2024-11-01,2024-07-01,1.0,1.0,78457.82074627894,0.0,863036.0282090683,25025.0,64807.82074627893,0.0
BR_3.1-3.6,xgb,0.98,2.0537,5,True,-1.0,0.0,2024-11-01,2024-07-01,1.0,1.0,78457.82074627894,0.0,863036.0282090683,25025.0,64807.82074627893,0.0
BR_3.1-3.6,xgb,0.98,2.0537,10,True,-1.0,0.0,2024-11-01,2024-07-01,1.0,1.0,78457.82074627894,0.0,863036.0282090683,25025.0,64807.82074627893,0.0
BR_3.1-3.6,xgb,0.98,2.0537,20,True,-1.0,0.0,2024-11-01,2024-07-01,1.0,1.0,78457.82074627894,0.0,863036.0282090683,25025.0,64807.82074627893,0.0
BR_3.1-3.6,xgb,0.98,2.0537,50,True,-1.0,0.0,2024-11-01,2024-07-01,1.0,1.0,78457.82074627894,0.0,863036.0282090683,25025.0,64807.82074627893,0.0
BR_3.1-3.6,xgb,0.98,2.0537,10,False,-1.0,0.0,2024-11-01,2024-07-01,1.0,1.0,61483.920690084415,0.0,676323.1275909286,25025.0,46136.530684464975,0.0
BR_3.5,arima,0.9,1.2816,2,True,-1.0,0.0,2024-11-01,2024-07-01,1.0,1.0,51512.11050648021,0.0,566633.2155712823,75075.0,53787.11050648021,0.0
BR_3.5,arima,0.9,1.2816,5,True,-1.0,0.0,2024-11-01,2024-07-01,1.0,1.0,51512.11050648021,0.0,566633.2155712823,75075.0,53787.11050648021,0.0
BR_3.5,arima,0.9,1.2816,10,True,-1.0,0.0,2024-11-01,2024-07-01,1.0,1.0,51512.11050648021,0.0,566633.2155712823,75075.0,53787.11050648021,0.0
BR_3.5,arima,0.9,1.2816,20,True,-1.0,0.0,2024-11-01,2024-07-01,1.0,1.0,51512.11050648021,0.0,566633.2155712823,75075.0,53787.11050648021,0.0
BR_3.5,arima,0.9,1.2816,50,True,-1.0,0.0,2024-11-01,2024-07-01,1.0,1.0,51512.11050648021,0.0,566633.2155712823,75075.0,53787.11050648021,0.0
BR_3.5,arima,0.9,1.2816,10,False,-1.0,0.0,2024-11-01,2024-07-01,1.0,1.0,37309.5610746195,0.0,410405.1718208145,75075.0,30542.56322227729,0.0
BR_3.5,arima,0.95,1.6449,2,True,-1.0,0.0,2024-11-01,2024-07-01,1.0,1.0,58368.5419541975,0.0,642053.9614961725,75075.0,60643.5419541975,0.0
BR_3.5,arima,0.95,1.6449,5,True,-1.0,0.0,2024-11-01,2024-07-01,1.0,1.0,58368.5419541975,0.0,642053.9614961725,75075.0,60643.5419541975,0.0
BR_3.5,arima,0.95,1.6449,10,True,-1.0,0.0,2024-11-01,2024-07-01,1.0,1.0,58368.5419541975,0.0,642053.9614961725,75075.0,60643.5419541975,0.0
BR_3.5,arima,0.95,1.6449,20,True,-1.0,0.0,2024-11-01,2024-07-01,1.0,1.0,58368.5419541975,0.0,642053.9614961725,75075.0,60643.5419541975,0.0
BR_3.5,arima,0.95,1.6449,50,True,-1.0,0.0,2024-11-01,2024-07-01,1.0,1.0,58368.5419541975,0.0,642053.9614961725,75075.0,60643.5419541975,0.0
BR_3.5,arima,0.95,1.6449,10,False,-1.0,0.0,2024-11-01,2024-07-01,1.0,1.0,45474.5467084435,0.0,500220.0137928785,75075.0,38317.292249935854,0.0
BR_3.5,arima,0.98,2.0537,2,True,-1.0,0.0,2024-11-01,2024-07-01,1.0,1.0,66083.67868920114,0.0,726920.4655812125,75075.0,68358.67868920114,0.0
BR_3.5,arima,0.98,2.0537,5,True,-1.0,0.0,2024-11-01,2024-07-01,1.0,1.0,66083.67868920114,0.0,726920.4655812125,75075.0,68358.67868920114,0.0
BR_3.5,arima,0.98,2.0537,10,True,-1.0,0.0,2024-11-01,2024-07-01,1.0,1.0,66083.67868920114,0.0,726920.4655812125,75075.0,68358.67868920114,0.0
BR_3.5,arima,0.98,2.0537,20,True,-1.0,0.0,2024-11-01,2024-07-01,1.0,1.0,66083.67868920114,0.0,726920.4655812125,75075.0,68358.67868920114,0.0
BR_3.5,arima,0.98,2.0537,50,True,-1.0,0.0,2024-11-01,2024-07-01,1.0,1.0,66083.67868920114,0.0,726920.4655812125,75075.0,68358.67868920114,0.0
BR_3.5,arima,0.98,2.0537,10,False,-1.0,0.0,2024-11-01,2024-07-01,1.0,1.0,55105.15088807398,0.0,606156.6597688138,75075.0,47065.73493231082,0.0
BR_3.5,croston,0.9,1.2816,2,True,-1.0,0.0,2024-11-01,2024-07-01,1.0,1.0,38191.886473690254,0.0,420110.7512105928,75075.0,33641.88647369025,0.0
BR_3.5,croston,0.9,1.2816,5,True,-1.0,0.0,2024-11-01,2024-07-01,1.0,1.0,38191.886473690254,0.0,420110.7512105928,75075.0,33641.88647369025,0.0
BR_3.5,croston,0.9,1.2816,10,True,-1.0,0.0,2024-11-01,2024-07-01,1.0,1.0,38191.886473690254,0.0,420110.7512105928,75075.0,33641.88647369025,0.0
BR_3.5,croston,0.9,1.2816,20,True,-1.0,0.0,2024-11-01,2024-07-01,1.0,1.0,38191.886473690254,0.0,420110.7512105928,75075.0,33641.88647369025,0.0
BR_3.5,croston,0.9,1.2816,50,True,-1.0,0.0,2024-11-01,2024-07-01,1.0,1.0,38191.886473690254,0.0,420110.7512105928,75075.0,33641.88647369025,0.0
BR_3.5,croston,0.9,1.2816,10,False,-1.0,0.0,2024-11-01,2024-07-01,1.0,1.0,28961.352835688213,0.0,318574.8811925703,75075.0,26445.491479737582,0.0
BR_3.5,croston,0.95,1.6449,2,True,-1.0,0.0,2024-11-01,2024-07-01,1.0,1.0,45534.14976845519,0.0,500875.64745300706,75075.0,40984.14976845519,0.0
BR_3.5,croston,0.95,1.6449,5,True,-1.0,0.0,2024-11-01,2024-07-01,1.0,1.0,45534.14976845519,0.0,500875.64745300706,75075.0,40984.14976845519,0.0
BR_3.5,croston,0.95,1.6449,10,True,-1.0,0.0,2024-11-01,2024-07-01,1.0,1.0,45534.14976845519,0.0,500875.64745300706,75075.0,40984.14976845519,0.0
BR_3.5,croston,0.95,1.6449,20,True,-1.0,0.0,2024-11-01,2024-07-01,1.0,1.0,45534.14976845519,0.0,500875.64745300706,75075.0,40984.14976845519,0.0
BR_3.5,croston,0.95,1.6449,50,True,-1.0,0.0,2024-11-01,2024-07-01,1.0,1.0,45534.14976845519,0.0,500875.64745300706,75075.0,40984.14976845519,0.0
BR_3.5,croston,0.95,1.6449,10,False,-1.0,0.0,2024-11-01,2024-07-01,1.0,1.0,36119.88597002183,0.0,397318.74567024014,75075.0,32173.183776432343,0.0
BR_3.5,croston,0.98,2.0537,2,True,-1.0,0.0,2024-11-01,2024-07-01,1.0,1.0,53795.964342911306,0.0,591755.6077720243,75075.0,49245.964342911306,0.0
BR_3.5,croston,0.98,2.0537,5,True,-1.0,0.0,2024-11-01,2024-07-01,1.0,1.0,53795.964342911306,0.0,591755.6077720243,75075.0,49245.964342911306,0.0
BR_3.5,croston,0.98,2.0537,10,True,-1.0,0.0,2024-11-01,2024-07-01,1.0,1.0,53795.964342911306,0.0,591755.6077720243,75075.0,49245.964342911306,0.0
BR_3.5,croston,0.98,2.0537,20,True,-1.0,0.0,2024-11-01,2024-07-01,1.0,1.0,53795.964342911306,0.0,591755.6077720243,75075.0,49245.964342911306,0.0
BR_3.5,croston,0.98,2.0537,50,True,-1.0,0.0,2024-11-01,2024-07-01,1.0,1.0,53795.964342911306,0.0,591755.6077720243,75075.0,49245.964342911306,0.0
BR_3.5,croston,0.98,2.0537,10,False,-1.0,0.0,2024-11-01,2024-07-01,1.0,1.0,44174.959862990676,0.0,485924.5584928974,75075.0,38618.21711221218,0.0
BR_3.5,hybrid,0.9,1.2816,2,True,-1.0,0.0,2024-11-01,2024-07-01,1.0,1.0,44007.31585476077,0.0,484080.4744023685,75075.0,71307.31585476077,0.0
BR_3.5,hybrid,0.9,1.2816,5,True,-1.0,0.0,2024-11-01,2024-07-01,1.0,1.0,44007.31585476077,0.0,484080.4744023685,75075.0,71307.31585476077,0.0
BR_3.5,hybrid,0.9,1.2816,10,True,-1.0,0.0,2024-11-01,2024-07-01,1.0,1.0,44007.31585476077,0.0,484080.4744023685,75075.0,71307.31585476077,0.0
BR_3.5,hybrid,0.9,1.2816,20,True,-1.0,0.0,2024-11-01,2024-07-01,1.0,1.0,44007.31585476077,0.0,484080.4744023685,75075.0,71307.31585476077,0.0
BR_3.5,hybrid,0.9,1.2816,50,True,-1.0,0.0,2024-11-01,2024-07-01,1.0,1.0,44007.31585476077,0.0,484080.4744023685,75075.0,71307.31585476077,0.0
BR_3.5,hybrid,0.9,1.2816,10,False,-1.0,0.0,2024-11-01,2024-07-01,1.0,1.0,29949.245998329363,0.0,329441.705981623,75075.0,49624.00511702469,0.0
BR_3.5,hybrid,0.95,1.6449,2,True,-1.0,0.0,2024-11-01,2024-07-01,1.0,1.0,51015.2429801685,0.0,561167.6727818535,75075.0,57840.24298016849,0.0
BR_3.5,hybrid,0.95,1.6449,5,True,-1.0,0.0,2024-11-01,2024-07-01,1.0,1.0,51015.2429801685,0.0,561167.6727818535,75075.0,57840.24298016849,0.0
BR_3.5,hybrid,0.95,1.6449,10,True,-1.0,0.0,2024-11-01,2024-07-01,1.0,1.0,51015.2429801685,0.0,561167.6727818535,75075.0,57840.24298016849,0.0
BR_3.5,hybrid,0.95,1.6449,20,True,-1.0,0.0,2024-11-01,2024-07-01,1.0,1.0,51015.2429801685,0.0,561167.6727818535,75075.0,57840.24298016849,0.0
BR_3.5,hybrid,0.95,1.6449,50,True,-1.0,0.0,2024-11-01,2024-07-01,1.0,1.0,51015.2429801685,0.0,561167.6727818535,75075.0,57840.24298016849,0.0
BR_3.5,hybrid,0.95,1.6449,10,False,-1.0,0.0,2024-11-01,2024-07-01,1.0,1.0,38998.12400809859,0.0,428979.36408908444,75075.0,55833.928242602604,0.0
BR_3.5,hybrid,0.98,2.0537,2,True,-1.0,0.0,2024-11-01,2024-07-01,1.0,1.0,64020.69469739029,0.0,704227.6416712932,75075.0,70845.69469739028,0.0
BR_3.5,hybrid,0.98,2.0537,5,True,-1.0,0.0,2024-11-01,2024-07-01,1.0,1.0,64020.69469739029,0.0,704227.6416712932,75075.0,70845.69469739028,0.0
BR_3.5,hybrid,0.98,2.0537,10,True,-1.0,0.0,2024-11-01,2024-07-01,1.0,1.0,64020.69469739029,0.0,704227.6416712932,75075.0,70845.69469739028,0.0
BR_3.5,hybrid,0.98,2.0537,20,True,-1.0,0.0,2024-11-01,2024-07-01,1.0,1.0,64020.69469739029,0.0,704227.6416712932,75075.0,70845.69469739028,0.0
BR_3.5,hybrid,0.98,2.0537,50,True,-1.0,0.0,2024-11-01,2024-07-01,1.0,1.0,64020.69469739029,0.0,704227.6416712932,75075.0,70845.69469739028,0.0
BR_3.5,hybrid,0.98,2.0537,10,False,-1.0,0.0,2024-11-01,2024-07-01,1.0,1.0,49319.41032368741,0.0,542513.5135605615,75075.0,62821.58740510262,0.0
BR_3.5,mitra,0.9,1.2816,2,True,-1.0,0.0,2024-11-01,2024-07-01,1.0,1.0,43807.703333333346,0.0,481884.7366666668,75075.0,46082.70333333334,0.0
BR_3.5,mitra,0.9,1.2816,5,True,-1.0,0.0,2024-11-01,2024-07-01,1.0,1.0,43807.703333333346,0.0,481884.7366666668,75075.0,46082.70333333334,0.0
BR_3.5,mitra,0.9,1.2816,10,True,-1.0,0.0,2024-11-01,2024-07-01,1.0,1.0,43807.703333333346,0.0,481884.7366666668,75075.0,46082.70333333334,0.0
BR_3.5,mitra,0.9,1.2816,20,True,-1.0,0.0,2024-11-01,2024-07-01,1.0,1.0,43807.703333333346,0.0,481884.7366666668,75075.0,46082.70333333334,0.0
BR_3.5,mitra,0.9,1.2816,50,True,-1.0,0.0,2024-11-01,2024-07-01,1.0,1.0,43807.703333333346,0.0,481884.7366666668,75075.0,46082.70333333334,0.0
BR_3.5,mitra,0.9,1.2816,10,False,-1.0,0.0,2024-11-01,2024-07-01,1.0,1.0,27563.09969153565,0.0,303194.0966068922,75075.0,23775.293987395737,0.0
BR_3.5,mitra,0.95,1.6449,2,True,-1.0,0.0,2024-11-01,2024-07-01,1.0,1.0,52141.65395833333,0.0,573558.1935416666,75075.0,54416.653958333336,0.0
BR_3.5,mitra,0.95,1.6449,5,True,-1.0,0.0,2024-11-01,2024-07-01,1.0,1.0,52141.65395833333,0.0,573558.1935416666,75075.0,54416.653958333336,0.0
BR_3.5,mitra,0.95,1.6449,10,True,-1.0,0.0,2024-11-01,2024-07-01,1.0,1.0,52141.65395833333,0.0,573558.1935416666,75075.0,54416.653958333336,0.0
BR_3.5,mitra,0.95,1.6449,20,True,-1.0,0.0,2024-11-01,2024-07-01,1.0,1.0,52141.65395833333,0.0,573558.1935416666,75075.0,54416.653958333336,0.0
BR_3.5,mitra,0.95,1.6449,50,True,-1.0,0.0,2024-11-01,2024-07-01,1.0,1.0,52141.65395833333,0.0,573558.1935416666,75075.0,54416.653958333336,0.0
BR_3.5,mitra,0.95,1.6449,10,False,-1.0,0.0,2024-11-01,2024-07-01,1.0,1.0,35591.48344460596,0.0,391506.31789066555,75075.0,31697.28841281777,0.0
BR_3.5,mitra,0.98,2.0537,2,True,-1.0,0.0,2024-11-01,2024-07-01,1.0,1.0,61519.35562500001,0.0,676712.9118750001,75075.0,63794.35562500001,0.0
BR_3.5,mitra,0.98,2.0537,5,True,-1.0,0.0,2024-11-01,2024-07-01,1.0,1.0,61519.35562500001,0.0,676712.9118750001,75075.0,63794.35562500001,0.0
BR_3.5,mitra,0.98,2.0537,10,True,-1.0,0.0,2024-11-01,2024-07-01,1.0,1.0,61519.35562500001,0.0,676712.9118750001,75075.0,63794.35562500001,0.0
BR_3.5,mitra,0.98,2.0537,20,True,-1.0,0.0,2024-11-01,2024-07-01,1.0,1.0,61519.35562500001,0.0,676712.9118750001,75075.0,63794.35562500001,0.0
BR_3.5,mitra,0.98,2.0537,50,True,-1.0,0.0,2024-11-01,2024-07-01,1.0,1.0,61519.35562500001,0.0,676712.9118750001,75075.0,63794.35562500001,0.0
BR_3.5,mitra,0.98,2.0537,10,False,-1.0,0.0,2024-11-01,2024-07-01,1.0,1.0,44625.34878524768,0.0,490878.83663772454,75075.0,40611.440136221354,0.0
BR_3.5,naive,0.9,1.2816,2,True,-1.0,0.0,2024-11-01,2024-07-01,1.0,1.0,258890.17604494104,0.0,2847791.9364943514,75075.0,217940.17604494106,0.0
BR_3.5,naive,0.9,1.2816,5,True,-1.0,0.0,2024-11-01,2024-07-01,1.0,1.0,258890.17604494104,0.0,2847791.9364943514,75075.0,217940.17604494106,0.0
BR_3.5,naive,0.9,1.2816,10,True,-1.0,0.0,2024-11-01,2024-07-01,1.0,1.0,258890.17604494104,0.0,2847791.9364943514,75075.0,217940.17604494106,0.0
BR_3.5,naive,0.9,1.2816,20,True,-1.0,0.0,2024-11-01,2024-07-01,1.0,1.0,258890.17604494104,0.0,2847791.9364943514,75075.0,217940.17604494106,0.0
BR_3.5,naive,0.9,1.2816,50,True,-1.0,0.0,2024-11-01,2024-07-01,1.0,1.0,258890.17604494104,0.0,2847791.9364943514,75075.0,217940.17604494106,0.0
BR_3.5,naive,0.9,1.2816,10,False,-1.0,0.0,2024-11-01,2024-07-01,1.0,1.0,258890.17604494104,0.0,2847791.9364943514,75075.0,217940.17604494106,0.0
BR_3.5,naive,0.95,1.6449,2,True,-1.0,0.0,2024-11-01,2024-07-01,1.0,1.0,285200.8450970065,0.0,3137209.296067071,75075.0,244250.84509700653,0.0
BR_3.5,naive,0.95,1.6449,5,True,-1.0,0.0,2024-11-01,2024-07-01,1.0,1.0,285200.8450970065,0.0,3137209.296067071,75075.0,244250.84509700653,0.0
BR_3.5,naive,0.95,1.6449,10,True,-1.0,0.0,2024-11-01,2024-07-01,1.0,1.0,285200.8450970065,0.0,3137209.296067071,75075.0,244250.84509700653,0.0
BR_3.5,naive,0.95,1.6449,20,True,-1.0,0.0,2024-11-01,2024-07-01,1.0,1.0,285200.8450970065,0.0,3137209.296067071,75075.0,244250.84509700653,0.0
BR_3.5,naive,0.95,1.6449,50,True,-1.0,0.0,2024-11-01,2024-07-01,1.0,1.0,285200.8450970065,0.0,3137209.296067071,75075.0,244250.84509700653,0.0
BR_3.5,naive,0.95,1.6449,10,False,-1.0,0.0,2024-11-01,2024-07-01,1.0,1.0,285200.8450970065,0.0,3137209.296067071,75075.0,244250.84509700653,0.0
BR_3.5,naive,0.98,2.0537,2,True,-1.0,0.0,2024-11-01,2024-07-01,1.0,1.0,314806.68464692216,0.0,3462873.531116144,75075.0,273856.68464692216,0.0
BR_3.5,naive,0.98,2.0537,5,True,-1.0,0.0,2024-11-01,2024-07-01,1.0,1.0,314806.68464692216,0.0,3462873.531116144,75075.0,273856.68464692216,0.0
BR_3.5,naive,0.98,2.0537,10,True,-1.0,0.0,2024-11-01,2024-07-01,1.0,1.0,314806.68464692216,0.0,3462873.531116144,75075.0,273856.68464692216,0.0
BR_3.5,naive,0.98,2.0537,20,True,-1.0,0.0,2024-11-01,2024-07-01,1.0,1.0,314806.68464692216,0.0,3462873.531116144,75075.0,273856.68464692216,0.0
BR_3.5,naive,0.98,2.0537,50,True,-1.0,0.0,2024-11-01,2024-07-01,1.0,1.0,314806.68464692216,0.0,3462873.531116144,75075.0,273856.68464692216,0.0
BR_3.5,naive,0.98,2.0537,10,False,-1.0,0.0,2024-11-01,2024-07-01,1.0,1.0,314806.68464692216,0.0,3462873.531116144,75075.0,273856.68464692216,0.0
BR_3.5,rf,0.9,1.2816,2,True,-1.0,0.0,2024-11-01,2024-07-01,1.0,1.0,82876.88495871854,0.0,911645.734545904,75075.0,98801.88495871854,0.0
BR_3.5,rf,0.9,1.2816,5,True,-1.0,0.0,2024-11-01,2024-07-01,1.0,1.0,82876.88495871854,0.0,911645.734545904,75075.0,98801.88495871854,0.0
BR_3.5,rf,0.9,1.2816,10,True,-1.0,0.0,2024-11-01,2024-07-01,1.0,1.0,82876.88495871854,0.0,911645.734545904,75075.0,98801.88495871854,0.0
BR_3.5,rf,0.9,1.2816,20,True,-1.0,0.0,2024-11-01,2024-07-01,1.0,1.0,82876.88495871854,0.0,911645.734545904,75075.0,98801.88495871854,0.0
BR_3.5,rf,0.9,1.2816,50,True,-1.0,0.0,2024-11-01,2024-07-01,1.0,1.0,82876.88495871854,0.0,911645.734545904,75075.0,98801.88495871854,0.0
BR_3.5,rf,0.9,1.2816,10,False,-1.0,0.0,2024-11-01,2024-07-01,1.0,1.0,71202.93069264434,0.0,783232.2376190878,75075.0,73850.94254910563,0.0
BR_3.5,rf,0.95,1.6449,2,True,-1.0,0.0,2024-11-01,2024-07-01,1.0,1.0,105322.1367108272,0.0,1158543.5038190992,75075.0,107597.13671082718,0.0
BR_3.5,rf,0.95,1.6449,5,True,-1.0,0.0,2024-11-01,2024-07-01,1.0,1.0,105322.1367108272,0.0,1158543.5038190992,75075.0,107597.13671082718,0.0
BR_3.5,rf,0.95,1.6449,10,True,-1.0,0.0,2024-11-01,2024-07-01,1.0,1.0,105322.1367108272,0.0,1158543.5038190992,75075.0,107597.13671082718,0.0
BR_3.5,rf,0.95,1.6449,20,True,-1.0,0.0,2024-11-01,2024-07-01,1.0,1.0,105322.1367108272,0.0,1158543.5038190992,75075.0,107597.13671082718,0.0
BR_3.5,rf,0.95,1.6449,50,True,-1.0,0.0,2024-11-01,2024-07-01,1.0,1.0,105322.1367108272,0.0,1158543.5038190992,75075.0,107597.13671082718,0.0
BR_3.5,rf,0.95,1.6449,10,False,-1.0,0.0,2024-11-01,2024-07-01,1.0,1.0,84533.16337239229,0.0,929864.7970963151,75075.0,87897.63615560537,0.0
BR_3.5,rf,0.98,2.0537,2,True,-1.0,0.0,2024-11-01,2024-07-01,1.0,1.0,115218.91324884539,0.0,1267408.0457372994,75075.0,117493.9132488454,0.0
BR_3.5,rf,0.98,2.0537,5,True,-1.0,0.0,2024-11-01,2024-07-01,1.0,1.0,115218.91324884539,0.0,1267408.0457372994,75075.0,117493.9132488454,0.0
BR_3.5,rf,0.98,2.0537,10,True,-1.0,0.0,2024-11-01,2024-07-01,1.0,1.0,115218.91324884539,0.0,1267408.0457372994,75075.0,117493.9132488454,0.0
BR_3.5,rf,0.98,2.0537,20,True,-1.0,0.0,2024-11-01,2024-07-01,1.0,1.0,115218.91324884539,0.0,1267408.0457372994,75075.0,117493.9132488454,0.0
BR_3.5,rf,0.98,2.0537,50,True,-1.0,0.0,2024-11-01,2024-07-01,1.0,1.0,115218.91324884539,0.0,1267408.0457372994,75075.0,117493.9132488454,0.0
BR_3.5,rf,0.98,2.0537,10,False,-1.0,0.0,2024-11-01,2024-07-01,1.0,1.0,99532.88569411253,0.0,1094861.7426352378,75075.0,103703.54957794807,0.0
BR_3.5,sba,0.9,1.2816,2,True,-1.0,0.0,2024-11-01,2024-07-01,1.0,1.0,37322.666467687646,0.0,410549.33114456414,75075.0,32772.66646768765,0.0
BR_3.5,sba,0.9,1.2816,5,True,-1.0,0.0,2024-11-01,2024-07-01,1.0,1.0,37322.666467687646,0.0,410549.33114456414,75075.0,32772.66646768765,0.0
BR_3.5,sba,0.9,1.2816,10,True,-1.0,0.0,2024-11-01,2024-07-01,1.0,1.0,37322.666467687646,0.0,410549.33114456414,75075.0,32772.66646768765,0.0
BR_3.5,sba,0.9,1.2816,20,True,-1.0,0.0,2024-11-01,2024-07-01,1.0,1.0,37322.666467687646,0.0,410549.33114456414,75075.0,32772.66646768765,0.0
BR_3.5,sba,0.9,1.2816,50,True,-1.0,0.0,2024-11-01,2024-07-01,1.0,1.0,37322.666467687646,0.0,410549.33114456414,75075.0,32772.66646768765,0.0
BR_3.5,sba,0.9,1.2816,10,False,-1.0,0.0,2024-11-01,2024-07-01,1.0,1.0,27043.27884584853,0.0,297476.06730433385,75075.0,23735.816805649563,0.0
BR_3.5,sba,0.95,1.6449,2,True,-1.0,0.0,2024-11-01,2024-07-01,1.0,1.0,44882.941726158366,0.0,493712.358987742,75075.0,40332.94172615836,0.0
BR_3.5,sba,0.95,1.6449,5,True,-1.0,0.0,2024-11-01,2024-07-01,1.0,1.0,44882.941726158366,0.0,493712.358987742,75075.0,40332.94172615836,0.0
BR_3.5,sba,0.95,1.6449,10,True,-1.0,0.0,2024-11-01,2024-07-01,1.0,1.0,44882.941726158366,0.0,493712.358987742,75075.0,40332.94172615836,0.0
BR_3.5,sba,0.95,1.6449,20,True,-1.0,0.0,2024-11-01,2024-07-01,1.0,1.0,44882.941726158366,0.0,493712.358987742,75075.0,40332.94172615836,0.0
BR_3.5,sba,0.95,1.6449,50,True,-1.0,0.0,2024-11-01,2024-07-01,1.0,1.0,44882.941726158366,0.0,493712.358987742,75075.0,40332.94172615836,0.0
BR_3.5,sba,0.95,1.6449,10,False,-1.0,0.0,2024-11-01,2024-07-01,1.0,1.0,34097.59255953875,0.0,375073.51815492625,75075.0,29138.529503609185,0.0
BR_3.5,sba,0.98,2.0537,2,True,-1.0,0.0,2024-11-01,2024-07-01,1.0,1.0,53390.072267481846,0.0,587290.7949423003,75075.0,48840.07226748185,0.0
BR_3.5,sba,0.98,2.0537,5,True,-1.0,0.0,2024-11-01,2024-07-01,1.0,1.0,53390.072267481846,0.0,587290.7949423003,75075.0,48840.07226748185,0.0
BR_3.5,sba,0.98,2.0537,10,True,-1.0,0.0,2024-11-01,2024-07-01,1.0,1.0,53390.072267481846,0.0,587290.7949423003,75075.0,48840.07226748185,0.0
BR_3.5,sba,0.98,2.0537,20,True,-1.0,0.0,2024-11-01,2024-07-01,1.0,1.0,53390.072267481846,0.0,587290.7949423003,75075.0,48840.07226748185,0.0
BR_3.5,sba,0.98,2.0537,50,True,-1.0,0.0,2024-11-01,2024-07-01,1.0,1.0,53390.072267481846,0.0,587290.7949423003,75075.0,48840.07226748185,0.0
BR_3.5,sba,0.98,2.0537,10,False,-1.0,0.0,2024-11-01,2024-07-01,1.0,1.0,42035.39450326725,0.0,462389.33953593974,75075.0,35217.88252019574,0.0
BR_3.5,ses,0.9,1.2816,2,True,-1.0,0.0,2024-11-01,2024-07-01,1.0,1.0,49700.62835654698,0.0,546706.9119220168,75075.0,51975.62835654698,0.0
BR_3.5,ses,0.9,1.2816,5,True,-1.0,0.0,2024-11-01,2024-07-01,1.0,1.0,49700.62835654698,0.0,546706.9119220168,75075.0,51975.62835654698,0.0
BR_3.5,ses,0.9,1.2816,10,True,-1.0,0.0,2024-11-01,2024-07-01,1.0,1.0,49700.62835654698,0.0,546706.9119220168,75075.0,51975.62835654698,0.0
BR_3.5,ses,0.9,1.2816,20,True,-1.0,0.0,2024-11-01,2024-07-01,1.0,1.0,49700.62835654698,0.0,546706.9119220168,75075.0,51975.62835654698,0.0
BR_3.5,ses,0.9,1.2816,50,True,-1.0,0.0,2024-11-01,2024-07-01,1.0,1.0,49700.62835654698,0.0,546706.9119220168,75075.0,51975.62835654698,0.0
BR_3.5,ses,0.9,1.2816,10,False,-1.0,0.0,2024-11-01,2024-07-01,1.0,1.0,36401.36029115317,0.0,400414.9632026849,75075.0,32493.348583971194,0.0
BR_3.5,ses,0.95,1.6449,2,True,-1.0,0.0,2024-11-01,2024-07-01,1.0,1.0,57433.92446158696,0.0,631773.1690774566,75075.0,59708.924461586954,0.0
BR_3.5,ses,0.95,1.6449,5,True,-1.0,0.0,2024-11-01,2024-07-01,1.0,1.0,57433.92446158696,0.0,631773.1690774566,75075.0,59708.924461586954,0.0
BR_3.5,ses,0.95,1.6449,10,True,-1.0,0.0,2024-11-01,2024-07-01,1.0,1.0,57433.92446158696,0.0,631773.1690774566,75075.0,59708.924461586954,0.0
BR_3.5,ses,0.95,1.6449,20,True,-1.0,0.0,2024-11-01,2024-07-01,1.0,1.0,57433.92446158696,0.0,631773.1690774566,75075.0,59708.924461586954,0.0
BR_3.5,ses,0.95,1.6449,50,True,-1.0,0.0,2024-11-01,2024-07-01,1.0,1.0,57433.92446158696,0.0,631773.1690774566,75075.0,59708.924461586954,0.0
BR_3.5,ses,0.95,1.6449,10,False,-1.0,0.0,2024-11-01,2024-07-01,1.0,1.0,44591.28631814691,0.0,490504.14949961595,75075.0,39225.241175718824,0.0
BR_3.5,ses,0.98,2.0537,2,True,-1.0,0.0,2024-11-01,2024-07-01,1.0,1.0,72960.74512698839,0.0,802568.1963968723,75075.0,68410.74512698839,0.0
BR_3.5,ses,0.98,2.0537,5,True,-1.0,0.0,2024-11-01,2024-07-01,1.0,1.0,72960.74512698839,0.0,802568.1963968723,75075.0,68410.74512698839,0.0
BR_3.5,ses,0.98,2.0537,10,True,-1.0,0.0,2024-11-01,2024-07-01,1.0,1.0,72960.74512698839,0.0,802568.1963968723,75075.0,68410.74512698839,0.0
BR_3.5,ses,0.98,2.0537,20,True,-1.0,0.0,2024-11-01,2024-07-01,1.0,1.0,72960.74512698839,0.0,802568.1963968723,75075.0,68410.74512698839,0.0
BR_3.5,ses,0.98,2.0537,50,True,-1.0,0.0,2024-11-01,2024-07-01,1.0,1.0,72960.74512698839,0.0,802568.1963968723,75075.0,68410.74512698839,0.0
BR_3.5,ses,0.98,2.0537,10,False,-1.0,0.0,2024-11-01,2024-07-01,1.0,1.0,53806.92562405122,0.0,591876.1818645634,75075.0,46800.2417028491,0.0
BR_3.5,tsb,0.9,1.2816,2,True,-1.0,0.0,2024-11-01,2024-07-01,1.0,1.0,47733.894870093434,0.0,525072.8435710277,75075.0,43183.89487009343,0.0
BR_3.5,tsb,0.9,1.2816,5,True,-1.0,0.0,2024-11-01,2024-07-01,1.0,1.0,47733.894870093434,0.0,525072.8435710277,75075.0,43183.89487009343,0.0
BR_3.5,tsb,0.9,1.2816,10,True,-1.0,0.0,2024-11-01,2024-07-01,1.0,1.0,47733.894870093434,0.0,525072.8435710277,75075.0,43183.89487009343,0.0
BR_3.5,tsb,0.9,1.2816,20,True,-1.0,0.0,2024-11-01,2024-07-01,1.0,1.0,47733.894870093434,0.0,525072.8435710277,75075.0,43183.89487009343,0.0
BR_3.5,tsb,0.9,1.2816,50,True,-1.0,0.0,2024-11-01,2024-07-01,1.0,1.0,47733.894870093434,0.0,525072.8435710277,75075.0,43183.89487009343,0.0
BR_3.5,tsb,0.9,1.2816,10,False,-1.0,0.0,2024-11-01,2024-07-01,1.0,1.0,34734.373803434806,0.0,382078.1118377829,75075.0,37138.912831590016,0.0
BR_3.5,tsb,0.95,1.6449,2,True,-1.0,0.0,2024-11-01,2024-07-01,1.0,1.0,55467.1909751334,0.0,610139.1007264674,75075.0,50917.1909751334,0.0
BR_3.5,tsb,0.95,1.6449,5,True,-1.0,0.0,2024-11-01,2024-07-01,1.0,1.0,55467.1909751334,0.0,610139.1007264674,75075.0,50917.1909751334,0.0
BR_3.5,tsb,0.95,1.6449,10,True,-1.0,0.0,2024-11-01,2024-07-01,1.0,1.0,55467.1909751334,0.0,610139.1007264674,75075.0,50917.1909751334,0.0
BR_3.5,tsb,0.95,1.6449,20,True,-1.0,0.0,2024-11-01,2024-07-01,1.0,1.0,55467.1909751334,0.0,610139.1007264674,75075.0,50917.1909751334,0.0
BR_3.5,tsb,0.95,1.6449,50,True,-1.0,0.0,2024-11-01,2024-07-01,1.0,1.0,55467.1909751334,0.0,610139.1007264674,75075.0,50917.1909751334,0.0
BR_3.5,tsb,0.95,1.6449,10,False,-1.0,0.0,2024-11-01,2024-07-01,1.0,1.0,42468.23259487609,0.0,467150.55854363705,75075.0,43560.07192803461,0.0
BR_3.5,tsb,0.98,2.0537,2,True,-1.0,0.0,2024-11-01,2024-07-01,1.0,1.0,64169.011640534845,0.0,705859.1280458833,75075.0,59619.01164053484,0.0
BR_3.5,tsb,0.98,2.0537,5,True,-1.0,0.0,2024-11-01,2024-07-01,1.0,1.0,64169.011640534845,0.0,705859.1280458833,75075.0,59619.01164053484,0.0
BR_3.5,tsb,0.98,2.0537,10,True,-1.0,0.0,2024-11-01,2024-07-01,1.0,1.0,64169.011640534845,0.0,705859.1280458833,75075.0,59619.01164053484,0.0
BR_3.5,tsb,0.98,2.0537,20,True,-1.0,0.0,2024-11-01,2024-07-01,1.0,1.0,64169.011640534845,0.0,705859.1280458833,75075.0,59619.01164053484,0.0
BR_3.5,tsb,0.98,2.0537,50,True,-1.0,0.0,2024-11-01,2024-07-01,1.0,1.0,64169.011640534845,0.0,705859.1280458833,75075.0,59619.01164053484,0.0
BR_3.5,tsb,0.98,2.0537,10,False,-1.0,0.0,2024-11-01,2024-07-01,1.0,1.0,51170.686418000776,0.0,562877.5505980086,75075.0,50785.42243347515,0.0
BR_3.5,xgb,0.9,1.2816,2,True,-1.0,0.0,2024-11-01,2024-07-01,1.0,1.0,31458.999391430312,0.0,346048.9933057334,75075.0,26908.99939143032,0.0
BR_3.5,xgb,0.9,1.2816,5,True,-1.0,0.0,2024-11-01,2024-07-01,1.0,1.0,31458.999391430312,0.0,346048.9933057334,75075.0,26908.99939143032,0.0
BR_3.5,xgb,0.9,1.2816,10,True,-1.0,0.0,2024-11-01,2024-07-01,1.0,1.0,31458.999391430312,0.0,346048.9933057334,75075.0,26908.99939143032,0.0
BR_3.5,xgb,0.9,1.2816,20,True,-1.0,0.0,2024-11-01,2024-07-01,1.0,1.0,31458.999391430312,0.0,346048.9933057334,75075.0,26908.99939143032,0.0
BR_3.5,xgb,0.9,1.2816,50,True,-1.0,0.0,2024-11-01,2024-07-01,1.0,1.0,31458.999391430312,0.0,346048.9933057334,75075.0,26908.99939143032,0.0
BR_3.5,xgb,0.9,1.2816,10,False,-1.0,0.0,2024-11-01,2024-07-01,0.9955830684339417,0.75,19534.35084585178,60.291115876693354,221509.88205080584,75075.0,9873.244656311224,0.0
BR_3.5,xgb,0.95,1.6449,2,True,-1.0,0.0,2024-11-01,2024-07-01,1.0,1.0,41620.38920967827,0.0,457824.28130646097,75075.0,41620.389209678266,0.0
BR_3.5,xgb,0.95,1.6449,5,True,-1.0,0.0,2024-11-01,2024-07-01,1.0,1.0,41620.38920967827,0.0,457824.28130646097,75075.0,41620.389209678266,0.0
BR_3.5,xgb,0.95,1.6449,10,True,-1.0,0.0,2024-11-01,2024-07-01,1.0,1.0,41620.38920967827,0.0,457824.28130646097,75075.0,41620.389209678266,0.0
BR_3.5,xgb,0.95,1.6449,20,True,-1.0,0.0,2024-11-01,2024-07-01,1.0,1.0,41620.38920967827,0.0,457824.28130646097,75075.0,41620.389209678266,0.0
BR_3.5,xgb,0.95,1.6449,50,True,-1.0,0.0,2024-11-01,2024-07-01,1.0,1.0,41620.38920967827,0.0,457824.28130646097,75075.0,41620.389209678266,0.0
BR_3.5,xgb,0.95,1.6449,10,False,-1.0,0.0,2024-11-01,2024-07-01,1.0,1.0,32173.019515299922,0.0,353903.21466829913,75075.0,18993.851722537038,0.0
BR_3.5,xgb,0.98,2.0537,2,True,-1.0,0.0,2024-11-01,2024-07-01,1.0,1.0,53624.24596084745,0.0,589866.705569322,75075.0,33149.245960847446,0.0
BR_3.5,xgb,0.98,2.0537,5,True,-1.0,0.0,2024-11-01,2024-07-01,1.0,1.0,53624.24596084745,0.0,589866.705569322,75075.0,33149.245960847446,0.0
BR_3.5,xgb,0.98,2.0537,10,True,-1.0,0.0,2024-11-01,2024-07-01,1.0,1.0,53624.24596084745,0.0,589866.705569322,75075.0,33149.245960847446,0.0
BR_3.5,xgb,0.98,2.0537,20,True,-1.0,0.0,2024-11-01,2024-07-01,1.0,1.0,53624.24596084745,0.0,589866.705569322,75075.0,33149.245960847446,0.0
BR_3.5,xgb,0.98,2.0537,50,True,-1.0,0.0,2024-11-01,2024-07-01,1.0,1.0,53624.24596084745,0.0,589866.705569322,75075.0,33149.245960847446,0.0
BR_3.5,xgb,0.98,2.0537,10,False,-1.0,0.0,2024-11-01,2024-07-01,1.0,1.0,47478.19298280668,0.0,522260.12281087344,75075.0,29256.731350043534,0.0
ST_A3.50in,arima,0.9,1.2816,2,True,-1.0,0.0,2024-11-01,2024-07-01,0.7945346794740172,0.5,2050.130097838919,335.29212240131443,29927.857769057027,13200.0,943.9288845285137,0.0
ST_A3.50in,arima,0.9,1.2816,5,True,-1.0,0.0,2024-11-01,2024-07-01,0.7945346794740172,0.5,2050.130097838919,335.29212240131443,40992.4978083004,13200.0,943.9288845285137,0.0
ST_A3.50in,arima,0.9,1.2816,10,True,-1.0,0.0,2024-11-01,2024-07-01,0.7945346794740172,0.5,2050.130097838919,335.29212240131443,59433.564540372696,13200.0,943.9288845285137,0.0
ST_A3.50in,arima,0.9,1.2816,20,True,-1.0,0.0,2024-11-01,2024-07-01,0.7945346794740172,0.5,2050.130097838919,335.29212240131443,96315.69800451728,13200.0,943.9288845285137,0.0
ST_A3.50in,arima,0.9,1.2816,50,True,-1.0,0.0,2024-11-01,2024-07-01,0.7945346794740172,0.5,2050.130097838919,335.29212240131443,206962.09839695104,13200.0,943.9288845285137,0.0
ST_A3.50in,arima,0.9,1.2816,10,False,-1.0,0.0,2024-11-01,2024-07-01,0.7932991329819338,0.5,2044.6698663684392,338.04583225519013,59676.41007812374,13200.0,927.5267184012282,0.0
ST_A3.50in,arima,0.95,1.6449,2,True,-1.0,0.0,2024-11-01,2024-07-01,0.9331106817131767,0.5,2749.8403631323386,89.49168200719114,32217.06099861393,13200.0,1918.5304993069658,0.0
ST_A3.50in,arima,0.95,1.6449,5,True,-1.0,0.0,2024-11-01,2024-07-01,0.9331106817131767,0.5,2749.8403631323386,89.49168200719114,35170.28650485124,13200.0,1918.5304993069658,0.0
ST_A3.50in,arima,0.95,1.6449,10,True,-1.0,0.0,2024-11-01,2024-07-01,0.9331106817131767,0.5,2749.8403631323386,89.49168200719114,40092.32901524675,13200.0,1918.5304993069658,0.0
ST_A3.50in,arima,0.95,1.6449,20,True,-1.0,0.0,2024-11-01,2024-07-01,0.9331106817131767,0.5,2749.8403631323386,89.49168200719114,49936.41403603778,13200.0,1918.5304993069658,0.0
ST_A3.50in,arima,0.95,1.6449,50,True,-1.0,0.0,2024-11-01,2024-07-01,0.9331106817131767,0.5,2749.8403631323386,89.49168200719114,79468.66909841086,13200.0,1918.5304993069658,0.0
ST_A3.50in,arima,0.95,1.6449,10,False,-1.0,0.0,2024-11-01,2024-07-01,0.9312942394138798,0.5,2742.7527533919983,92.0901162190932,40300.193071412235,13200.0,1915.6157850729442,0.0
ST_A3.50in,arima,0.98,2.0537,2,True,-1.0,0.0,2024-11-01,2024-07-01,1.0,1.0,3722.0969335926184,0.0,40943.0662695188,13200.0,3040.2787517744364,0.0
ST_A3.50in,arima,0.98,2.0537,5,True,-1.0,0.0,2024-11-01,2024-07-01,1.0,1.0,3722.0969335926184,0.0,40943.0662695188,13200.0,3040.2787517744364,0.0
ST_A3.50in,arima,0.98,2.0537,10,True,-1.0,0.0,2024-11-01,2024-07-01,1.0,1.0,3722.0969335926184,0.0,40943.0662695188,13200.0,3040.2787517744364,0.0
ST_A3.50in,arima,0.98,2.0537,20,True,-1.0,0.0,2024-11-01,2024-07-01,1.0,1.0,3722.0969335926184,0.0,40943.0662695188,13200.0,3040.2787517744364,0.0
ST_A3.50in,arima,0.98,2.0537,50,True,-1.0,0.0,2024-11-01,2024-07-01,1.0,1.0,3722.0969335926184,0.0,40943.0662695188,13200.0,3040.2787517744364,0.0
ST_A3.50in,arima,0.98,2.0537,10,False,-1.0,0.0,2024-11-01,2024-07-01,1.0,1.0,3712.933435220766,0.0,40842.26778742843,13200.0,3027.4539641409247,0.0
ST_A3.50in,croston,0.9,1.2816,2,True,-1.0,0.0,2024-11-01,2024-07-01,1.0,1.0,19036.661936777396,0.0,209403.28130455135,13200.0,13080.298300413757,0.0
ST_A3.50in,croston,0.9,1.2816,5,True,-1.0,0.0,2024-11-01,2024-07-01,1.0,1.0,19036.661936777396,0.0,209403.28130455135,13200.0,13080.298300413757,0.0
ST_A3.50in,croston,0.9,1.2816,10,True,-1.0,0.0,2024-11-01,2024-07-01,1.0,1.0,19036.661936777396,0.0,209403.28130455135,13200.0,13080.298300413757,0.0
ST_A3.50in,croston,0.9,1.2816,20,True,-1.0,0.0,2024-11-01,2024-07-01,1.0,1.0,19036.661936777396,0.0,209403.28130455135,13200.0,13080.298300413757,0.0
ST_A3.50in,croston,0.9,1.2816,50,True,-1.0,0.0,2024-11-01,2024-07-01,1.0,1.0,19036.661936777396,0.0,209403.28130455135,13200.0,13080.298300413757,0.0
ST_A3.50in,croston,0.9,1.2816,10,False,-1.0,0.0,2024-11-01,2024-07-01,1.0,1.0,19036.661936777396,0.0,209403.28130455135,13200.0,13080.298300413757,0.0
ST_A3.50in,croston,0.95,1.6449,2,True,-1.0,0.0,2024-11-01,2024-07-01,1.0,1.0,26757.65201601543,0.0,294334.1721761697,13200.0,20801.288379651793,0.0
ST_A3.50in,croston,0.95,1.6449,5,True,-1.0,0.0,2024-11-01,2024-07-01,1.0,1.0,26757.65201601543,0.0,294334.1721761697,13200.0,20801.288379651793,0.0
ST_A3.50in,croston,0.95,1.6449,10,True,-1.0,0.0,2024-11-01,2024-07-01,1.0,1.0,26757.65201601543,0.0,294334.1721761697,13200.0,20801.288379651793,0.0
ST_A3.50in,croston,0.95,1.6449,20,True,-1.0,0.0,2024-11-01,2024-07-01,1.0,1.0,26757.65201601543,0.0,294334.1721761697,13200.0,20801.288379651793,0.0
ST_A3.50in,croston,0.95,1.6449,50,True,-1.0,0.0,2024-11-01,2024-07-01,1.0,1.0,26757.65201601543,0.0,294334.1721761697,13200.0,20801.288379651793,0.0
ST_A3.50in,croston,0.95,1.6449,10,False,-1.0,0.0,2024-11-01,2024-07-01,1.0,1.0,26757.65201601543,0.0,294334.1721761697,13200.0,20801.288379651793,0.0
ST_A3.50in,croston,0.98,2.0537,2,True,-1.0,0.0,2024-11-01,2024-07-01,1.0,1.0,35445.625438510644,0.0,389901.8798236171,13200.0,29489.261802147004,0.0
ST_A3.50in,croston,0.98,2.0537,5,True,-1.0,0.0,2024-11-01,2024-07-01,1.0,1.0,35445.625438510644,0.0,389901.8798236171,13200.0,29489.261802147004,0.0
ST_A3.50in,croston,0.98,2.0537,10,True,-1.0,0.0,2024-11-01,2024-07-01,1.0,1.0,35445.625438510644,0.0,389901.8798236171,13200.0,29489.261802147004,0.0
ST_A3.50in,croston,0.98,2.0537,20,True,-1.0,0.0,2024-11-01,2024-07-01,1.0,1.0,35445.625438510644,0.0,389901.8798236171,13200.0,29489.261802147004,0.0
ST_A3.50in,croston,0.98,2.0537,50,True,-1.0,0.0,2024-11-01,2024-07-01,1.0,1.0,35445.625438510644,0.0,389901.8798236171,13200.0,29489.261802147004,0.0
ST_A3.50in,croston,0.98,2.0537,10,False,-1.0,0.0,2024-11-01,2024-07-01,1.0,1.0,35445.625438510644,0.0,389901.8798236171,13200.0,29489.261802147004,0.0
ST_A3.50in,hybrid,0.9,1.2816,2,True,-1.0,0.0,2024-11-01,2024-07-01,1.0,1.0,10845.854987202898,0.0,119304.40485923187,13200.0,6609.49135083926,0.0
ST_A3.50in,hybrid,0.9,1.2816,5,True,-1.0,0.0,2024-11-01,2024-07-01,1.0,1.0,10845.854987202898,0.0,119304.40485923187,13200.0,6609.49135083926,0.0
ST_A3.50in,hybrid,0.9,1.2816,10,True,-1.0,0.0,2024-11-01,2024-07-01,1.0,1.0,10845.854987202898,0.0,119304.40485923187,13200.0,6609.49135083926,0.0
ST_A3.50in,hybrid,0.9,1.2816,20,True,-1.0,0.0,2024-11-01,2024-07-01,1.0,1.0,10845.854987202898,0.0,119304.40485923187,13200.0,6609.49135083926,0.0
ST_A3.50in,hybrid,0.9,1.2816,50,True,-1.0,0.0,2024-11-01,2024-07-01,1.0,1.0,10845.854987202898,0.0,119304.40485923187,13200.0,6609.49135083926,0.0
ST_A3.50in,hybrid,0.9,1.2816,10,False,-1.0,0.0,2024-11-01,2024-07-01,1.0,1.0,10839.265172885278,0.0,119231.91690173806,13200.0,6606.96536670744,0.0
ST_A3.50in,hybrid,0.95,1.6449,2,True,-1.0,0.0,2024-11-01,2024-07-01,1.0,1.0,12190.692760137907,0.0,134097.62036151698,13200.0,8961.601851046998,0.0
ST_A3.50in,hybrid,0.95,1.6449,5,True,-1.0,0.0,2024-11-01,2024-07-01,1.0,1.0,12190.692760137907,0.0,134097.62036151698,13200.0,8961.601851046998,0.0
ST_A3.50in,hybrid,0.95,1.6449,10,True,-1.0,0.0,2024-11-01,2024-07-01,1.0,1.0,12190.692760137907,0.0,134097.62036151698,13200.0,8961.601851046998,0.0
ST_A3.50in,hybrid,0.95,1.6449,20,True,-1.0,0.0,2024-11-01,2024-07-01,1.0,1.0,12190.692760137907,0.0,134097.62036151698,13200.0,8961.601851046998,0.0
ST_A3.50in,hybrid,0.95,1.6449,50,True,-1.0,0.0,2024-11-01,2024-07-01,1.0,1.0,12190.692760137907,0.0,134097.62036151698,13200.0,8961.601851046998,0.0
ST_A3.50in,hybrid,0.95,1.6449,10,False,-1.0,0.0,2024-11-01,2024-07-01,1.0,1.0,12174.755056389164,0.0,133922.3056202808,13200.0,8946.713755962395,0.0
ST_A3.50in,hybrid,0.98,2.0537,2,True,-1.0,0.0,2024-11-01,2024-07-01,1.0,1.0,13692.58763723276,0.0,150618.46400956035,13200.0,11598.042182687306,0.0
ST_A3.50in,hybrid,0.98,2.0537,5,True,-1.0,0.0,2024-11-01,2024-07-01,1.0,1.0,13692.58763723276,0.0,150618.46400956035,13200.0,11598.042182687306,0.0
ST_A3.50in,hybrid,0.98,2.0537,10,True,-1.0,0.0,2024-11-01,2024-07-01,1.0,1.0,13692.58763723276,0.0,150618.46400956035,13200.0,11598.042182687306,0.0
ST_A3.50in,hybrid,0.98,2.0537,20,True,-1.0,0.0,2024-11-01,2024-07-01,1.0,1.0,13692.58763723276,0.0,150618.46400956035,13200.0,11598.042182687306,0.0
ST_A3.50in,hybrid,0.98,2.0537,50,True,-1.0,0.0,2024-11-01,2024-07-01,1.0,1.0,13692.58763723276,0.0,150618.46400956035,13200.0,11598.042182687306,0.0
ST_A3.50in,hybrid,0.98,2.0537,10,False,-1.0,0.0,2024-11-01,2024-07-01,1.0,1.0,13677.502825110301,0.0,150452.53107621332,13200.0,11579.494217089356,0.0
ST_A3.50in,mitra,0.9,1.2816,2,True,-1.0,0.0,2024-11-01,2024-07-01,0.967772364895177,0.75,2916.9047423784887,38.673162125787464,32936.7617329307,13200.0,1374.595216616338,0.0
ST_A3.50in,mitra,0.9,1.2816,5,True,-1.0,0.0,2024-11-01,2024-07-01,0.967772364895177,0.75,2916.9047423784887,38.673162125787464,34212.97608308169,13200.0,1374.595216616338,0.0
ST_A3.50in,mitra,0.9,1.2816,10,True,-1.0,0.0,2024-11-01,2024-07-01,0.967772364895177,0.75,2916.9047423784887,38.673162125787464,36340.0,13200.0,1374.595216616338,0.0
ST_A3.50in,mitra,0.9,1.2816,20,True,-1.0,0.0,2024-11-01,2024-07-01,0.967772364895177,0.75,2916.9047423784887,38.673162125787464,40594.04783383662,13200.0,1374.595216616338,0.0
ST_A3.50in,mitra,0.9,1.2816,50,True,-1.0,0.0,2024-11-01,2024-07-01,0.967772364895177,0.75,2916.9047423784887,38.673162125787464,53356.191335346484,13200.0,1374.595216616338,0.0
ST_A3.50in,mitra,0.9,1.2816,10,False,-1.0,0.0,2024-11-01,2024-07-01,0.9676165229731356,0.75,2908.877918544502,38.8601724322373,36272.27607153563,13200.0,1366.6456154374246,0.0
ST_A3.50in,mitra,0.95,1.6449,2,True,-1.0,0.0,2024-11-01,2024-07-01,1.0,1.0,3856.273719635566,0.0,42419.010915991224,13200.0,2289.0009923628386,0.0
ST_A3.50in,mitra,0.95,1.6449,5,True,-1.0,0.0,2024-11-01,2024-07-01,1.0,1.0,3856.273719635566,0.0,42419.010915991224,13200.0,2289.0009923628386,0.0
ST_A3.50in,mitra,0.95,1.6449,10,True,-1.0,0.0,2024-11-01,2024-07-01,1.0,1.0,3856.273719635566,0.0,42419.010915991224,13200.0,2289.0009923628386,0.0
ST_A3.50in,mitra,0.95,1.6449,20,True,-1.0,0.0,2024-11-01,2024-07-01,1.0,1.0,3856.273719635566,0.0,42419.010915991224,13200.0,2289.0009923628386,0.0
ST_A3.50in,mitra,0.95,1.6449,50,True,-1.0,0.0,2024-11-01,2024-07-01,1.0,1.0,3856.273719635566,0.0,42419.010915991224,13200.0,2289.0009923628386,0.0
ST_A3.50in,mitra,0.95,1.6449,10,False,-1.0,0.0,2024-11-01,2024-07-01,1.0,1.0,3845.0866882576256,0.0,42295.95357083388,13200.0,2273.7557528347534,0.0
ST_A3.50in,mitra,0.98,2.0537,2,True,-1.0,0.0,2024-11-01,2024-07-01,1.0,1.0,4951.583354141702,0.0,54467.41689555872,13200.0,3307.9469905053375,0.0
ST_A3.50in,mitra,0.98,2.0537,5,True,-1.0,0.0,2024-11-01,2024-07-01,1.0,1.0,4951.583354141702,0.0,54467.41689555872,13200.0,3307.9469905053375,0.0
ST_A3.50in,mitra,0.98,2.0537,10,True,-1.0,0.0,2024-11-01,2024-07-01,1.0,1.0,4951.583354141702,0.0,54467.41689555872,13200.0,3307.9469905053375,0.0
ST_A3.50in,mitra,0.98,2.0537,20,True,-1.0,0.0,2024-11-01,2024-07-01,1.0,1.0,4951.583354141702,0.0,54467.41689555872,13200.0,3307.9469905053375,0.0
ST_A3.50in,mitra,0.98,2.0537,50,True,-1.0,0.0,2024-11-01,2024-07-01,1.0,1.0,4951.583354141702,0.0,54467.41689555872,13200.0,3307.9469905053375,0.0
ST_A3.50in,mitra,0.98,2.0537,10,False,-1.0,0.0,2024-11-01,2024-07-01,1.0,1.0,4942.274091365313,0.0,54365.015005018446,13200.0,3294.473132873365,0.0
ST_A3.50in,naive,0.9,1.2816,2,True,-1.0,0.0,2024-11-01,2024-07-01,1.0,1.0,25000.143565885766,0.0,275001.5792247434,13200.0,31749.234474976678,0.0
ST_A3.50in,naive,0.9,1.2816,5,True,-1.0,0.0,2024-11-01,2024-07-01,1.0,1.0,25000.143565885766,0.0,275001.5792247434,13200.0,31749.234474976678,0.0
ST_A3.50in,naive,0.9,1.2816,10,True,-1.0,0.0,2024-11-01,2024-07-01,1.0,1.0,25000.143565885766,0.0,275001.5792247434,13200.0,31749.234474976678,0.0
ST_A3.50in,naive,0.9,1.2816,20,True,-1.0,0.0,2024-11-01,2024-07-01,1.0,1.0,25000.143565885766,0.0,275001.5792247434,13200.0,31749.234474976678,0.0
ST_A3.50in,naive,0.9,1.2816,50,True,-1.0,0.0,2024-11-01,2024-07-01,1.0,1.0,25000.143565885766,0.0,275001.5792247434,13200.0,31749.234474976678,0.0
ST_A3.50in,naive,0.9,1.2816,10,False,-1.0,0.0,2024-11-01,2024-07-01,1.0,1.0,24993.461441759162,0.0,274928.0758593508,13200.0,31739.525179637676,0.0
ST_A3.50in,naive,0.95,1.6449,2,True,-1.0,0.0,2024-11-01,2024-07-01,1.0,1.0,27421.58322457585,0.0,301637.41547033435,13200.0,34288.85595184858,0.0
ST_A3.50in,naive,0.95,1.6449,5,True,-1.0,0.0,2024-11-01,2024-07-01,1.0,1.0,27421.58322457585,0.0,301637.41547033435,13200.0,34288.85595184858,0.0
ST_A3.50in,naive,0.95,1.6449,10,True,-1.0,0.0,2024-11-01,2024-07-01,1.0,1.0,27421.58322457585,0.0,301637.41547033435,13200.0,34288.85595184858,0.0
ST_A3.50in,naive,0.95,1.6449,20,True,-1.0,0.0,2024-11-01,2024-07-01,1.0,1.0,27421.58322457585,0.0,301637.41547033435,13200.0,34288.85595184858,0.0
ST_A3.50in,naive,0.95,1.6449,50,True,-1.0,0.0,2024-11-01,2024-07-01,1.0,1.0,27421.58322457585,0.0,301637.41547033435,13200.0,34288.85595184858,0.0
ST_A3.50in,naive,0.95,1.6449,10,False,-1.0,0.0,2024-11-01,2024-07-01,1.0,1.0,27408.350781767545,0.0,301491.858599443,13200.0,34273.646198490955,0.0
ST_A3.50in,naive,0.98,2.0537,2,True,-1.0,0.0,2024-11-01,2024-07-01,1.0,1.0,30135.930460068073,0.0,331495.2350607488,13200.0,37139.56682370444,0.0
ST_A3.50in,naive,0.98,2.0537,5,True,-1.0,0.0,2024-11-01,2024-07-01,1.0,1.0,30135.930460068073,0.0,331495.2350607488,13200.0,37139.56682370444,0.0
ST_A3.50in,naive,0.98,2.0537,10,True,-1.0,0.0,2024-11-01,2024-07-01,1.0,1.0,30135.930460068073,0.0,331495.2350607488,13200.0,37139.56682370444,0.0
ST_A3.50in,naive,0.98,2.0537,20,True,-1.0,0.0,2024-11-01,2024-07-01,1.0,1.0,30135.930460068073,0.0,331495.2350607488,13200.0,37139.56682370444,0.0
ST_A3.50in,naive,0.98,2.0537,50,True,-1.0,0.0,2024-11-01,2024-07-01,1.0,1.0,30135.930460068073,0.0,331495.2350607488,13200.0,37139.56682370444,0.0
ST_A3.50in,naive,0.98,2.0537,10,False,-1.0,0.0,2024-11-01,2024-07-01,1.0,1.0,30125.682910023603,0.0,331382.5120102596,13200.0,37125.142682133184,0.0
ST_A3.50in,rf,0.9,1.2816,2,True,-1.0,0.0,2024-11-01,2024-07-01,1.0,1.0,8538.2232377645,0.0,93920.45561540949,13200.0,7567.314146855408,0.0
ST_A3.50in,rf,0.9,1.2816,5,True,-1.0,0.0,2024-11-01,2024-07-01,1.0,1.0,8538.2232377645,0.0,93920.45561540949,13200.0,7567.314146855408,0.0
ST_A3.50in,rf,0.9,1.2816,10,True,-1.0,0.0,2024-11-01,2024-07-01,1.0,1.0,8538.2232377645,0.0,93920.45561540949,13200.0,7567.314146855408,0.0
ST_A3.50in,rf,0.9,1.2816,20,True,-1.0,0.0,2024-11-01,2024-07-01,1.0,1.0,8538.2232377645,0.0,93920.45561540949,13200.0,7567.314146855408,0.0
ST_A3.50in,rf,0.9,1.2816,50,True,-1.0,0.0,2024-11-01,2024-07-01,1.0,1.0,8538.2232377645,0.0,93920.45561540949,13200.0,7567.314146855408,0.0
ST_A3.50in,rf,0.9,1.2816,10,False,-1.0,0.0,2024-11-01,2024-07-01,1.0,1.0,8529.79525469042,0.0,93827.74780159463,13200.0,7550.207883250001,0.0
ST_A3.50in,rf,0.95,1.6449,2,True,-1.0,0.0,2024-11-01,2024-07-01,1.0,1.0,10013.075429419694,0.0,110143.82972361663,13200.0,8874.893611237876,0.0
ST_A3.50in,rf,0.95,1.6449,5,True,-1.0,0.0,2024-11-01,2024-07-01,1.0,1.0,10013.075429419694,0.0,110143.82972361663,13200.0,8874.893611237876,0.0
ST_A3.50in,rf,0.95,1.6449,10,True,-1.0,0.0,2024-11-01,2024-07-01,1.0,1.0,10013.075429419694,0.0,110143.82972361663,13200.0,8874.893611237876,0.0
ST_A3.50in,rf,0.95,1.6449,20,True,-1.0,0.0,2024-11-01,2024-07-01,1.0,1.0,10013.075429419694,0.0,110143.82972361663,13200.0,8874.893611237876,0.0
ST_A3.50in,rf,0.95,1.6449,50,True,-1.0,0.0,2024-11-01,2024-07-01,1.0,1.0,10013.075429419694,0.0,110143.82972361663,13200.0,8874.893611237876,0.0
ST_A3.50in,rf,0.95,1.6449,10,False,-1.0,0.0,2024-11-01,2024-07-01,1.0,1.0,10007.42986500135,0.0,110081.72851501484,13200.0,8872.785398843575,0.0
ST_A3.50in,rf,0.98,2.0537,2,True,-1.0,0.0,2024-11-01,2024-07-01,1.0,1.0,11682.077089814326,0.0,128502.84798795759,13200.0,10371.167998905235,0.0
ST_A3.50in,rf,0.98,2.0537,5,True,-1.0,0.0,2024-11-01,2024-07-01,1.0,1.0,11682.077089814326,0.0,128502.84798795759,13200.0,10371.167998905235,0.0
ST_A3.50in,rf,0.98,2.0537,10,True,-1.0,0.0,2024-11-01,2024-07-01,1.0,1.0,11682.077089814326,0.0,128502.84798795759,13200.0,10371.167998905235,0.0
ST_A3.50in,rf,0.98,2.0537,20,True,-1.0,0.0,2024-11-01,2024-07-01,1.0,1.0,11682.077089814326,0.0,128502.84798795759,13200.0,10371.167998905235,0.0
ST_A3.50in,rf,0.98,2.0537,50,True,-1.0,0.0,2024-11-01,2024-07-01,1.0,1.0,11682.077089814326,0.0,128502.84798795759,13200.0,10371.167998905235,0.0
ST_A3.50in,rf,0.98,2.0537,10,False,-1.0,0.0,2024-11-01,2024-07-01,1.0,1.0,11670.124686622894,0.0,128371.37155285184,13200.0,10361.00364375041,0.0
ST_A3.50in,sba,0.9,1.2816,2,True,-1.0,0.0,2024-11-01,2024-07-01,1.0,1.0,17172.3628296946,0.0,188895.9911266406,13200.0,11215.999193330965,0.0
ST_A3.50in,sba,0.9,1.2816,5,True,-1.0,0.0,2024-11-01,2024-07-01,1.0,1.0,17172.3628296946,0.0,188895.9911266406,13200.0,11215.999193330965,0.0
ST_A3.50in,sba,0.9,1.2816,10,True,-1.0,0.0,2024-11-01,2024-07-01,1.0,1.0,17172.3628296946,0.0,188895.9911266406,13200.0,11215.999193330965,0.0
ST_A3.50in,sba,0.9,1.2816,20,True,-1.0,0.0,2024-11-01,2024-07-01,1.0,1.0,17172.3628296946,0.0,188895.9911266406,13200.0,11215.999193330965,0.0
ST_A3.50in,sba,0.9,1.2816,50,True,-1.0,0.0,2024-11-01,2024-07-01,1.0,1.0,17172.3628296946,0.0,188895.9911266406,13200.0,11215.999193330965,0.0
ST_A3.50in,sba,0.9,1.2816,10,False,-1.0,0.0,2024-11-01,2024-07-01,1.0,1.0,17172.3628296946,0.0,188895.9911266406,13200.0,11215.999193330965,0.0
ST_A3.50in,sba,0.95,1.6449,2,True,-1.0,0.0,2024-11-01,2024-07-01,1.0,1.0,24437.771767192837,0.0,268815.4894391212,13200.0,18481.4081308292,0.0
ST_A3.50in,sba,0.95,1.6449,5,True,-1.0,0.0,2024-11-01,2024-07-01,1.0,1.0,24437.771767192837,0.0,268815.4894391212,13200.0,18481.4081308292,0.0
ST_A3.50in,sba,0.95,1.6449,10,True,-1.0,0.0,2024-11-01,2024-07-01,1.0,1.0,24437.771767192837,0.0,268815.4894391212,13200.0,18481.4081308292,0.0
ST_A3.50in,sba,0.95,1.6449,20,True,-1.0,0.0,2024-11-01,2024-07-01,1.0,1.0,24437.771767192837,0.0,268815.4894391212,13200.0,18481.4081308292,0.0
ST_A3.50in,sba,0.95,1.6449,50,True,-1.0,0.0,2024-11-01,2024-07-01,1.0,1.0,24437.771767192837,0.0,268815.4894391212,13200.0,18481.4081308292,0.0
ST_A3.50in,sba,0.95,1.6449,10,False,-1.0,0.0,2024-11-01,2024-07-01,1.0,1.0,24437.771767192837,0.0,268815.4894391212,13200.0,18481.4081308292,0.0
ST_A3.50in,sba,0.98,2.0537,2,True,-1.0,0.0,2024-11-01,2024-07-01,1.0,1.0,32613.106679522254,0.0,358744.1734747448,13200.0,26656.743043158618,0.0
ST_A3.50in,sba,0.98,2.0537,5,True,-1.0,0.0,2024-11-01,2024-07-01,1.0,1.0,32613.106679522254,0.0,358744.1734747448,13200.0,26656.743043158618,0.0
ST_A3.50in,sba,0.98,2.0537,10,True,-1.0,0.0,2024-11-01,2024-07-01,1.0,1.0,32613.106679522254,0.0,358744.1734747448,13200.0,26656.743043158618,0.0
ST_A3.50in,sba,0.98,2.0537,20,True,-1.0,0.0,2024-11-01,2024-07-01,1.0,1.0,32613.106679522254,0.0,358744.1734747448,13200.0,26656.743043158618,0.0
ST_A3.50in,sba,0.98,2.0537,50,True,-1.0,0.0,2024-11-01,2024-07-01,1.0,1.0,32613.106679522254,0.0,358744.1734747448,13200.0,26656.743043158618,0.0
ST_A3.50in,sba,0.98,2.0537,10,False,-1.0,0.0,2024-11-01,2024-07-01,1.0,1.0,32613.106679522254,0.0,358744.1734747448,13200.0,26656.743043158618,0.0
ST_A3.50in,ses,0.9,1.2816,2,True,-1.0,0.0,2024-11-01,2024-07-01,0.7755004905924336,0.5,2266.038718480045,375.9172987518012,33196.606475820125,13200.0,1528.3032379100623,0.0
ST_A3.50in,ses,0.9,1.2816,5,True,-1.0,0.0,2024-11-01,2024-07-01,0.7755004905924336,0.5,2266.038718480045,375.9172987518012,45601.877334629564,13200.0,1528.3032379100623,0.0
ST_A3.50in,ses,0.9,1.2816,10,True,-1.0,0.0,2024-11-01,2024-07-01,0.7755004905924336,0.5,2266.038718480045,375.9172987518012,66277.32876597863,13200.0,1528.3032379100623,0.0
ST_A3.50in,ses,0.9,1.2816,20,True,-1.0,0.0,2024-11-01,2024-07-01,0.7755004905924336,0.5,2266.038718480045,375.9172987518012,107628.23162867676,13200.0,1528.3032379100623,0.0
ST_A3.50in,ses,0.9,1.2816,50,True,-1.0,0.0,2024-11-01,2024-07-01,0.7755004905924336,0.5,2266.038718480045,375.9172987518012,231680.94021677115,13200.0,1528.3032379100623,0.0
ST_A3.50in,ses,0.9,1.2816,10,False,-1.0,0.0,2024-11-01,2024-07-01,0.7730068002792144,0.5,2262.2612727142014,380.617959296968,66752.84952252271,13200.0,1520.570750275917,0.0
ST_A3.50in,ses,0.95,1.6449,2,True,-1.0,0.0,2024-11-01,2024-07-01,0.9139169923337119,0.5,3001.3470177472714,130.40395925386392,35883.704298804994,13200.0,2601.852149402499,0.0
ST_A3.50in,ses,0.95,1.6449,5,True,-1.0,0.0,2024-11-01,2024-07-01,0.9139169923337119,0.5,3001.3470177472714,130.40395925386392,40187.0349541825,13200.0,2601.852149402499,0.0
ST_A3.50in,ses,0.95,1.6449,10,True,-1.0,0.0,2024-11-01,2024-07-01,0.9139169923337119,0.5,3001.3470177472714,130.40395925386392,47359.25271314502,13200.0,2601.852149402499,0.0
ST_A3.50in,ses,0.95,1.6449,20,True,-1.0,0.0,2024-11-01,2024-07-01,0.9139169923337119,0.5,3001.3470177472714,130.40395925386392,61703.688231070046,13200.0,2601.852149402499,0.0
ST_A3.50in,ses,0.95,1.6449,50,True,-1.0,0.0,2024-11-01,2024-07-01,0.9139169923337119,0.5,3001.3470177472714,130.40395925386392,104736.99478484513,13200.0,2601.852149402499,0.0
ST_A3.50in,ses,0.95,1.6449,10,False,-1.0,0.0,2024-11-01,2024-07-01,0.9122895483779829,0.5,2993.5207380321253,133.3551668650912,47597.796473513416,13200.0,2596.5535645396194,0.0
ST_A3.50in,ses,0.98,2.0537,2,True,-1.0,0.0,2024-11-01,2024-07-01,1.0,1.0,3976.999847322873,0.0,43746.998320551604,13200.0,3822.4543927774175,0.0
ST_A3.50in,ses,0.98,2.0537,5,True,-1.0,0.0,2024-11-01,2024-07-01,1.0,1.0,3976.999847322873,0.0,43746.998320551604,13200.0,3822.4543927774175,0.0
ST_A3.50in,ses,0.98,2.0537,10,True,-1.0,0.0,2024-11-01,2024-07-01,1.0,1.0,3976.999847322873,0.0,43746.998320551604,13200.0,3822.4543927774175,0.0
ST_A3.50in,ses,0.98,2.0537,20,True,-1.0,0.0,2024-11-01,2024-07-01,1.0,1.0,3976.999847322873,0.0,43746.998320551604,13200.0,3822.4543927774175,0.0
ST_A3.50in,ses,0.98,2.0537,50,True,-1.0,0.0,2024-11-01,2024-07-01,1.0,1.0,3976.999847322873,0.0,43746.998320551604,13200.0,3822.4543927774175,0.0
ST_A3.50in,ses,0.98,2.0537,10,False,-1.0,0.0,2024-11-01,2024-07-01,1.0,1.0,3961.2387860531294,0.0,43573.626646584424,13200.0,3807.29337866294,0.0
ST_A3.50in,tsb,0.9,1.2816,2,True,-1.0,0.0,2024-11-01,2024-07-01,1.0,1.0,10278.09176278783,0.0,113059.00939066612,13200.0,9309.000853696918,0.0
ST_A3.50in,tsb,0.9,1.2816,5,True,-1.0,0.0,2024-11-01,2024-07-01,1.0,1.0,10278.09176278783,0.0,113059.00939066612,13200.0,9309.000853696918,0.0
ST_A3.50in,tsb,0.9,1.2816,10,True,-1.0,0.0,2024-11-01,2024-07-01,1.0,1.0,10278.09176278783,0.0,113059.00939066612,13200.0,9309.000853696918,0.0
ST_A3.50in,tsb,0.9,1.2816,20,True,-1.0,0.0,2024-11-01,2024-07-01,1.0,1.0,10278.09176278783,0.0,113059.00939066612,13200.0,9309.000853696918,0.0
ST_A3.50in,tsb,0.9,1.2816,50,True,-1.0,0.0,2024-11-01,2024-07-01,1.0,1.0,10278.09176278783,0.0,113059.00939066612,13200.0,9309.000853696918,0.0
ST_A3.50in,tsb,0.9,1.2816,10,False,-1.0,0.0,2024-11-01,2024-07-01,1.0,1.0,10273.549604350472,0.0,113009.0456478552,13200.0,9299.808887951294,0.0
ST_A3.50in,tsb,0.95,1.6449,2,True,-1.0,0.0,2024-11-01,2024-07-01,1.0,1.0,12014.139438046135,0.0,132155.53381850748,13200.0,10777.7758016825,0.0
ST_A3.50in,tsb,0.95,1.6449,5,True,-1.0,0.0,2024-11-01,2024-07-01,1.0,1.0,12014.139438046135,0.0,132155.53381850748,13200.0,10777.7758016825,0.0
ST_A3.50in,tsb,0.95,1.6449,10,True,-1.0,0.0,2024-11-01,2024-07-01,1.0,1.0,12014.139438046135,0.0,132155.53381850748,13200.0,10777.7758016825,0.0
ST_A3.50in,tsb,0.95,1.6449,20,True,-1.0,0.0,2024-11-01,2024-07-01,1.0,1.0,12014.139438046135,0.0,132155.53381850748,13200.0,10777.7758016825,0.0
ST_A3.50in,tsb,0.95,1.6449,50,True,-1.0,0.0,2024-11-01,2024-07-01,1.0,1.0,12014.139438046135,0.0,132155.53381850748,13200.0,10777.7758016825,0.0
ST_A3.50in,tsb,0.95,1.6449,10,False,-1.0,0.0,2024-11-01,2024-07-01,1.0,1.0,12007.710170964552,0.0,132084.81188061007,13200.0,10772.343253276686,0.0
ST_A3.50in,tsb,0.98,2.0537,2,True,-1.0,0.0,2024-11-01,2024-07-01,1.0,1.0,13967.870435744397,0.0,153646.57479318837,13200.0,12440.597708471669,0.0
ST_A3.50in,tsb,0.98,2.0537,5,True,-1.0,0.0,2024-11-01,2024-07-01,1.0,1.0,13967.870435744397,0.0,153646.57479318837,13200.0,12440.597708471669,0.0
ST_A3.50in,tsb,0.98,2.0537,10,True,-1.0,0.0,2024-11-01,2024-07-01,1.0,1.0,13967.870435744397,0.0,153646.57479318837,13200.0,12440.597708471669,0.0
ST_A3.50in,tsb,0.98,2.0537,20,True,-1.0,0.0,2024-11-01,2024-07-01,1.0,1.0,13967.870435744397,0.0,153646.57479318837,13200.0,12440.597708471669,0.0
ST_A3.50in,tsb,0.98,2.0537,50,True,-1.0,0.0,2024-11-01,2024-07-01,1.0,1.0,13967.870435744397,0.0,153646.57479318837,13200.0,12440.597708471669,0.0
ST_A3.50in,tsb,0.98,2.0537,10,False,-1.0,0.0,2024-11-01,2024-07-01,1.0,1.0,13959.058477135306,0.0,153549.64324848837,13200.0,12429.2990709068,0.0
ST_A3.50in,xgb,0.9,1.2816,2,True,-1.0,0.0,2024-11-01,2024-07-01,0.6148218924288765,0.5,1159.0493509480177,837.9458254323016,31184.35101993883,13200.0,775.6489800611707,0.0
ST_A3.50in,xgb,0.9,1.2816,5,True,-1.0,0.0,2024-11-01,2024-07-01,0.6148218924288765,0.5,1159.0493509480177,837.9458254323016,58836.56325920478,13200.0,775.6489800611707,0.0
ST_A3.50in,xgb,0.9,1.2816,10,True,-1.0,0.0,2024-11-01,2024-07-01,0.6148218924288765,0.5,1159.0493509480177,837.9458254323016,104923.58365798136,13200.0,775.6489800611707,0.0
ST_A3.50in,xgb,0.9,1.2816,20,True,-1.0,0.0,2024-11-01,2024-07-01,0.6148218924288765,0.5,1159.0493509480177,837.9458254323016,197097.62445553453,13200.0,775.6489800611707,0.0
ST_A3.50in,xgb,0.9,1.2816,50,True,-1.0,0.0,2024-11-01,2024-07-01,0.6148218924288765,0.5,1159.0493509480177,837.9458254323016,473619.74684819405,13200.0,775.6489800611707,0.0
ST_A3.50in,xgb,0.9,1.2816,10,False,-1.0,0.0,2024-11-01,2024-07-01,0.6146334581720667,0.5,1155.2101876092418,840.8299544172947,105198.60704960408,13200.0,758.7254839792249,0.0
ST_A3.50in,xgb,0.95,1.6449,2,True,-1.0,0.0,2024-11-01,2024-07-01,0.7453427463993726,0.5,2154.0088190806246,442.9285110265839,33438.52425247172,13200.0,2569.262126235859,0.0
ST_A3.50in,xgb,0.95,1.6449,5,True,-1.0,0.0,2024-11-01,2024-07-01,0.7453427463993726,0.5,2154.0088190806246,442.9285110265839,48055.16511634899,13200.0,2569.262126235859,0.0
ST_A3.50in,xgb,0.95,1.6449,10,True,-1.0,0.0,2024-11-01,2024-07-01,0.7453427463993726,0.5,2154.0088190806246,442.9285110265839,72416.2332228111,13200.0,2569.262126235859,0.0
ST_A3.50in,xgb,0.95,1.6449,20,True,-1.0,0.0,2024-11-01,2024-07-01,0.7453427463993726,0.5,2154.0088190806246,442.9285110265839,121138.36943573534,13200.0,2569.262126235859,0.0
ST_A3.50in,xgb,0.95,1.6449,50,True,-1.0,0.0,2024-11-01,2024-07-01,0.7453427463993726,0.5,2154.0088190806246,442.9285110265839,267304.77807450807,13200.0,2569.262126235859,0.0
ST_A3.50in,xgb,0.95,1.6449,10,False,-1.0,0.0,2024-11-01,2024-07-01,0.743800038016363,0.5,2148.8949445313738,446.1665117153959,72716.16067853865,13200.0,2554.9714119008204,0.0
ST_A3.50in,xgb,0.98,2.0537,2,True,-1.0,0.0,2024-11-01,2024-07-01,0.9534118995978362,0.5,3350.922572615069,74.76767163298577,38505.03707469144,13200.0,4592.518537345719,0.0
ST_A3.50in,xgb,0.98,2.0537,5,True,-1.0,0.0,2024-11-01,2024-07-01,0.9534118995978362,0.5,3350.922572615069,74.76767163298577,40972.37023857998,13200.0,4592.518537345719,0.0
ST_A3.50in,xgb,0.98,2.0537,10,True,-1.0,0.0,2024-11-01,2024-07-01,0.9534118995978362,0.5,3350.922572615069,74.76767163298577,45084.59217839419,13200.0,4592.518537345719,0.0
ST_A3.50in,xgb,0.98,2.0537,20,True,-1.0,0.0,2024-11-01,2024-07-01,0.9534118995978362,0.5,3350.922572615069,74.76767163298577,53309.036058022626,13200.0,4592.518537345719,0.0
ST_A3.50in,xgb,0.98,2.0537,50,True,-1.0,0.0,2024-11-01,2024-07-01,0.9534118995978362,0.5,3350.922572615069,74.76767163298577,77982.36769690792,13200.0,4592.518537345719,0.0
ST_A3.50in,xgb,0.98,2.0537,10,False,-1.0,0.0,2024-11-01,2024-07-01,0.9520314192636465,0.5,3342.495066166153,77.54052818556225,45296.903828239534,13200.0,4576.180702664233,0.0
ST_A4-6cm,arima,0.9,1.2816,2,True,-1.0,0.0,2024-11-01,2024-07-01,1.0,1.0,14258.0415111435,0.0,156838.4566225785,10000.0,14258.0415111435,0.0
ST_A4-6cm,arima,0.9,1.2816,5,True,-1.0,0.0,2024-11-01,2024-07-01,1.0,1.0,14258.0415111435,0.0,156838.4566225785,10000.0,14258.0415111435,0.0
ST_A4-6cm,arima,0.9,1.2816,10,True,-1.0,0.0,2024-11-01,2024-07-01,1.0,1.0,14258.0415111435,0.0,156838.4566225785,10000.0,14258.0415111435,0.0
ST_A4-6cm,arima,0.9,1.2816,20,True,-1.0,0.0,2024-11-01,2024-07-01,1.0,1.0,14258.0415111435,0.0,156838.4566225785,10000.0,14258.0415111435,0.0
ST_A4-6cm,arima,0.9,1.2816,50,True,-1.0,0.0,2024-11-01,2024-07-01,1.0,1.0,14258.0415111435,0.0,156838.4566225785,10000.0,14258.0415111435,0.0
ST_A4-6cm,arima,0.9,1.2816,10,False,-1.0,0.0,2024-11-01,2024-07-01,1.0,1.0,14238.158741382324,0.0,156619.74615520556,10000.0,14238.158741382322,0.0
ST_A4-6cm,arima,0.95,1.6449,2,True,-1.0,0.0,2024-11-01,2024-07-01,1.0,1.0,19857.888276930313,0.0,218436.77104623342,10000.0,19857.88827693031,0.0
ST_A4-6cm,arima,0.95,1.6449,5,True,-1.0,0.0,2024-11-01,2024-07-01,1.0,1.0,19857.888276930313,0.0,218436.77104623342,10000.0,19857.88827693031,0.0
ST_A4-6cm,arima,0.95,1.6449,10,True,-1.0,0.0,2024-11-01,2024-07-01,1.0,1.0,19857.888276930313,0.0,218436.77104623342,10000.0,19857.88827693031,0.0
ST_A4-6cm,arima,0.95,1.6449,20,True,-1.0,0.0,2024-11-01,2024-07-01,1.0,1.0,19857.888276930313,0.0,218436.77104623342,10000.0,19857.88827693031,0.0
ST_A4-6cm,arima,0.95,1.6449,50,True,-1.0,0.0,2024-11-01,2024-07-01,1.0,1.0,19857.888276930313,0.0,218436.77104623342,10000.0,19857.88827693031,0.0
ST_A4-6cm,arima,0.95,1.6449,10,False,-1.0,0.0,2024-11-01,2024-07-01,1.0,1.0,19854.856796375137,0.0,218403.4247601265,10000.0,19854.85679637514,0.0
ST_A4-6cm,arima,0.98,2.0537,2,True,-1.0,0.0,2024-11-01,2024-07-01,1.0,1.0,26190.81797099485,0.0,288098.99768094334,10000.0,26190.817970994845,0.0
ST_A4-6cm,arima,0.98,2.0537,5,True,-1.0,0.0,2024-11-01,2024-07-01,1.0,1.0,26190.81797099485,0.0,288098.99768094334,10000.0,26190.817970994845,0.0
ST_A4-6cm,arima,0.98,2.0537,10,True,-1.0,0.0,2024-11-01,2024-07-01,1.0,1.0,26190.81797099485,0.0,288098.99768094334,10000.0,26190.817970994845,0.0
ST_A4-6cm,arima,0.98,2.0537,20,True,-1.0,0.0,2024-11-01,2024-07-01,1.0,1.0,26190.81797099485,0.0,288098.99768094334,10000.0,26190.817970994845,0.0
ST_A4-6cm,arima,0.98,2.0537,50,True,-1.0,0.0,2024-11-01,2024-07-01,1.0,1.0,26190.81797099485,0.0,288098.99768094334,10000.0,26190.817970994845,0.0
ST_A4-6cm,arima,0.98,2.0537,10,False,-1.0,0.0,2024-11-01,2024-07-01,1.0,1.0,26174.994877523128,0.0,287924.9436527544,10000.0,26174.99487752313,0.0
ST_A4-6cm,croston,0.9,1.2816,2,True,-1.0,0.0,2024-11-01,2024-07-01,1.0,1.0,11646.90909090909,0.0,128116.0,10000.0,14136.0,0.0
ST_A4-6cm,croston,0.9,1.2816,5,True,-1.0,0.0,2024-11-01,2024-07-01,1.0,1.0,11646.90909090909,0.0,128116.0,10000.0,14136.0,0.0
ST_A4-6cm,croston,0.9,1.2816,10,True,-1.0,0.0,2024-11-01,2024-07-01,1.0,1.0,11646.90909090909,0.0,128116.0,10000.0,14136.0,0.0
ST_A4-6cm,croston,0.9,1.2816,20,True,-1.0,0.0,2024-11-01,2024-07-01,1.0,1.0,11646.90909090909,0.0,128116.0,10000.0,14136.0,0.0
ST_A4-6cm,croston,0.9,1.2816,50,True,-1.0,0.0,2024-11-01,2024-07-01,1.0,1.0,11646.90909090909,0.0,128116.0,10000.0,14136.0,0.0
ST_A4-6cm,croston,0.9,1.2816,10,False,-1.0,0.0,2024-11-01,2024-07-01,1.0,1.0,11639.909534253842,0.0,128039.00487679226,10000.0,14133.09752393419,0.0
ST_A4-6cm,croston,0.95,1.6449,2,True,-1.0,0.0,2024-11-01,2024-07-01,1.0,1.0,14259.90909090909,0.0,156859.0,10000.0,16229.0,0.0
ST_A4-6cm,croston,0.95,1.6449,5,True,-1.0,0.0,2024-11-01,2024-07-01,1.0,1.0,14259.90909090909,0.0,156859.0,10000.0,16229.0,0.0
ST_A4-6cm,croston,0.95,1.6449,10,True,-1.0,0.0,2024-11-01,2024-07-01,1.0,1.0,14259.90909090909,0.0,156859.0,10000.0,16229.0,0.0
ST_A4-6cm,croston,0.95,1.6449,20,True,-1.0,0.0,2024-11-01,2024-07-01,1.0,1.0,14259.90909090909,0.0,156859.0,10000.0,16229.0,0.0
ST_A4-6cm,croston,0.95,1.6449,50,True,-1.0,0.0,2024-11-01,2024-07-01,1.0,1.0,14259.90909090909,0.0,156859.0,10000.0,16229.0,0.0
ST_A4-6cm,croston,0.95,1.6449,10,False,-1.0,0.0,2024-11-01,2024-07-01,1.0,1.0,14250.994042906821,0.0,156760.93447197502,10000.0,16226.681580111395,0.0
ST_A4-6cm,croston,0.98,2.0537,2,True,-1.0,0.0,2024-11-01,2024-07-01,1.0,1.0,17195.18181818182,0.0,189147.0,10000.0,18597.0,0.0
ST_A4-6cm,croston,0.98,2.0537,5,True,-1.0,0.0,2024-11-01,2024-07-01,1.0,1.0,17195.18181818182,0.0,189147.0,10000.0,18597.0,0.0
ST_A4-6cm,croston,0.98,2.0537,10,True,-1.0,0.0,2024-11-01,2024-07-01,1.0,1.0,17195.18181818182,0.0,189147.0,10000.0,18597.0,0.0
ST_A4-6cm,croston,0.98,2.0537,20,True,-1.0,0.0,2024-11-01,2024-07-01,1.0,1.0,17195.18181818182,0.0,189147.0,10000.0,18597.0,0.0
ST_A4-6cm,croston,0.98,2.0537,50,True,-1.0,0.0,2024-11-01,2024-07-01,1.0,1.0,17195.18181818182,0.0,189147.0,10000.0,18597.0,0.0
ST_A4-6cm,croston,0.98,2.0537,10,False,-1.0,0.0,2024-11-01,2024-07-01,1.0,1.0,17189.092989059693,0.0,189080.02287965664,10000.0,18582.467878391722,0.0
ST_A4-6cm,hybrid,0.9,1.2816,2,True,-1.0,0.0,2024-11-01,2024-07-01,1.0,1.0,6683.987719803597,0.0,73523.86491783957,10000.0,12018.533174349051,0.0
ST_A4-6cm,hybrid,0.9,1.2816,5,True,-1.0,0.0,2024-11-01,2024-07-01,1.0,1.0,6683.987719803597,0.0,73523.86491783957,10000.0,12018.533174349051,0.0
ST_A4-6cm,hybrid,0.9,1.2816,10,True,-1.0,0.0,2024-11-01,2024-07-01,1.0,1.0,6683.987719803597,0.0,73523.86491783957,10000.0,12018.533174349051,0.0
ST_A4-6cm,hybrid,0.9,1.2816,20,True,-1.0,0.0,2024-11-01,2024-07-01,1.0,1.0,6683.987719803597,0.0,73523.86491783957,10000.0,12018.533174349051,0.0
ST_A4-6cm,hybrid,0.9,1.2816,50,True,-1.0,0.0,2024-11-01,2024-07-01,1.0,1.0,6683.987719803597,0.0,73523.86491783957,10000.0,12018.533174349051,0.0
ST_A4-6cm,hybrid,0.9,1.2816,10,False,-1.0,0.0,2024-11-01,2024-07-01,1.0,1.0,6672.373349581575,0.0,73396.10684539733,10000.0,12012.273904406618,0.0
ST_A4-6cm,hybrid,0.95,1.6449,2,True,-1.0,0.0,2024-11-01,2024-07-01,1.0,1.0,8856.571285236349,0.0,97422.28413759984,10000.0,14340.20764887271,0.0
ST_A4-6cm,hybrid,0.95,1.6449,5,True,-1.0,0.0,2024-11-01,2024-07-01,1.0,1.0,8856.571285236349,0.0,97422.28413759984,10000.0,14340.20764887271,0.0
ST_A4-6cm,hybrid,0.95,1.6449,10,True,-1.0,0.0,2024-11-01,2024-07-01,1.0,1.0,8856.571285236349,0.0,97422.28413759984,10000.0,14340.20764887271,0.0
ST_A4-6cm,hybrid,0.95,1.6449,20,True,-1.0,0.0,2024-11-01,2024-07-01,1.0,1.0,8856.571285236349,0.0,97422.28413759984,10000.0,14340.20764887271,0.0
ST_A4-6cm,hybrid,0.95,1.6449,50,True,-1.0,0.0,2024-11-01,2024-07-01,1.0,1.0,8856.571285236349,0.0,97422.28413759984,10000.0,14340.20764887271,0.0
ST_A4-6cm,hybrid,0.95,1.6449,10,False,-1.0,0.0,2024-11-01,2024-07-01,1.0,1.0,8846.977929193235,0.0,97316.75722112559,10000.0,14338.766893856071,0.0
ST_A4-6cm,hybrid,0.98,2.0537,2,True,-1.0,0.0,2024-11-01,2024-07-01,1.0,1.0,11303.135801673548,0.0,124334.49381840904,10000.0,16972.22671076446,0.0
ST_A4-6cm,hybrid,0.98,2.0537,5,True,-1.0,0.0,2024-11-01,2024-07-01,1.0,1.0,11303.135801673548,0.0,124334.49381840904,10000.0,16972.22671076446,0.0
ST_A4-6cm,hybrid,0.98,2.0537,10,True,-1.0,0.0,2024-11-01,2024-07-01,1.0,1.0,11303.135801673548,0.0,124334.49381840904,10000.0,16972.22671076446,0.0
ST_A4-6cm,hybrid,0.98,2.0537,20,True,-1.0,0.0,2024-11-01,2024-07-01,1.0,1.0,11303.135801673548,0.0,124334.49381840904,10000.0,16972.22671076446,0.0
ST_A4-6cm,hybrid,0.98,2.0537,50,True,-1.0,0.0,2024-11-01,2024-07-01,1.0,1.0,11303.135801673548,0.0,124334.49381840904,10000.0,16972.22671076446,0.0
ST_A4-6cm,hybrid,0.98,2.0537,10,False,-1.0,0.0,2024-11-01,2024-07-01,1.0,1.0,11293.931829950869,0.0,124233.25012945956,10000.0,16956.631837668174,0.0
ST_A4-6cm,mitra,0.9,1.2816,2,True,-1.0,0.0,2024-11-01,2024-07-01,0.827,0.75,5654.545454545455,304.54545454545456,68900.0,10000.0,10330.0,0.0
ST_A4-6cm,mitra,0.9,1.2816,5,True,-1.0,0.0,2024-11-01,2024-07-01,0.827,0.75,5654.545454545455,304.54545454545456,78950.0,10000.0,10330.0,0.0
ST_A4-6cm,mitra,0.9,1.2816,10,True,-1.0,0.0,2024-11-01,2024-07-01,0.827,0.75,5654.545454545455,304.54545454545456,95700.0,10000.0,10330.0,0.0
ST_A4-6cm,mitra,0.9,1.2816,20,True,-1.0,0.0,2024-11-01,2024-07-01,0.827,0.75,5654.545454545455,304.54545454545456,129200.0,10000.0,10330.0,0.0
ST_A4-6cm,mitra,0.9,1.2816,50,True,-1.0,0.0,2024-11-01,2024-07-01,0.827,0.75,5654.545454545455,304.54545454545456,229700.0,10000.0,10330.0,0.0
ST_A4-6cm,mitra,0.9,1.2816,10,False,-1.0,0.0,2024-11-01,2024-07-01,0.8253733939206324,0.75,5648.71532240689,308.4362454514566,96063.85554613601,10000.0,10322.993685284426,0.0
ST_A4-6cm,mitra,0.95,1.6449,2,True,-1.0,0.0,2024-11-01,2024-07-01,1.0,1.0,7546.875,0.0,83015.625,10000.0,12546.875,0.0
ST_A4-6cm,mitra,0.95,1.6449,5,True,-1.0,0.0,2024-11-01,2024-07-01,1.0,1.0,7546.875,0.0,83015.625,10000.0,12546.875,0.0
ST_A4-6cm,mitra,0.95,1.6449,10,True,-1.0,0.0,2024-11-01,2024-07-01,1.0,1.0,7546.875,0.0,83015.625,10000.0,12546.875,0.0
ST_A4-6cm,mitra,0.95,1.6449,20,True,-1.0,0.0,2024-11-01,2024-07-01,1.0,1.0,7546.875,0.0,83015.625,10000.0,12546.875,0.0
ST_A4-6cm,mitra,0.95,1.6449,50,True,-1.0,0.0,2024-11-01,2024-07-01,1.0,1.0,7546.875,0.0,83015.625,10000.0,12546.875,0.0
ST_A4-6cm,mitra,0.95,1.6449,10,False,-1.0,0.0,2024-11-01,2024-07-01,1.0,1.0,7537.022300996192,0.0,82907.24531095811,10000.0,12540.607297849838,0.0
ST_A4-6cm,mitra,0.98,2.0537,2,True,-1.0,0.0,2024-11-01,2024-07-01,1.0,1.0,10014.905303030306,0.0,110163.95833333336,10000.0,15038.541666666668,0.0
ST_A4-6cm,mitra,0.98,2.0537,5,True,-1.0,0.0,2024-11-01,2024-07-01,1.0,1.0,10014.905303030306,0.0,110163.95833333336,10000.0,15038.541666666668,0.0
ST_A4-6cm,mitra,0.98,2.0537,10,True,-1.0,0.0,2024-11-01,2024-07-01,1.0,1.0,10014.905303030306,0.0,110163.95833333336,10000.0,15038.541666666668,0.0
ST_A4-6cm,mitra,0.98,2.0537,20,True,-1.0,0.0,2024-11-01,2024-07-01,1.0,1.0,10014.905303030306,0.0,110163.95833333336,10000.0,15038.541666666668,0.0
ST_A4-6cm,mitra,0.98,2.0537,50,True,-1.0,0.0,2024-11-01,2024-07-01,1.0,1.0,10014.905303030306,0.0,110163.95833333336,10000.0,15038.541666666668,0.0
ST_A4-6cm,mitra,0.98,2.0537,10,False,-1.0,0.0,2024-11-01,2024-07-01,1.0,1.0,10008.887508780012,0.0,110097.76259658013,10000.0,15035.956719310725,0.0
ST_A4-6cm,naive,0.9,1.2816,2,True,-1.0,0.0,2024-11-01,2024-07-01,1.0,1.0,15734.545454545454,0.0,173080.0,10000.0,20280.0,0.0
ST_A4-6cm,naive,0.9,1.2816,5,True,-1.0,0.0,2024-11-01,2024-07-01,1.0,1.0,15734.545454545454,0.0,173080.0,10000.0,20280.0,0.0
ST_A4-6cm,naive,0.9,1.2816,10,True,-1.0,0.0,2024-11-01,2024-07-01,1.0,1.0,15734.545454545454,0.0,173080.0,10000.0,20280.0,0.0
ST_A4-6cm,naive,0.9,1.2816,20,True,-1.0,0.0,2024-11-01,2024-07-01,1.0,1.0,15734.545454545454,0.0,173080.0,10000.0,20280.0,0.0
ST_A4-6cm,naive,0.9,1.2816,50,True,-1.0,0.0,2024-11-01,2024-07-01,1.0,1.0,15734.545454545454,0.0,173080.0,10000.0,20280.0,0.0
ST_A4-6cm,naive,0.9,1.2816,10,False,-1.0,0.0,2024-11-01,2024-07-01,1.0,1.0,15718.42070090443,0.0,172902.62770994872,10000.0,20263.875246358974,0.0
ST_A4-6cm,naive,0.95,1.6449,2,True,-1.0,0.0,2024-11-01,2024-07-01,1.0,1.0,21474.545454545456,0.0,236220.0,10000.0,26020.0,0.0
ST_A4-6cm,naive,0.95,1.6449,5,True,-1.0,0.0,2024-11-01,2024-07-01,1.0,1.0,21474.545454545456,0.0,236220.0,10000.0,26020.0,0.0
ST_A4-6cm,naive,0.95,1.6449,10,True,-1.0,0.0,2024-11-01,2024-07-01,1.0,1.0,21474.545454545456,0.0,236220.0,10000.0,26020.0,0.0
ST_A4-6cm,naive,0.95,1.6449,20,True,-1.0,0.0,2024-11-01,2024-07-01,1.0,1.0,21474.545454545456,0.0,236220.0,10000.0,26020.0,0.0
ST_A4-6cm,naive,0.95,1.6449,50,True,-1.0,0.0,2024-11-01,2024-07-01,1.0,1.0,21474.545454545456,0.0,236220.0,10000.0,26020.0,0.0
ST_A4-6cm,naive,0.95,1.6449,10,False,-1.0,0.0,2024-11-01,2024-07-01,1.0,1.0,21462.69807060029,0.0,236089.6787766032,10000.0,26008.152616054835,0.0
ST_A4-6cm,naive,0.98,2.0537,2,True,-1.0,0.0,2024-11-01,2024-07-01,1.0,1.0,27934.545454545456,0.0,307280.0,10000.0,32480.0,0.0
ST_A4-6cm,naive,0.98,2.0537,5,True,-1.0,0.0,2024-11-01,2024-07-01,1.0,1.0,27934.545454545456,0.0,307280.0,10000.0,32480.0,0.0
ST_A4-6cm,naive,0.98,2.0537,10,True,-1.0,0.0,2024-11-01,2024-07-01,1.0,1.0,27934.545454545456,0.0,307280.0,10000.0,32480.0,0.0
ST_A4-6cm,naive,0.98,2.0537,20,True,-1.0,0.0,2024-11-01,2024-07-01,1.0,1.0,27934.545454545456,0.0,307280.0,10000.0,32480.0,0.0
ST_A4-6cm,naive,0.98,2.0537,50,True,-1.0,0.0,2024-11-01,2024-07-01,1.0,1.0,27934.545454545456,0.0,307280.0,10000.0,32480.0,0.0
ST_A4-6cm,naive,0.98,2.0537,10,False,-1.0,0.0,2024-11-01,2024-07-01,1.0,1.0,27926.39360798446,0.0,307190.3296878291,10000.0,32471.848153439005,0.0
ST_A4-6cm,rf,0.9,1.2816,2,True,-1.0,0.0,2024-11-01,2024-07-01,1.0,1.0,10569.568044895645,0.0,116265.2484938521,10000.0,15691.386226713825,0.0
ST_A4-6cm,rf,0.9,1.2816,5,True,-1.0,0.0,2024-11-01,2024-07-01,1.0,1.0,10569.568044895645,0.0,116265.2484938521,10000.0,15691.386226713825,0.0
ST_A4-6cm,rf,0.9,1.2816,10,True,-1.0,0.0,2024-11-01,2024-07-01,1.0,1.0,10569.568044895645,0.0,116265.2484938521,10000.0,15691.386226713825,0.0
ST_A4-6cm,rf,0.9,1.2816,20,True,-1.0,0.0,2024-11-01,2024-07-01,1.0,1.0,10569.568044895645,0.0,116265.2484938521,10000.0,15691.386226713825,0.0
ST_A4-6cm,rf,0.9,1.2816,50,True,-1.0,0.0,2024-11-01,2024-07-01,1.0,1.0,10569.568044895645,0.0,116265.2484938521,10000.0,15691.386226713825,0.0
ST_A4-6cm,rf,0.9,1.2816,10,False,-1.0,0.0,2024-11-01,2024-07-01,1.0,1.0,10559.087377307933,0.0,116149.96115038726,10000.0,15685.421099847104,0.0
ST_A4-6cm,rf,0.95,1.6449,2,True,-1.0,0.0,2024-11-01,2024-07-01,1.0,1.0,12911.451109375874,0.0,142025.9622031346,10000.0,18625.996563921326,0.0
ST_A4-6cm,rf,0.95,1.6449,5,True,-1.0,0.0,2024-11-01,2024-07-01,1.0,1.0,12911.451109375874,0.0,142025.9622031346,10000.0,18625.996563921326,0.0
ST_A4-6cm,rf,0.95,1.6449,10,True,-1.0,0.0,2024-11-01,2024-07-01,1.0,1.0,12911.451109375874,0.0,142025.9622031346,10000.0,18625.996563921326,0.0
ST_A4-6cm,rf,0.95,1.6449,20,True,-1.0,0.0,2024-11-01,2024-07-01,1.0,1.0,12911.451109375874,0.0,142025.9622031346,10000.0,18625.996563921326,0.0
ST_A4-6cm,rf,0.95,1.6449,50,True,-1.0,0.0,2024-11-01,2024-07-01,1.0,1.0,12911.451109375874,0.0,142025.9622031346,10000.0,18625.996563921326,0.0
ST_A4-6cm,rf,0.95,1.6449,10,False,-1.0,0.0,2024-11-01,2024-07-01,1.0,1.0,12896.164846517988,0.0,141857.81331169786,10000.0,18611.970728104323,0.0
ST_A4-6cm,rf,0.98,2.0537,2,True,-1.0,0.0,2024-11-01,2024-07-01,1.0,1.0,15540.898789568719,0.0,170949.88668525591,10000.0,21909.98969865963,0.0
ST_A4-6cm,rf,0.98,2.0537,5,True,-1.0,0.0,2024-11-01,2024-07-01,1.0,1.0,15540.898789568719,0.0,170949.88668525591,10000.0,21909.98969865963,0.0
ST_A4-6cm,rf,0.98,2.0537,10,True,-1.0,0.0,2024-11-01,2024-07-01,1.0,1.0,15540.898789568719,0.0,170949.88668525591,10000.0,21909.98969865963,0.0
ST_A4-6cm,rf,0.98,2.0537,20,True,-1.0,0.0,2024-11-01,2024-07-01,1.0,1.0,15540.898789568719,0.0,170949.88668525591,10000.0,21909.98969865963,0.0
ST_A4-6cm,rf,0.98,2.0537,50,True,-1.0,0.0,2024-11-01,2024-07-01,1.0,1.0,15540.898789568719,0.0,170949.88668525591,10000.0,21909.98969865963,0.0
ST_A4-6cm,rf,0.98,2.0537,10,False,-1.0,0.0,2024-11-01,2024-07-01,1.0,1.0,15535.196477544792,0.0,170887.16125299272,10000.0,21905.043912887013,0.0
ST_A4-6cm,sba,0.9,1.2816,2,True,-1.0,0.0,2024-11-01,2024-07-01,1.0,1.0,10900.654545454545,0.0,119907.2,10000.0,13575.2,0.0
ST_A4-6cm,sba,0.9,1.2816,5,True,-1.0,0.0,2024-11-01,2024-07-01,1.0,1.0,10900.654545454545,0.0,119907.2,10000.0,13575.2,0.0
ST_A4-6cm,sba,0.9,1.2816,10,True,-1.0,0.0,2024-11-01,2024-07-01,1.0,1.0,10900.654545454545,0.0,119907.2,10000.0,13575.2,0.0
ST_A4-6cm,sba,0.9,1.2816,20,True,-1.0,0.0,2024-11-01,2024-07-01,1.0,1.0,10900.654545454545,0.0,119907.2,10000.0,13575.2,0.0
ST_A4-6cm,sba,0.9,1.2816,50,True,-1.0,0.0,2024-11-01,2024-07-01,1.0,1.0,10900.654545454545,0.0,119907.2,10000.0,13575.2,0.0
ST_A4-6cm,sba,0.9,1.2816,10,False,-1.0,0.0,2024-11-01,2024-07-01,1.0,1.0,10889.819137102077,0.0,119788.01050812284,10000.0,13564.852602603012,0.0
ST_A4-6cm,sba,0.95,1.6449,2,True,-1.0,0.0,2024-11-01,2024-07-01,1.0,1.0,13393.82272727273,0.0,147332.05000000005,10000.0,15606.550000000003,0.0
ST_A4-6cm,sba,0.95,1.6449,5,True,-1.0,0.0,2024-11-01,2024-07-01,1.0,1.0,13393.82272727273,0.0,147332.05000000005,10000.0,15606.550000000003,0.0
ST_A4-6cm,sba,0.95,1.6449,10,True,-1.0,0.0,2024-11-01,2024-07-01,1.0,1.0,13393.82272727273,0.0,147332.05000000005,10000.0,15606.550000000003,0.0
ST_A4-6cm,sba,0.95,1.6449,20,True,-1.0,0.0,2024-11-01,2024-07-01,1.0,1.0,13393.82272727273,0.0,147332.05000000005,10000.0,15606.550000000003,0.0
ST_A4-6cm,sba,0.95,1.6449,50,True,-1.0,0.0,2024-11-01,2024-07-01,1.0,1.0,13393.82272727273,0.0,147332.05000000005,10000.0,15606.550000000003,0.0
ST_A4-6cm,sba,0.95,1.6449,10,False,-1.0,0.0,2024-11-01,2024-07-01,1.0,1.0,13387.124777081666,0.0,147258.37254789833,10000.0,15592.99304945033,0.0
ST_A4-6cm,sba,0.98,2.0537,2,True,-1.0,0.0,2024-11-01,2024-07-01,1.0,1.0,16208.331818181818,0.0,178291.65,10000.0,17890.15,0.0
ST_A4-6cm,sba,0.98,2.0537,5,True,-1.0,0.0,2024-11-01,2024-07-01,1.0,1.0,16208.331818181818,0.0,178291.65,10000.0,17890.15,0.0
ST_A4-6cm,sba,0.98,2.0537,10,True,-1.0,0.0,2024-11-01,2024-07-01,1.0,1.0,16208.331818181818,0.0,178291.65,10000.0,17890.15,0.0
ST_A4-6cm,sba,0.98,2.0537,20,True,-1.0,0.0,2024-11-01,2024-07-01,1.0,1.0,16208.331818181818,0.0,178291.65,10000.0,17890.15,0.0
ST_A4-6cm,sba,0.98,2.0537,50,True,-1.0,0.0,2024-11-01,2024-07-01,1.0,1.0,16208.331818181818,0.0,178291.65,10000.0,17890.15,0.0
ST_A4-6cm,sba,0.98,2.0537,10,False,-1.0,0.0,2024-11-01,2024-07-01,1.0,1.0,16197.195092588569,0.0,178169.14601847425,10000.0,17875.13952528623,0.0
ST_A4-6cm,ses,0.9,1.2816,2,True,-1.0,0.0,2024-11-01,2024-07-01,1.0,1.0,6581.692655409424,0.0,72398.61920950367,10000.0,11781.692655409424,0.0
ST_A4-6cm,ses,0.9,1.2816,5,True,-1.0,0.0,2024-11-01,2024-07-01,1.0,1.0,6581.692655409424,0.0,72398.61920950367,10000.0,11781.692655409424,0.0
ST_A4-6cm,ses,0.9,1.2816,10,True,-1.0,0.0,2024-11-01,2024-07-01,1.0,1.0,6581.692655409424,0.0,72398.61920950367,10000.0,11781.692655409424,0.0
ST_A4-6cm,ses,0.9,1.2816,20,True,-1.0,0.0,2024-11-01,2024-07-01,1.0,1.0,6581.692655409424,0.0,72398.61920950367,10000.0,11781.692655409424,0.0
ST_A4-6cm,ses,0.9,1.2816,50,True,-1.0,0.0,2024-11-01,2024-07-01,1.0,1.0,6581.692655409424,0.0,72398.61920950367,10000.0,11781.692655409424,0.0
ST_A4-6cm,ses,0.9,1.2816,10,False,-1.0,0.0,2024-11-01,2024-07-01,1.0,1.0,6570.857802044857,0.0,72279.43582249343,10000.0,11775.05431961221,0.0
ST_A4-6cm,ses,0.95,1.6449,2,True,-1.0,0.0,2024-11-01,2024-07-01,1.0,1.0,8688.96082720634,0.0,95578.56909926973,10000.0,13898.05173629725,0.0
ST_A4-6cm,ses,0.95,1.6449,5,True,-1.0,0.0,2024-11-01,2024-07-01,1.0,1.0,8688.96082720634,0.0,95578.56909926973,10000.0,13898.05173629725,0.0
ST_A4-6cm,ses,0.95,1.6449,10,True,-1.0,0.0,2024-11-01,2024-07-01,1.0,1.0,8688.96082720634,0.0,95578.56909926973,10000.0,13898.05173629725,0.0
ST_A4-6cm,ses,0.95,1.6449,20,True,-1.0,0.0,2024-11-01,2024-07-01,1.0,1.0,8688.96082720634,0.0,95578.56909926973,10000.0,13898.05173629725,0.0
ST_A4-6cm,ses,0.95,1.6449,50,True,-1.0,0.0,2024-11-01,2024-07-01,1.0,1.0,8688.96082720634,0.0,95578.56909926973,10000.0,13898.05173629725,0.0
ST_A4-6cm,ses,0.95,1.6449,10,False,-1.0,0.0,2024-11-01,2024-07-01,1.0,1.0,8675.2500076329,0.0,95427.75008396189,10000.0,13887.506029538037,0.0
ST_A4-6cm,ses,0.98,2.0537,2,True,-1.0,0.0,2024-11-01,2024-07-01,1.0,1.0,11053.46086847861,0.0,121588.06955326472,10000.0,16271.642686660429,0.0
ST_A4-6cm,ses,0.98,2.0537,5,True,-1.0,0.0,2024-11-01,2024-07-01,1.0,1.0,11053.46086847861,0.0,121588.06955326472,10000.0,16271.642686660429,0.0
ST_A4-6cm,ses,0.98,2.0537,10,True,-1.0,0.0,2024-11-01,2024-07-01,1.0,1.0,11053.46086847861,0.0,121588.06955326472,10000.0,16271.642686660429,0.0
ST_A4-6cm,ses,0.98,2.0537,20,True,-1.0,0.0,2024-11-01,2024-07-01,1.0,1.0,11053.46086847861,0.0,121588.06955326472,10000.0,16271.642686660429,0.0
ST_A4-6cm,ses,0.98,2.0537,50,True,-1.0,0.0,2024-11-01,2024-07-01,1.0,1.0,11053.46086847861,0.0,121588.06955326472,10000.0,16271.642686660429,0.0
ST_A4-6cm,ses,0.98,2.0537,10,False,-1.0,0.0,2024-11-01,2024-07-01,1.0,1.0,11043.198077119252,0.0,121475.17884831177,10000.0,16264.522982518158,0.0
ST_A4-6cm,tsb,0.9,1.2816,2,True,-1.0,0.0,2024-11-01,2024-07-01,1.0,1.0,8320.88458234706,0.0,91529.73040581767,10000.0,14166.339127801606,0.0
ST_A4-6cm,tsb,0.9,1.2816,5,True,-1.0,0.0,2024-11-01,2024-07-01,1.0,1.0,8320.88458234706,0.0,91529.73040581767,10000.0,14166.339127801606,0.0
ST_A4-6cm,tsb,0.9,1.2816,10,True,-1.0,0.0,2024-11-01,2024-07-01,1.0,1.0,8320.88458234706,0.0,91529.73040581767,10000.0,14166.339127801606,0.0
ST_A4-6cm,tsb,0.9,1.2816,20,True,-1.0,0.0,2024-11-01,2024-07-01,1.0,1.0,8320.88458234706,0.0,91529.73040581767,10000.0,14166.339127801606,0.0
ST_A4-6cm,tsb,0.9,1.2816,50,True,-1.0,0.0,2024-11-01,2024-07-01,1.0,1.0,8320.88458234706,0.0,91529.73040581767,10000.0,14166.339127801606,0.0
ST_A4-6cm,tsb,0.9,1.2816,10,False,-1.0,0.0,2024-11-01,2024-07-01,1.0,1.0,8308.255405560813,0.0,91390.80946116893,10000.0,14157.61119251427,0.0
ST_A4-6cm,tsb,0.95,1.6449,2,True,-1.0,0.0,2024-11-01,2024-07-01,1.0,1.0,10608.280025764494,0.0,116691.08028340944,10000.0,16490.098207582676,0.0
ST_A4-6cm,tsb,0.95,1.6449,5,True,-1.0,0.0,2024-11-01,2024-07-01,1.0,1.0,10608.280025764494,0.0,116691.08028340944,10000.0,16490.098207582676,0.0
ST_A4-6cm,tsb,0.95,1.6449,10,True,-1.0,0.0,2024-11-01,2024-07-01,1.0,1.0,10608.280025764494,0.0,116691.08028340944,10000.0,16490.098207582676,0.0
ST_A4-6cm,tsb,0.95,1.6449,20,True,-1.0,0.0,2024-11-01,2024-07-01,1.0,1.0,10608.280025764494,0.0,116691.08028340944,10000.0,16490.098207582676,0.0
ST_A4-6cm,tsb,0.95,1.6449,50,True,-1.0,0.0,2024-11-01,2024-07-01,1.0,1.0,10608.280025764494,0.0,116691.08028340944,10000.0,16490.098207582676,0.0
ST_A4-6cm,tsb,0.95,1.6449,10,False,-1.0,0.0,2024-11-01,2024-07-01,1.0,1.0,10606.007985457834,0.0,116666.08784003617,10000.0,16489.307190250933,0.0
ST_A4-6cm,tsb,0.98,2.0537,2,True,-1.0,0.0,2024-11-01,2024-07-01,1.0,1.0,13198.805219058162,0.0,145186.85740963978,10000.0,19116.987037239982,0.0
ST_A4-6cm,tsb,0.98,2.0537,5,True,-1.0,0.0,2024-11-01,2024-07-01,1.0,1.0,13198.805219058162,0.0,145186.85740963978,10000.0,19116.987037239982,0.0
ST_A4-6cm,tsb,0.98,2.0537,10,True,-1.0,0.0,2024-11-01,2024-07-01,1.0,1.0,13198.805219058162,0.0,145186.85740963978,10000.0,19116.987037239982,0.0
ST_A4-6cm,tsb,0.98,2.0537,20,True,-1.0,0.0,2024-11-01,2024-07-01,1.0,1.0,13198.805219058162,0.0,145186.85740963978,10000.0,19116.987037239982,0.0
ST_A4-6cm,tsb,0.98,2.0537,50,True,-1.0,0.0,2024-11-01,2024-07-01,1.0,1.0,13198.805219058162,0.0,145186.85740963978,10000.0,19116.987037239982,0.0
ST_A4-6cm,tsb,0.98,2.0537,10,False,-1.0,0.0,2024-11-01,2024-07-01,1.0,1.0,13191.533046459494,0.0,145106.86351105443,10000.0,19113.02677151916,0.0
ST_A4-6cm,xgb,0.9,1.2816,2,True,-1.0,0.0,2024-11-01,2024-07-01,0.8281674741789203,0.75,4535.458950066838,777.4205719139983,66993.30103284318,10000.0,8321.674741789204,0.0
ST_A4-6cm,xgb,0.9,1.2816,5,True,-1.0,0.0,2024-11-01,2024-07-01,0.8281674741789203,0.75,4535.458950066838,777.4205719139983,92648.17990600513,10000.0,8321.674741789204,0.0
ST_A4-6cm,xgb,0.9,1.2816,10,True,-1.0,0.0,2024-11-01,2024-07-01,0.8281674741789203,0.75,4535.458950066838,777.4205719139983,135406.31136127503,10000.0,8321.674741789204,0.0
ST_A4-6cm,xgb,0.9,1.2816,20,True,-1.0,0.0,2024-11-01,2024-07-01,0.8281674741789203,0.75,4535.458950066838,777.4205719139983,220922.57427181484,10000.0,8321.674741789204,0.0
ST_A4-6cm,xgb,0.9,1.2816,50,True,-1.0,0.0,2024-11-01,2024-07-01,0.8281674741789203,0.75,4535.458950066838,777.4205719139983,477471.36300343426,10000.0,8321.674741789204,0.0
ST_A4-6cm,xgb,0.9,1.2816,10,False,-1.0,0.0,2024-11-01,2024-07-01,0.8271644328068137,0.75,4528.579827534241,780.8057793301979,135703.01382919843,10000.0,8304.040343040906,0.0
ST_A4-6cm,xgb,0.95,1.6449,2,True,-1.0,0.0,2024-11-01,2024-07-01,1.0,1.0,6105.74356306308,0.0,67163.17919369388,10000.0,10662.107199426717,0.0
ST_A4-6cm,xgb,0.95,1.6449,5,True,-1.0,0.0,2024-11-01,2024-07-01,1.0,1.0,6105.74356306308,0.0,67163.17919369388,10000.0,10662.107199426717,0.0
ST_A4-6cm,xgb,0.95,1.6449,10,True,-1.0,0.0,2024-11-01,2024-07-01,1.0,1.0,6105.74356306308,0.0,67163.17919369388,10000.0,10662.107199426717,0.0
ST_A4-6cm,xgb,0.95,1.6449,20,True,-1.0,0.0,2024-11-01,2024-07-01,1.0,1.0,6105.74356306308,0.0,67163.17919369388,10000.0,10662.107199426717,0.0
ST_A4-6cm,xgb,0.95,1.6449,50,True,-1.0,0.0,2024-11-01,2024-07-01,1.0,1.0,6105.74356306308,0.0,67163.17919369388,10000.0,10662.107199426717,0.0
ST_A4-6cm,xgb,0.95,1.6449,10,False,-1.0,0.0,2024-11-01,2024-07-01,1.0,1.0,6092.57560196083,0.0,67018.33162156913,10000.0,10649.114816750767,0.0
ST_A4-6cm,xgb,0.98,2.0537,2,True,-1.0,0.0,2024-11-01,2024-07-01,1.0,1.0,8738.957454789015,0.0,96128.53200267917,10000.0,13302.593818425381,0.0
ST_A4-6cm,xgb,0.98,2.0537,5,True,-1.0,0.0,2024-11-01,2024-07-01,1.0,1.0,8738.957454789015,0.0,96128.53200267917,10000.0,13302.593818425381,0.0
ST_A4-6cm,xgb,0.98,2.0537,10,True,-1.0,0.0,2024-11-01,2024-07-01,1.0,1.0,8738.957454789015,0.0,96128.53200267917,10000.0,13302.593818425381,0.0
ST_A4-6cm,xgb,0.98,2.0537,20,True,-1.0,0.0,2024-11-01,2024-07-01,1.0,1.0,8738.957454789015,0.0,96128.53200267917,10000.0,13302.593818425381,0.0
ST_A4-6cm,xgb,0.98,2.0537,50,True,-1.0,0.0,2024-11-01,2024-07-01,1.0,1.0,8738.957454789015,0.0,96128.53200267917,10000.0,13302.593818425381,0.0
ST_A4-6cm,xgb,0.98,2.0537,10,False,-1.0,0.0,2024-11-01,2024-07-01,1.0,1.0,8731.042090195828,0.0,96041.4629921541,10000.0,13287.888405665139,0.0
ST_Reg3-4cm,arima,0.9,1.2816,2,True,-1.0,0.0,2024-11-01,2024-07-01,,1.0,10867.75729851476,0.0,119545.33028366236,0.0,10867.757298514762,0.0
ST_Reg3-4cm,arima,0.9,1.2816,5,True,-1.0,0.0,2024-11-01,2024-07-01,,1.0,10867.75729851476,0.0,119545.33028366236,0.0,10867.757298514762,0.0
ST_Reg3-4cm,arima,0.9,1.2816,10,True,-1.0,0.0,2024-11-01,2024-07-01,,1.0,10867.75729851476,0.0,119545.33028366236,0.0,10867.757298514762,0.0
ST_Reg3-4cm,arima,0.9,1.2816,20,True,-1.0,0.0,2024-11-01,2024-07-01,,1.0,10867.75729851476,0.0,119545.33028366236,0.0,10867.757298514762,0.0
ST_Reg3-4cm,arima,0.9,1.2816,50,True,-1.0,0.0,2024-11-01,2024-07-01,,1.0,10867.75729851476,0.0,119545.33028366236,0.0,10867.757298514762,0.0
ST_Reg3-4cm,arima,0.9,1.2816,10,False,-1.0,0.0,2024-11-01,2024-07-01,,1.0,10867.75729851476,0.0,119545.33028366236,0.0,10867.757298514762,0.0
ST_Reg3-4cm,arima,0.95,1.6449,2,True,-1.0,0.0,2024-11-01,2024-07-01,,1.0,12836.659091731492,0.0,141203.2500090464,0.0,12836.65909173149,0.0
ST_Reg3-4cm,arima,0.95,1.6449,5,True,-1.0,0.0,2024-11-01,2024-07-01,,1.0,12836.659091731492,0.0,141203.2500090464,0.0,12836.65909173149,0.0
ST_Reg3-4cm,arima,0.95,1.6449,10,True,-1.0,0.0,2024-11-01,2024-07-01,,1.0,12836.659091731492,0.0,141203.2500090464,0.0,12836.65909173149,0.0
ST_Reg3-4cm,arima,0.95,1.6449,20,True,-1.0,0.0,2024-11-01,2024-07-01,,1.0,12836.659091731492,0.0,141203.2500090464,0.0,12836.65909173149,0.0
ST_Reg3-4cm,arima,0.95,1.6449,50,True,-1.0,0.0,2024-11-01,2024-07-01,,1.0,12836.659091731492,0.0,141203.2500090464,0.0,12836.65909173149,0.0
ST_Reg3-4cm,arima,0.95,1.6449,10,False,-1.0,0.0,2024-11-01,2024-07-01,,1.0,12836.659091731492,0.0,141203.2500090464,0.0,12836.65909173149,0.0
ST_Reg3-4cm,arima,0.98,2.0537,2,True,-1.0,0.0,2024-11-01,2024-07-01,,1.0,15052.147814734513,0.0,165573.62596207965,0.0,15052.147814734513,0.0
ST_Reg3-4cm,arima,0.98,2.0537,5,True,-1.0,0.0,2024-11-01,2024-07-01,,1.0,15052.147814734513,0.0,165573.62596207965,0.0,15052.147814734513,0.0
ST_Reg3-4cm,arima,0.98,2.0537,10,True,-1.0,0.0,2024-11-01,2024-07-01,,1.0,15052.147814734513,0.0,165573.62596207965,0.0,15052.147814734513,0.0
ST_Reg3-4cm,arima,0.98,2.0537,20,True,-1.0,0.0,2024-11-01,2024-07-01,,1.0,15052.147814734513,0.0,165573.62596207965,0.0,15052.147814734513,0.0
ST_Reg3-4cm,arima,0.98,2.0537,50,True,-1.0,0.0,2024-11-01,2024-07-01,,1.0,15052.147814734513,0.0,165573.62596207965,0.0,15052.147814734513,0.0
ST_Reg3-4cm,arima,0.98,2.0537,10,False,-1.0,0.0,2024-11-01,2024-07-01,,1.0,15052.147814734513,0.0,165573.62596207965,0.0,15052.147814734513,0.0
ST_Reg3-4cm,croston,0.9,1.2816,2,True,-1.0,0.0,2024-11-01,2024-07-01,,1.0,14846.027397260275,0.0,163306.30136986304,0.0,14846.027397260275,0.0
ST_Reg3-4cm,croston,0.9,1.2816,5,True,-1.0,0.0,2024-11-01,2024-07-01,,1.0,14846.027397260275,0.0,163306.30136986304,0.0,14846.027397260275,0.0
ST_Reg3-4cm,croston,0.9,1.2816,10,True,-1.0,0.0,2024-11-01,2024-07-01,,1.0,14846.027397260275,0.0,163306.30136986304,0.0,14846.027397260275,0.0
ST_Reg3-4cm,croston,0.9,1.2816,20,True,-1.0,0.0,2024-11-01,2024-07-01,,1.0,14846.027397260275,0.0,163306.30136986304,0.0,14846.027397260275,0.0
ST_Reg3-4cm,croston,0.9,1.2816,50,True,-1.0,0.0,2024-11-01,2024-07-01,,1.0,14846.027397260275,0.0,163306.30136986304,0.0,14846.027397260275,0.0
ST_Reg3-4cm,croston,0.9,1.2816,10,False,-1.0,0.0,2024-11-01,2024-07-01,,1.0,14846.027397260275,0.0,163306.30136986304,0.0,14846.027397260275,0.0
ST_Reg3-4cm,croston,0.95,1.6449,2,True,-1.0,0.0,2024-11-01,2024-07-01,,1.0,17209.965753424654,0.0,189309.62328767122,0.0,17209.965753424658,0.0
ST_Reg3-4cm,croston,0.95,1.6449,5,True,-1.0,0.0,2024-11-01,2024-07-01,,1.0,17209.965753424654,0.0,189309.62328767122,0.0,17209.965753424658,0.0
ST_Reg3-4cm,croston,0.95,1.6449,10,True,-1.0,0.0,2024-11-01,2024-07-01,,1.0,17209.965753424654,0.0,189309.62328767122,0.0,17209.965753424658,0.0
ST_Reg3-4cm,croston,0.95,1.6449,20,True,-1.0,0.0,2024-11-01,2024-07-01,,1.0,17209.965753424654,0.0,189309.62328767122,0.0,17209.965753424658,0.0
ST_Reg3-4cm,croston,0.95,1.6449,50,True,-1.0,0.0,2024-11-01,2024-07-01,,1.0,17209.965753424654,0.0,189309.62328767122,0.0,17209.965753424658,0.0
ST_Reg3-4cm,croston,0.95,1.6449,10,False,-1.0,0.0,2024-11-01,2024-07-01,,1.0,17209.965753424654,0.0,189309.62328767122,0.0,17209.965753424658,0.0
ST_Reg3-4cm,croston,0.98,2.0537,2,True,-1.0,0.0,2024-11-01,2024-07-01,,1.0,19869.965753424654,0.0,218569.62328767122,0.0,19869.965753424658,0.0
ST_Reg3-4cm,croston,0.98,2.0537,5,True,-1.0,0.0,2024-11-01,2024-07-01,,1.0,19869.965753424654,0.0,218569.62328767122,0.0,19869.965753424658,0.0
ST_Reg3-4cm,croston,0.98,2.0537,10,True,-1.0,0.0,2024-11-01,2024-07-01,,1.0,19869.965753424654,0.0,218569.62328767122,0.0,19869.965753424658,0.0
ST_Reg3-4cm,croston,0.98,2.0537,20,True,-1.0,0.0,2024-11-01,2024-07-01,,1.0,19869.965753424654,0.0,218569.62328767122,0.0,19869.965753424658,0.0
ST_Reg3-4cm,croston,0.98,2.0537,50,True,-1.0,0.0,2024-11-01,2024-07-01,,1.0,19869.965753424654,0.0,218569.62328767122,0.0,19869.965753424658,0.0
ST_Reg3-4cm,croston,0.98,2.0537,10,False,-1.0,0.0,2024-11-01,2024-07-01,,1.0,19869.965753424654,0.0,218569.62328767122,0.0,19869.965753424658,0.0
ST_Reg3-4cm,hybrid,0.9,1.2816,2,True,-1.0,0.0,2024-11-01,2024-07-01,,1.0,7661.1851011090175,0.0,84273.03611219919,0.0,7661.1851011090175,0.0
ST_Reg3-4cm,hybrid,0.9,1.2816,5,True,-1.0,0.0,2024-11-01,2024-07-01,,1.0,7661.1851011090175,0.0,84273.03611219919,0.0,7661.1851011090175,0.0
ST_Reg3-4cm,hybrid,0.9,1.2816,10,True,-1.0,0.0,2024-11-01,2024-07-01,,1.0,7661.1851011090175,0.0,84273.03611219919,0.0,7661.1851011090175,0.0
ST_Reg3-4cm,hybrid,0.9,1.2816,20,True,-1.0,0.0,2024-11-01,2024-07-01,,1.0,7661.1851011090175,0.0,84273.03611219919,0.0,7661.1851011090175,0.0
ST_Reg3-4cm,hybrid,0.9,1.2816,50,True,-1.0,0.0,2024-11-01,2024-07-01,,1.0,7661.1851011090175,0.0,84273.03611219919,0.0,7661.1851011090175,0.0
ST_Reg3-4cm,hybrid,0.9,1.2816,10,False,-1.0,0.0,2024-11-01,2024-07-01,,1.0,7661.1851011090175,0.0,84273.03611219919,0.0,7661.1851011090175,0.0
ST_Reg3-4cm,hybrid,0.95,1.6449,2,True,-1.0,0.0,2024-11-01,2024-07-01,,1.0,9658.500253544056,0.0,106243.50278898461,0.0,9658.500253544054,0.0
ST_Reg3-4cm,hybrid,0.95,1.6449,5,True,-1.0,0.0,2024-11-01,2024-07-01,,1.0,9658.500253544056,0.0,106243.50278898461,0.0,9658.500253544054,0.0
ST_Reg3-4cm,hybrid,0.95,1.6449,10,True,-1.0,0.0,2024-11-01,2024-07-01,,1.0,9658.500253544056,0.0,106243.50278898461,0.0,9658.500253544054,0.0
ST_Reg3-4cm,hybrid,0.95,1.6449,20,True,-1.0,0.0,2024-11-01,2024-07-01,,1.0,9658.500253544056,0.0,106243.50278898461,0.0,9658.500253544054,0.0
ST_Reg3-4cm,hybrid,0.95,1.6449,50,True,-1.0,0.0,2024-11-01,2024-07-01,,1.0,9658.500253544056,0.0,106243.50278898461,0.0,9658.500253544054,0.0
ST_Reg3-4cm,hybrid,0.95,1.6449,10,False,-1.0,0.0,2024-11-01,2024-07-01,,1.0,9658.500253544056,0.0,106243.50278898461,0.0,9658.500253544054,0.0
ST_Reg3-4cm,hybrid,0.98,2.0537,2,True,-1.0,0.0,2024-11-01,2024-07-01,,1.0,11905.960848962288,0.0,130965.56933858516,0.0,11905.960848962286,0.0
ST_Reg3-4cm,hybrid,0.98,2.0537,5,True,-1.0,0.0,2024-11-01,2024-07-01,,1.0,11905.960848962288,0.0,130965.56933858516,0.0,11905.960848962286,0.0
ST_Reg3-4cm,hybrid,0.98,2.0537,10,True,-1.0,0.0,2024-11-01,2024-07-01,,1.0,11905.960848962288,0.0,130965.56933858516,0.0,11905.960848962286,0.0
ST_Reg3-4cm,hybrid,0.98,2.0537,20,True,-1.0,0.0,2024-11-01,2024-07-01,,1.0,11905.960848962288,0.0,130965.56933858516,0.0,11905.960848962286,0.0
ST_Reg3-4cm,hybrid,0.98,2.0537,50,True,-1.0,0.0,2024-11-01,2024-07-01,,1.0,11905.960848962288,0.0,130965.56933858516,0.0,11905.960848962286,0.0
ST_Reg3-4cm,hybrid,0.98,2.0537,10,False,-1.0,0.0,2024-11-01,2024-07-01,,1.0,11905.960848962288,0.0,130965.56933858516,0.0,11905.960848962286,0.0
ST_Reg3-4cm,mitra,0.9,1.2816,2,True,-1.0,0.0,2024-11-01,2024-07-01,,1.0,2670.0000000000005,0.0,29370.000000000004,0.0,2670.0000000000005,0.0
ST_Reg3-4cm,mitra,0.9,1.2816,5,True,-1.0,0.0,2024-11-01,2024-07-01,,1.0,2670.0000000000005,0.0,29370.000000000004,0.0,2670.0000000000005,0.0
ST_Reg3-4cm,mitra,0.9,1.2816,10,True,-1.0,0.0,2024-11-01,2024-07-01,,1.0,2670.0000000000005,0.0,29370.000000000004,0.0,2670.0000000000005,0.0
ST_Reg3-4cm,mitra,0.9,1.2816,20,True,-1.0,0.0,2024-11-01,2024-07-01,,1.0,2670.0000000000005,0.0,29370.000000000004,0.0,2670.0000000000005,0.0
ST_Reg3-4cm,mitra,0.9,1.2816,50,True,-1.0,0.0,2024-11-01,2024-07-01,,1.0,2670.0000000000005,0.0,29370.000000000004,0.0,2670.0000000000005,0.0
ST_Reg3-4cm,mitra,0.9,1.2816,10,False,-1.0,0.0,2024-11-01,2024-07-01,,1.0,2670.0000000000005,0.0,29370.000000000004,0.0,2670.0000000000005,0.0
ST_Reg3-4cm,mitra,0.95,1.6449,2,True,-1.0,0.0,2024-11-01,2024-07-01,,1.0,3426.8750000000005,0.0,37695.62500000001,0.0,3426.8750000000005,0.0
ST_Reg3-4cm,mitra,0.95,1.6449,5,True,-1.0,0.0,2024-11-01,2024-07-01,,1.0,3426.8750000000005,0.0,37695.62500000001,0.0,3426.8750000000005,0.0
ST_Reg3-4cm,mitra,0.95,1.6449,10,True,-1.0,0.0,2024-11-01,2024-07-01,,1.0,3426.8750000000005,0.0,37695.62500000001,0.0,3426.8750000000005,0.0
ST_Reg3-4cm,mitra,0.95,1.6449,20,True,-1.0,0.0,2024-11-01,2024-07-01,,1.0,3426.8750000000005,0.0,37695.62500000001,0.0,3426.8750000000005,0.0
ST_Reg3-4cm,mitra,0.95,1.6449,50,True,-1.0,0.0,2024-11-01,2024-07-01,,1.0,3426.8750000000005,0.0,37695.62500000001,0.0,3426.8750000000005,0.0
ST_Reg3-4cm,mitra,0.95,1.6449,10,False,-1.0,0.0,2024-11-01,2024-07-01,,1.0,3426.8750000000005,0.0,37695.62500000001,0.0,3426.8750000000005,0.0
ST_Reg3-4cm,mitra,0.98,2.0537,2,True,-1.0,0.0,2024-11-01,2024-07-01,,1.0,4278.541666666666,0.0,47063.95833333333,0.0,4278.541666666667,0.0
ST_Reg3-4cm,mitra,0.98,2.0537,5,True,-1.0,0.0,2024-11-01,2024-07-01,,1.0,4278.541666666666,0.0,47063.95833333333,0.0,4278.541666666667,0.0
ST_Reg3-4cm,mitra,0.98,2.0537,10,True,-1.0,0.0,2024-11-01,2024-07-01,,1.0,4278.541666666666,0.0,47063.95833333333,0.0,4278.541666666667,0.0
ST_Reg3-4cm,mitra,0.98,2.0537,20,True,-1.0,0.0,2024-11-01,2024-07-01,,1.0,4278.541666666666,0.0,47063.95833333333,0.0,4278.541666666667,0.0
ST_Reg3-4cm,mitra,0.98,2.0537,50,True,-1.0,0.0,2024-11-01,2024-07-01,,1.0,4278.541666666666,0.0,47063.95833333333,0.0,4278.541666666667,0.0
ST_Reg3-4cm,mitra,0.98,2.0537,10,False,-1.0,0.0,2024-11-01,2024-07-01,,1.0,4278.541666666666,0.0,47063.95833333333,0.0,4278.541666666667,0.0
ST_Reg3-4cm,naive,0.9,1.2816,2,True,-1.0,0.0,2024-11-01,2024-07-01,,1.0,0.0,0.0,0.0,0.0,0.0,0.0
ST_Reg3-4cm,naive,0.9,1.2816,5,True,-1.0,0.0,2024-11-01,2024-07-01,,1.0,0.0,0.0,0.0,0.0,0.0,0.0
ST_Reg3-4cm,naive,0.9,1.2816,10,True,-1.0,0.0,2024-11-01,2024-07-01,,1.0,0.0,0.0,0.0,0.0,0.0,0.0
ST_Reg3-4cm,naive,0.9,1.2816,20,True,-1.0,0.0,2024-11-01,2024-07-01,,1.0,0.0,0.0,0.0,0.0,0.0,0.0
ST_Reg3-4cm,naive,0.9,1.2816,50,True,-1.0,0.0,2024-11-01,2024-07-01,,1.0,0.0,0.0,0.0,0.0,0.0,0.0
ST_Reg3-4cm,naive,0.9,1.2816,10,False,-1.0,0.0,2024-11-01,2024-07-01,,1.0,0.0,0.0,0.0,0.0,0.0,0.0
ST_Reg3-4cm,naive,0.95,1.6449,2,True,-1.0,0.0,2024-11-01,2024-07-01,,1.0,0.0,0.0,0.0,0.0,0.0,0.0
ST_Reg3-4cm,naive,0.95,1.6449,5,True,-1.0,0.0,2024-11-01,2024-07-01,,1.0,0.0,0.0,0.0,0.0,0.0,0.0
ST_Reg3-4cm,naive,0.95,1.6449,10,True,-1.0,0.0,2024-11-01,2024-07-01,,1.0,0.0,0.0,0.0,0.0,0.0,0.0
ST_Reg3-4cm,naive,0.95,1.6449,20,True,-1.0,0.0,2024-11-01,2024-07-01,,1.0,0.0,0.0,0.0,0.0,0.0,0.0
ST_Reg3-4cm,naive,0.95,1.6449,50,True,-1.0,0.0,2024-11-01,2024-07-01,,1.0,0.0,0.0,0.0,0.0,0.0,0.0
ST_Reg3-4cm,naive,0.95,1.6449,10,False,-1.0,0.0,2024-11-01,2024-07-01,,1.0,0.0,0.0,0.0,0.0,0.0,0.0
ST_Reg3-4cm,naive,0.98,2.0537,2,True,-1.0,0.0,2024-11-01,2024-07-01,,1.0,0.0,0.0,0.0,0.0,0.0,0.0
ST_Reg3-4cm,naive,0.98,2.0537,5,True,-1.0,0.0,2024-11-01,2024-07-01,,1.0,0.0,0.0,0.0,0.0,0.0,0.0
ST_Reg3-4cm,naive,0.98,2.0537,10,True,-1.0,0.0,2024-11-01,2024-07-01,,1.0,0.0,0.0,0.0,0.0,0.0,0.0
ST_Reg3-4cm,naive,0.98,2.0537,20,True,-1.0,0.0,2024-11-01,2024-07-01,,1.0,0.0,0.0,0.0,0.0,0.0,0.0
ST_Reg3-4cm,naive,0.98,2.0537,50,True,-1.0,0.0,2024-11-01,2024-07-01,,1.0,0.0,0.0,0.0,0.0,0.0,0.0
ST_Reg3-4cm,naive,0.98,2.0537,10,False,-1.0,0.0,2024-11-01,2024-07-01,,1.0,0.0,0.0,0.0,0.0,0.0,0.0
ST_Reg3-4cm,rf,0.9,1.2816,2,True,-1.0,0.0,2024-11-01,2024-07-01,,1.0,9091.724193110525,0.0,100008.96612421579,0.0,9091.724193110527,0.0
ST_Reg3-4cm,rf,0.9,1.2816,5,True,-1.0,0.0,2024-11-01,2024-07-01,,1.0,9091.724193110525,0.0,100008.96612421579,0.0,9091.724193110527,0.0
ST_Reg3-4cm,rf,0.9,1.2816,10,True,-1.0,0.0,2024-11-01,2024-07-01,,1.0,9091.724193110525,0.0,100008.96612421579,0.0,9091.724193110527,0.0
ST_Reg3-4cm,rf,0.9,1.2816,20,True,-1.0,0.0,2024-11-01,2024-07-01,,1.0,9091.724193110525,0.0,100008.96612421579,0.0,9091.724193110527,0.0
ST_Reg3-4cm,rf,0.9,1.2816,50,True,-1.0,0.0,2024-11-01,2024-07-01,,1.0,9091.724193110525,0.0,100008.96612421579,0.0,9091.724193110527,0.0
ST_Reg3-4cm,rf,0.9,1.2816,10,False,-1.0,0.0,2024-11-01,2024-07-01,,1.0,9091.724193110525,0.0,100008.96612421579,0.0,9091.724193110527,0.0
ST_Reg3-4cm,rf,0.95,1.6449,2,True,-1.0,0.0,2024-11-01,2024-07-01,,1.0,10823.171907964657,0.0,119054.89098761123,0.0,10823.171907964657,0.0
ST_Reg3-4cm,rf,0.95,1.6449,5,True,-1.0,0.0,2024-11-01,2024-07-01,,1.0,10823.171907964657,0.0,119054.89098761123,0.0,10823.171907964657,0.0
ST_Reg3-4cm,rf,0.95,1.6449,10,True,-1.0,0.0,2024-11-01,2024-07-01,,1.0,10823.171907964657,0.0,119054.89098761123,0.0,10823.171907964657,0.0
ST_Reg3-4cm,rf,0.95,1.6449,20,True,-1.0,0.0,2024-11-01,2024-07-01,,1.0,10823.171907964657,0.0,119054.89098761123,0.0,10823.171907964657,0.0
ST_Reg3-4cm,rf,0.95,1.6449,50,True,-1.0,0.0,2024-11-01,2024-07-01,,1.0,10823.171907964657,0.0,119054.89098761123,0.0,10823.171907964657,0.0
ST_Reg3-4cm,rf,0.95,1.6449,10,False,-1.0,0.0,2024-11-01,2024-07-01,,1.0,10823.171907964657,0.0,119054.89098761123,0.0,10823.171907964657,0.0
ST_Reg3-4cm,rf,0.98,2.0537,2,True,-1.0,0.0,2024-11-01,2024-07-01,,1.0,12771.467602521136,0.0,140486.1436277325,0.0,12771.467602521136,0.0
ST_Reg3-4cm,rf,0.98,2.0537,5,True,-1.0,0.0,2024-11-01,2024-07-01,,1.0,12771.467602521136,0.0,140486.1436277325,0.0,12771.467602521136,0.0
ST_Reg3-4cm,rf,0.98,2.0537,10,True,-1.0,0.0,2024-11-01,2024-07-01,,1.0,12771.467602521136,0.0,140486.1436277325,0.0,12771.467602521136,0.0
ST_Reg3-4cm,rf,0.98,2.0537,20,True,-1.0,0.0,2024-11-01,2024-07-01,,1.0,12771.467602521136,0.0,140486.1436277325,0.0,12771.467602521136,0.0
ST_Reg3-4cm,rf,0.98,2.0537,50,True,-1.0,0.0,2024-11-01,2024-07-01,,1.0,12771.467602521136,0.0,140486.1436277325,0.0,12771.467602521136,0.0
ST_Reg3-4cm,rf,0.98,2.0537,10,False,-1.0,0.0,2024-11-01,2024-07-01,,1.0,12771.467602521136,0.0,140486.1436277325,0.0,12771.467602521136,0.0
ST_Reg3-4cm,sba,0.9,1.2816,2,True,-1.0,0.0,2024-11-01,2024-07-01,,1.0,14103.726027397262,0.0,155140.98630136988,0.0,14103.72602739726,0.0
ST_Reg3-4cm,sba,0.9,1.2816,5,True,-1.0,0.0,2024-11-01,2024-07-01,,1.0,14103.726027397262,0.0,155140.98630136988,0.0,14103.72602739726,0.0
ST_Reg3-4cm,sba,0.9,1.2816,10,True,-1.0,0.0,2024-11-01,2024-07-01,,1.0,14103.726027397262,0.0,155140.98630136988,0.0,14103.72602739726,0.0
ST_Reg3-4cm,sba,0.9,1.2816,20,True,-1.0,0.0,2024-11-01,2024-07-01,,1.0,14103.726027397262,0.0,155140.98630136988,0.0,14103.72602739726,0.0
ST_Reg3-4cm,sba,0.9,1.2816,50,True,-1.0,0.0,2024-11-01,2024-07-01,,1.0,14103.726027397262,0.0,155140.98630136988,0.0,14103.72602739726,0.0
ST_Reg3-4cm,sba,0.9,1.2816,10,False,-1.0,0.0,2024-11-01,2024-07-01,,1.0,14103.726027397262,0.0,155140.98630136988,0.0,14103.72602739726,0.0
ST_Reg3-4cm,sba,0.95,1.6449,2,True,-1.0,0.0,2024-11-01,2024-07-01,,1.0,16349.467465753427,0.0,179844.1421232877,0.0,16349.467465753425,0.0
ST_Reg3-4cm,sba,0.95,1.6449,5,True,-1.0,0.0,2024-11-01,2024-07-01,,1.0,16349.467465753427,0.0,179844.1421232877,0.0,16349.467465753425,0.0
ST_Reg3-4cm,sba,0.95,1.6449,10,True,-1.0,0.0,2024-11-01,2024-07-01,,1.0,16349.467465753427,0.0,179844.1421232877,0.0,16349.467465753425,0.0
ST_Reg3-4cm,sba,0.95,1.6449,20,True,-1.0,0.0,2024-11-01,2024-07-01,,1.0,16349.467465753427,0.0,179844.1421232877,0.0,16349.467465753425,0.0
ST_Reg3-4cm,sba,0.95,1.6449,50,True,-1.0,0.0,2024-11-01,2024-07-01,,1.0,16349.467465753427,0.0,179844.1421232877,0.0,16349.467465753425,0.0
ST_Reg3-4cm,sba,0.95,1.6449,10,False,-1.0,0.0,2024-11-01,2024-07-01,,1.0,16349.467465753427,0.0,179844.1421232877,0.0,16349.467465753425,0.0
ST_Reg3-4cm,sba,0.98,2.0537,2,True,-1.0,0.0,2024-11-01,2024-07-01,,1.0,18876.46746575343,0.0,207641.14212328772,0.0,18876.467465753427,0.0
ST_Reg3-4cm,sba,0.98,2.0537,5,True,-1.0,0.0,2024-11-01,2024-07-01,,1.0,18876.46746575343,0.0,207641.14212328772,0.0,18876.467465753427,0.0
ST_Reg3-4cm,sba,0.98,2.0537,10,True,-1.0,0.0,2024-11-01,2024-07-01,,1.0,18876.46746575343,0.0,207641.14212328772,0.0,18876.467465753427,0.0
ST_Reg3-4cm,sba,0.98,2.0537,20,True,-1.0,0.0,2024-11-01,2024-07-01,,1.0,18876.46746575343,0.0,207641.14212328772,0.0,18876.467465753427,0.0
ST_Reg3-4cm,sba,0.98,2.0537,50,True,-1.0,0.0,2024-11-01,2024-07-01,,1.0,18876.46746575343,0.0,207641.14212328772,0.0,18876.467465753427,0.0
ST_Reg3-4cm,sba,0.98,2.0537,10,False,-1.0,0.0,2024-11-01,2024-07-01,,1.0,18876.46746575343,0.0,207641.14212328772,0.0,18876.467465753427,0.0
ST_Reg3-4cm,ses,0.9,1.2816,2,True,-1.0,0.0,2024-11-01,2024-07-01,,1.0,5905.873195827205,0.0,64964.605154099256,0.0,5905.873195827206,0.0
ST_Reg3-4cm,ses,0.9,1.2816,5,True,-1.0,0.0,2024-11-01,2024-07-01,,1.0,5905.873195827205,0.0,64964.605154099256,0.0,5905.873195827206,0.0
ST_Reg3-4cm,ses,0.9,1.2816,10,True,-1.0,0.0,2024-11-01,2024-07-01,,1.0,5905.873195827205,0.0,64964.605154099256,0.0,5905.873195827206,0.0
ST_Reg3-4cm,ses,0.9,1.2816,20,True,-1.0,0.0,2024-11-01,2024-07-01,,1.0,5905.873195827205,0.0,64964.605154099256,0.0,5905.873195827206,0.0
ST_Reg3-4cm,ses,0.9,1.2816,50,True,-1.0,0.0,2024-11-01,2024-07-01,,1.0,5905.873195827205,0.0,64964.605154099256,0.0,5905.873195827206,0.0
ST_Reg3-4cm,ses,0.9,1.2816,10,False,-1.0,0.0,2024-11-01,2024-07-01,,1.0,5905.873195827205,0.0,64964.605154099256,0.0,5905.873195827206,0.0
ST_Reg3-4cm,ses,0.95,1.6449,2,True,-1.0,0.0,2024-11-01,2024-07-01,,1.0,7023.7234765169405,0.0,77260.95824168634,0.0,7023.72347651694,0.0
ST_Reg3-4cm,ses,0.95,1.6449,5,True,-1.0,0.0,2024-11-01,2024-07-01,,1.0,7023.7234765169405,0.0,77260.95824168634,0.0,7023.72347651694,0.0
ST_Reg3-4cm,ses,0.95,1.6449,10,True,-1.0,0.0,2024-11-01,2024-07-01,,1.0,7023.7234765169405,0.0,77260.95824168634,0.0,7023.72347651694,0.0
ST_Reg3-4cm,ses,0.95,1.6449,20,True,-1.0,0.0,2024-11-01,2024-07-01,,1.0,7023.7234765169405,0.0,77260.95824168634,0.0,7023.72347651694,0.0
ST_Reg3-4cm,ses,0.95,1.6449,50,True,-1.0,0.0,2024-11-01,2024-07-01,,1.0,7023.7234765169405,0.0,77260.95824168634,0.0,7023.72347651694,0.0
ST_Reg3-4cm,ses,0.95,1.6449,10,False,-1.0,0.0,2024-11-01,2024-07-01,,1.0,7023.7234765169405,0.0,77260.95824168634,0.0,7023.72347651694,0.0
ST_Reg3-4cm,ses,0.98,2.0537,2,True,-1.0,0.0,2024-11-01,2024-07-01,,1.0,8281.574274056065,0.0,91097.31701461671,0.0,8281.574274056064,0.0
ST_Reg3-4cm,ses,0.98,2.0537,5,True,-1.0,0.0,2024-11-01,2024-07-01,,1.0,8281.574274056065,0.0,91097.31701461671,0.0,8281.574274056064,0.0
ST_Reg3-4cm,ses,0.98,2.0537,10,True,-1.0,0.0,2024-11-01,2024-07-01,,1.0,8281.574274056065,0.0,91097.31701461671,0.0,8281.574274056064,0.0
ST_Reg3-4cm,ses,0.98,2.0537,20,True,-1.0,0.0,2024-11-01,2024-07-01,,1.0,8281.574274056065,0.0,91097.31701461671,0.0,8281.574274056064,0.0
ST_Reg3-4cm,ses,0.98,2.0537,50,True,-1.0,0.0,2024-11-01,2024-07-01,,1.0,8281.574274056065,0.0,91097.31701461671,0.0,8281.574274056064,0.0
ST_Reg3-4cm,ses,0.98,2.0537,10,False,-1.0,0.0,2024-11-01,2024-07-01,,1.0,8281.574274056065,0.0,91097.31701461671,0.0,8281.574274056064,0.0
ST_Reg3-4cm,tsb,0.9,1.2816,2,True,-1.0,0.0,2024-11-01,2024-07-01,,1.0,6343.761986744273,0.0,69781.381854187,0.0,6343.761986744274,0.0
ST_Reg3-4cm,tsb,0.9,1.2816,5,True,-1.0,0.0,2024-11-01,2024-07-01,,1.0,6343.761986744273,0.0,69781.381854187,0.0,6343.761986744274,0.0
ST_Reg3-4cm,tsb,0.9,1.2816,10,True,-1.0,0.0,2024-11-01,2024-07-01,,1.0,6343.761986744273,0.0,69781.381854187,0.0,6343.761986744274,0.0
ST_Reg3-4cm,tsb,0.9,1.2816,20,True,-1.0,0.0,2024-11-01,2024-07-01,,1.0,6343.761986744273,0.0,69781.381854187,0.0,6343.761986744274,0.0
ST_Reg3-4cm,tsb,0.9,1.2816,50,True,-1.0,0.0,2024-11-01,2024-07-01,,1.0,6343.761986744273,0.0,69781.381854187,0.0,6343.761986744274,0.0
ST_Reg3-4cm,tsb,0.9,1.2816,10,False,-1.0,0.0,2024-11-01,2024-07-01,,1.0,6343.761986744273,0.0,69781.381854187,0.0,6343.761986744274,0.0
ST_Reg3-4cm,tsb,0.95,1.6449,2,True,-1.0,0.0,2024-11-01,2024-07-01,,1.0,7725.988141489617,0.0,84985.86955638579,0.0,7725.988141489615,0.0
ST_Reg3-4cm,tsb,0.95,1.6449,5,True,-1.0,0.0,2024-11-01,2024-07-01,,1.0,7725.988141489617,0.0,84985.86955638579,0.0,7725.988141489615,0.0
ST_Reg3-4cm,tsb,0.95,1.6449,10,True,-1.0,0.0,2024-11-01,2024-07-01,,1.0,7725.988141489617,0.0,84985.86955638579,0.0,7725.988141489615,0.0
ST_Reg3-4cm,tsb,0.95,1.6449,20,True,-1.0,0.0,2024-11-01,2024-07-01,,1.0,7725.988141489617,0.0,84985.86955638579,0.0,7725.988141489615,0.0
ST_Reg3-4cm,tsb,0.95,1.6449,50,True,-1.0,0.0,2024-11-01,2024-07-01,,1.0,7725.988141489617,0.0,84985.86955638579,0.0,7725.988141489615,0.0
ST_Reg3-4cm,tsb,0.95,1.6449,10,False,-1.0,0.0,2024-11-01,2024-07-01,,1.0,7725.988141489617,0.0,84985.86955638579,0.0,7725.988141489615,0.0
ST_Reg3-4cm,tsb,0.98,2.0537,2,True,-1.0,0.0,2024-11-01,2024-07-01,,1.0,9281.32547168476,0.0,102094.58018853236,0.0,9281.32547168476,0.0
ST_Reg3-4cm,tsb,0.98,2.0537,5,True,-1.0,0.0,2024-11-01,2024-07-01,,1.0,9281.32547168476,0.0,102094.58018853236,0.0,9281.32547168476,0.0
ST_Reg3-4cm,tsb,0.98,2.0537,10,True,-1.0,0.0,2024-11-01,2024-07-01,,1.0,9281.32547168476,0.0,102094.58018853236,0.0,9281.32547168476,0.0
ST_Reg3-4cm,tsb,0.98,2.0537,20,True,-1.0,0.0,2024-11-01,2024-07-01,,1.0,9281.32547168476,0.0,102094.58018853236,0.0,9281.32547168476,0.0
ST_Reg3-4cm,tsb,0.98,2.0537,50,True,-1.0,0.0,2024-11-01,2024-07-01,,1.0,9281.32547168476,0.0,102094.58018853236,0.0,9281.32547168476,0.0
ST_Reg3-4cm,tsb,0.98,2.0537,10,False,-1.0,0.0,2024-11-01,2024-07-01,,1.0,9281.32547168476,0.0,102094.58018853236,0.0,9281.32547168476,0.0
ST_Reg3-4cm,xgb,0.9,1.2816,2,True,-1.0,0.0,2024-11-01,2024-07-01,,1.0,513.492725202261,0.0,5648.419977224871,0.0,513.4927252022611,0.0
ST_Reg3-4cm,xgb,0.9,1.2816,5,True,-1.0,0.0,2024-11-01,2024-07-01,,1.0,513.492725202261,0.0,5648.419977224871,0.0,513.4927252022611,0.0
ST_Reg3-4cm,xgb,0.9,1.2816,10,True,-1.0,0.0,2024-11-01,2024-07-01,,1.0,513.492725202261,0.0,5648.419977224871,0.0,513.4927252022611,0.0
ST_Reg3-4cm,xgb,0.9,1.2816,20,True,-1.0,0.0,2024-11-01,2024-07-01,,1.0,513.492725202261,0.0,5648.419977224871,0.0,513.4927252022611,0.0
ST_Reg3-4cm,xgb,0.9,1.2816,50,True,-1.0,0.0,2024-11-01,2024-07-01,,1.0,513.492725202261,0.0,5648.419977224871,0.0,513.4927252022611,0.0
ST_Reg3-4cm,xgb,0.9,1.2816,10,False,-1.0,0.0,2024-11-01,2024-07-01,,1.0,513.492725202261,0.0,5648.419977224871,0.0,513.4927252022611,0.0
ST_Reg3-4cm,xgb,0.95,1.6449,2,True,-1.0,0.0,2024-11-01,2024-07-01,,1.0,659.0300294880359,0.0,7249.330324368395,0.0,659.0300294880358,0.0
ST_Reg3-4cm,xgb,0.95,1.6449,5,True,-1.0,0.0,2024-11-01,2024-07-01,,1.0,659.0300294880359,0.0,7249.330324368395,0.0,659.0300294880358,0.0
ST_Reg3-4cm,xgb,0.95,1.6449,10,True,-1.0,0.0,2024-11-01,2024-07-01,,1.0,659.0300294880359,0.0,7249.330324368395,0.0,659.0300294880358,0.0
ST_Reg3-4cm,xgb,0.95,1.6449,20,True,-1.0,0.0,2024-11-01,2024-07-01,,1.0,659.0300294880359,0.0,7249.330324368395,0.0,659.0300294880358,0.0
ST_Reg3-4cm,xgb,0.95,1.6449,50,True,-1.0,0.0,2024-11-01,2024-07-01,,1.0,659.0300294880359,0.0,7249.330324368395,0.0,659.0300294880358,0.0
ST_Reg3-4cm,xgb,0.95,1.6449,10,False,-1.0,0.0,2024-11-01,2024-07-01,,1.0,659.0300294880359,0.0,7249.330324368395,0.0,659.0300294880358,0.0
ST_Reg3-4cm,xgb,0.98,2.0537,2,True,-1.0,0.0,2024-11-01,2024-07-01,,1.0,822.7945491467879,0.0,9050.740040614666,0.0,822.794549146788,0.0
ST_Reg3-4cm,xgb,0.98,2.0537,5,True,-1.0,0.0,2024-11-01,2024-07-01,,1.0,822.7945491467879,0.0,9050.740040614666,0.0,822.794549146788,0.0
ST_Reg3-4cm,xgb,0.98,2.0537,10,True,-1.0,0.0,2024-11-01,2024-07-01,,1.0,822.7945491467879,0.0,9050.740040614666,0.0,822.794549146788,0.0
ST_Reg3-4cm,xgb,0.98,2.0537,20,True,-1.0,0.0,2024-11-01,2024-07-01,,1.0,822.7945491467879,0.0,9050.740040614666,0.0,822.794549146788,0.0
ST_Reg3-4cm,xgb,0.98,2.0537,50,True,-1.0,0.0,2024-11-01,2024-07-01,,1.0,822.7945491467879,0.0,9050.740040614666,0.0,822.794549146788,0.0
ST_Reg3-4cm,xgb,0.98,2.0537,10,False,-1.0,0.0,2024-11-01,2024-07-01,,1.0,822.7945491467879,0.0,9050.740040614666,0.0,822.794549146788,0.0
ST_Reg3.50in,arima,0.9,1.2816,2,True,-1.0,0.0,2024-11-01,2024-07-01,1.0,1.0,31797.039083376876,0.0,349767.42991714564,81360.0,32644.31181064961,0.0
ST_Reg3.50in,arima,0.9,1.2816,5,True,-1.0,0.0,2024-11-01,2024-07-01,1.0,1.0,31797.039083376876,0.0,349767.42991714564,81360.0,32644.31181064961,0.0
ST_Reg3.50in,arima,0.9,1.2816,10,True,-1.0,0.0,2024-11-01,2024-07-01,1.0,1.0,31797.039083376876,0.0,349767.42991714564,81360.0,32644.31181064961,0.0
ST_Reg3.50in,arima,0.9,1.2816,20,True,-1.0,0.0,2024-11-01,2024-07-01,1.0,1.0,31797.039083376876,0.0,349767.42991714564,81360.0,32644.31181064961,0.0
ST_Reg3.50in,arima,0.9,1.2816,50,True,-1.0,0.0,2024-11-01,2024-07-01,1.0,1.0,31797.039083376876,0.0,349767.42991714564,81360.0,32644.31181064961,0.0
ST_Reg3.50in,arima,0.9,1.2816,10,False,-1.0,0.0,2024-11-01,2024-07-01,1.0,1.0,31781.570165680107,0.0,349597.2718224812,81360.0,32625.40215239508,0.0
ST_Reg3.50in,arima,0.95,1.6449,2,True,-1.0,0.0,2024-11-01,2024-07-01,1.0,1.0,39280.03055669355,0.0,432080.33612362907,81360.0,40001.84873851173,0.0
ST_Reg3.50in,arima,0.95,1.6449,5,True,-1.0,0.0,2024-11-01,2024-07-01,1.0,1.0,39280.03055669355,0.0,432080.33612362907,81360.0,40001.84873851173,0.0
ST_Reg3.50in,arima,0.95,1.6449,10,True,-1.0,0.0,2024-11-01,2024-07-01,1.0,1.0,39280.03055669355,0.0,432080.33612362907,81360.0,40001.84873851173,0.0
ST_Reg3.50in,arima,0.95,1.6449,20,True,-1.0,0.0,2024-11-01,2024-07-01,1.0,1.0,39280.03055669355,0.0,432080.33612362907,81360.0,40001.84873851173,0.0
ST_Reg3.50in,arima,0.95,1.6449,50,True,-1.0,0.0,2024-11-01,2024-07-01,1.0,1.0,39280.03055669355,0.0,432080.33612362907,81360.0,40001.84873851173,0.0
ST_Reg3.50in,arima,0.95,1.6449,10,False,-1.0,0.0,2024-11-01,2024-07-01,1.0,1.0,39263.80896711769,0.0,431901.89863829466,81360.0,39989.171895535736,0.0
ST_Reg3.50in,arima,0.98,2.0537,2,True,-1.0,0.0,2024-11-01,2024-07-01,1.0,1.0,47696.236061087715,0.0,524658.5966719649,81360.0,48283.50878836044,0.0
ST_Reg3.50in,arima,0.98,2.0537,5,True,-1.0,0.0,2024-11-01,2024-07-01,1.0,1.0,47696.236061087715,0.0,524658.5966719649,81360.0,48283.50878836044,0.0
ST_Reg3.50in,arima,0.98,2.0537,10,True,-1.0,0.0,2024-11-01,2024-07-01,1.0,1.0,47696.236061087715,0.0,524658.5966719649,81360.0,48283.50878836044,0.0
ST_Reg3.50in,arima,0.98,2.0537,20,True,-1.0,0.0,2024-11-01,2024-07-01,1.0,1.0,47696.236061087715,0.0,524658.5966719649,81360.0,48283.50878836044,0.0
ST_Reg3.50in,arima,0.98,2.0537,50,True,-1.0,0.0,2024-11-01,2024-07-01,1.0,1.0,47696.236061087715,0.0,524658.5966719649,81360.0,48283.50878836044,0.0
ST_Reg3.50in,arima,0.98,2.0537,10,False,-1.0,0.0,2024-11-01,2024-07-01,1.0,1.0,47683.129699371195,0.0,524514.4266930831,81360.0,48275.186404194974,0.0
ST_Reg3.50in,croston,0.9,1.2816,2,True,-1.0,0.0,2024-11-01,2024-07-01,0.9880400526041916,0.75,14059.035163524577,88.46012001117857,156595.50943901628,81360.0,22326.938679877036,0.0
ST_Reg3.50in,croston,0.9,1.2816,5,True,-1.0,0.0,2024-11-01,2024-07-01,0.9880400526041916,0.75,14059.035163524577,88.46012001117857,159514.69339938517,81360.0,22326.938679877036,0.0
ST_Reg3.50in,croston,0.9,1.2816,10,True,-1.0,0.0,2024-11-01,2024-07-01,0.9880400526041916,0.75,14059.035163524577,88.46012001117857,164380.0,81360.0,22326.938679877036,0.0
ST_Reg3.50in,croston,0.9,1.2816,20,True,-1.0,0.0,2024-11-01,2024-07-01,0.9880400526041916,0.75,14059.035163524577,88.46012001117857,174110.61320122963,81360.0,22326.938679877036,0.0
ST_Reg3.50in,croston,0.9,1.2816,50,True,-1.0,0.0,2024-11-01,2024-07-01,0.9880400526041916,0.75,14059.035163524577,88.46012001117857,203302.45280491858,81360.0,22326.938679877036,0.0
ST_Reg3.50in,croston,0.9,1.2816,10,False,-1.0,0.0,2024-11-01,2024-07-01,0.9879122424316948,0.75,14047.400403971911,89.4054505233924,164356.00400126417,81360.0,22316.37386780123,0.0
ST_Reg3.50in,croston,0.95,1.6449,2,True,-1.0,0.0,2024-11-01,2024-07-01,1.0,1.0,22682.314113109493,0.0,249505.4552442044,81360.0,32169.586840382217,0.0
ST_Reg3.50in,croston,0.95,1.6449,5,True,-1.0,0.0,2024-11-01,2024-07-01,1.0,1.0,22682.314113109493,0.0,249505.4552442044,81360.0,32169.586840382217,0.0
ST_Reg3.50in,croston,0.95,1.6449,10,True,-1.0,0.0,2024-11-01,2024-07-01,1.0,1.0,22682.314113109493,0.0,249505.4552442044,81360.0,32169.586840382217,0.0
ST_Reg3.50in,croston,0.95,1.6449,20,True,-1.0,0.0,2024-11-01,2024-07-01,1.0,1.0,22682.314113109493,0.0,249505.4552442044,81360.0,32169.586840382217,0.0
ST_Reg3.50in,croston,0.95,1.6449,50,True,-1.0,0.0,2024-11-01,2024-07-01,1.0,1.0,22682.314113109493,0.0,249505.4552442044,81360.0,32169.586840382217,0.0
ST_Reg3.50in,croston,0.95,1.6449,10,False,-1.0,0.0,2024-11-01,2024-07-01,1.0,1.0,22675.20619781602,0.0,249427.26817597623,81360.0,32161.162475445613,0.0
ST_Reg3.50in,croston,0.98,2.0537,2,True,-1.0,0.0,2024-11-01,2024-07-01,1.0,1.0,32494.15362669948,0.0,357435.6898936943,81360.0,43252.335444881304,0.0
ST_Reg3.50in,croston,0.98,2.0537,5,True,-1.0,0.0,2024-11-01,2024-07-01,1.0,1.0,32494.15362669948,0.0,357435.6898936943,81360.0,43252.335444881304,0.0
ST_Reg3.50in,croston,0.98,2.0537,10,True,-1.0,0.0,2024-11-01,2024-07-01,1.0,1.0,32494.15362669948,0.0,357435.6898936943,81360.0,43252.335444881304,0.0
ST_Reg3.50in,croston,0.98,2.0537,20,True,-1.0,0.0,2024-11-01,2024-07-01,1.0,1.0,32494.15362669948,0.0,357435.6898936943,81360.0,43252.335444881304,0.0
ST_Reg3.50in,croston,0.98,2.0537,50,True,-1.0,0.0,2024-11-01,2024-07-01,1.0,1.0,32494.15362669948,0.0,357435.6898936943,81360.0,43252.335444881304,0.0
ST_Reg3.50in,croston,0.98,2.0537,10,False,-1.0,0.0,2024-11-01,2024-07-01,1.0,1.0,32484.16836874208,0.0,357325.8520561629,81360.0,43238.9207545676,0.0
ST_Reg3.50in,hybrid,0.9,1.2816,2,True,-1.0,0.0,2024-11-01,2024-07-01,0.946734981046931,0.75,15513.052779980273,393.9674492746999,179310.8644638264,81360.0,25646.3580579783,0.0
ST_Reg3.50in,hybrid,0.9,1.2816,5,True,-1.0,0.0,2024-11-01,2024-07-01,0.946734981046931,0.75,15513.052779980273,393.9674492746999,192311.7902898915,81360.0,25646.3580579783,0.0
ST_Reg3.50in,hybrid,0.9,1.2816,10,True,-1.0,0.0,2024-11-01,2024-07-01,0.946734981046931,0.75,15513.052779980273,393.9674492746999,213980.0,81360.0,25646.3580579783,0.0
ST_Reg3.50in,hybrid,0.9,1.2816,20,True,-1.0,0.0,2024-11-01,2024-07-01,0.946734981046931,0.75,15513.052779980273,393.9674492746999,257316.419420217,81360.0,25646.3580579783,0.0
ST_Reg3.50in,hybrid,0.9,1.2816,50,True,-1.0,0.0,2024-11-01,2024-07-01,0.946734981046931,0.75,15513.052779980273,393.9674492746999,387325.67768086796,81360.0,25646.3580579783,0.0
ST_Reg3.50in,hybrid,0.9,1.2816,10,False,-1.0,0.0,2024-11-01,2024-07-01,0.9467094656255387,0.75,15506.782562557904,394.15617060965184,213931.78695519865,81360.0,25640.106062124294,0.0
ST_Reg3.50in,hybrid,0.95,1.6449,2,True,-1.0,0.0,2024-11-01,2024-07-01,1.0,1.0,22335.90124804062,0.0,245694.91372844682,81360.0,33295.90124804062,0.0
ST_Reg3.50in,hybrid,0.95,1.6449,5,True,-1.0,0.0,2024-11-01,2024-07-01,1.0,1.0,22335.90124804062,0.0,245694.91372844682,81360.0,33295.90124804062,0.0
ST_Reg3.50in,hybrid,0.95,1.6449,10,True,-1.0,0.0,2024-11-01,2024-07-01,1.0,1.0,22335.90124804062,0.0,245694.91372844682,81360.0,33295.90124804062,0.0
ST_Reg3.50in,hybrid,0.95,1.6449,20,True,-1.0,0.0,2024-11-01,2024-07-01,1.0,1.0,22335.90124804062,0.0,245694.91372844682,81360.0,33295.90124804062,0.0
ST_Reg3.50in,hybrid,0.95,1.6449,50,True,-1.0,0.0,2024-11-01,2024-07-01,1.0,1.0,22335.90124804062,0.0,245694.91372844682,81360.0,33295.90124804062,0.0
ST_Reg3.50in,hybrid,0.95,1.6449,10,False,-1.0,0.0,2024-11-01,2024-07-01,1.0,1.0,22324.646524548145,0.0,245571.1117700296,81360.0,33284.7817910387,0.0
ST_Reg3.50in,hybrid,0.98,2.0537,2,True,-1.0,0.0,2024-11-01,2024-07-01,1.0,1.0,30448.836167108817,0.0,334937.197838197,81360.0,41888.83616710882,0.0
ST_Reg3.50in,hybrid,0.98,2.0537,5,True,-1.0,0.0,2024-11-01,2024-07-01,1.0,1.0,30448.836167108817,0.0,334937.197838197,81360.0,41888.83616710882,0.0
ST_Reg3.50in,hybrid,0.98,2.0537,10,True,-1.0,0.0,2024-11-01,2024-07-01,1.0,1.0,30448.836167108817,0.0,334937.197838197,81360.0,41888.83616710882,0.0
ST_Reg3.50in,hybrid,0.98,2.0537,20,True,-1.0,0.0,2024-11-01,2024-07-01,1.0,1.0,30448.836167108817,0.0,334937.197838197,81360.0,41888.83616710882,0.0
ST_Reg3.50in,hybrid,0.98,2.0537,50,True,-1.0,0.0,2024-11-01,2024-07-01,1.0,1.0,30448.836167108817,0.0,334937.197838197,81360.0,41888.83616710882,0.0
ST_Reg3.50in,hybrid,0.98,2.0537,10,False,-1.0,0.0,2024-11-01,2024-07-01,1.0,1.0,30439.90617279158,0.0,334838.9679007074,81360.0,41886.88318927765,0.0
ST_Reg3.50in,mitra,0.9,1.2816,2,True,-1.0,0.0,2024-11-01,2024-07-01,1.0,1.0,15326.896251580889,0.0,168595.8587673898,81360.0,17697.805342489984,0.0
ST_Reg3.50in,mitra,0.9,1.2816,5,True,-1.0,0.0,2024-11-01,2024-07-01,1.0,1.0,15326.896251580889,0.0,168595.8587673898,81360.0,17697.805342489984,0.0
ST_Reg3.50in,mitra,0.9,1.2816,10,True,-1.0,0.0,2024-11-01,2024-07-01,1.0,1.0,15326.896251580889,0.0,168595.8587673898,81360.0,17697.805342489984,0.0
ST_Reg3.50in,mitra,0.9,1.2816,20,True,-1.0,0.0,2024-11-01,2024-07-01,1.0,1.0,15326.896251580889,0.0,168595.8587673898,81360.0,17697.805342489984,0.0
ST_Reg3.50in,mitra,0.9,1.2816,50,True,-1.0,0.0,2024-11-01,2024-07-01,1.0,1.0,15326.896251580889,0.0,168595.8587673898,81360.0,17697.805342489984,0.0
ST_Reg3.50in,mitra,0.9,1.2816,10,False,-1.0,0.0,2024-11-01,2024-07-01,1.0,1.0,15315.58728633492,0.0,168471.4601496841,81360.0,17685.825038637253,0.0
ST_Reg3.50in,mitra,0.95,1.6449,2,True,-1.0,0.0,2024-11-01,2024-07-01,1.0,1.0,19338.38856163315,0.0,212722.27417796466,81360.0,21825.661288905874,0.0
ST_Reg3.50in,mitra,0.95,1.6449,5,True,-1.0,0.0,2024-11-01,2024-07-01,1.0,1.0,19338.38856163315,0.0,212722.27417796466,81360.0,21825.661288905874,0.0
ST_Reg3.50in,mitra,0.95,1.6449,10,True,-1.0,0.0,2024-11-01,2024-07-01,1.0,1.0,19338.38856163315,0.0,212722.27417796466,81360.0,21825.661288905874,0.0
ST_Reg3.50in,mitra,0.95,1.6449,20,True,-1.0,0.0,2024-11-01,2024-07-01,1.0,1.0,19338.38856163315,0.0,212722.27417796466,81360.0,21825.661288905874,0.0
ST_Reg3.50in,mitra,0.95,1.6449,50,True,-1.0,0.0,2024-11-01,2024-07-01,1.0,1.0,19338.38856163315,0.0,212722.27417796466,81360.0,21825.661288905874,0.0
ST_Reg3.50in,mitra,0.95,1.6449,10,False,-1.0,0.0,2024-11-01,2024-07-01,1.0,1.0,19327.2943479894,0.0,212600.23782788336,81360.0,21814.854561528104,0.0
ST_Reg3.50in,mitra,0.98,2.0537,2,True,-1.0,0.0,2024-11-01,2024-07-01,1.0,1.0,23853.201418486482,0.0,262385.2156033513,81360.0,26480.47414575921,0.0
ST_Reg3.50in,mitra,0.98,2.0537,5,True,-1.0,0.0,2024-11-01,2024-07-01,1.0,1.0,23853.201418486482,0.0,262385.2156033513,81360.0,26480.47414575921,0.0
ST_Reg3.50in,mitra,0.98,2.0537,10,True,-1.0,0.0,2024-11-01,2024-07-01,1.0,1.0,23853.201418486482,0.0,262385.2156033513,81360.0,26480.47414575921,0.0
ST_Reg3.50in,mitra,0.98,2.0537,20,True,-1.0,0.0,2024-11-01,2024-07-01,1.0,1.0,23853.201418486482,0.0,262385.2156033513,81360.0,26480.47414575921,0.0
ST_Reg3.50in,mitra,0.98,2.0537,50,True,-1.0,0.0,2024-11-01,2024-07-01,1.0,1.0,23853.201418486482,0.0,262385.2156033513,81360.0,26480.47414575921,0.0
ST_Reg3.50in,mitra,0.98,2.0537,10,False,-1.0,0.0,2024-11-01,2024-07-01,1.0,1.0,23841.431003107355,0.0,262255.7410341809,81360.0,26461.007242391803,0.0
ST_Reg3.50in,naive,0.9,1.2816,2,True,-1.0,0.0,2024-11-01,2024-07-01,1.0,1.0,118590.09155041691,0.0,1304491.007054586,81360.0,135182.8188231442,0.0
ST_Reg3.50in,naive,0.9,1.2816,5,True,-1.0,0.0,2024-11-01,2024-07-01,1.0,1.0,118590.09155041691,0.0,1304491.007054586,81360.0,135182.8188231442,0.0
ST_Reg3.50in,naive,0.9,1.2816,10,True,-1.0,0.0,2024-11-01,2024-07-01,1.0,1.0,118590.09155041691,0.0,1304491.007054586,81360.0,135182.8188231442,0.0
ST_Reg3.50in,naive,0.9,1.2816,20,True,-1.0,0.0,2024-11-01,2024-07-01,1.0,1.0,118590.09155041691,0.0,1304491.007054586,81360.0,135182.8188231442,0.0
ST_Reg3.50in,naive,0.9,1.2816,50,True,-1.0,0.0,2024-11-01,2024-07-01,1.0,1.0,118590.09155041691,0.0,1304491.007054586,81360.0,135182.8188231442,0.0
ST_Reg3.50in,naive,0.9,1.2816,10,False,-1.0,0.0,2024-11-01,2024-07-01,1.0,1.0,118582.24148759461,0.0,1304404.6563635408,81360.0,135178.1360390064,0.0
ST_Reg3.50in,naive,0.95,1.6449,2,True,-1.0,0.0,2024-11-01,2024-07-01,1.0,1.0,134733.53829758888,0.0,1482068.9212734776,81360.0,151353.53829758885,0.0
ST_Reg3.50in,naive,0.95,1.6449,5,True,-1.0,0.0,2024-11-01,2024-07-01,1.0,1.0,134733.53829758888,0.0,1482068.9212734776,81360.0,151353.53829758885,0.0
ST_Reg3.50in,naive,0.95,1.6449,10,True,-1.0,0.0,2024-11-01,2024-07-01,1.0,1.0,134733.53829758888,0.0,1482068.9212734776,81360.0,151353.53829758885,0.0
ST_Reg3.50in,naive,0.95,1.6449,20,True,-1.0,0.0,2024-11-01,2024-07-01,1.0,1.0,134733.53829758888,0.0,1482068.9212734776,81360.0,151353.53829758885,0.0
ST_Reg3.50in,naive,0.95,1.6449,50,True,-1.0,0.0,2024-11-01,2024-07-01,1.0,1.0,134733.53829758888,0.0,1482068.9212734776,81360.0,151353.53829758885,0.0
ST_Reg3.50in,naive,0.95,1.6449,10,False,-1.0,0.0,2024-11-01,2024-07-01,1.0,1.0,134726.9665228399,0.0,1481996.631751239,81360.0,151352.6216998764,0.0
ST_Reg3.50in,naive,0.98,2.0537,2,True,-1.0,0.0,2024-11-01,2024-07-01,1.0,1.0,152898.6673751563,0.0,1681885.3411267193,81360.0,169567.7582842472,0.0
ST_Reg3.50in,naive,0.98,2.0537,5,True,-1.0,0.0,2024-11-01,2024-07-01,1.0,1.0,152898.6673751563,0.0,1681885.3411267193,81360.0,169567.7582842472,0.0
ST_Reg3.50in,naive,0.98,2.0537,10,True,-1.0,0.0,2024-11-01,2024-07-01,1.0,1.0,152898.6673751563,0.0,1681885.3411267193,81360.0,169567.7582842472,0.0
ST_Reg3.50in,naive,0.98,2.0537,20,True,-1.0,0.0,2024-11-01,2024-07-01,1.0,1.0,152898.6673751563,0.0,1681885.3411267193,81360.0,169567.7582842472,0.0
ST_Reg3.50in,naive,0.98,2.0537,50,True,-1.0,0.0,2024-11-01,2024-07-01,1.0,1.0,152898.6673751563,0.0,1681885.3411267193,81360.0,169567.7582842472,0.0
ST_Reg3.50in,naive,0.98,2.0537,10,False,-1.0,0.0,2024-11-01,2024-07-01,1.0,1.0,152893.67060874213,0.0,1681830.3766961633,81360.0,169552.81365738722,0.0
ST_Reg3.50in,rf,0.9,1.2816,2,True,-1.0,0.0,2024-11-01,2024-07-01,1.0,1.0,24812.028495114835,0.0,272932.3134462632,81360.0,25510.21031329666,0.0
ST_Reg3.50in,rf,0.9,1.2816,5,True,-1.0,0.0,2024-11-01,2024-07-01,1.0,1.0,24812.028495114835,0.0,272932.3134462632,81360.0,25510.21031329666,0.0
ST_Reg3.50in,rf,0.9,1.2816,10,True,-1.0,0.0,2024-11-01,2024-07-01,1.0,1.0,24812.028495114835,0.0,272932.3134462632,81360.0,25510.21031329666,0.0
ST_Reg3.50in,rf,0.9,1.2816,20,True,-1.0,0.0,2024-11-01,2024-07-01,1.0,1.0,24812.028495114835,0.0,272932.3134462632,81360.0,25510.21031329666,0.0
ST_Reg3.50in,rf,0.9,1.2816,50,True,-1.0,0.0,2024-11-01,2024-07-01,1.0,1.0,24812.028495114835,0.0,272932.3134462632,81360.0,25510.21031329666,0.0
ST_Reg3.50in,rf,0.9,1.2816,10,False,-1.0,0.0,2024-11-01,2024-07-01,1.0,1.0,24797.599917054366,0.0,272773.59908759804,81360.0,25492.396949901886,0.0
ST_Reg3.50in,rf,0.95,1.6449,2,True,-1.0,0.0,2024-11-01,2024-07-01,1.0,1.0,31090.691178836,0.0,341997.602967196,81360.0,32465.236633381457,0.0
ST_Reg3.50in,rf,0.95,1.6449,5,True,-1.0,0.0,2024-11-01,2024-07-01,1.0,1.0,31090.691178836,0.0,341997.602967196,81360.0,32465.236633381457,0.0
ST_Reg3.50in,rf,0.95,1.6449,10,True,-1.0,0.0,2024-11-01,2024-07-01,1.0,1.0,31090.691178836,0.0,341997.602967196,81360.0,32465.236633381457,0.0
ST_Reg3.50in,rf,0.95,1.6449,20,True,-1.0,0.0,2024-11-01,2024-07-01,1.0,1.0,31090.691178836,0.0,341997.602967196,81360.0,32465.236633381457,0.0
ST_Reg3.50in,rf,0.95,1.6449,50,True,-1.0,0.0,2024-11-01,2024-07-01,1.0,1.0,31090.691178836,0.0,341997.602967196,81360.0,32465.236633381457,0.0
ST_Reg3.50in,rf,0.95,1.6449,10,False,-1.0,0.0,2024-11-01,2024-07-01,1.0,1.0,31081.557544630996,0.0,341897.13299094094,81360.0,32454.191864773413,0.0
ST_Reg3.50in,rf,0.98,2.0537,2,True,-1.0,0.0,2024-11-01,2024-07-01,1.0,1.0,38169.44911896994,0.0,419863.94030866935,81360.0,40303.9945735154,0.0
ST_Reg3.50in,rf,0.98,2.0537,5,True,-1.0,0.0,2024-11-01,2024-07-01,1.0,1.0,38169.44911896994,0.0,419863.94030866935,81360.0,40303.9945735154,0.0
ST_Reg3.50in,rf,0.98,2.0537,10,True,-1.0,0.0,2024-11-01,2024-07-01,1.0,1.0,38169.44911896994,0.0,419863.94030866935,81360.0,40303.9945735154,0.0
ST_Reg3.50in,rf,0.98,2.0537,20,True,-1.0,0.0,2024-11-01,2024-07-01,1.0,1.0,38169.44911896994,0.0,419863.94030866935,81360.0,40303.9945735154,0.0
ST_Reg3.50in,rf,0.98,2.0537,50,True,-1.0,0.0,2024-11-01,2024-07-01,1.0,1.0,38169.44911896994,0.0,419863.94030866935,81360.0,40303.9945735154,0.0
ST_Reg3.50in,rf,0.98,2.0537,10,False,-1.0,0.0,2024-11-01,2024-07-01,1.0,1.0,38152.523352925324,0.0,419677.75688217854,81360.0,40287.88787688319,0.0
ST_Reg3.50in,sba,0.9,1.2816,2,True,-1.0,0.0,2024-11-01,2024-07-01,0.9864591218577302,0.75,13927.558322131761,100.1532586959147,155406.5132347595,81360.0,22158.31415434494,0.0
ST_Reg3.50in,sba,0.9,1.2816,5,True,-1.0,0.0,2024-11-01,2024-07-01,0.9864591218577302,0.75,13927.558322131761,100.1532586959147,158711.57077172468,81360.0,22158.31415434494,0.0
ST_Reg3.50in,sba,0.9,1.2816,10,True,-1.0,0.0,2024-11-01,2024-07-01,0.9864591218577302,0.75,13927.558322131761,100.1532586959147,164220.0,81360.0,22158.31415434494,0.0
ST_Reg3.50in,sba,0.9,1.2816,20,True,-1.0,0.0,2024-11-01,2024-07-01,0.9864591218577302,0.75,13927.558322131761,100.1532586959147,175236.8584565506,81360.0,22158.31415434494,0.0
ST_Reg3.50in,sba,0.9,1.2816,50,True,-1.0,0.0,2024-11-01,2024-07-01,0.9864591218577302,0.75,13927.558322131761,100.1532586959147,208287.43382620247,81360.0,22158.31415434494,0.0
ST_Reg3.50in,sba,0.9,1.2816,10,False,-1.0,0.0,2024-11-01,2024-07-01,0.9862476966238072,0.75,13917.148760693475,101.71703660791404,164277.51039449876,81360.0,22144.62198998536,0.0
ST_Reg3.50in,sba,0.95,1.6449,2,True,-1.0,0.0,2024-11-01,2024-07-01,1.0,1.0,22670.11034185889,0.0,249371.21376044778,81360.0,32155.564887313434,0.0
ST_Reg3.50in,sba,0.95,1.6449,5,True,-1.0,0.0,2024-11-01,2024-07-01,1.0,1.0,22670.11034185889,0.0,249371.21376044778,81360.0,32155.564887313434,0.0
ST_Reg3.50in,sba,0.95,1.6449,10,True,-1.0,0.0,2024-11-01,2024-07-01,1.0,1.0,22670.11034185889,0.0,249371.21376044778,81360.0,32155.564887313434,0.0
ST_Reg3.50in,sba,0.95,1.6449,20,True,-1.0,0.0,2024-11-01,2024-07-01,1.0,1.0,22670.11034185889,0.0,249371.21376044778,81360.0,32155.564887313434,0.0
ST_Reg3.50in,sba,0.95,1.6449,50,True,-1.0,0.0,2024-11-01,2024-07-01,1.0,1.0,22670.11034185889,0.0,249371.21376044778,81360.0,32155.564887313434,0.0
ST_Reg3.50in,sba,0.95,1.6449,10,False,-1.0,0.0,2024-11-01,2024-07-01,1.0,1.0,22663.722284520376,0.0,249300.94512972413,81360.0,32145.77812269236,0.0
ST_Reg3.50in,sba,0.98,2.0537,2,True,-1.0,0.0,2024-11-01,2024-07-01,1.0,1.0,32632.03689792644,0.0,358952.4058771908,81360.0,43404.76417065371,0.0
ST_Reg3.50in,sba,0.98,2.0537,5,True,-1.0,0.0,2024-11-01,2024-07-01,1.0,1.0,32632.03689792644,0.0,358952.4058771908,81360.0,43404.76417065371,0.0
ST_Reg3.50in,sba,0.98,2.0537,10,True,-1.0,0.0,2024-11-01,2024-07-01,1.0,1.0,32632.03689792644,0.0,358952.4058771908,81360.0,43404.76417065371,0.0
ST_Reg3.50in,sba,0.98,2.0537,20,True,-1.0,0.0,2024-11-01,2024-07-01,1.0,1.0,32632.03689792644,0.0,358952.4058771908,81360.0,43404.76417065371,0.0
ST_Reg3.50in,sba,0.98,2.0537,50,True,-1.0,0.0,2024-11-01,2024-07-01,1.0,1.0,32632.03689792644,0.0,358952.4058771908,81360.0,43404.76417065371,0.0
ST_Reg3.50in,sba,0.98,2.0537,10,False,-1.0,0.0,2024-11-01,2024-07-01,1.0,1.0,32620.18025618498,0.0,358821.98281803477,81360.0,43399.48752828174,0.0
ST_Reg3.50in,ses,0.9,1.2816,2,True,-1.0,0.0,2024-11-01,2024-07-01,1.0,1.0,23301.429288138355,0.0,256315.7221695219,81360.0,30961.42928813836,0.0
ST_Reg3.50in,ses,0.9,1.2816,5,True,-1.0,0.0,2024-11-01,2024-07-01,1.0,1.0,23301.429288138355,0.0,256315.7221695219,81360.0,30961.42928813836,0.0
ST_Reg3.50in,ses,0.9,1.2816,10,True,-1.0,0.0,2024-11-01,2024-07-01,1.0,1.0,23301.429288138355,0.0,256315.7221695219,81360.0,30961.42928813836,0.0
ST_Reg3.50in,ses,0.9,1.2816,20,True,-1.0,0.0,2024-11-01,2024-07-01,1.0,1.0,23301.429288138355,0.0,256315.7221695219,81360.0,30961.42928813836,0.0
ST_Reg3.50in,ses,0.9,1.2816,50,True,-1.0,0.0,2024-11-01,2024-07-01,1.0,1.0,23301.429288138355,0.0,256315.7221695219,81360.0,30961.42928813836,0.0
ST_Reg3.50in,ses,0.9,1.2816,10,False,-1.0,0.0,2024-11-01,2024-07-01,1.0,1.0,23291.003611815755,0.0,256201.0397299733,81360.0,30950.901373817585,0.0
ST_Reg3.50in,ses,0.95,1.6449,2,True,-1.0,0.0,2024-11-01,2024-07-01,1.0,1.0,29109.564274139448,0.0,320205.20701553393,81360.0,37207.746092321264,0.0
ST_Reg3.50in,ses,0.95,1.6449,5,True,-1.0,0.0,2024-11-01,2024-07-01,1.0,1.0,29109.564274139448,0.0,320205.20701553393,81360.0,37207.746092321264,0.0
ST_Reg3.50in,ses,0.95,1.6449,10,True,-1.0,0.0,2024-11-01,2024-07-01,1.0,1.0,29109.564274139448,0.0,320205.20701553393,81360.0,37207.746092321264,0.0
ST_Reg3.50in,ses,0.95,1.6449,20,True,-1.0,0.0,2024-11-01,2024-07-01,1.0,1.0,29109.564274139448,0.0,320205.20701553393,81360.0,37207.746092321264,0.0
ST_Reg3.50in,ses,0.95,1.6449,50,True,-1.0,0.0,2024-11-01,2024-07-01,1.0,1.0,29109.564274139448,0.0,320205.20701553393,81360.0,37207.746092321264,0.0
ST_Reg3.50in,ses,0.95,1.6449,10,False,-1.0,0.0,2024-11-01,2024-07-01,1.0,1.0,29096.143932455805,0.0,320057.5832570139,81360.0,37190.768141313456,0.0
ST_Reg3.50in,ses,0.98,2.0537,2,True,-1.0,0.0,2024-11-01,2024-07-01,1.0,1.0,35636.258817854825,0.0,391998.84699640307,81360.0,44221.71336330936,0.0
ST_Reg3.50in,ses,0.98,2.0537,5,True,-1.0,0.0,2024-11-01,2024-07-01,1.0,1.0,35636.258817854825,0.0,391998.84699640307,81360.0,44221.71336330936,0.0
ST_Reg3.50in,ses,0.98,2.0537,10,True,-1.0,0.0,2024-11-01,2024-07-01,1.0,1.0,35636.258817854825,0.0,391998.84699640307,81360.0,44221.71336330936,0.0
ST_Reg3.50in,ses,0.98,2.0537,20,True,-1.0,0.0,2024-11-01,2024-07-01,1.0,1.0,35636.258817854825,0.0,391998.84699640307,81360.0,44221.71336330936,0.0
ST_Reg3.50in,ses,0.98,2.0537,50,True,-1.0,0.0,2024-11-01,2024-07-01,1.0,1.0,35636.258817854825,0.0,391998.84699640307,81360.0,44221.71336330936,0.0
ST_Reg3.50in,ses,0.98,2.0537,10,False,-1.0,0.0,2024-11-01,2024-07-01,1.0,1.0,35628.32494835906,0.0,391911.5744319497,81360.0,44212.12111283098,0.0
ST_Reg3.50in,tsb,0.9,1.2816,2,True,-1.0,0.0,2024-11-01,2024-07-01,1.0,1.0,22656.450025492566,0.0,249220.9502804182,81360.0,29218.268207310743,0.0
ST_Reg3.50in,tsb,0.9,1.2816,5,True,-1.0,0.0,2024-11-01,2024-07-01,1.0,1.0,22656.450025492566,0.0,249220.9502804182,81360.0,29218.268207310743,0.0
ST_Reg3.50in,tsb,0.9,1.2816,10,True,-1.0,0.0,2024-11-01,2024-07-01,1.0,1.0,22656.450025492566,0.0,249220.9502804182,81360.0,29218.268207310743,0.0
ST_Reg3.50in,tsb,0.9,1.2816,20,True,-1.0,0.0,2024-11-01,2024-07-01,1.0,1.0,22656.450025492566,0.0,249220.9502804182,81360.0,29218.268207310743,0.0
ST_Reg3.50in,tsb,0.9,1.2816,50,True,-1.0,0.0,2024-11-01,2024-07-01,1.0,1.0,22656.450025492566,0.0,249220.9502804182,81360.0,29218.268207310743,0.0
ST_Reg3.50in,tsb,0.9,1.2816,10,False,-1.0,0.0,2024-11-01,2024-07-01,1.0,1.0,22644.656734589298,0.0,249091.22408048226,81360.0,29208.363281352853,0.0
ST_Reg3.50in,tsb,0.95,1.6449,2,True,-1.0,0.0,2024-11-01,2024-07-01,1.0,1.0,29090.918824752254,0.0,320000.1070722748,81360.0,36205.46427929771,0.0
ST_Reg3.50in,tsb,0.95,1.6449,5,True,-1.0,0.0,2024-11-01,2024-07-01,1.0,1.0,29090.918824752254,0.0,320000.1070722748,81360.0,36205.46427929771,0.0
ST_Reg3.50in,tsb,0.95,1.6449,10,True,-1.0,0.0,2024-11-01,2024-07-01,1.0,1.0,29090.918824752254,0.0,320000.1070722748,81360.0,36205.46427929771,0.0
ST_Reg3.50in,tsb,0.95,1.6449,20,True,-1.0,0.0,2024-11-01,2024-07-01,1.0,1.0,29090.918824752254,0.0,320000.1070722748,81360.0,36205.46427929771,0.0
ST_Reg3.50in,tsb,0.95,1.6449,50,True,-1.0,0.0,2024-11-01,2024-07-01,1.0,1.0,29090.918824752254,0.0,320000.1070722748,81360.0,36205.46427929771,0.0
ST_Reg3.50in,tsb,0.95,1.6449,10,False,-1.0,0.0,2024-11-01,2024-07-01,1.0,1.0,29084.242242026692,0.0,319926.6646622936,81360.0,36189.558230433875,0.0
ST_Reg3.50in,tsb,0.98,2.0537,2,True,-1.0,0.0,2024-11-01,2024-07-01,1.0,1.0,36338.23491626466,0.0,399720.5840789112,81360.0,44045.50764353739,0.0
ST_Reg3.50in,tsb,0.98,2.0537,5,True,-1.0,0.0,2024-11-01,2024-07-01,1.0,1.0,36338.23491626466,0.0,399720.5840789112,81360.0,44045.50764353739,0.0
ST_Reg3.50in,tsb,0.98,2.0537,10,True,-1.0,0.0,2024-11-01,2024-07-01,1.0,1.0,36338.23491626466,0.0,399720.5840789112,81360.0,44045.50764353739,0.0
ST_Reg3.50in,tsb,0.98,2.0537,20,True,-1.0,0.0,2024-11-01,2024-07-01,1.0,1.0,36338.23491626466,0.0,399720.5840789112,81360.0,44045.50764353739,0.0
ST_Reg3.50in,tsb,0.98,2.0537,50,True,-1.0,0.0,2024-11-01,2024-07-01,1.0,1.0,36338.23491626466,0.0,399720.5840789112,81360.0,44045.50764353739,0.0
ST_Reg3.50in,tsb,0.98,2.0537,10,False,-1.0,0.0,2024-11-01,2024-07-01,1.0,1.0,36330.32689779441,0.0,399633.59587573854,81360.0,44045.08395348459,0.0
ST_Reg3.50in,xgb,0.9,1.2816,2,True,-1.0,0.0,2024-11-01,2024-07-01,1.0,1.0,17237.460074914514,0.0,189612.06082405965,81360.0,28257.460074914517,0.0
ST_Reg3.50in,xgb,0.9,1.2816,5,True,-1.0,0.0,2024-11-01,2024-07-01,1.0,1.0,17237.460074914514,0.0,189612.06082405965,81360.0,28257.460074914517,0.0
ST_Reg3.50in,xgb,0.9,1.2816,10,True,-1.0,0.0,2024-11-01,2024-07-01,1.0,1.0,17237.460074914514,0.0,189612.06082405965,81360.0,28257.460074914517,0.0
ST_Reg3.50in,xgb,0.9,1.2816,20,True,-1.0,0.0,2024-11-01,2024-07-01,1.0,1.0,17237.460074914514,0.0,189612.06082405965,81360.0,28257.460074914517,0.0
ST_Reg3.50in,xgb,0.9,1.2816,50,True,-1.0,0.0,2024-11-01,2024-07-01,1.0,1.0,17237.460074914514,0.0,189612.06082405965,81360.0,28257.460074914517,0.0
ST_Reg3.50in,xgb,0.9,1.2816,10,False,-1.0,0.0,2024-11-01,2024-07-01,1.0,1.0,17231.18615266924,0.0,189543.04767936165,81360.0,28246.331853314994,0.0
ST_Reg3.50in,xgb,0.95,1.6449,2,True,-1.0,0.0,2024-11-01,2024-07-01,1.0,1.0,28530.795794902133,0.0,313838.75374392344,81360.0,40759.88670399304,0.0
ST_Reg3.50in,xgb,0.95,1.6449,5,True,-1.0,0.0,2024-11-01,2024-07-01,1.0,1.0,28530.795794902133,0.0,313838.75374392344,81360.0,40759.88670399304,0.0
ST_Reg3.50in,xgb,0.95,1.6449,10,True,-1.0,0.0,2024-11-01,2024-07-01,1.0,1.0,28530.795794902133,0.0,313838.75374392344,81360.0,40759.88670399304,0.0
ST_Reg3.50in,xgb,0.95,1.6449,20,True,-1.0,0.0,2024-11-01,2024-07-01,1.0,1.0,28530.795794902133,0.0,313838.75374392344,81360.0,40759.88670399304,0.0
ST_Reg3.50in,xgb,0.95,1.6449,50,True,-1.0,0.0,2024-11-01,2024-07-01,1.0,1.0,28530.795794902133,0.0,313838.75374392344,81360.0,40759.88670399304,0.0
ST_Reg3.50in,xgb,0.95,1.6449,10,False,-1.0,0.0,2024-11-01,2024-07-01,1.0,1.0,28523.884966680198,0.0,313762.7346334822,81360.0,40757.8867997162,0.0
ST_Reg3.50in,xgb,0.98,2.0537,2,True,-1.0,0.0,2024-11-01,2024-07-01,1.0,1.0,41241.03027820927,0.0,453651.33306030196,81360.0,54842.84846002745,0.0
ST_Reg3.50in,xgb,0.98,2.0537,5,True,-1.0,0.0,2024-11-01,2024-07-01,1.0,1.0,41241.03027820927,0.0,453651.33306030196,81360.0,54842.84846002745,0.0
ST_Reg3.50in,xgb,0.98,2.0537,10,True,-1.0,0.0,2024-11-01,2024-07-01,1.0,1.0,41241.03027820927,0.0,453651.33306030196,81360.0,54842.84846002745,0.0
ST_Reg3.50in,xgb,0.98,2.0537,20,True,-1.0,0.0,2024-11-01,2024-07-01,1.0,1.0,41241.03027820927,0.0,453651.33306030196,81360.0,54842.84846002745,0.0
ST_Reg3.50in,xgb,0.98,2.0537,50,True,-1.0,0.0,2024-11-01,2024-07-01,1.0,1.0,41241.03027820927,0.0,453651.33306030196,81360.0,54842.84846002745,0.0
ST_Reg3.50in,xgb,0.98,2.0537,10,False,-1.0,0.0,2024-11-01,2024-07-01,1.0,1.0,41230.89095392952,0.0,453539.80049322476,81360.0,54836.399494703306,0.0
ST_Reg4.00in,arima,0.9,1.2816,2,True,-1.0,0.0,2024-11-01,2024-07-01,1.0,1.0,26803.655316143853,0.0,294840.2084775824,17760.0,19320.01895250749,0.0
ST_Reg4.00in,arima,0.9,1.2816,5,True,-1.0,0.0,2024-11-01,2024-07-01,1.0,1.0,26803.655316143853,0.0,294840.2084775824,17760.0,19320.01895250749,0.0
ST_Reg4.00in,arima,0.9,1.2816,10,True,-1.0,0.0,2024-11-01,2024-07-01,1.0,1.0,26803.655316143853,0.0,294840.2084775824,17760.0,19320.01895250749,0.0
ST_Reg4.00in,arima,0.9,1.2816,20,True,-1.0,0.0,2024-11-01,2024-07-01,1.0,1.0,26803.655316143853,0.0,294840.2084775824,17760.0,19320.01895250749,0.0
ST_Reg4.00in,arima,0.9,1.2816,50,True,-1.0,0.0,2024-11-01,2024-07-01,1.0,1.0,26803.655316143853,0.0,294840.2084775824,17760.0,19320.01895250749,0.0
ST_Reg4.00in,arima,0.9,1.2816,10,False,-1.0,0.0,2024-11-01,2024-07-01,1.0,1.0,26803.655316143853,0.0,294840.2084775824,17760.0,19320.01895250749,0.0
ST_Reg4.00in,arima,0.95,1.6449,2,True,-1.0,0.0,2024-11-01,2024-07-01,1.0,1.0,39130.84768851841,0.0,430439.3245737025,17760.0,31647.211324882046,0.0
ST_Reg4.00in,arima,0.95,1.6449,5,True,-1.0,0.0,2024-11-01,2024-07-01,1.0,1.0,39130.84768851841,0.0,430439.3245737025,17760.0,31647.211324882046,0.0
ST_Reg4.00in,arima,0.95,1.6449,10,True,-1.0,0.0,2024-11-01,2024-07-01,1.0,1.0,39130.84768851841,0.0,430439.3245737025,17760.0,31647.211324882046,0.0
ST_Reg4.00in,arima,0.95,1.6449,20,True,-1.0,0.0,2024-11-01,2024-07-01,1.0,1.0,39130.84768851841,0.0,430439.3245737025,17760.0,31647.211324882046,0.0
ST_Reg4.00in,arima,0.95,1.6449,50,True,-1.0,0.0,2024-11-01,2024-07-01,1.0,1.0,39130.84768851841,0.0,430439.3245737025,17760.0,31647.211324882046,0.0
ST_Reg4.00in,arima,0.95,1.6449,10,False,-1.0,0.0,2024-11-01,2024-07-01,1.0,1.0,39130.84768851841,0.0,430439.3245737025,17760.0,31647.211324882046,0.0
ST_Reg4.00in,arima,0.98,2.0537,2,True,-1.0,0.0,2024-11-01,2024-07-01,1.0,1.0,53001.90808440808,0.0,583020.9889284889,17760.0,45518.27172077172,0.0
ST_Reg4.00in,arima,0.98,2.0537,5,True,-1.0,0.0,2024-11-01,2024-07-01,1.0,1.0,53001.90808440808,0.0,583020.9889284889,17760.0,45518.27172077172,0.0
ST_Reg4.00in,arima,0.98,2.0537,10,True,-1.0,0.0,2024-11-01,2024-07-01,1.0,1.0,53001.90808440808,0.0,583020.9889284889,17760.0,45518.27172077172,0.0
ST_Reg4.00in,arima,0.98,2.0537,20,True,-1.0,0.0,2024-11-01,2024-07-01,1.0,1.0,53001.90808440808,0.0,583020.9889284889,17760.0,45518.27172077172,0.0
ST_Reg4.00in,arima,0.98,2.0537,50,True,-1.0,0.0,2024-11-01,2024-07-01,1.0,1.0,53001.90808440808,0.0,583020.9889284889,17760.0,45518.27172077172,0.0
ST_Reg4.00in,arima,0.98,2.0537,10,False,-1.0,0.0,2024-11-01,2024-07-01,1.0,1.0,53001.90808440808,0.0,583020.9889284889,17760.0,45518.27172077172,0.0
ST_Reg4.00in,croston,0.9,1.2816,2,True,-1.0,0.0,2024-11-01,2024-07-01,1.0,1.0,45713.8991519257,0.0,502852.8906711828,17760.0,38230.26278828934,0.0
ST_Reg4.00in,croston,0.9,1.2816,5,True,-1.0,0.0,2024-11-01,2024-07-01,1.0,1.0,45713.8991519257,0.0,502852.8906711828,17760.0,38230.26278828934,0.0
ST_Reg4.00in,croston,0.9,1.2816,10,True,-1.0,0.0,2024-11-01,2024-07-01,1.0,1.0,45713.8991519257,0.0,502852.8906711828,17760.0,38230.26278828934,0.0
ST_Reg4.00in,croston,0.9,1.2816,20,True,-1.0,0.0,2024-11-01,2024-07-01,1.0,1.0,45713.8991519257,0.0,502852.8906711828,17760.0,38230.26278828934,0.0
ST_Reg4.00in,croston,0.9,1.2816,50,True,-1.0,0.0,2024-11-01,2024-07-01,1.0,1.0,45713.8991519257,0.0,502852.8906711828,17760.0,38230.26278828934,0.0
ST_Reg4.00in,croston,0.9,1.2816,10,False,-1.0,0.0,2024-11-01,2024-07-01,1.0,1.0,45704.55482782045,0.0,502750.10310602497,17760.0,38220.918464184084,0.0
ST_Reg4.00in,croston,0.95,1.6449,2,True,-1.0,0.0,2024-11-01,2024-07-01,1.0,1.0,56214.385575440334,0.0,618358.2413298436,17760.0,48730.749211803966,0.0
ST_Reg4.00in,croston,0.95,1.6449,5,True,-1.0,0.0,2024-11-01,2024-07-01,1.0,1.0,56214.385575440334,0.0,618358.2413298436,17760.0,48730.749211803966,0.0
ST_Reg4.00in,croston,0.95,1.6449,10,True,-1.0,0.0,2024-11-01,2024-07-01,1.0,1.0,56214.385575440334,0.0,618358.2413298436,17760.0,48730.749211803966,0.0
ST_Reg4.00in,croston,0.95,1.6449,20,True,-1.0,0.0,2024-11-01,2024-07-01,1.0,1.0,56214.385575440334,0.0,618358.2413298436,17760.0,48730.749211803966,0.0
ST_Reg4.00in,croston,0.95,1.6449,50,True,-1.0,0.0,2024-11-01,2024-07-01,1.0,1.0,56214.385575440334,0.0,618358.2413298436,17760.0,48730.749211803966,0.0
ST_Reg4.00in,croston,0.95,1.6449,10,False,-1.0,0.0,2024-11-01,2024-07-01,1.0,1.0,56214.385575440334,0.0,618358.2413298436,17760.0,48730.749211803966,0.0
ST_Reg4.00in,croston,0.98,2.0537,2,True,-1.0,0.0,2024-11-01,2024-07-01,1.0,1.0,69807.84236028147,0.0,767886.2659630962,17760.0,62324.20599664509,0.0
ST_Reg4.00in,croston,0.98,2.0537,5,True,-1.0,0.0,2024-11-01,2024-07-01,1.0,1.0,69807.84236028147,0.0,767886.2659630962,17760.0,62324.20599664509,0.0
ST_Reg4.00in,croston,0.98,2.0537,10,True,-1.0,0.0,2024-11-01,2024-07-01,1.0,1.0,69807.84236028147,0.0,767886.2659630962,17760.0,62324.20599664509,0.0
ST_Reg4.00in,croston,0.98,2.0537,20,True,-1.0,0.0,2024-11-01,2024-07-01,1.0,1.0,69807.84236028147,0.0,767886.2659630962,17760.0,62324.20599664509,0.0
ST_Reg4.00in,croston,0.98,2.0537,50,True,-1.0,0.0,2024-11-01,2024-07-01,1.0,1.0,69807.84236028147,0.0,767886.2659630962,17760.0,62324.20599664509,0.0
ST_Reg4.00in,croston,0.98,2.0537,10,False,-1.0,0.0,2024-11-01,2024-07-01,1.0,1.0,69807.84236028147,0.0,767886.2659630962,17760.0,62324.20599664509,0.0
ST_Reg4.00in,hybrid,0.9,1.2816,2,True,-1.0,0.0,2024-11-01,2024-07-01,1.0,1.0,27837.642840913264,0.0,306214.0712500459,17760.0,20354.006477276896,0.0
ST_Reg4.00in,hybrid,0.9,1.2816,5,True,-1.0,0.0,2024-11-01,2024-07-01,1.0,1.0,27837.642840913264,0.0,306214.0712500459,17760.0,20354.006477276896,0.0
ST_Reg4.00in,hybrid,0.9,1.2816,10,True,-1.0,0.0,2024-11-01,2024-07-01,1.0,1.0,27837.642840913264,0.0,306214.0712500459,17760.0,20354.006477276896,0.0
ST_Reg4.00in,hybrid,0.9,1.2816,20,True,-1.0,0.0,2024-11-01,2024-07-01,1.0,1.0,27837.642840913264,0.0,306214.0712500459,17760.0,20354.006477276896,0.0
ST_Reg4.00in,hybrid,0.9,1.2816,50,True,-1.0,0.0,2024-11-01,2024-07-01,1.0,1.0,27837.642840913264,0.0,306214.0712500459,17760.0,20354.006477276896,0.0
ST_Reg4.00in,hybrid,0.9,1.2816,10,False,-1.0,0.0,2024-11-01,2024-07-01,1.0,1.0,27822.46341280545,0.0,306047.09754085995,17760.0,20338.82704916908,0.0
ST_Reg4.00in,hybrid,0.95,1.6449,2,True,-1.0,0.0,2024-11-01,2024-07-01,1.0,1.0,32330.93133977469,0.0,355640.24473752157,17760.0,24847.29497613832,0.0
ST_Reg4.00in,hybrid,0.95,1.6449,5,True,-1.0,0.0,2024-11-01,2024-07-01,1.0,1.0,32330.93133977469,0.0,355640.24473752157,17760.0,24847.29497613832,0.0
ST_Reg4.00in,hybrid,0.95,1.6449,10,True,-1.0,0.0,2024-11-01,2024-07-01,1.0,1.0,32330.93133977469,0.0,355640.24473752157,17760.0,24847.29497613832,0.0
ST_Reg4.00in,hybrid,0.95,1.6449,20,True,-1.0,0.0,2024-11-01,2024-07-01,1.0,1.0,32330.93133977469,0.0,355640.24473752157,17760.0,24847.29497613832,0.0
ST_Reg4.00in,hybrid,0.95,1.6449,50,True,-1.0,0.0,2024-11-01,2024-07-01,1.0,1.0,32330.93133977469,0.0,355640.24473752157,17760.0,24847.29497613832,0.0
ST_Reg4.00in,hybrid,0.95,1.6449,10,False,-1.0,0.0,2024-11-01,2024-07-01,1.0,1.0,32316.156517593252,0.0,355477.7216935258,17760.0,24832.520153956888,0.0
ST_Reg4.00in,hybrid,0.98,2.0537,2,True,-1.0,0.0,2024-11-01,2024-07-01,1.0,1.0,43761.067145815294,0.0,481371.73860396823,17760.0,36277.430782178926,0.0
ST_Reg4.00in,hybrid,0.98,2.0537,5,True,-1.0,0.0,2024-11-01,2024-07-01,1.0,1.0,43761.067145815294,0.0,481371.73860396823,17760.0,36277.430782178926,0.0
ST_Reg4.00in,hybrid,0.98,2.0537,10,True,-1.0,0.0,2024-11-01,2024-07-01,1.0,1.0,43761.067145815294,0.0,481371.73860396823,17760.0,36277.430782178926,0.0
ST_Reg4.00in,hybrid,0.98,2.0537,20,True,-1.0,0.0,2024-11-01,2024-07-01,1.0,1.0,43761.067145815294,0.0,481371.73860396823,17760.0,36277.430782178926,0.0
ST_Reg4.00in,hybrid,0.98,2.0537,50,True,-1.0,0.0,2024-11-01,2024-07-01,1.0,1.0,43761.067145815294,0.0,481371.73860396823,17760.0,36277.430782178926,0.0
ST_Reg4.00in,hybrid,0.98,2.0537,10,False,-1.0,0.0,2024-11-01,2024-07-01,1.0,1.0,43761.067145815294,0.0,481371.73860396823,17760.0,36277.430782178926,0.0
ST_Reg4.00in,mitra,0.9,1.2816,2,True,-1.0,0.0,2024-11-01,2024-07-01,1.0,1.0,6436.986537931004,0.0,70806.85191724105,17760.0,1847.895628840095,0.0
ST_Reg4.00in,mitra,0.9,1.2816,5,True,-1.0,0.0,2024-11-01,2024-07-01,1.0,1.0,6436.986537931004,0.0,70806.85191724105,17760.0,1847.895628840095,0.0
ST_Reg4.00in,mitra,0.9,1.2816,10,True,-1.0,0.0,2024-11-01,2024-07-01,1.0,1.0,6436.986537931004,0.0,70806.85191724105,17760.0,1847.895628840095,0.0
ST_Reg4.00in,mitra,0.9,1.2816,20,True,-1.0,0.0,2024-11-01,2024-07-01,1.0,1.0,6436.986537931004,0.0,70806.85191724105,17760.0,1847.895628840095,0.0
ST_Reg4.00in,mitra,0.9,1.2816,50,True,-1.0,0.0,2024-11-01,2024-07-01,1.0,1.0,6436.986537931004,0.0,70806.85191724105,17760.0,1847.895628840095,0.0
ST_Reg4.00in,mitra,0.9,1.2816,10,False,-1.0,0.0,2024-11-01,2024-07-01,1.0,1.0,6426.964240898987,0.0,70696.60664988885,17760.0,1843.4824970917052,0.0
ST_Reg4.00in,mitra,0.95,1.6449,2,True,-1.0,0.0,2024-11-01,2024-07-01,1.0,1.0,8805.026651250551,0.0,96855.29316375607,17760.0,4068.6630148869153,0.0
ST_Reg4.00in,mitra,0.95,1.6449,5,True,-1.0,0.0,2024-11-01,2024-07-01,1.0,1.0,8805.026651250551,0.0,96855.29316375607,17760.0,4068.6630148869153,0.0
ST_Reg4.00in,mitra,0.95,1.6449,10,True,-1.0,0.0,2024-11-01,2024-07-01,1.0,1.0,8805.026651250551,0.0,96855.29316375607,17760.0,4068.6630148869153,0.0
ST_Reg4.00in,mitra,0.95,1.6449,20,True,-1.0,0.0,2024-11-01,2024-07-01,1.0,1.0,8805.026651250551,0.0,96855.29316375607,17760.0,4068.6630148869153,0.0
ST_Reg4.00in,mitra,0.95,1.6449,50,True,-1.0,0.0,2024-11-01,2024-07-01,1.0,1.0,8805.026651250551,0.0,96855.29316375607,17760.0,4068.6630148869153,0.0
ST_Reg4.00in,mitra,0.95,1.6449,10,False,-1.0,0.0,2024-11-01,2024-07-01,1.0,1.0,8797.662529678964,0.0,96774.2878264686,17760.0,4062.179587598428,0.0
ST_Reg4.00in,mitra,0.98,2.0537,2,True,-1.0,0.0,2024-11-01,2024-07-01,1.0,1.0,11492.115403740441,0.0,126413.26944114486,17760.0,6570.297221922261,0.0
ST_Reg4.00in,mitra,0.98,2.0537,5,True,-1.0,0.0,2024-11-01,2024-07-01,1.0,1.0,11492.115403740441,0.0,126413.26944114486,17760.0,6570.297221922261,0.0
ST_Reg4.00in,mitra,0.98,2.0537,10,True,-1.0,0.0,2024-11-01,2024-07-01,1.0,1.0,11492.115403740441,0.0,126413.26944114486,17760.0,6570.297221922261,0.0
ST_Reg4.00in,mitra,0.98,2.0537,20,True,-1.0,0.0,2024-11-01,2024-07-01,1.0,1.0,11492.115403740441,0.0,126413.26944114486,17760.0,6570.297221922261,0.0
ST_Reg4.00in,mitra,0.98,2.0537,50,True,-1.0,0.0,2024-11-01,2024-07-01,1.0,1.0,11492.115403740441,0.0,126413.26944114486,17760.0,6570.297221922261,0.0
ST_Reg4.00in,mitra,0.98,2.0537,10,False,-1.0,0.0,2024-11-01,2024-07-01,1.0,1.0,11483.051405523222,0.0,126313.56546075545,17760.0,6558.748182696552,0.0
ST_Reg4.00in,naive,0.9,1.2816,2,True,-1.0,0.0,2024-11-01,2024-07-01,1.0,1.0,26184.304890582538,0.0,288027.35379640793,17760.0,37226.12307240072,0.0
ST_Reg4.00in,naive,0.9,1.2816,5,True,-1.0,0.0,2024-11-01,2024-07-01,1.0,1.0,26184.304890582538,0.0,288027.35379640793,17760.0,37226.12307240072,0.0
ST_Reg4.00in,naive,0.9,1.2816,10,True,-1.0,0.0,2024-11-01,2024-07-01,1.0,1.0,26184.304890582538,0.0,288027.35379640793,17760.0,37226.12307240072,0.0
ST_Reg4.00in,naive,0.9,1.2816,20,True,-1.0,0.0,2024-11-01,2024-07-01,1.0,1.0,26184.304890582538,0.0,288027.35379640793,17760.0,37226.12307240072,0.0
ST_Reg4.00in,naive,0.9,1.2816,50,True,-1.0,0.0,2024-11-01,2024-07-01,1.0,1.0,26184.304890582538,0.0,288027.35379640793,17760.0,37226.12307240072,0.0
ST_Reg4.00in,naive,0.9,1.2816,10,False,-1.0,0.0,2024-11-01,2024-07-01,1.0,1.0,26178.99062323534,0.0,287968.8968555887,17760.0,37224.405685647,0.0
ST_Reg4.00in,naive,0.95,1.6449,2,True,-1.0,0.0,2024-11-01,2024-07-01,1.0,1.0,31618.071605075427,0.0,347798.7876558297,17760.0,43830.7988778027,0.0
ST_Reg4.00in,naive,0.95,1.6449,5,True,-1.0,0.0,2024-11-01,2024-07-01,1.0,1.0,31618.071605075427,0.0,347798.7876558297,17760.0,43830.7988778027,0.0
ST_Reg4.00in,naive,0.95,1.6449,10,True,-1.0,0.0,2024-11-01,2024-07-01,1.0,1.0,31618.071605075427,0.0,347798.7876558297,17760.0,43830.7988778027,0.0
ST_Reg4.00in,naive,0.95,1.6449,20,True,-1.0,0.0,2024-11-01,2024-07-01,1.0,1.0,31618.071605075427,0.0,347798.7876558297,17760.0,43830.7988778027,0.0
ST_Reg4.00in,naive,0.95,1.6449,50,True,-1.0,0.0,2024-11-01,2024-07-01,1.0,1.0,31618.071605075427,0.0,347798.7876558297,17760.0,43830.7988778027,0.0
ST_Reg4.00in,naive,0.95,1.6449,10,False,-1.0,0.0,2024-11-01,2024-07-01,1.0,1.0,31614.700831188136,0.0,347761.7091430695,17760.0,43830.593720599834,0.0
ST_Reg4.00in,naive,0.98,2.0537,2,True,-1.0,0.0,2024-11-01,2024-07-01,1.0,1.0,37743.65881367629,0.0,415180.2469504392,17760.0,51281.84063185811,0.0
ST_Reg4.00in,naive,0.98,2.0537,5,True,-1.0,0.0,2024-11-01,2024-07-01,1.0,1.0,37743.65881367629,0.0,415180.2469504392,17760.0,51281.84063185811,0.0
ST_Reg4.00in,naive,0.98,2.0537,10,True,-1.0,0.0,2024-11-01,2024-07-01,1.0,1.0,37743.65881367629,0.0,415180.2469504392,17760.0,51281.84063185811,0.0
ST_Reg4.00in,naive,0.98,2.0537,20,True,-1.0,0.0,2024-11-01,2024-07-01,1.0,1.0,37743.65881367629,0.0,415180.2469504392,17760.0,51281.84063185811,0.0
ST_Reg4.00in,naive,0.98,2.0537,50,True,-1.0,0.0,2024-11-01,2024-07-01,1.0,1.0,37743.65881367629,0.0,415180.2469504392,17760.0,51281.84063185811,0.0
ST_Reg4.00in,naive,0.98,2.0537,10,False,-1.0,0.0,2024-11-01,2024-07-01,1.0,1.0,37731.183993894185,0.0,415043.023932836,17760.0,51264.146345672,0.0
ST_Reg4.00in,rf,0.9,1.2816,2,True,-1.0,0.0,2024-11-01,2024-07-01,1.0,1.0,38124.576968612215,0.0,419370.3466547344,17760.0,30640.940604975855,0.0
ST_Reg4.00in,rf,0.9,1.2816,5,True,-1.0,0.0,2024-11-01,2024-07-01,1.0,1.0,38124.576968612215,0.0,419370.3466547344,17760.0,30640.940604975855,0.0
ST_Reg4.00in,rf,0.9,1.2816,10,True,-1.0,0.0,2024-11-01,2024-07-01,1.0,1.0,38124.576968612215,0.0,419370.3466547344,17760.0,30640.940604975855,0.0
ST_Reg4.00in,rf,0.9,1.2816,20,True,-1.0,0.0,2024-11-01,2024-07-01,1.0,1.0,38124.576968612215,0.0,419370.3466547344,17760.0,30640.940604975855,0.0
ST_Reg4.00in,rf,0.9,1.2816,50,True,-1.0,0.0,2024-11-01,2024-07-01,1.0,1.0,38124.576968612215,0.0,419370.3466547344,17760.0,30640.940604975855,0.0
ST_Reg4.00in,rf,0.9,1.2816,10,False,-1.0,0.0,2024-11-01,2024-07-01,1.0,1.0,38124.576968612215,0.0,419370.3466547344,17760.0,30640.940604975855,0.0
ST_Reg4.00in,rf,0.95,1.6449,2,True,-1.0,0.0,2024-11-01,2024-07-01,1.0,1.0,52581.57564666133,0.0,578397.3321132746,17760.0,45097.939283024956,0.0
ST_Reg4.00in,rf,0.95,1.6449,5,True,-1.0,0.0,2024-11-01,2024-07-01,1.0,1.0,52581.57564666133,0.0,578397.3321132746,17760.0,45097.939283024956,0.0
ST_Reg4.00in,rf,0.95,1.6449,10,True,-1.0,0.0,2024-11-01,2024-07-01,1.0,1.0,52581.57564666133,0.0,578397.3321132746,17760.0,45097.939283024956,0.0
ST_Reg4.00in,rf,0.95,1.6449,20,True,-1.0,0.0,2024-11-01,2024-07-01,1.0,1.0,52581.57564666133,0.0,578397.3321132746,17760.0,45097.939283024956,0.0
ST_Reg4.00in,rf,0.95,1.6449,50,True,-1.0,0.0,2024-11-01,2024-07-01,1.0,1.0,52581.57564666133,0.0,578397.3321132746,17760.0,45097.939283024956,0.0
ST_Reg4.00in,rf,0.95,1.6449,10,False,-1.0,0.0,2024-11-01,2024-07-01,1.0,1.0,52581.57564666133,0.0,578397.3321132746,17760.0,45097.939283024956,0.0
ST_Reg4.00in,rf,0.98,2.0537,2,True,-1.0,0.0,2024-11-01,2024-07-01,1.0,1.0,68849.18109556437,0.0,757340.992051208,17760.0,61365.54473192799,0.0
ST_Reg4.00in,rf,0.98,2.0537,5,True,-1.0,0.0,2024-11-01,2024-07-01,1.0,1.0,68849.18109556437,0.0,757340.992051208,17760.0,61365.54473192799,0.0
ST_Reg4.00in,rf,0.98,2.0537,10,True,-1.0,0.0,2024-11-01,2024-07-01,1.0,1.0,68849.18109556437,0.0,757340.992051208,17760.0,61365.54473192799,0.0
ST_Reg4.00in,rf,0.98,2.0537,20,True,-1.0,0.0,2024-11-01,2024-07-01,1.0,1.0,68849.18109556437,0.0,757340.992051208,17760.0,61365.54473192799,0.0
ST_Reg4.00in,rf,0.98,2.0537,50,True,-1.0,0.0,2024-11-01,2024-07-01,1.0,1.0,68849.18109556437,0.0,757340.992051208,17760.0,61365.54473192799,0.0
ST_Reg4.00in,rf,0.98,2.0537,10,False,-1.0,0.0,2024-11-01,2024-07-01,1.0,1.0,68849.18109556437,0.0,757340.992051208,17760.0,61365.54473192799,0.0
ST_Reg4.00in,sba,0.9,1.2816,2,True,-1.0,0.0,2024-11-01,2024-07-01,1.0,1.0,42736.96304182187,0.0,470106.59346004063,17760.0,35253.32667818552,0.0
ST_Reg4.00in,sba,0.9,1.2816,5,True,-1.0,0.0,2024-11-01,2024-07-01,1.0,1.0,42736.96304182187,0.0,470106.59346004063,17760.0,35253.32667818552,0.0
ST_Reg4.00in,sba,0.9,1.2816,10,True,-1.0,0.0,2024-11-01,2024-07-01,1.0,1.0,42736.96304182187,0.0,470106.59346004063,17760.0,35253.32667818552,0.0
ST_Reg4.00in,sba,0.9,1.2816,20,True,-1.0,0.0,2024-11-01,2024-07-01,1.0,1.0,42736.96304182187,0.0,470106.59346004063,17760.0,35253.32667818552,0.0
ST_Reg4.00in,sba,0.9,1.2816,50,True,-1.0,0.0,2024-11-01,2024-07-01,1.0,1.0,42736.96304182187,0.0,470106.59346004063,17760.0,35253.32667818552,0.0
ST_Reg4.00in,sba,0.9,1.2816,10,False,-1.0,0.0,2024-11-01,2024-07-01,1.0,1.0,42730.081499038926,0.0,470030.8964894282,17760.0,35246.445135402566,0.0
ST_Reg4.00in,sba,0.95,1.6449,2,True,-1.0,0.0,2024-11-01,2024-07-01,1.0,1.0,51975.60322995087,0.0,571731.6355294596,17760.0,44491.9668663145,0.0
ST_Reg4.00in,sba,0.95,1.6449,5,True,-1.0,0.0,2024-11-01,2024-07-01,1.0,1.0,51975.60322995087,0.0,571731.6355294596,17760.0,44491.9668663145,0.0
ST_Reg4.00in,sba,0.95,1.6449,10,True,-1.0,0.0,2024-11-01,2024-07-01,1.0,1.0,51975.60322995087,0.0,571731.6355294596,17760.0,44491.9668663145,0.0
ST_Reg4.00in,sba,0.95,1.6449,20,True,-1.0,0.0,2024-11-01,2024-07-01,1.0,1.0,51975.60322995087,0.0,571731.6355294596,17760.0,44491.9668663145,0.0
ST_Reg4.00in,sba,0.95,1.6449,50,True,-1.0,0.0,2024-11-01,2024-07-01,1.0,1.0,51975.60322995087,0.0,571731.6355294596,17760.0,44491.9668663145,0.0
ST_Reg4.00in,sba,0.95,1.6449,10,False,-1.0,0.0,2024-11-01,2024-07-01,1.0,1.0,51975.60322995087,0.0,571731.6355294596,17760.0,44491.9668663145,0.0
ST_Reg4.00in,sba,0.98,2.0537,2,True,-1.0,0.0,2024-11-01,2024-07-01,1.0,1.0,64846.82841273954,0.0,713315.1125401349,17760.0,57363.19204910316,0.0
ST_Reg4.00in,sba,0.98,2.0537,5,True,-1.0,0.0,2024-11-01,2024-07-01,1.0,1.0,64846.82841273954,0.0,713315.1125401349,17760.0,57363.19204910316,0.0
ST_Reg4.00in,sba,0.98,2.0537,10,True,-1.0,0.0,2024-11-01,2024-07-01,1.0,1.0,64846.82841273954,0.0,713315.1125401349,17760.0,57363.19204910316,0.0
ST_Reg4.00in,sba,0.98,2.0537,20,True,-1.0,0.0,2024-11-01,2024-07-01,1.0,1.0,64846.82841273954,0.0,713315.1125401349,17760.0,57363.19204910316,0.0
ST_Reg4.00in,sba,0.98,2.0537,50,True,-1.0,0.0,2024-11-01,2024-07-01,1.0,1.0,64846.82841273954,0.0,713315.1125401349,17760.0,57363.19204910316,0.0
ST_Reg4.00in,sba,0.98,2.0537,10,False,-1.0,0.0,2024-11-01,2024-07-01,1.0,1.0,64846.82841273954,0.0,713315.1125401349,17760.0,57363.19204910316,0.0
ST_Reg4.00in,ses,0.9,1.2816,2,True,-1.0,0.0,2024-11-01,2024-07-01,1.0,1.0,13667.902253270011,0.0,150346.92478597013,17760.0,7075.174980542739,0.0
ST_Reg4.00in,ses,0.9,1.2816,5,True,-1.0,0.0,2024-11-01,2024-07-01,1.0,1.0,13667.902253270011,0.0,150346.92478597013,17760.0,7075.174980542739,0.0
ST_Reg4.00in,ses,0.9,1.2816,10,True,-1.0,0.0,2024-11-01,2024-07-01,1.0,1.0,13667.902253270011,0.0,150346.92478597013,17760.0,7075.174980542739,0.0
ST_Reg4.00in,ses,0.9,1.2816,20,True,-1.0,0.0,2024-11-01,2024-07-01,1.0,1.0,13667.902253270011,0.0,150346.92478597013,17760.0,7075.174980542739,0.0
ST_Reg4.00in,ses,0.9,1.2816,50,True,-1.0,0.0,2024-11-01,2024-07-01,1.0,1.0,13667.902253270011,0.0,150346.92478597013,17760.0,7075.174980542739,0.0
ST_Reg4.00in,ses,0.9,1.2816,10,False,-1.0,0.0,2024-11-01,2024-07-01,1.0,1.0,13659.7971573935,0.0,150257.76873132848,17760.0,7069.154600241836,0.0
ST_Reg4.00in,ses,0.95,1.6449,2,True,-1.0,0.0,2024-11-01,2024-07-01,1.0,1.0,17305.079473348043,0.0,190355.87420682848,17760.0,10148.715836984411,0.0
ST_Reg4.00in,ses,0.95,1.6449,5,True,-1.0,0.0,2024-11-01,2024-07-01,1.0,1.0,17305.079473348043,0.0,190355.87420682848,17760.0,10148.715836984411,0.0
ST_Reg4.00in,ses,0.95,1.6449,10,True,-1.0,0.0,2024-11-01,2024-07-01,1.0,1.0,17305.079473348043,0.0,190355.87420682848,17760.0,10148.715836984411,0.0
ST_Reg4.00in,ses,0.95,1.6449,20,True,-1.0,0.0,2024-11-01,2024-07-01,1.0,1.0,17305.079473348043,0.0,190355.87420682848,17760.0,10148.715836984411,0.0
ST_Reg4.00in,ses,0.95,1.6449,50,True,-1.0,0.0,2024-11-01,2024-07-01,1.0,1.0,17305.079473348043,0.0,190355.87420682848,17760.0,10148.715836984411,0.0
ST_Reg4.00in,ses,0.95,1.6449,10,False,-1.0,0.0,2024-11-01,2024-07-01,1.0,1.0,17297.26172053866,0.0,190269.87892592527,17760.0,10134.383290167207,0.0
ST_Reg4.00in,ses,0.98,2.0537,2,True,-1.0,0.0,2024-11-01,2024-07-01,1.0,1.0,26852.213202859566,0.0,295374.3452314552,17760.0,19368.5768392232,0.0
ST_Reg4.00in,ses,0.98,2.0537,5,True,-1.0,0.0,2024-11-01,2024-07-01,1.0,1.0,26852.213202859566,0.0,295374.3452314552,17760.0,19368.5768392232,0.0
ST_Reg4.00in,ses,0.98,2.0537,10,True,-1.0,0.0,2024-11-01,2024-07-01,1.0,1.0,26852.213202859566,0.0,295374.3452314552,17760.0,19368.5768392232,0.0
ST_Reg4.00in,ses,0.98,2.0537,20,True,-1.0,0.0,2024-11-01,2024-07-01,1.0,1.0,26852.213202859566,0.0,295374.3452314552,17760.0,19368.5768392232,0.0
ST_Reg4.00in,ses,0.98,2.0537,50,True,-1.0,0.0,2024-11-01,2024-07-01,1.0,1.0,26852.213202859566,0.0,295374.3452314552,17760.0,19368.5768392232,0.0
ST_Reg4.00in,ses,0.98,2.0537,10,False,-1.0,0.0,2024-11-01,2024-07-01,1.0,1.0,26852.213202859566,0.0,295374.3452314552,17760.0,19368.5768392232,0.0
ST_Reg4.00in,tsb,0.9,1.2816,2,True,-1.0,0.0,2024-11-01,2024-07-01,1.0,1.0,53108.10846834532,0.0,584189.1931517986,17760.0,45624.472104708955,0.0
ST_Reg4.00in,tsb,0.9,1.2816,5,True,-1.0,0.0,2024-11-01,2024-07-01,1.0,1.0,53108.10846834532,0.0,584189.1931517986,17760.0,45624.472104708955,0.0
ST_Reg4.00in,tsb,0.9,1.2816,10,True,-1.0,0.0,2024-11-01,2024-07-01,1.0,1.0,53108.10846834532,0.0,584189.1931517986,17760.0,45624.472104708955,0.0
ST_Reg4.00in,tsb,0.9,1.2816,20,True,-1.0,0.0,2024-11-01,2024-07-01,1.0,1.0,53108.10846834532,0.0,584189.1931517986,17760.0,45624.472104708955,0.0
ST_Reg4.00in,tsb,0.9,1.2816,50,True,-1.0,0.0,2024-11-01,2024-07-01,1.0,1.0,53108.10846834532,0.0,584189.1931517986,17760.0,45624.472104708955,0.0
ST_Reg4.00in,tsb,0.9,1.2816,10,False,-1.0,0.0,2024-11-01,2024-07-01,1.0,1.0,53108.10846834532,0.0,584189.1931517986,17760.0,45624.472104708955,0.0
ST_Reg4.00in,tsb,0.95,1.6449,2,True,-1.0,0.0,2024-11-01,2024-07-01,1.0,1.0,68481.12706476437,0.0,753292.3977124081,17760.0,60997.490701128,0.0
ST_Reg4.00in,tsb,0.95,1.6449,5,True,-1.0,0.0,2024-11-01,2024-07-01,1.0,1.0,68481.12706476437,0.0,753292.3977124081,17760.0,60997.490701128,0.0
ST_Reg4.00in,tsb,0.95,1.6449,10,True,-1.0,0.0,2024-11-01,2024-07-01,1.0,1.0,68481.12706476437,0.0,753292.3977124081,17760.0,60997.490701128,0.0
ST_Reg4.00in,tsb,0.95,1.6449,20,True,-1.0,0.0,2024-11-01,2024-07-01,1.0,1.0,68481.12706476437,0.0,753292.3977124081,17760.0,60997.490701128,0.0
ST_Reg4.00in,tsb,0.95,1.6449,50,True,-1.0,0.0,2024-11-01,2024-07-01,1.0,1.0,68481.12706476437,0.0,753292.3977124081,17760.0,60997.490701128,0.0
ST_Reg4.00in,tsb,0.95,1.6449,10,False,-1.0,0.0,2024-11-01,2024-07-01,1.0,1.0,68481.12706476437,0.0,753292.3977124081,17760.0,60997.490701128,0.0
ST_Reg4.00in,tsb,0.98,2.0537,2,True,-1.0,0.0,2024-11-01,2024-07-01,1.0,1.0,85779.47554320122,0.0,943574.2309752135,17760.0,78295.83917956486,0.0
ST_Reg4.00in,tsb,0.98,2.0537,5,True,-1.0,0.0,2024-11-01,2024-07-01,1.0,1.0,85779.47554320122,0.0,943574.2309752135,17760.0,78295.83917956486,0.0
ST_Reg4.00in,tsb,0.98,2.0537,10,True,-1.0,0.0,2024-11-01,2024-07-01,1.0,1.0,85779.47554320122,0.0,943574.2309752135,17760.0,78295.83917956486,0.0
ST_Reg4.00in,tsb,0.98,2.0537,20,True,-1.0,0.0,2024-11-01,2024-07-01,1.0,1.0,85779.47554320122,0.0,943574.2309752135,17760.0,78295.83917956486,0.0
ST_Reg4.00in,tsb,0.98,2.0537,50,True,-1.0,0.0,2024-11-01,2024-07-01,1.0,1.0,85779.47554320122,0.0,943574.2309752135,17760.0,78295.83917956486,0.0
ST_Reg4.00in,tsb,0.98,2.0537,10,False,-1.0,0.0,2024-11-01,2024-07-01,1.0,1.0,85779.47554320122,0.0,943574.2309752135,17760.0,78295.83917956486,0.0
ST_Reg4.00in,xgb,0.9,1.2816,2,True,-1.0,0.0,2024-11-01,2024-07-01,1.0,1.0,4363.393049630168,0.0,47997.32354593185,17760.0,967.0294132665331,0.0
ST_Reg4.00in,xgb,0.9,1.2816,5,True,-1.0,0.0,2024-11-01,2024-07-01,1.0,1.0,4363.393049630168,0.0,47997.32354593185,17760.0,967.0294132665331,0.0
ST_Reg4.00in,xgb,0.9,1.2816,10,True,-1.0,0.0,2024-11-01,2024-07-01,1.0,1.0,4363.393049630168,0.0,47997.32354593185,17760.0,967.0294132665331,0.0
ST_Reg4.00in,xgb,0.9,1.2816,20,True,-1.0,0.0,2024-11-01,2024-07-01,1.0,1.0,4363.393049630168,0.0,47997.32354593185,17760.0,967.0294132665331,0.0
ST_Reg4.00in,xgb,0.9,1.2816,50,True,-1.0,0.0,2024-11-01,2024-07-01,1.0,1.0,4363.393049630168,0.0,47997.32354593185,17760.0,967.0294132665331,0.0
ST_Reg4.00in,xgb,0.9,1.2816,10,False,-1.0,0.0,2024-11-01,2024-07-01,1.0,1.0,4353.708959379918,0.0,47890.7985531791,17760.0,961.4035180332485,0.0
ST_Reg4.00in,xgb,0.95,1.6449,2,True,-1.0,0.0,2024-11-01,2024-07-01,1.0,1.0,7231.307985771582,0.0,79544.3878434874,17760.0,4033.126167589762,0.0
ST_Reg4.00in,xgb,0.95,1.6449,5,True,-1.0,0.0,2024-11-01,2024-07-01,1.0,1.0,7231.307985771582,0.0,79544.3878434874,17760.0,4033.126167589762,0.0
ST_Reg4.00in,xgb,0.95,1.6449,10,True,-1.0,0.0,2024-11-01,2024-07-01,1.0,1.0,7231.307985771582,0.0,79544.3878434874,17760.0,4033.126167589762,0.0
ST_Reg4.00in,xgb,0.95,1.6449,20,True,-1.0,0.0,2024-11-01,2024-07-01,1.0,1.0,7231.307985771582,0.0,79544.3878434874,17760.0,4033.126167589762,0.0
ST_Reg4.00in,xgb,0.95,1.6449,50,True,-1.0,0.0,2024-11-01,2024-07-01,1.0,1.0,7231.307985771582,0.0,79544.3878434874,17760.0,4033.126167589762,0.0
ST_Reg4.00in,xgb,0.95,1.6449,10,False,-1.0,0.0,2024-11-01,2024-07-01,1.0,1.0,7220.054763757496,0.0,79420.60240133246,17760.0,4014.1263717692545,0.0
ST_Reg4.00in,xgb,0.98,2.0537,2,True,-1.0,0.0,2024-11-01,2024-07-01,1.0,1.0,10458.108747686527,0.0,115039.1962245518,17760.0,7465.381474959253,0.0
ST_Reg4.00in,xgb,0.98,2.0537,5,True,-1.0,0.0,2024-11-01,2024-07-01,1.0,1.0,10458.108747686527,0.0,115039.1962245518,17760.0,7465.381474959253,0.0
ST_Reg4.00in,xgb,0.98,2.0537,10,True,-1.0,0.0,2024-11-01,2024-07-01,1.0,1.0,10458.108747686527,0.0,115039.1962245518,17760.0,7465.381474959253,0.0
ST_Reg4.00in,xgb,0.98,2.0537,20,True,-1.0,0.0,2024-11-01,2024-07-01,1.0,1.0,10458.108747686527,0.0,115039.1962245518,17760.0,7465.381474959253,0.0
ST_Reg4.00in,xgb,0.98,2.0537,50,True,-1.0,0.0,2024-11-01,2024-07-01,1.0,1.0,10458.108747686527,0.0,115039.1962245518,17760.0,7465.381474959253,0.0
ST_Reg4.00in,xgb,0.98,2.0537,10,False,-1.0,0.0,2024-11-01,2024-07-01,1.0,1.0,10445.384146718014,0.0,114899.22561389815,17760.0,7449.174823757363,0.0
ST_Reg6.00in,arima,0.9,1.2816,2,True,-1.0,0.0,2024-11-01,2024-07-01,0.8821011531354375,0.75,1261.563408245582,72.02547735725999,15461.75799256112,6720.0,327.7197490701401,0.0
ST_Reg6.00in,arima,0.9,1.2816,5,True,-1.0,0.0,2024-11-01,2024-07-01,0.8821011531354375,0.75,1261.563408245582,72.02547735725999,17838.5987453507,6720.0,327.7197490701401,0.0
ST_Reg6.00in,arima,0.9,1.2816,10,True,-1.0,0.0,2024-11-01,2024-07-01,0.8821011531354375,0.75,1261.563408245582,72.02547735725999,21800.0,6720.0,327.7197490701401,0.0
ST_Reg6.00in,arima,0.9,1.2816,20,True,-1.0,0.0,2024-11-01,2024-07-01,0.8821011531354375,0.75,1261.563408245582,72.02547735725999,29722.8025092986,6720.0,327.7197490701401,0.0
ST_Reg6.00in,arima,0.9,1.2816,50,True,-1.0,0.0,2024-11-01,2024-07-01,0.8821011531354375,0.75,1261.563408245582,72.02547735725999,53491.210037194396,6720.0,327.7197490701401,0.0
ST_Reg6.00in,arima,0.9,1.2816,10,False,-1.0,0.0,2024-11-01,2024-07-01,0.8795383671107027,0.75,1252.7999509795254,73.59110663782526,21875.82119093556,6720.0,317.3043980421726,0.0
ST_Reg6.00in,arima,0.95,1.6449,2,True,-1.0,0.0,2024-11-01,2024-07-01,0.9575377409925134,0.75,1740.5941995178998,25.940580048209995,19717.22895575752,6720.0,854.65361946969,0.0
ST_Reg6.00in,arima,0.95,1.6449,5,True,-1.0,0.0,2024-11-01,2024-07-01,0.9575377409925134,0.75,1740.5941995178998,25.940580048209995,20573.26809734845,6720.0,854.65361946969,0.0
ST_Reg6.00in,arima,0.95,1.6449,10,True,-1.0,0.0,2024-11-01,2024-07-01,0.9575377409925134,0.75,1740.5941995178998,25.940580048209995,22000.0,6720.0,854.65361946969,0.0
ST_Reg6.00in,arima,0.95,1.6449,20,True,-1.0,0.0,2024-11-01,2024-07-01,0.9575377409925134,0.75,1740.5941995178998,25.940580048209995,24853.463805303098,6720.0,854.65361946969,0.0
ST_Reg6.00in,arima,0.95,1.6449,50,True,-1.0,0.0,2024-11-01,2024-07-01,0.9575377409925134,0.75,1740.5941995178998,25.940580048209995,33413.8552212124,6720.0,854.65361946969,0.0
ST_Reg6.00in,arima,0.95,1.6449,10,False,-1.0,0.0,2024-11-01,2024-07-01,0.9563416968818691,0.75,1728.776389988886,26.671254268530944,21950.37825941615,6720.0,843.6238350104477,0.0
ST_Reg6.00in,arima,0.98,2.0537,2,True,-1.0,0.0,2024-11-01,2024-07-01,1.0,1.0,2301.6431418810944,0.0,25318.07456069204,6720.0,1452.5522327901854,0.0
ST_Reg6.00in,arima,0.98,2.0537,5,True,-1.0,0.0,2024-11-01,2024-07-01,1.0,1.0,2301.6431418810944,0.0,25318.07456069204,6720.0,1452.5522327901854,0.0
ST_Reg6.00in,arima,0.98,2.0537,10,True,-1.0,0.0,2024-11-01,2024-07-01,1.0,1.0,2301.6431418810944,0.0,25318.07456069204,6720.0,1452.5522327901854,0.0
ST_Reg6.00in,arima,0.98,2.0537,20,True,-1.0,0.0,2024-11-01,2024-07-01,1.0,1.0,2301.6431418810944,0.0,25318.07456069204,6720.0,1452.5522327901854,0.0
ST_Reg6.00in,arima,0.98,2.0537,50,True,-1.0,0.0,2024-11-01,2024-07-01,1.0,1.0,2301.6431418810944,0.0,25318.07456069204,6720.0,1452.5522327901854,0.0
ST_Reg6.00in,arima,0.98,2.0537,10,False,-1.0,0.0,2024-11-01,2024-07-01,1.0,1.0,2290.489401934487,0.0,25195.38342127936,6720.0,1435.8599644699316,0.0
ST_Reg6.00in,croston,0.9,1.2816,2,True,-1.0,0.0,2024-11-01,2024-07-01,0.864688218064922,0.75,1206.095295814796,82.66319769124766,15085.638603170204,6720.0,370.70482539627574,0.0
ST_Reg6.00in,croston,0.9,1.2816,5,True,-1.0,0.0,2024-11-01,2024-07-01,0.864688218064922,0.75,1206.095295814796,82.66319769124766,17813.524126981378,6720.0,370.70482539627574,0.0
ST_Reg6.00in,croston,0.9,1.2816,10,True,-1.0,0.0,2024-11-01,2024-07-01,0.864688218064922,0.75,1206.095295814796,82.66319769124766,22360.0,6720.0,370.70482539627574,0.0
ST_Reg6.00in,croston,0.9,1.2816,20,True,-1.0,0.0,2024-11-01,2024-07-01,0.864688218064922,0.75,1206.095295814796,82.66319769124766,31452.95174603724,6720.0,370.70482539627574,0.0
ST_Reg6.00in,croston,0.9,1.2816,50,True,-1.0,0.0,2024-11-01,2024-07-01,0.864688218064922,0.75,1206.095295814796,82.66319769124766,58731.80698414897,6720.0,370.70482539627574,0.0
ST_Reg6.00in,croston,0.9,1.2816,10,False,-1.0,0.0,2024-11-01,2024-07-01,0.8632146764245585,0.75,1197.4574479698874,83.56339767517883,22364.005671938434,6720.0,363.2729925582589,0.0
ST_Reg6.00in,croston,0.95,1.6449,2,True,-1.0,0.0,2024-11-01,2024-07-01,0.9382140020908551,0.75,1675.2709945914064,37.74562781358666,19258.384752404374,6720.0,904.7980940505468,0.0
ST_Reg6.00in,croston,0.95,1.6449,5,True,-1.0,0.0,2024-11-01,2024-07-01,0.9382140020908551,0.75,1675.2709945914064,37.74562781358666,20503.990470252735,6720.0,904.7980940505468,0.0
ST_Reg6.00in,croston,0.95,1.6449,10,True,-1.0,0.0,2024-11-01,2024-07-01,0.9382140020908551,0.75,1675.2709945914064,37.74562781358666,22580.0,6720.0,904.7980940505468,0.0
ST_Reg6.00in,croston,0.95,1.6449,20,True,-1.0,0.0,2024-11-01,2024-07-01,0.9382140020908551,0.75,1675.2709945914064,37.74562781358666,26732.019059494534,6720.0,904.7980940505468,0.0
ST_Reg6.00in,croston,0.95,1.6449,50,True,-1.0,0.0,2024-11-01,2024-07-01,0.9382140020908551,0.75,1675.2709945914064,37.74562781358666,39188.07623797813,6720.0,904.7980940505468,0.0
ST_Reg6.00in,croston,0.95,1.6449,10,False,-1.0,0.0,2024-11-01,2024-07-01,0.93592672845742,0.75,1669.4715935389665,39.142944069648905,22669.91137659001,6720.0,903.550551770797,0.0
ST_Reg6.00in,croston,0.98,2.0537,2,True,-1.0,0.0,2024-11-01,2024-07-01,1.0,1.0,2226.4297559589427,0.0,24490.72731554837,6720.0,1528.2479377771251,0.0
ST_Reg6.00in,croston,0.98,2.0537,5,True,-1.0,0.0,2024-11-01,2024-07-01,1.0,1.0,2226.4297559589427,0.0,24490.72731554837,6720.0,1528.2479377771251,0.0
ST_Reg6.00in,croston,0.98,2.0537,10,True,-1.0,0.0,2024-11-01,2024-07-01,1.0,1.0,2226.4297559589427,0.0,24490.72731554837,6720.0,1528.2479377771251,0.0
ST_Reg6.00in,croston,0.98,2.0537,20,True,-1.0,0.0,2024-11-01,2024-07-01,1.0,1.0,2226.4297559589427,0.0,24490.72731554837,6720.0,1528.2479377771251,0.0
ST_Reg6.00in,croston,0.98,2.0537,50,True,-1.0,0.0,2024-11-01,2024-07-01,1.0,1.0,2226.4297559589427,0.0,24490.72731554837,6720.0,1528.2479377771251,0.0
ST_Reg6.00in,croston,0.98,2.0537,10,False,-1.0,0.0,2024-11-01,2024-07-01,1.0,1.0,2211.44195566965,0.0,24325.861512366148,6720.0,1511.4929305378928,0.0
ST_Reg6.00in,hybrid,0.9,1.2816,2,True,-1.0,0.0,2024-11-01,2024-07-01,1.0,1.0,13154.483218901429,0.0,144699.3154079157,6720.0,10405.392309810519,0.0
ST_Reg6.00in,hybrid,0.9,1.2816,5,True,-1.0,0.0,2024-11-01,2024-07-01,1.0,1.0,13154.483218901429,0.0,144699.3154079157,6720.0,10405.392309810519,0.0
ST_Reg6.00in,hybrid,0.9,1.2816,10,True,-1.0,0.0,2024-11-01,2024-07-01,1.0,1.0,13154.483218901429,0.0,144699.3154079157,6720.0,10405.392309810519,0.0
ST_Reg6.00in,hybrid,0.9,1.2816,20,True,-1.0,0.0,2024-11-01,2024-07-01,1.0,1.0,13154.483218901429,0.0,144699.3154079157,6720.0,10405.392309810519,0.0
ST_Reg6.00in,hybrid,0.9,1.2816,50,True,-1.0,0.0,2024-11-01,2024-07-01,1.0,1.0,13154.483218901429,0.0,144699.3154079157,6720.0,10405.392309810519,0.0
ST_Reg6.00in,hybrid,0.9,1.2816,10,False,-1.0,0.0,2024-11-01,2024-07-01,1.0,1.0,13146.010954120038,0.0,144606.1204953204,6720.0,10396.920045029128,0.0
ST_Reg6.00in,hybrid,0.95,1.6449,2,True,-1.0,0.0,2024-11-01,2024-07-01,1.0,1.0,14381.55301036603,0.0,158197.08311402632,6720.0,12207.007555820575,0.0
ST_Reg6.00in,hybrid,0.95,1.6449,5,True,-1.0,0.0,2024-11-01,2024-07-01,1.0,1.0,14381.55301036603,0.0,158197.08311402632,6720.0,12207.007555820575,0.0
ST_Reg6.00in,hybrid,0.95,1.6449,10,True,-1.0,0.0,2024-11-01,2024-07-01,1.0,1.0,14381.55301036603,0.0,158197.08311402632,6720.0,12207.007555820575,0.0
ST_Reg6.00in,hybrid,0.95,1.6449,20,True,-1.0,0.0,2024-11-01,2024-07-01,1.0,1.0,14381.55301036603,0.0,158197.08311402632,6720.0,12207.007555820575,0.0
ST_Reg6.00in,hybrid,0.95,1.6449,50,True,-1.0,0.0,2024-11-01,2024-07-01,1.0,1.0,14381.55301036603,0.0,158197.08311402632,6720.0,12207.007555820575,0.0
ST_Reg6.00in,hybrid,0.95,1.6449,10,False,-1.0,0.0,2024-11-01,2024-07-01,1.0,1.0,14371.723623571668,0.0,158088.95985928836,6720.0,12197.67397641846,0.0
ST_Reg6.00in,hybrid,0.98,2.0537,2,True,-1.0,0.0,2024-11-01,2024-07-01,1.0,1.0,16102.344101690007,0.0,177125.78511859008,6720.0,14984.162283508187,0.0
ST_Reg6.00in,hybrid,0.98,2.0537,5,True,-1.0,0.0,2024-11-01,2024-07-01,1.0,1.0,16102.344101690007,0.0,177125.78511859008,6720.0,14984.162283508187,0.0
ST_Reg6.00in,hybrid,0.98,2.0537,10,True,-1.0,0.0,2024-11-01,2024-07-01,1.0,1.0,16102.344101690007,0.0,177125.78511859008,6720.0,14984.162283508187,0.0
ST_Reg6.00in,hybrid,0.98,2.0537,20,True,-1.0,0.0,2024-11-01,2024-07-01,1.0,1.0,16102.344101690007,0.0,177125.78511859008,6720.0,14984.162283508187,0.0
ST_Reg6.00in,hybrid,0.98,2.0537,50,True,-1.0,0.0,2024-11-01,2024-07-01,1.0,1.0,16102.344101690007,0.0,177125.78511859008,6720.0,14984.162283508187,0.0
ST_Reg6.00in,hybrid,0.98,2.0537,10,False,-1.0,0.0,2024-11-01,2024-07-01,1.0,1.0,16093.676002836193,0.0,177030.43603119813,6720.0,14976.140371473557,0.0
ST_Reg6.00in,mitra,0.9,1.2816,2,True,-1.0,0.0,2024-11-01,2024-07-01,0.9466703780648987,0.75,1410.5681278146546,32.5795508548982,16232.99952476896,6720.0,641.6249405961198,0.0
ST_Reg6.00in,mitra,0.9,1.2816,5,True,-1.0,0.0,2024-11-01,2024-07-01,0.9466703780648987,0.75,1410.5681278146546,32.5795508548982,17308.1247029806,6720.0,641.6249405961198,0.0
ST_Reg6.00in,mitra,0.9,1.2816,10,True,-1.0,0.0,2024-11-01,2024-07-01,0.9466703780648987,0.75,1410.5681278146546,32.5795508548982,19100.0,6720.0,641.6249405961198,0.0
ST_Reg6.00in,mitra,0.9,1.2816,20,True,-1.0,0.0,2024-11-01,2024-07-01,0.9466703780648987,0.75,1410.5681278146546,32.5795508548982,22683.750594038804,6720.0,641.6249405961198,0.0
ST_Reg6.00in,mitra,0.9,1.2816,50,True,-1.0,0.0,2024-11-01,2024-07-01,0.9466703780648987,0.75,1410.5681278146546,32.5795508548982,33435.00237615521,6720.0,641.6249405961198,0.0
ST_Reg6.00in,mitra,0.9,1.2816,10,False,-1.0,0.0,2024-11-01,2024-07-01,0.9438270927591536,0.75,1403.3388772045232,34.31653969622618,19211.547015834636,6720.0,636.5181639068114,0.0
ST_Reg6.00in,mitra,0.95,1.6449,2,True,-1.0,0.0,2024-11-01,2024-07-01,1.0,1.0,1890.558890353828,0.0,20796.14779389211,6720.0,1161.4679812629192,0.0
ST_Reg6.00in,mitra,0.95,1.6449,5,True,-1.0,0.0,2024-11-01,2024-07-01,1.0,1.0,1890.558890353828,0.0,20796.14779389211,6720.0,1161.4679812629192,0.0
ST_Reg6.00in,mitra,0.95,1.6449,10,True,-1.0,0.0,2024-11-01,2024-07-01,1.0,1.0,1890.558890353828,0.0,20796.14779389211,6720.0,1161.4679812629192,0.0
ST_Reg6.00in,mitra,0.95,1.6449,20,True,-1.0,0.0,2024-11-01,2024-07-01,1.0,1.0,1890.558890353828,0.0,20796.14779389211,6720.0,1161.4679812629192,0.0
ST_Reg6.00in,mitra,0.95,1.6449,50,True,-1.0,0.0,2024-11-01,2024-07-01,1.0,1.0,1890.558890353828,0.0,20796.14779389211,6720.0,1161.4679812629192,0.0
ST_Reg6.00in,mitra,0.95,1.6449,10,False,-1.0,0.0,2024-11-01,2024-07-01,1.0,1.0,1877.8812899104364,0.0,20656.6941890148,6720.0,1155.2330897396332,0.0
ST_Reg6.00in,mitra,0.98,2.0537,2,True,-1.0,0.0,2024-11-01,2024-07-01,1.0,1.0,2465.2465227313933,0.0,27117.711750045324,6720.0,1748.8828863677572,0.0
ST_Reg6.00in,mitra,0.98,2.0537,5,True,-1.0,0.0,2024-11-01,2024-07-01,1.0,1.0,2465.2465227313933,0.0,27117.711750045324,6720.0,1748.8828863677572,0.0
ST_Reg6.00in,mitra,0.98,2.0537,10,True,-1.0,0.0,2024-11-01,2024-07-01,1.0,1.0,2465.2465227313933,0.0,27117.711750045324,6720.0,1748.8828863677572,0.0
ST_Reg6.00in,mitra,0.98,2.0537,20,True,-1.0,0.0,2024-11-01,2024-07-01,1.0,1.0,2465.2465227313933,0.0,27117.711750045324,6720.0,1748.8828863677572,0.0
ST_Reg6.00in,mitra,0.98,2.0537,50,True,-1.0,0.0,2024-11-01,2024-07-01,1.0,1.0,2465.2465227313933,0.0,27117.711750045324,6720.0,1748.8828863677572,0.0
ST_Reg6.00in,mitra,0.98,2.0537,10,False,-1.0,0.0,2024-11-01,2024-07-01,1.0,1.0,2450.470168914,0.0,26955.171858054004,6720.0,1738.9123126420764,0.0
ST_Reg6.00in,naive,0.9,1.2816,2,True,-1.0,0.0,2024-11-01,2024-07-01,1.0,1.0,8383.310640037169,0.0,92216.41704040885,6720.0,12692.401549128079,0.0
ST_Reg6.00in,naive,0.9,1.2816,5,True,-1.0,0.0,2024-11-01,2024-07-01,1.0,1.0,8383.310640037169,0.0,92216.41704040885,6720.0,12692.401549128079,0.0
ST_Reg6.00in,naive,0.9,1.2816,10,True,-1.0,0.0,2024-11-01,2024-07-01,1.0,1.0,8383.310640037169,0.0,92216.41704040885,6720.0,12692.401549128079,0.0
ST_Reg6.00in,naive,0.9,1.2816,20,True,-1.0,0.0,2024-11-01,2024-07-01,1.0,1.0,8383.310640037169,0.0,92216.41704040885,6720.0,12692.401549128079,0.0
ST_Reg6.00in,naive,0.9,1.2816,50,True,-1.0,0.0,2024-11-01,2024-07-01,1.0,1.0,8383.310640037169,0.0,92216.41704040885,6720.0,12692.401549128079,0.0
ST_Reg6.00in,naive,0.9,1.2816,10,False,-1.0,0.0,2024-11-01,2024-07-01,1.0,1.0,8374.085408384104,0.0,92114.93949222514,6720.0,12684.600498679807,0.0
ST_Reg6.00in,naive,0.95,1.6449,2,True,-1.0,0.0,2024-11-01,2024-07-01,1.0,1.0,10103.515377778383,0.0,111138.66915556222,6720.0,14523.515377778383,0.0
ST_Reg6.00in,naive,0.95,1.6449,5,True,-1.0,0.0,2024-11-01,2024-07-01,1.0,1.0,10103.515377778383,0.0,111138.66915556222,6720.0,14523.515377778383,0.0
ST_Reg6.00in,naive,0.95,1.6449,10,True,-1.0,0.0,2024-11-01,2024-07-01,1.0,1.0,10103.515377778383,0.0,111138.66915556222,6720.0,14523.515377778383,0.0
ST_Reg6.00in,naive,0.95,1.6449,20,True,-1.0,0.0,2024-11-01,2024-07-01,1.0,1.0,10103.515377778383,0.0,111138.66915556222,6720.0,14523.515377778383,0.0
ST_Reg6.00in,naive,0.95,1.6449,50,True,-1.0,0.0,2024-11-01,2024-07-01,1.0,1.0,10103.515377778383,0.0,111138.66915556222,6720.0,14523.515377778383,0.0
ST_Reg6.00in,naive,0.95,1.6449,10,False,-1.0,0.0,2024-11-01,2024-07-01,1.0,1.0,10092.321527831766,0.0,111015.53680614942,6720.0,14511.475780491895,0.0
ST_Reg6.00in,naive,0.98,2.0537,2,True,-1.0,0.0,2024-11-01,2024-07-01,1.0,1.0,12042.673765455656,0.0,132469.4114200122,6720.0,16586.31012909202,0.0
ST_Reg6.00in,naive,0.98,2.0537,5,True,-1.0,0.0,2024-11-01,2024-07-01,1.0,1.0,12042.673765455656,0.0,132469.4114200122,6720.0,16586.31012909202,0.0
ST_Reg6.00in,naive,0.98,2.0537,10,True,-1.0,0.0,2024-11-01,2024-07-01,1.0,1.0,12042.673765455656,0.0,132469.4114200122,6720.0,16586.31012909202,0.0
ST_Reg6.00in,naive,0.98,2.0537,20,True,-1.0,0.0,2024-11-01,2024-07-01,1.0,1.0,12042.673765455656,0.0,132469.4114200122,6720.0,16586.31012909202,0.0
ST_Reg6.00in,naive,0.98,2.0537,50,True,-1.0,0.0,2024-11-01,2024-07-01,1.0,1.0,12042.673765455656,0.0,132469.4114200122,6720.0,16586.31012909202,0.0
ST_Reg6.00in,naive,0.98,2.0537,10,False,-1.0,0.0,2024-11-01,2024-07-01,1.0,1.0,12025.750995572489,0.0,132283.2609512974,6720.0,16567.150471394132,0.0
ST_Reg6.00in,rf,0.9,1.2816,2,True,-1.0,0.0,2024-11-01,2024-07-01,1.0,1.0,3235.4506551469635,0.0,35589.9572066166,6720.0,3915.450655146964,0.0
ST_Reg6.00in,rf,0.9,1.2816,5,True,-1.0,0.0,2024-11-01,2024-07-01,1.0,1.0,3235.4506551469635,0.0,35589.9572066166,6720.0,3915.450655146964,0.0
ST_Reg6.00in,rf,0.9,1.2816,10,True,-1.0,0.0,2024-11-01,2024-07-01,1.0,1.0,3235.4506551469635,0.0,35589.9572066166,6720.0,3915.450655146964,0.0
ST_Reg6.00in,rf,0.9,1.2816,20,True,-1.0,0.0,2024-11-01,2024-07-01,1.0,1.0,3235.4506551469635,0.0,35589.9572066166,6720.0,3915.450655146964,0.0
ST_Reg6.00in,rf,0.9,1.2816,50,True,-1.0,0.0,2024-11-01,2024-07-01,1.0,1.0,3235.4506551469635,0.0,35589.9572066166,6720.0,3915.450655146964,0.0
ST_Reg6.00in,rf,0.9,1.2816,10,False,-1.0,0.0,2024-11-01,2024-07-01,1.0,1.0,3227.1210768181195,0.0,35498.33184499932,6720.0,3913.2299870908955,0.0
ST_Reg6.00in,rf,0.95,1.6449,2,True,-1.0,0.0,2024-11-01,2024-07-01,1.0,1.0,4319.423365761806,0.0,47513.65702337987,6720.0,4408.514274852716,0.0
ST_Reg6.00in,rf,0.95,1.6449,5,True,-1.0,0.0,2024-11-01,2024-07-01,1.0,1.0,4319.423365761806,0.0,47513.65702337987,6720.0,4408.514274852716,0.0
ST_Reg6.00in,rf,0.95,1.6449,10,True,-1.0,0.0,2024-11-01,2024-07-01,1.0,1.0,4319.423365761806,0.0,47513.65702337987,6720.0,4408.514274852716,0.0
ST_Reg6.00in,rf,0.95,1.6449,20,True,-1.0,0.0,2024-11-01,2024-07-01,1.0,1.0,4319.423365761806,0.0,47513.65702337987,6720.0,4408.514274852716,0.0
ST_Reg6.00in,rf,0.95,1.6449,50,True,-1.0,0.0,2024-11-01,2024-07-01,1.0,1.0,4319.423365761806,0.0,47513.65702337987,6720.0,4408.514274852716,0.0
ST_Reg6.00in,rf,0.95,1.6449,10,False,-1.0,0.0,2024-11-01,2024-07-01,1.0,1.0,4314.405997109846,0.0,47458.4659682083,6720.0,4397.88227509817,0.0
ST_Reg6.00in,rf,0.98,2.0537,2,True,-1.0,0.0,2024-11-01,2024-07-01,1.0,1.0,5864.121332654388,0.0,64505.33465919828,6720.0,4958.666787199843,0.0
ST_Reg6.00in,rf,0.98,2.0537,5,True,-1.0,0.0,2024-11-01,2024-07-01,1.0,1.0,5864.121332654388,0.0,64505.33465919828,6720.0,4958.666787199843,0.0
ST_Reg6.00in,rf,0.98,2.0537,10,True,-1.0,0.0,2024-11-01,2024-07-01,1.0,1.0,5864.121332654388,0.0,64505.33465919828,6720.0,4958.666787199843,0.0
ST_Reg6.00in,rf,0.98,2.0537,20,True,-1.0,0.0,2024-11-01,2024-07-01,1.0,1.0,5864.121332654388,0.0,64505.33465919828,6720.0,4958.666787199843,0.0
ST_Reg6.00in,rf,0.98,2.0537,50,True,-1.0,0.0,2024-11-01,2024-07-01,1.0,1.0,5864.121332654388,0.0,64505.33465919828,6720.0,4958.666787199843,0.0
ST_Reg6.00in,rf,0.98,2.0537,10,False,-1.0,0.0,2024-11-01,2024-07-01,1.0,1.0,5858.552172771452,0.0,64444.07390048598,6720.0,4943.232826536027,0.0
ST_Reg6.00in,sba,0.9,1.2816,2,True,-1.0,0.0,2024-11-01,2024-07-01,0.8572499952114002,0.75,1133.3817889278268,87.20727565267184,14385.759742564876,6720.0,320.7199678206098,0.0
ST_Reg6.00in,sba,0.9,1.2816,5,True,-1.0,0.0,2024-11-01,2024-07-01,0.8572499952114002,0.75,1133.3817889278268,87.20727565267184,17263.599839103048,6720.0,320.7199678206098,0.0
ST_Reg6.00in,sba,0.9,1.2816,10,True,-1.0,0.0,2024-11-01,2024-07-01,0.8572499952114002,0.75,1133.3817889278268,87.20727565267184,22060.0,6720.0,320.7199678206098,0.0
ST_Reg6.00in,sba,0.9,1.2816,20,True,-1.0,0.0,2024-11-01,2024-07-01,0.8572499952114002,0.75,1133.3817889278268,87.20727565267184,31652.8003217939,6720.0,320.7199678206098,0.0
ST_Reg6.00in,sba,0.9,1.2816,50,True,-1.0,0.0,2024-11-01,2024-07-01,0.8572499952114002,0.75,1133.3817889278268,87.20727565267184,60431.20128717561,6720.0,320.7199678206098,0.0
ST_Reg6.00in,sba,0.9,1.2816,10,False,-1.0,0.0,2024-11-01,2024-07-01,0.8559650799068019,0.75,1129.2570969842754,87.99224209329917,22100.97469708994,6720.0,313.73433172453497,0.0
ST_Reg6.00in,sba,0.95,1.6449,2,True,-1.0,0.0,2024-11-01,2024-07-01,0.9316022500714004,0.75,1620.3337458907374,41.78480722910808,18742.93696383849,6720.0,880.3671204798111,0.0
ST_Reg6.00in,sba,0.95,1.6449,5,True,-1.0,0.0,2024-11-01,2024-07-01,0.9316022500714004,0.75,1620.3337458907374,41.78480722910808,20121.835602399056,6720.0,880.3671204798111,0.0
ST_Reg6.00in,sba,0.95,1.6449,10,True,-1.0,0.0,2024-11-01,2024-07-01,0.9316022500714004,0.75,1620.3337458907374,41.78480722910808,22420.0,6720.0,880.3671204798111,0.0
ST_Reg6.00in,sba,0.95,1.6449,20,True,-1.0,0.0,2024-11-01,2024-07-01,0.9316022500714004,0.75,1620.3337458907374,41.78480722910808,27016.32879520189,6720.0,880.3671204798111,0.0
ST_Reg6.00in,sba,0.95,1.6449,50,True,-1.0,0.0,2024-11-01,2024-07-01,0.9316022500714004,0.75,1620.3337458907374,41.78480722910808,40805.315180807556,6720.0,880.3671204798111,0.0
ST_Reg6.00in,sba,0.95,1.6449,10,False,-1.0,0.0,2024-11-01,2024-07-01,0.9301593634378575,0.75,1604.9973495782083,42.66627979069071,22348.261622336267,6720.0,865.7276153710545,0.0
ST_Reg6.00in,sba,0.98,2.0537,2,True,-1.0,0.0,2024-11-01,2024-07-01,1.0,1.0,2162.1070589423616,0.0,23783.177648365978,6720.0,1487.5616043969076,0.0
ST_Reg6.00in,sba,0.98,2.0537,5,True,-1.0,0.0,2024-11-01,2024-07-01,1.0,1.0,2162.1070589423616,0.0,23783.177648365978,6720.0,1487.5616043969076,0.0
ST_Reg6.00in,sba,0.98,2.0537,10,True,-1.0,0.0,2024-11-01,2024-07-01,1.0,1.0,2162.1070589423616,0.0,23783.177648365978,6720.0,1487.5616043969076,0.0
ST_Reg6.00in,sba,0.98,2.0537,20,True,-1.0,0.0,2024-11-01,2024-07-01,1.0,1.0,2162.1070589423616,0.0,23783.177648365978,6720.0,1487.5616043969076,0.0
ST_Reg6.00in,sba,0.98,2.0537,50,True,-1.0,0.0,2024-11-01,2024-07-01,1.0,1.0,2162.1070589423616,0.0,23783.177648365978,6720.0,1487.5616043969076,0.0
ST_Reg6.00in,sba,0.98,2.0537,10,False,-1.0,0.0,2024-11-01,2024-07-01,1.0,1.0,2148.656059189406,0.0,23635.216651083465,6720.0,1486.8530058326487,0.0
ST_Reg6.00in,ses,0.9,1.2816,2,True,-1.0,0.0,2024-11-01,2024-07-01,0.913532838311182,0.75,1500.8551576828575,52.823575140805175,17671.525387609145,6720.0,718.9406734511431,0.0
ST_Reg6.00in,ses,0.9,1.2816,5,True,-1.0,0.0,2024-11-01,2024-07-01,0.913532838311182,0.75,1500.8551576828575,52.823575140805175,19414.703367255715,6720.0,718.9406734511431,0.0
ST_Reg6.00in,ses,0.9,1.2816,10,True,-1.0,0.0,2024-11-01,2024-07-01,0.913532838311182,0.75,1500.8551576828575,52.823575140805175,22320.0,6720.0,718.9406734511431,0.0
ST_Reg6.00in,ses,0.9,1.2816,20,True,-1.0,0.0,2024-11-01,2024-07-01,0.913532838311182,0.75,1500.8551576828575,52.823575140805175,28130.59326548857,6720.0,718.9406734511431,0.0
ST_Reg6.00in,ses,0.9,1.2816,50,True,-1.0,0.0,2024-11-01,2024-07-01,0.913532838311182,0.75,1500.8551576828575,52.823575140805175,45562.37306195428,6720.0,718.9406734511431,0.0
ST_Reg6.00in,ses,0.9,1.2816,10,False,-1.0,0.0,2024-11-01,2024-07-01,0.9106061175047787,0.75,1493.5827060943093,54.61153548798972,22436.678670716272,6720.0,716.7541134041439,0.0
ST_Reg6.00in,ses,0.95,1.6449,2,True,-1.0,0.0,2024-11-01,2024-07-01,0.9988488529075666,0.75,2045.694810489862,0.7032462237411065,22518.114332310786,6720.0,1332.2642915388478,0.0
ST_Reg6.00in,ses,0.95,1.6449,5,True,-1.0,0.0,2024-11-01,2024-07-01,0.9988488529075666,0.75,2045.694810489862,0.7032462237411065,22541.32145769424,6720.0,1332.2642915388478,0.0
ST_Reg6.00in,ses,0.95,1.6449,10,True,-1.0,0.0,2024-11-01,2024-07-01,0.9988488529075666,0.75,2045.694810489862,0.7032462237411065,22580.000000000004,6720.0,1332.2642915388478,0.0
ST_Reg6.00in,ses,0.95,1.6449,20,True,-1.0,0.0,2024-11-01,2024-07-01,0.9988488529075666,0.75,2045.694810489862,0.7032462237411065,22657.357084611525,6720.0,1332.2642915388478,0.0
ST_Reg6.00in,ses,0.95,1.6449,50,True,-1.0,0.0,2024-11-01,2024-07-01,0.9988488529075666,0.75,2045.694810489862,0.7032462237411065,22889.42833844609,6720.0,1332.2642915388478,0.0
ST_Reg6.00in,ses,0.95,1.6449,10,False,-1.0,0.0,2024-11-01,2024-07-01,0.9977512783036578,0.75,2038.0966570277014,1.3737645272199601,22570.17732529891,6720.0,1313.33701200599,0.0
ST_Reg6.00in,ses,0.98,2.0537,2,True,-1.0,0.0,2024-11-01,2024-07-01,1.0,1.0,2727.817089331003,0.0,30005.987982641032,6720.0,2022.3625438764575,0.0
ST_Reg6.00in,ses,0.98,2.0537,5,True,-1.0,0.0,2024-11-01,2024-07-01,1.0,1.0,2727.817089331003,0.0,30005.987982641032,6720.0,2022.3625438764575,0.0
ST_Reg6.00in,ses,0.98,2.0537,10,True,-1.0,0.0,2024-11-01,2024-07-01,1.0,1.0,2727.817089331003,0.0,30005.987982641032,6720.0,2022.3625438764575,0.0
ST_Reg6.00in,ses,0.98,2.0537,20,True,-1.0,0.0,2024-11-01,2024-07-01,1.0,1.0,2727.817089331003,0.0,30005.987982641032,6720.0,2022.3625438764575,0.0
ST_Reg6.00in,ses,0.98,2.0537,50,True,-1.0,0.0,2024-11-01,2024-07-01,1.0,1.0,2727.817089331003,0.0,30005.987982641032,6720.0,2022.3625438764575,0.0
ST_Reg6.00in,ses,0.98,2.0537,10,False,-1.0,0.0,2024-11-01,2024-07-01,1.0,1.0,2713.2235689111985,0.0,29845.459258023184,6720.0,2006.0095801636508,0.0
ST_Reg6.00in,tsb,0.9,1.2816,2,True,-1.0,0.0,2024-11-01,2024-07-01,0.9102315476531948,0.75,1620.6872729358815,54.840363615502774,19034.048001835756,6720.0,956.7560002294695,0.0
ST_Reg6.00in,tsb,0.9,1.2816,5,True,-1.0,0.0,2024-11-01,2024-07-01,0.9102315476531948,0.75,1620.6872729358815,54.840363615502774,20843.78000114735,6720.0,956.7560002294695,0.0
ST_Reg6.00in,tsb,0.9,1.2816,10,True,-1.0,0.0,2024-11-01,2024-07-01,0.9102315476531948,0.75,1620.6872729358815,54.840363615502774,23860.0,6720.0,956.7560002294695,0.0
ST_Reg6.00in,tsb,0.9,1.2816,20,True,-1.0,0.0,2024-11-01,2024-07-01,0.9102315476531948,0.75,1620.6872729358815,54.840363615502774,29892.439997705307,6720.0,956.7560002294695,0.0
ST_Reg6.00in,tsb,0.9,1.2816,50,True,-1.0,0.0,2024-11-01,2024-07-01,0.9102315476531948,0.75,1620.6872729358815,54.840363615502774,47989.75999082122,6720.0,956.7560002294695,0.0
ST_Reg6.00in,tsb,0.9,1.2816,10,False,-1.0,0.0,2024-11-01,2024-07-01,0.9073631718908781,0.75,1606.9646316837864,56.59268044484531,23901.805797454635,6720.0,941.3305979973347,0.0
ST_Reg6.00in,tsb,0.95,1.6449,2,True,-1.0,0.0,2024-11-01,2024-07-01,0.9895890170526934,0.75,2130.9438132673636,6.360164127809102,23580.3055567528,6720.0,1510.0381945940999,0.0
ST_Reg6.00in,tsb,0.95,1.6449,5,True,-1.0,0.0,2024-11-01,2024-07-01,0.9895890170526934,0.75,2130.9438132673636,6.360164127809102,23790.1909729705,6720.0,1510.0381945940999,0.0
ST_Reg6.00in,tsb,0.95,1.6449,10,True,-1.0,0.0,2024-11-01,2024-07-01,0.9895890170526934,0.75,2130.9438132673636,6.360164127809102,24140.0,6720.0,1510.0381945940999,0.0
ST_Reg6.00in,tsb,0.95,1.6449,20,True,-1.0,0.0,2024-11-01,2024-07-01,0.9895890170526934,0.75,2130.9438132673636,6.360164127809102,24839.618054059003,6720.0,1510.0381945940999,0.0
ST_Reg6.00in,tsb,0.95,1.6449,50,True,-1.0,0.0,2024-11-01,2024-07-01,0.9895890170526934,0.75,2130.9438132673636,6.360164127809102,26938.472216236005,6720.0,1510.0381945940999,0.0
ST_Reg6.00in,tsb,0.95,1.6449,10,False,-1.0,0.0,2024-11-01,2024-07-01,0.9867971416497071,0.75,2121.0830547774513,8.065746192178928,24219.145683691648,6720.0,1505.8132692523768,0.0
ST_Reg6.00in,tsb,0.98,2.0537,2,True,-1.0,0.0,2024-11-01,2024-07-01,1.0,1.0,2752.3721964505366,0.0,30276.0941609559,6720.0,2145.0994691778087,0.0
ST_Reg6.00in,tsb,0.98,2.0537,5,True,-1.0,0.0,2024-11-01,2024-07-01,1.0,1.0,2752.3721964505366,0.0,30276.0941609559,6720.0,2145.0994691778087,0.0
ST_Reg6.00in,tsb,0.98,2.0537,10,True,-1.0,0.0,2024-11-01,2024-07-01,1.0,1.0,2752.3721964505366,0.0,30276.0941609559,6720.0,2145.0994691778087,0.0
ST_Reg6.00in,tsb,0.98,2.0537,20,True,-1.0,0.0,2024-11-01,2024-07-01,1.0,1.0,2752.3721964505366,0.0,30276.0941609559,6720.0,2145.0994691778087,0.0
ST_Reg6.00in,tsb,0.98,2.0537,50,True,-1.0,0.0,2024-11-01,2024-07-01,1.0,1.0,2752.3721964505366,0.0,30276.0941609559,6720.0,2145.0994691778087,0.0
ST_Reg6.00in,tsb,0.98,2.0537,10,False,-1.0,0.0,2024-11-01,2024-07-01,1.0,1.0,2746.1288474875023,0.0,30207.417322362526,6720.0,2140.99222881489,0.0
ST_Reg6.00in,xgb,0.9,1.2816,2,True,-1.0,0.0,2024-11-01,2024-07-01,0.898205081187233,0.75,941.7619505256417,62.18744131107219,11727.505164625647,6720.0,175.93814557820588,0.0
ST_Reg6.00in,xgb,0.9,1.2816,5,True,-1.0,0.0,2024-11-01,2024-07-01,0.898205081187233,0.75,941.7619505256417,62.18744131107219,13779.69072789103,6720.0,175.93814557820588,0.0
ST_Reg6.00in,xgb,0.9,1.2816,10,True,-1.0,0.0,2024-11-01,2024-07-01,0.898205081187233,0.75,941.7619505256417,62.18744131107219,17200.0,6720.0,175.93814557820588,0.0
ST_Reg6.00in,xgb,0.9,1.2816,20,True,-1.0,0.0,2024-11-01,2024-07-01,0.898205081187233,0.75,941.7619505256417,62.18744131107219,24040.61854421794,6720.0,175.93814557820588,0.0
ST_Reg6.00in,xgb,0.9,1.2816,50,True,-1.0,0.0,2024-11-01,2024-07-01,0.898205081187233,0.75,941.7619505256417,62.18744131107219,44562.474176871765,6720.0,175.93814557820588,0.0
ST_Reg6.00in,xgb,0.9,1.2816,10,False,-1.0,0.0,2024-11-01,2024-07-01,0.896208815587431,0.75,936.0543591926901,63.40697811386028,17271.36554364422,6720.0,173.24459013762544,0.0
ST_Reg6.00in,xgb,0.95,1.6449,2,True,-1.0,0.0,2024-11-01,2024-07-01,1.0,1.0,1747.4988124161712,0.0,19222.486936577883,6720.0,1109.3169942343534,0.0
ST_Reg6.00in,xgb,0.95,1.6449,5,True,-1.0,0.0,2024-11-01,2024-07-01,1.0,1.0,1747.4988124161712,0.0,19222.486936577883,6720.0,1109.3169942343534,0.0
ST_Reg6.00in,xgb,0.95,1.6449,10,True,-1.0,0.0,2024-11-01,2024-07-01,1.0,1.0,1747.4988124161712,0.0,19222.486936577883,6720.0,1109.3169942343534,0.0
ST_Reg6.00in,xgb,0.95,1.6449,20,True,-1.0,0.0,2024-11-01,2024-07-01,1.0,1.0,1747.4988124161712,0.0,19222.486936577883,6720.0,1109.3169942343534,0.0
ST_Reg6.00in,xgb,0.95,1.6449,50,True,-1.0,0.0,2024-11-01,2024-07-01,1.0,1.0,1747.4988124161712,0.0,19222.486936577883,6720.0,1109.3169942343534,0.0
ST_Reg6.00in,xgb,0.95,1.6449,10,False,-1.0,0.0,2024-11-01,2024-07-01,1.0,1.0,1740.3161248398835,0.0,19143.47737323872,6720.0,1101.9045126340343,0.0
ST_Reg6.00in,xgb,0.98,2.0537,2,True,-1.0,0.0,2024-11-01,2024-07-01,1.0,1.0,2722.146863522686,0.0,29943.615498749547,6720.0,2149.4195907954136,0.0
ST_Reg6.00in,xgb,0.98,2.0537,5,True,-1.0,0.0,2024-11-01,2024-07-01,1.0,1.0,2722.146863522686,0.0,29943.615498749547,6720.0,2149.4195907954136,0.0
ST_Reg6.00in,xgb,0.98,2.0537,10,True,-1.0,0.0,2024-11-01,2024-07-01,1.0,1.0,2722.146863522686,0.0,29943.615498749547,6720.0,2149.4195907954136,0.0
ST_Reg6.00in,xgb,0.98,2.0537,20,True,-1.0,0.0,2024-11-01,2024-07-01,1.0,1.0,2722.146863522686,0.0,29943.615498749547,6720.0,2149.4195907954136,0.0
ST_Reg6.00in,xgb,0.98,2.0537,50,True,-1.0,0.0,2024-11-01,2024-07-01,1.0,1.0,2722.146863522686,0.0,29943.615498749547,6720.0,2149.4195907954136,0.0
ST_Reg6.00in,xgb,0.98,2.0537,10,False,-1.0,0.0,2024-11-01,2024-07-01,1.0,1.0,2716.652437665423,0.0,29883.176814319653,6720.0,2146.8705911271036,0.0
ST_VA10cm,arima,0.9,1.2816,2,True,-1.0,0.0,2024-11-01,2024-07-01,,1.0,4940.0,0.0,54340.0,0.0,4940.0,0.0
ST_VA10cm,arima,0.9,1.2816,5,True,-1.0,0.0,2024-11-01,2024-07-01,,1.0,4940.0,0.0,54340.0,0.0,4940.0,0.0
ST_VA10cm,arima,0.9,1.2816,10,True,-1.0,0.0,2024-11-01,2024-07-01,,1.0,4940.0,0.0,54340.0,0.0,4940.0,0.0
ST_VA10cm,arima,0.9,1.2816,20,True,-1.0,0.0,2024-11-01,2024-07-01,,1.0,4940.0,0.0,54340.0,0.0,4940.0,0.0
ST_VA10cm,arima,0.9,1.2816,50,True,-1.0,0.0,2024-11-01,2024-07-01,,1.0,4940.0,0.0,54340.0,0.0,4940.0,0.0
ST_VA10cm,arima,0.9,1.2816,10,False,-1.0,0.0,2024-11-01,2024-07-01,,1.0,4928.297916975341,0.0,54211.27708672875,0.0,4928.297916975342,0.0
ST_VA10cm,arima,0.95,1.6449,2,True,-1.0,0.0,2024-11-01,2024-07-01,,1.0,5180.0,0.0,56980.0,0.0,5180.0,0.0
ST_VA10cm,arima,0.95,1.6449,5,True,-1.0,0.0,2024-11-01,2024-07-01,,1.0,5180.0,0.0,56980.0,0.0,5180.0,0.0
ST_VA10cm,arima,0.95,1.6449,10,True,-1.0,0.0,2024-11-01,2024-07-01,,1.0,5180.0,0.0,56980.0,0.0,5180.0,0.0
ST_VA10cm,arima,0.95,1.6449,20,True,-1.0,0.0,2024-11-01,2024-07-01,,1.0,5180.0,0.0,56980.0,0.0,5180.0,0.0
ST_VA10cm,arima,0.95,1.6449,50,True,-1.0,0.0,2024-11-01,2024-07-01,,1.0,5180.0,0.0,56980.0,0.0,5180.0,0.0
ST_VA10cm,arima,0.95,1.6449,10,False,-1.0,0.0,2024-11-01,2024-07-01,,1.0,5172.006965843044,0.0,56892.07662427348,0.0,5172.006965843044,0.0
ST_VA10cm,arima,0.98,2.0537,2,True,-1.0,0.0,2024-11-01,2024-07-01,,1.0,5640.0,0.0,62040.0,0.0,5640.0,0.0
ST_VA10cm,arima,0.98,2.0537,5,True,-1.0,0.0,2024-11-01,2024-07-01,,1.0,5640.0,0.0,62040.0,0.0,5640.0,0.0
ST_VA10cm,arima,0.98,2.0537,10,True,-1.0,0.0,2024-11-01,2024-07-01,,1.0,5640.0,0.0,62040.0,0.0,5640.0,0.0
ST_VA10cm,arima,0.98,2.0537,20,True,-1.0,0.0,2024-11-01,2024-07-01,,1.0,5640.0,0.0,62040.0,0.0,5640.0,0.0
ST_VA10cm,arima,0.98,2.0537,50,True,-1.0,0.0,2024-11-01,2024-07-01,,1.0,5640.0,0.0,62040.0,0.0,5640.0,0.0
ST_VA10cm,arima,0.98,2.0537,10,False,-1.0,0.0,2024-11-01,2024-07-01,,1.0,5637.184172706744,0.0,62009.025899774184,0.0,5637.184172706744,0.0
ST_VA10cm,croston,0.9,1.2816,2,True,-1.0,0.0,2024-11-01,2024-07-01,,1.0,15410.90909090909,0.0,169520.0,0.0,17120.0,0.0
ST_VA10cm,croston,0.9,1.2816,5,True,-1.0,0.0,2024-11-01,2024-07-01,,1.0,15410.90909090909,0.0,169520.0,0.0,17120.0,0.0
ST_VA10cm,croston,0.9,1.2816,10,True,-1.0,0.0,2024-11-01,2024-07-01,,1.0,15410.90909090909,0.0,169520.0,0.0,17120.0,0.0
ST_VA10cm,croston,0.9,1.2816,20,True,-1.0,0.0,2024-11-01,2024-07-01,,1.0,15410.90909090909,0.0,169520.0,0.0,17120.0,0.0
ST_VA10cm,croston,0.9,1.2816,50,True,-1.0,0.0,2024-11-01,2024-07-01,,1.0,15410.90909090909,0.0,169520.0,0.0,17120.0,0.0
ST_VA10cm,croston,0.9,1.2816,10,False,-1.0,0.0,2024-11-01,2024-07-01,,1.0,15402.850505480572,0.0,169431.3555602863,0.0,17112.0,0.0
ST_VA10cm,croston,0.95,1.6449,2,True,-1.0,0.0,2024-11-01,2024-07-01,,1.0,17650.909090909092,0.0,194160.0,0.0,19840.0,0.0
ST_VA10cm,croston,0.95,1.6449,5,True,-1.0,0.0,2024-11-01,2024-07-01,,1.0,17650.909090909092,0.0,194160.0,0.0,19840.0,0.0
ST_VA10cm,croston,0.95,1.6449,10,True,-1.0,0.0,2024-11-01,2024-07-01,,1.0,17650.909090909092,0.0,194160.0,0.0,19840.0,0.0
ST_VA10cm,croston,0.95,1.6449,20,True,-1.0,0.0,2024-11-01,2024-07-01,,1.0,17650.909090909092,0.0,194160.0,0.0,19840.0,0.0
ST_VA10cm,croston,0.95,1.6449,50,True,-1.0,0.0,2024-11-01,2024-07-01,,1.0,17650.909090909092,0.0,194160.0,0.0,19840.0,0.0
ST_VA10cm,croston,0.95,1.6449,10,False,-1.0,0.0,2024-11-01,2024-07-01,,1.0,17643.101432947093,0.0,194074.11576241802,0.0,19836.75,0.0
ST_VA10cm,croston,0.98,2.0537,2,True,-1.0,0.0,2024-11-01,2024-07-01,,1.0,20172.727272727272,0.0,221900.0,0.0,22920.0,0.0
ST_VA10cm,croston,0.98,2.0537,5,True,-1.0,0.0,2024-11-01,2024-07-01,,1.0,20172.727272727272,0.0,221900.0,0.0,22920.0,0.0
ST_VA10cm,croston,0.98,2.0537,10,True,-1.0,0.0,2024-11-01,2024-07-01,,1.0,20172.727272727272,0.0,221900.0,0.0,22920.0,0.0
ST_VA10cm,croston,0.98,2.0537,20,True,-1.0,0.0,2024-11-01,2024-07-01,,1.0,20172.727272727272,0.0,221900.0,0.0,22920.0,0.0
ST_VA10cm,croston,0.98,2.0537,50,True,-1.0,0.0,2024-11-01,2024-07-01,,1.0,20172.727272727272,0.0,221900.0,0.0,22920.0,0.0
ST_VA10cm,croston,0.98,2.0537,10,False,-1.0,0.0,2024-11-01,2024-07-01,,1.0,20163.92328581886,0.0,221803.15614400746,0.0,22902.75,0.0
ST_VA10cm,hybrid,0.9,1.2816,2,True,-1.0,0.0,2024-11-01,2024-07-01,,1.0,4557.679293484838,0.0,50134.472228333216,0.0,5435.861111666655,0.0
ST_VA10cm,hybrid,0.9,1.2816,5,True,-1.0,0.0,2024-11-01,2024-07-01,,1.0,4557.679293484838,0.0,50134.472228333216,0.0,5435.861111666655,0.0
ST_VA10cm,hybrid,0.9,1.2816,10,True,-1.0,0.0,2024-11-01,2024-07-01,,1.0,4557.679293484838,0.0,50134.472228333216,0.0,5435.861111666655,0.0
ST_VA10cm,hybrid,0.9,1.2816,20,True,-1.0,0.0,2024-11-01,2024-07-01,,1.0,4557.679293484838,0.0,50134.472228333216,0.0,5435.861111666655,0.0
ST_VA10cm,hybrid,0.9,1.2816,50,True,-1.0,0.0,2024-11-01,2024-07-01,,1.0,4557.679293484838,0.0,50134.472228333216,0.0,5435.861111666655,0.0
ST_VA10cm,hybrid,0.9,1.2816,10,False,-1.0,0.0,2024-11-01,2024-07-01,,1.0,4547.617334255898,0.0,50023.790676814875,0.0,5424.067504698983,0.0
ST_VA10cm,hybrid,0.95,1.6449,2,True,-1.0,0.0,2024-11-01,2024-07-01,,1.0,5046.914352652893,0.0,55516.057879181826,0.0,5861.459807198347,0.0
ST_VA10cm,hybrid,0.95,1.6449,5,True,-1.0,0.0,2024-11-01,2024-07-01,,1.0,5046.914352652893,0.0,55516.057879181826,0.0,5861.459807198347,0.0
ST_VA10cm,hybrid,0.95,1.6449,10,True,-1.0,0.0,2024-11-01,2024-07-01,,1.0,5046.914352652893,0.0,55516.057879181826,0.0,5861.459807198347,0.0
ST_VA10cm,hybrid,0.95,1.6449,20,True,-1.0,0.0,2024-11-01,2024-07-01,,1.0,5046.914352652893,0.0,55516.057879181826,0.0,5861.459807198347,0.0
ST_VA10cm,hybrid,0.95,1.6449,50,True,-1.0,0.0,2024-11-01,2024-07-01,,1.0,5046.914352652893,0.0,55516.057879181826,0.0,5861.459807198347,0.0
ST_VA10cm,hybrid,0.95,1.6449,10,False,-1.0,0.0,2024-11-01,2024-07-01,,1.0,5035.131369430039,0.0,55386.445063730425,0.0,5856.842122345627,0.0
ST_VA10cm,hybrid,0.98,2.0537,2,True,-1.0,0.0,2024-11-01,2024-07-01,,1.0,5599.26783313907,0.0,61591.94616452977,0.0,6362.904196775435,0.0
ST_VA10cm,hybrid,0.98,2.0537,5,True,-1.0,0.0,2024-11-01,2024-07-01,,1.0,5599.26783313907,0.0,61591.94616452977,0.0,6362.904196775435,0.0
ST_VA10cm,hybrid,0.98,2.0537,10,True,-1.0,0.0,2024-11-01,2024-07-01,,1.0,5599.26783313907,0.0,61591.94616452977,0.0,6362.904196775435,0.0
ST_VA10cm,hybrid,0.98,2.0537,20,True,-1.0,0.0,2024-11-01,2024-07-01,,1.0,5599.26783313907,0.0,61591.94616452977,0.0,6362.904196775435,0.0
ST_VA10cm,hybrid,0.98,2.0537,50,True,-1.0,0.0,2024-11-01,2024-07-01,,1.0,5599.26783313907,0.0,61591.94616452977,0.0,6362.904196775435,0.0
ST_VA10cm,hybrid,0.98,2.0537,10,False,-1.0,0.0,2024-11-01,2024-07-01,,1.0,5583.702075676087,0.0,61420.72283243696,0.0,6343.81780000582,0.0
ST_VA10cm,mitra,0.9,1.2816,2,True,-1.0,0.0,2024-11-01,2024-07-01,,1.0,1961.8181818181818,0.0,21580.0,0.0,2080.0,0.0
ST_VA10cm,mitra,0.9,1.2816,5,True,-1.0,0.0,2024-11-01,2024-07-01,,1.0,1961.8181818181818,0.0,21580.0,0.0,2080.0,0.0
ST_VA10cm,mitra,0.9,1.2816,10,True,-1.0,0.0,2024-11-01,2024-07-01,,1.0,1961.8181818181818,0.0,21580.0,0.0,2080.0,0.0
ST_VA10cm,mitra,0.9,1.2816,20,True,-1.0,0.0,2024-11-01,2024-07-01,,1.0,1961.8181818181818,0.0,21580.0,0.0,2080.0,0.0
ST_VA10cm,mitra,0.9,1.2816,50,True,-1.0,0.0,2024-11-01,2024-07-01,,1.0,1961.8181818181818,0.0,21580.0,0.0,2080.0,0.0
ST_VA10cm,mitra,0.9,1.2816,10,False,-1.0,0.0,2024-11-01,2024-07-01,,1.0,1953.025076246069,0.0,21483.27583870676,0.0,2074.2371974581897,0.0
ST_VA10cm,mitra,0.95,1.6449,2,True,-1.0,0.0,2024-11-01,2024-07-01,,1.0,2316.3636363636365,0.0,25480.0,0.0,2440.0,0.0
ST_VA10cm,mitra,0.95,1.6449,5,True,-1.0,0.0,2024-11-01,2024-07-01,,1.0,2316.3636363636365,0.0,25480.0,0.0,2440.0,0.0
ST_VA10cm,mitra,0.95,1.6449,10,True,-1.0,0.0,2024-11-01,2024-07-01,,1.0,2316.3636363636365,0.0,25480.0,0.0,2440.0,0.0
ST_VA10cm,mitra,0.95,1.6449,20,True,-1.0,0.0,2024-11-01,2024-07-01,,1.0,2316.3636363636365,0.0,25480.0,0.0,2440.0,0.0
ST_VA10cm,mitra,0.95,1.6449,50,True,-1.0,0.0,2024-11-01,2024-07-01,,1.0,2316.3636363636365,0.0,25480.0,0.0,2440.0,0.0
ST_VA10cm,mitra,0.95,1.6449,10,False,-1.0,0.0,2024-11-01,2024-07-01,,1.0,2304.788788665357,0.0,25352.67667531893,0.0,2426.000909877478,0.0
ST_VA10cm,mitra,0.98,2.0537,2,True,-1.0,0.0,2024-11-01,2024-07-01,,1.0,2716.3636363636365,0.0,29880.0,0.0,2840.0,0.0
ST_VA10cm,mitra,0.98,2.0537,5,True,-1.0,0.0,2024-11-01,2024-07-01,,1.0,2716.3636363636365,0.0,29880.0,0.0,2840.0,0.0
ST_VA10cm,mitra,0.98,2.0537,10,True,-1.0,0.0,2024-11-01,2024-07-01,,1.0,2716.3636363636365,0.0,29880.0,0.0,2840.0,0.0
ST_VA10cm,mitra,0.98,2.0537,20,True,-1.0,0.0,2024-11-01,2024-07-01,,1.0,2716.3636363636365,0.0,29880.0,0.0,2840.0,0.0
ST_VA10cm,mitra,0.98,2.0537,50,True,-1.0,0.0,2024-11-01,2024-07-01,,1.0,2716.3636363636365,0.0,29880.0,0.0,2840.0,0.0
ST_VA10cm,mitra,0.98,2.0537,10,False,-1.0,0.0,2024-11-01,2024-07-01,,1.0,2700.607686647755,0.0,29706.684553125306,0.0,2821.819807859876,0.0
ST_VA10cm,naive,0.9,1.2816,2,True,-1.0,0.0,2024-11-01,2024-07-01,,1.0,3040.0,0.0,33440.0,0.0,3040.0,0.0
ST_VA10cm,naive,0.9,1.2816,5,True,-1.0,0.0,2024-11-01,2024-07-01,,1.0,3040.0,0.0,33440.0,0.0,3040.0,0.0
ST_VA10cm,naive,0.9,1.2816,10,True,-1.0,0.0,2024-11-01,2024-07-01,,1.0,3040.0,0.0,33440.0,0.0,3040.0,0.0
ST_VA10cm,naive,0.9,1.2816,20,True,-1.0,0.0,2024-11-01,2024-07-01,,1.0,3040.0,0.0,33440.0,0.0,3040.0,0.0
ST_VA10cm,naive,0.9,1.2816,50,True,-1.0,0.0,2024-11-01,2024-07-01,,1.0,3040.0,0.0,33440.0,0.0,3040.0,0.0
ST_VA10cm,naive,0.9,1.2816,10,False,-1.0,0.0,2024-11-01,2024-07-01,,1.0,3039.5812869538463,0.0,33435.39415649231,0.0,3039.5812869538463,0.0
ST_VA10cm,naive,0.95,1.6449,2,True,-1.0,0.0,2024-11-01,2024-07-01,,1.0,3920.0,0.0,43120.0,0.0,3920.0,0.0
ST_VA10cm,naive,0.95,1.6449,5,True,-1.0,0.0,2024-11-01,2024-07-01,,1.0,3920.0,0.0,43120.0,0.0,3920.0,0.0
ST_VA10cm,naive,0.95,1.6449,10,True,-1.0,0.0,2024-11-01,2024-07-01,,1.0,3920.0,0.0,43120.0,0.0,3920.0,0.0
ST_VA10cm,naive,0.95,1.6449,20,True,-1.0,0.0,2024-11-01,2024-07-01,,1.0,3920.0,0.0,43120.0,0.0,3920.0,0.0
ST_VA10cm,naive,0.95,1.6449,50,True,-1.0,0.0,2024-11-01,2024-07-01,,1.0,3920.0,0.0,43120.0,0.0,3920.0,0.0
ST_VA10cm,naive,0.95,1.6449,10,False,-1.0,0.0,2024-11-01,2024-07-01,,1.0,3901.2228924082247,0.0,42913.45181649047,0.0,3901.2228924082256,0.0
ST_VA10cm,naive,0.98,2.0537,2,True,-1.0,0.0,2024-11-01,2024-07-01,,1.0,4880.0,0.0,53680.0,0.0,4880.0,0.0
ST_VA10cm,naive,0.98,2.0537,5,True,-1.0,0.0,2024-11-01,2024-07-01,,1.0,4880.0,0.0,53680.0,0.0,4880.0,0.0
ST_VA10cm,naive,0.98,2.0537,10,True,-1.0,0.0,2024-11-01,2024-07-01,,1.0,4880.0,0.0,53680.0,0.0,4880.0,0.0
ST_VA10cm,naive,0.98,2.0537,20,True,-1.0,0.0,2024-11-01,2024-07-01,,1.0,4880.0,0.0,53680.0,0.0,4880.0,0.0
ST_VA10cm,naive,0.98,2.0537,50,True,-1.0,0.0,2024-11-01,2024-07-01,,1.0,4880.0,0.0,53680.0,0.0,4880.0,0.0
ST_VA10cm,naive,0.98,2.0537,10,False,-1.0,0.0,2024-11-01,2024-07-01,,1.0,4870.777223015851,0.0,53578.54945317436,0.0,4870.777223015851,0.0
ST_VA10cm,rf,0.9,1.2816,2,True,-1.0,0.0,2024-11-01,2024-07-01,,1.0,2506.231677662788,0.0,27568.54845429067,0.0,2506.231677662788,0.0
ST_VA10cm,rf,0.9,1.2816,5,True,-1.0,0.0,2024-11-01,2024-07-01,,1.0,2506.231677662788,0.0,27568.54845429067,0.0,2506.231677662788,0.0
ST_VA10cm,rf,0.9,1.2816,10,True,-1.0,0.0,2024-11-01,2024-07-01,,1.0,2506.231677662788,0.0,27568.54845429067,0.0,2506.231677662788,0.0
ST_VA10cm,rf,0.9,1.2816,20,True,-1.0,0.0,2024-11-01,2024-07-01,,1.0,2506.231677662788,0.0,27568.54845429067,0.0,2506.231677662788,0.0
ST_VA10cm,rf,0.9,1.2816,50,True,-1.0,0.0,2024-11-01,2024-07-01,,1.0,2506.231677662788,0.0,27568.54845429067,0.0,2506.231677662788,0.0
ST_VA10cm,rf,0.9,1.2816,10,False,-1.0,0.0,2024-11-01,2024-07-01,,1.0,2486.7673167850594,0.0,27354.440484635656,0.0,2486.76731678506,0.0
ST_VA10cm,rf,0.95,1.6449,2,True,-1.0,0.0,2024-11-01,2024-07-01,,1.0,2843.7578076029054,0.0,31281.33588363196,0.0,2860.121443966542,0.0
ST_VA10cm,rf,0.95,1.6449,5,True,-1.0,0.0,2024-11-01,2024-07-01,,1.0,2843.7578076029054,0.0,31281.33588363196,0.0,2860.121443966542,0.0
ST_VA10cm,rf,0.95,1.6449,10,True,-1.0,0.0,2024-11-01,2024-07-01,,1.0,2843.7578076029054,0.0,31281.33588363196,0.0,2860.121443966542,0.0
ST_VA10cm,rf,0.95,1.6449,20,True,-1.0,0.0,2024-11-01,2024-07-01,,1.0,2843.7578076029054,0.0,31281.33588363196,0.0,2860.121443966542,0.0
ST_VA10cm,rf,0.95,1.6449,50,True,-1.0,0.0,2024-11-01,2024-07-01,,1.0,2843.7578076029054,0.0,31281.33588363196,0.0,2860.121443966542,0.0
ST_VA10cm,rf,0.95,1.6449,10,False,-1.0,0.0,2024-11-01,2024-07-01,,1.0,2833.9648827341575,0.0,31173.613710075733,0.0,2848.431476932528,0.0
ST_VA10cm,rf,0.98,2.0537,2,True,-1.0,0.0,2024-11-01,2024-07-01,,1.0,3289.1646842424775,0.0,36180.811526667254,0.0,3338.2555933333865,0.0
ST_VA10cm,rf,0.98,2.0537,5,True,-1.0,0.0,2024-11-01,2024-07-01,,1.0,3289.1646842424775,0.0,36180.811526667254,0.0,3338.2555933333865,0.0
ST_VA10cm,rf,0.98,2.0537,10,True,-1.0,0.0,2024-11-01,2024-07-01,,1.0,3289.1646842424775,0.0,36180.811526667254,0.0,3338.2555933333865,0.0
ST_VA10cm,rf,0.98,2.0537,20,True,-1.0,0.0,2024-11-01,2024-07-01,,1.0,3289.1646842424775,0.0,36180.811526667254,0.0,3338.2555933333865,0.0
ST_VA10cm,rf,0.98,2.0537,50,True,-1.0,0.0,2024-11-01,2024-07-01,,1.0,3289.1646842424775,0.0,36180.811526667254,0.0,3338.2555933333865,0.0
ST_VA10cm,rf,0.98,2.0537,10,False,-1.0,0.0,2024-11-01,2024-07-01,,1.0,3284.0999946049515,0.0,36125.099940654465,0.0,3337.140327178754,0.0
ST_VA10cm,sba,0.9,1.2816,2,True,-1.0,0.0,2024-11-01,2024-07-01,,1.0,14649.09090909091,0.0,161140.0,0.0,16260.0,0.0
ST_VA10cm,sba,0.9,1.2816,5,True,-1.0,0.0,2024-11-01,2024-07-01,,1.0,14649.09090909091,0.0,161140.0,0.0,16260.0,0.0
ST_VA10cm,sba,0.9,1.2816,10,True,-1.0,0.0,2024-11-01,2024-07-01,,1.0,14649.09090909091,0.0,161140.0,0.0,16260.0,0.0
ST_VA10cm,sba,0.9,1.2816,20,True,-1.0,0.0,2024-11-01,2024-07-01,,1.0,14649.09090909091,0.0,161140.0,0.0,16260.0,0.0
ST_VA10cm,sba,0.9,1.2816,50,True,-1.0,0.0,2024-11-01,2024-07-01,,1.0,14649.09090909091,0.0,161140.0,0.0,16260.0,0.0
ST_VA10cm,sba,0.9,1.2816,10,False,-1.0,0.0,2024-11-01,2024-07-01,,1.0,14639.689187285905,0.0,161036.58106014496,0.0,16256.4,0.0
ST_VA10cm,sba,0.95,1.6449,2,True,-1.0,0.0,2024-11-01,2024-07-01,,1.0,16778.18181818182,0.0,184560.0,0.0,18860.0,0.0
ST_VA10cm,sba,0.95,1.6449,5,True,-1.0,0.0,2024-11-01,2024-07-01,,1.0,16778.18181818182,0.0,184560.0,0.0,18860.0,0.0
ST_VA10cm,sba,0.95,1.6449,10,True,-1.0,0.0,2024-11-01,2024-07-01,,1.0,16778.18181818182,0.0,184560.0,0.0,18860.0,0.0
ST_VA10cm,sba,0.95,1.6449,20,True,-1.0,0.0,2024-11-01,2024-07-01,,1.0,16778.18181818182,0.0,184560.0,0.0,18860.0,0.0
ST_VA10cm,sba,0.95,1.6449,50,True,-1.0,0.0,2024-11-01,2024-07-01,,1.0,16778.18181818182,0.0,184560.0,0.0,18860.0,0.0
ST_VA10cm,sba,0.95,1.6449,10,False,-1.0,0.0,2024-11-01,2024-07-01,,1.0,16769.9065575582,0.0,184468.9721331402,0.0,18844.9125,0.0
ST_VA10cm,sba,0.98,2.0537,2,True,-1.0,0.0,2024-11-01,2024-07-01,,1.0,19174.545454545456,0.0,210920.0,0.0,21760.0,0.0
ST_VA10cm,sba,0.98,2.0537,5,True,-1.0,0.0,2024-11-01,2024-07-01,,1.0,19174.545454545456,0.0,210920.0,0.0,21760.0,0.0
ST_VA10cm,sba,0.98,2.0537,10,True,-1.0,0.0,2024-11-01,2024-07-01,,1.0,19174.545454545456,0.0,210920.0,0.0,21760.0,0.0
ST_VA10cm,sba,0.98,2.0537,20,True,-1.0,0.0,2024-11-01,2024-07-01,,1.0,19174.545454545456,0.0,210920.0,0.0,21760.0,0.0
ST_VA10cm,sba,0.98,2.0537,50,True,-1.0,0.0,2024-11-01,2024-07-01,,1.0,19174.545454545456,0.0,210920.0,0.0,21760.0,0.0
ST_VA10cm,sba,0.98,2.0537,10,False,-1.0,0.0,2024-11-01,2024-07-01,,1.0,19166.91415724802,0.0,210836.0557297282,0.0,21757.612500000003,0.0
ST_VA10cm,ses,0.9,1.2816,2,True,-1.0,0.0,2024-11-01,2024-07-01,,1.0,1540.0,0.0,16940.0,0.0,1540.0,0.0
ST_VA10cm,ses,0.9,1.2816,5,True,-1.0,0.0,2024-11-01,2024-07-01,,1.0,1540.0,0.0,16940.0,0.0,1540.0,0.0
ST_VA10cm,ses,0.9,1.2816,10,True,-1.0,0.0,2024-11-01,2024-07-01,,1.0,1540.0,0.0,16940.0,0.0,1540.0,0.0
ST_VA10cm,ses,0.9,1.2816,20,True,-1.0,0.0,2024-11-01,2024-07-01,,1.0,1540.0,0.0,16940.0,0.0,1540.0,0.0
ST_VA10cm,ses,0.9,1.2816,50,True,-1.0,0.0,2024-11-01,2024-07-01,,1.0,1540.0,0.0,16940.0,0.0,1540.0,0.0
ST_VA10cm,ses,0.9,1.2816,10,False,-1.0,0.0,2024-11-01,2024-07-01,,1.0,1538.8032787389036,0.0,16926.83606612794,0.0,1538.8032787389036,0.0
ST_VA10cm,ses,0.95,1.6449,2,True,-1.0,0.0,2024-11-01,2024-07-01,,1.0,1900.0,0.0,20900.0,0.0,1900.0,0.0
ST_VA10cm,ses,0.95,1.6449,5,True,-1.0,0.0,2024-11-01,2024-07-01,,1.0,1900.0,0.0,20900.0,0.0,1900.0,0.0
ST_VA10cm,ses,0.95,1.6449,10,True,-1.0,0.0,2024-11-01,2024-07-01,,1.0,1900.0,0.0,20900.0,0.0,1900.0,0.0
ST_VA10cm,ses,0.95,1.6449,20,True,-1.0,0.0,2024-11-01,2024-07-01,,1.0,1900.0,0.0,20900.0,0.0,1900.0,0.0
ST_VA10cm,ses,0.95,1.6449,50,True,-1.0,0.0,2024-11-01,2024-07-01,,1.0,1900.0,0.0,20900.0,0.0,1900.0,0.0
ST_VA10cm,ses,0.95,1.6449,10,False,-1.0,0.0,2024-11-01,2024-07-01,,1.0,1892.7586865831508,0.0,20820.34555241466,0.0,1892.7586865831508,0.0
ST_VA10cm,ses,0.98,2.0537,2,True,-1.0,0.0,2024-11-01,2024-07-01,,1.0,2300.0,0.0,25300.0,0.0,2300.0,0.0
ST_VA10cm,ses,0.98,2.0537,5,True,-1.0,0.0,2024-11-01,2024-07-01,,1.0,2300.0,0.0,25300.0,0.0,2300.0,0.0
ST_VA10cm,ses,0.98,2.0537,10,True,-1.0,0.0,2024-11-01,2024-07-01,,1.0,2300.0,0.0,25300.0,0.0,2300.0,0.0
ST_VA10cm,ses,0.98,2.0537,20,True,-1.0,0.0,2024-11-01,2024-07-01,,1.0,2300.0,0.0,25300.0,0.0,2300.0,0.0
ST_VA10cm,ses,0.98,2.0537,50,True,-1.0,0.0,2024-11-01,2024-07-01,,1.0,2300.0,0.0,25300.0,0.0,2300.0,0.0
ST_VA10cm,ses,0.98,2.0537,10,False,-1.0,0.0,2024-11-01,2024-07-01,,1.0,2291.0437697836137,0.0,25201.481467619753,0.0,2291.043769783614,0.0
ST_VA10cm,tsb,0.9,1.2816,2,True,-1.0,0.0,2024-11-01,2024-07-01,,1.0,1720.0,0.0,18920.0,0.0,1720.0,0.0
ST_VA10cm,tsb,0.9,1.2816,5,True,-1.0,0.0,2024-11-01,2024-07-01,,1.0,1720.0,0.0,18920.0,0.0,1720.0,0.0
ST_VA10cm,tsb,0.9,1.2816,10,True,-1.0,0.0,2024-11-01,2024-07-01,,1.0,1720.0,0.0,18920.0,0.0,1720.0,0.0
ST_VA10cm,tsb,0.9,1.2816,20,True,-1.0,0.0,2024-11-01,2024-07-01,,1.0,1720.0,0.0,18920.0,0.0,1720.0,0.0
ST_VA10cm,tsb,0.9,1.2816,50,True,-1.0,0.0,2024-11-01,2024-07-01,,1.0,1720.0,0.0,18920.0,0.0,1720.0,0.0
ST_VA10cm,tsb,0.9,1.2816,10,False,-1.0,0.0,2024-11-01,2024-07-01,,1.0,1714.415580097642,0.0,18858.571381074064,0.0,1714.4155800976423,0.0
ST_VA10cm,tsb,0.95,1.6449,2,True,-1.0,0.0,2024-11-01,2024-07-01,,1.0,2080.0,0.0,22880.0,0.0,2080.0,0.0
ST_VA10cm,tsb,0.95,1.6449,5,True,-1.0,0.0,2024-11-01,2024-07-01,,1.0,2080.0,0.0,22880.0,0.0,2080.0,0.0
ST_VA10cm,tsb,0.95,1.6449,10,True,-1.0,0.0,2024-11-01,2024-07-01,,1.0,2080.0,0.0,22880.0,0.0,2080.0,0.0
ST_VA10cm,tsb,0.95,1.6449,20,True,-1.0,0.0,2024-11-01,2024-07-01,,1.0,2080.0,0.0,22880.0,0.0,2080.0,0.0
ST_VA10cm,tsb,0.95,1.6449,50,True,-1.0,0.0,2024-11-01,2024-07-01,,1.0,2080.0,0.0,22880.0,0.0,2080.0,0.0
ST_VA10cm,tsb,0.95,1.6449,10,False,-1.0,0.0,2024-11-01,2024-07-01,,1.0,2074.8661243388046,0.0,22823.527367726852,0.0,2074.8661243388046,0.0
ST_VA10cm,tsb,0.98,2.0537,2,True,-1.0,0.0,2024-11-01,2024-07-01,,1.0,2500.0,0.0,27500.0,0.0,2500.0,0.0
ST_VA10cm,tsb,0.98,2.0537,5,True,-1.0,0.0,2024-11-01,2024-07-01,,1.0,2500.0,0.0,27500.0,0.0,2500.0,0.0
ST_VA10cm,tsb,0.98,2.0537,10,True,-1.0,0.0,2024-11-01,2024-07-01,,1.0,2500.0,0.0,27500.0,0.0,2500.0,0.0
ST_VA10cm,tsb,0.98,2.0537,20,True,-1.0,0.0,2024-11-01,2024-07-01,,1.0,2500.0,0.0,27500.0,0.0,2500.0,0.0
ST_VA10cm,tsb,0.98,2.0537,50,True,-1.0,0.0,2024-11-01,2024-07-01,,1.0,2500.0,0.0,27500.0,0.0,2500.0,0.0
ST_VA10cm,tsb,0.98,2.0537,10,False,-1.0,0.0,2024-11-01,2024-07-01,,1.0,2480.459800325006,0.0,27285.05780357507,0.0,2480.459800325006,0.0
ST_VA10cm,xgb,0.9,1.2816,2,True,-1.0,0.0,2024-11-01,2024-07-01,,1.0,1257.8070960189996,0.0,13835.878056208996,0.0,1263.2616414735448,0.0
ST_VA10cm,xgb,0.9,1.2816,5,True,-1.0,0.0,2024-11-01,2024-07-01,,1.0,1257.8070960189996,0.0,13835.878056208996,0.0,1263.2616414735448,0.0
ST_VA10cm,xgb,0.9,1.2816,10,True,-1.0,0.0,2024-11-01,2024-07-01,,1.0,1257.8070960189996,0.0,13835.878056208996,0.0,1263.2616414735448,0.0
ST_VA10cm,xgb,0.9,1.2816,20,True,-1.0,0.0,2024-11-01,2024-07-01,,1.0,1257.8070960189996,0.0,13835.878056208996,0.0,1263.2616414735448,0.0
ST_VA10cm,xgb,0.9,1.2816,50,True,-1.0,0.0,2024-11-01,2024-07-01,,1.0,1257.8070960189996,0.0,13835.878056208996,0.0,1263.2616414735448,0.0
ST_VA10cm,xgb,0.9,1.2816,10,False,-1.0,0.0,2024-11-01,2024-07-01,,1.0,1242.6901800774112,0.0,13669.591980851525,0.0,1243.2917565805355,0.0
ST_VA10cm,xgb,0.95,1.6449,2,True,-1.0,0.0,2024-11-01,2024-07-01,,1.0,1604.183105367059,0.0,17646.014159037648,0.0,1604.183105367059,0.0
ST_VA10cm,xgb,0.95,1.6449,5,True,-1.0,0.0,2024-11-01,2024-07-01,,1.0,1604.183105367059,0.0,17646.014159037648,0.0,1604.183105367059,0.0
ST_VA10cm,xgb,0.95,1.6449,10,True,-1.0,0.0,2024-11-01,2024-07-01,,1.0,1604.183105367059,0.0,17646.014159037648,0.0,1604.183105367059,0.0
ST_VA10cm,xgb,0.95,1.6449,20,True,-1.0,0.0,2024-11-01,2024-07-01,,1.0,1604.183105367059,0.0,17646.014159037648,0.0,1604.183105367059,0.0
ST_VA10cm,xgb,0.95,1.6449,50,True,-1.0,0.0,2024-11-01,2024-07-01,,1.0,1604.183105367059,0.0,17646.014159037648,0.0,1604.183105367059,0.0
ST_VA10cm,xgb,0.95,1.6449,10,False,-1.0,0.0,2024-11-01,2024-07-01,,1.0,1594.4360030120197,0.0,17538.796033132217,0.0,1595.037461913403,0.0
ST_VA10cm,xgb,0.98,2.0537,2,True,-1.0,0.0,2024-11-01,2024-07-01,,1.0,2005.2199741797995,0.0,22057.419715977794,0.0,2005.2199741797995,0.0
ST_VA10cm,xgb,0.98,2.0537,5,True,-1.0,0.0,2024-11-01,2024-07-01,,1.0,2005.2199741797995,0.0,22057.419715977794,0.0,2005.2199741797995,0.0
ST_VA10cm,xgb,0.98,2.0537,10,True,-1.0,0.0,2024-11-01,2024-07-01,,1.0,2005.2199741797995,0.0,22057.419715977794,0.0,2005.2199741797995,0.0
ST_VA10cm,xgb,0.98,2.0537,20,True,-1.0,0.0,2024-11-01,2024-07-01,,1.0,2005.2199741797995,0.0,22057.419715977794,0.0,2005.2199741797995,0.0
ST_VA10cm,xgb,0.98,2.0537,50,True,-1.0,0.0,2024-11-01,2024-07-01,,1.0,2005.2199741797995,0.0,22057.419715977794,0.0,2005.2199741797995,0.0
ST_VA10cm,xgb,0.98,2.0537,10,False,-1.0,0.0,2024-11-01,2024-07-01,,1.0,1990.2347710155098,0.0,21892.582481170608,0.0,1990.83609758661,0.0
ST_VA7cm,arima,0.9,1.2816,2,True,-1.0,0.0,2024-11-01,2024-07-01,0.9333771852614305,0.75,31591.745944010254,896.3796892098431,367229.5585467293,74000.0,7009.911709345863,0.0
ST_VA7cm,arima,0.9,1.2816,5,True,-1.0,0.0,2024-11-01,2024-07-01,0.9333771852614305,0.75,31591.745944010254,896.3796892098431,396810.0882906541,74000.0,7009.911709345863,0.0
ST_VA7cm,arima,0.9,1.2816,10,True,-1.0,0.0,2024-11-01,2024-07-01,0.9333771852614305,0.75,31591.745944010254,896.3796892098431,446110.9711971955,74000.0,7009.911709345863,0.0
ST_VA7cm,arima,0.9,1.2816,20,True,-1.0,0.0,2024-11-01,2024-07-01,0.9333771852614305,0.75,31591.745944010254,896.3796892098431,544712.7370102783,74000.0,7009.911709345863,0.0
ST_VA7cm,arima,0.9,1.2816,50,True,-1.0,0.0,2024-11-01,2024-07-01,0.9333771852614305,0.75,31591.745944010254,896.3796892098431,840518.0344495266,74000.0,7009.911709345863,0.0
ST_VA7cm,arima,0.9,1.2816,10,False,-1.0,0.0,2024-11-01,2024-07-01,0.9333146348976533,0.75,31585.727513284222,897.2212759224825,446137.3429975995,74000.0,6993.010884571035,0.0
ST_VA7cm,arima,0.95,1.6449,2,True,-1.0,0.0,2024-11-01,2024-07-01,1.0,1.0,41950.19627698062,0.0,461452.1590467868,74000.0,14517.469004253348,0.0
ST_VA7cm,arima,0.95,1.6449,5,True,-1.0,0.0,2024-11-01,2024-07-01,1.0,1.0,41950.19627698062,0.0,461452.1590467868,74000.0,14517.469004253348,0.0
ST_VA7cm,arima,0.95,1.6449,10,True,-1.0,0.0,2024-11-01,2024-07-01,1.0,1.0,41950.19627698062,0.0,461452.1590467868,74000.0,14517.469004253348,0.0
ST_VA7cm,arima,0.95,1.6449,20,True,-1.0,0.0,2024-11-01,2024-07-01,1.0,1.0,41950.19627698062,0.0,461452.1590467868,74000.0,14517.469004253348,0.0
ST_VA7cm,arima,0.95,1.6449,50,True,-1.0,0.0,2024-11-01,2024-07-01,1.0,1.0,41950.19627698062,0.0,461452.1590467868,74000.0,14517.469004253348,0.0
ST_VA7cm,arima,0.95,1.6449,10,False,-1.0,0.0,2024-11-01,2024-07-01,1.0,1.0,41949.59763637299,0.0,461445.57400010293,74000.0,14515.018961873517,0.0
ST_VA7cm,arima,0.98,2.0537,2,True,-1.0,0.0,2024-11-01,2024-07-01,1.0,1.0,54633.59583250449,0.0,600969.5541575494,74000.0,22995.41401432267,0.0
ST_VA7cm,arima,0.98,2.0537,5,True,-1.0,0.0,2024-11-01,2024-07-01,1.0,1.0,54633.59583250449,0.0,600969.5541575494,74000.0,22995.41401432267,0.0
ST_VA7cm,arima,0.98,2.0537,10,True,-1.0,0.0,2024-11-01,2024-07-01,1.0,1.0,54633.59583250449,0.0,600969.5541575494,74000.0,22995.41401432267,0.0
ST_VA7cm,arima,0.98,2.0537,20,True,-1.0,0.0,2024-11-01,2024-07-01,1.0,1.0,54633.59583250449,0.0,600969.5541575494,74000.0,22995.41401432267,0.0
ST_VA7cm,arima,0.98,2.0537,50,True,-1.0,0.0,2024-11-01,2024-07-01,1.0,1.0,54633.59583250449,0.0,600969.5541575494,74000.0,22995.41401432267,0.0
ST_VA7cm,arima,0.98,2.0537,10,False,-1.0,0.0,2024-11-01,2024-07-01,1.0,1.0,54621.03766917178,0.0,600831.4143608896,74000.0,22979.08970781695,0.0
ST_VA7cm,croston,0.9,1.2816,2,True,-1.0,0.0,2024-11-01,2024-07-01,0.9251951693237022,0.75,23974.54388814414,1006.4649945538272,285862.21264976973,74000.0,9644.44252995395,0.0
ST_VA7cm,croston,0.9,1.2816,5,True,-1.0,0.0,2024-11-01,2024-07-01,0.9251951693237022,0.75,23974.54388814414,1006.4649945538272,319075.55747004604,74000.0,9644.44252995395,0.0
ST_VA7cm,croston,0.9,1.2816,10,True,-1.0,0.0,2024-11-01,2024-07-01,0.9251951693237022,0.75,23974.54388814414,1006.4649945538272,374431.1321705065,74000.0,9644.44252995395,0.0
ST_VA7cm,croston,0.9,1.2816,20,True,-1.0,0.0,2024-11-01,2024-07-01,0.9251951693237022,0.75,23974.54388814414,1006.4649945538272,485142.28157142753,74000.0,9644.44252995395,0.0
ST_VA7cm,croston,0.9,1.2816,50,True,-1.0,0.0,2024-11-01,2024-07-01,0.9251951693237022,0.75,23974.54388814414,1006.4649945538272,817275.7297741905,74000.0,9644.44252995395,0.0
ST_VA7cm,croston,0.9,1.2816,10,False,-1.0,0.0,2024-11-01,2024-07-01,0.9251782709073243,0.75,23964.891950468682,1006.6923550650906,374349.97051231546,74000.0,9639.503360211973,0.0
ST_VA7cm,croston,0.95,1.6449,2,True,-1.0,0.0,2024-11-01,2024-07-01,1.0,1.0,31316.263783016588,0.0,344478.90161318245,74000.0,17941.718328471135,0.0
ST_VA7cm,croston,0.95,1.6449,5,True,-1.0,0.0,2024-11-01,2024-07-01,1.0,1.0,31316.263783016588,0.0,344478.90161318245,74000.0,17941.718328471135,0.0
ST_VA7cm,croston,0.95,1.6449,10,True,-1.0,0.0,2024-11-01,2024-07-01,1.0,1.0,31316.263783016588,0.0,344478.90161318245,74000.0,17941.718328471135,0.0
ST_VA7cm,croston,0.95,1.6449,20,True,-1.0,0.0,2024-11-01,2024-07-01,1.0,1.0,31316.263783016588,0.0,344478.90161318245,74000.0,17941.718328471135,0.0
ST_VA7cm,croston,0.95,1.6449,50,True,-1.0,0.0,2024-11-01,2024-07-01,1.0,1.0,31316.263783016588,0.0,344478.90161318245,74000.0,17941.718328471135,0.0
ST_VA7cm,croston,0.95,1.6449,10,False,-1.0,0.0,2024-11-01,2024-07-01,1.0,1.0,31305.91892739739,0.0,344365.1082013713,74000.0,17929.57961432307,0.0
ST_VA7cm,croston,0.98,2.0537,2,True,-1.0,0.0,2024-11-01,2024-07-01,1.0,1.0,40710.36778190859,0.0,447814.0456009945,74000.0,27270.367781908586,0.0
ST_VA7cm,croston,0.98,2.0537,5,True,-1.0,0.0,2024-11-01,2024-07-01,1.0,1.0,40710.36778190859,0.0,447814.0456009945,74000.0,27270.367781908586,0.0
ST_VA7cm,croston,0.98,2.0537,10,True,-1.0,0.0,2024-11-01,2024-07-01,1.0,1.0,40710.36778190859,0.0,447814.0456009945,74000.0,27270.367781908586,0.0
ST_VA7cm,croston,0.98,2.0537,20,True,-1.0,0.0,2024-11-01,2024-07-01,1.0,1.0,40710.36778190859,0.0,447814.0456009945,74000.0,27270.367781908586,0.0
ST_VA7cm,croston,0.98,2.0537,50,True,-1.0,0.0,2024-11-01,2024-07-01,1.0,1.0,40710.36778190859,0.0,447814.0456009945,74000.0,27270.367781908586,0.0
ST_VA7cm,croston,0.98,2.0537,10,False,-1.0,0.0,2024-11-01,2024-07-01,1.0,1.0,40699.113705594646,0.0,447690.25076154113,74000.0,27257.91204669472,0.0
ST_VA7cm,hybrid,0.9,1.2816,2,True,-1.0,0.0,2024-11-01,2024-07-01,0.6135726013718926,0.75,15311.47590992003,7292.55795385452,328862.50999391975,74000.0,0.0,0.0
ST_VA7cm,hybrid,0.9,1.2816,5,True,-1.0,0.0,2024-11-01,2024-07-01,0.6135726013718926,0.75,15311.47590992003,7292.55795385452,569516.9224711189,74000.0,0.0,0.0
ST_VA7cm,hybrid,0.9,1.2816,10,True,-1.0,0.0,2024-11-01,2024-07-01,0.6135726013718926,0.75,15311.47590992003,7292.55795385452,970607.6099331175,74000.0,0.0,0.0
ST_VA7cm,hybrid,0.9,1.2816,20,True,-1.0,0.0,2024-11-01,2024-07-01,0.6135726013718926,0.75,15311.47590992003,7292.55795385452,1772788.9848571147,74000.0,0.0,0.0
ST_VA7cm,hybrid,0.9,1.2816,50,True,-1.0,0.0,2024-11-01,2024-07-01,0.6135726013718926,0.75,15311.47590992003,7292.55795385452,4179333.1096291062,74000.0,0.0,0.0
ST_VA7cm,hybrid,0.9,1.2816,10,False,-1.0,0.0,2024-11-01,2024-07-01,0.6134993128020556,0.75,15308.517716737517,7296.683622304303,971028.893337586,74000.0,0.0,0.0
ST_VA7cm,hybrid,0.95,1.6449,2,True,-1.0,0.0,2024-11-01,2024-07-01,0.7401508831269026,0.75,21218.01431452141,4446.848963130623,331228.8346486092,74000.0,0.0,0.0
ST_VA7cm,hybrid,0.95,1.6449,5,True,-1.0,0.0,2024-11-01,2024-07-01,0.7401508831269026,0.75,21218.01431452141,4446.848963130623,477974.8504319198,74000.0,0.0,0.0
ST_VA7cm,hybrid,0.95,1.6449,10,True,-1.0,0.0,2024-11-01,2024-07-01,0.7401508831269026,0.75,21218.01431452141,4446.848963130623,722551.543404104,74000.0,0.0,0.0
ST_VA7cm,hybrid,0.95,1.6449,20,True,-1.0,0.0,2024-11-01,2024-07-01,0.7401508831269026,0.75,21218.01431452141,4446.848963130623,1211704.9293484725,74000.0,0.0,0.0
ST_VA7cm,hybrid,0.95,1.6449,50,True,-1.0,0.0,2024-11-01,2024-07-01,0.7401508831269026,0.75,21218.01431452141,4446.848963130623,2679165.087181578,74000.0,0.0,0.0
ST_VA7cm,hybrid,0.95,1.6449,10,False,-1.0,0.0,2024-11-01,2024-07-01,0.7400057978648321,0.75,21211.182117634817,4450.085271632426,722832.3831735498,74000.0,0.0,0.0
ST_VA7cm,hybrid,0.98,2.0537,2,True,-1.0,0.0,2024-11-01,2024-07-01,0.8826110983100642,0.75,28201.726497682077,1579.414313646408,344966.10637472384,74000.0,1513.2212749447572,0.0
ST_VA7cm,hybrid,0.98,2.0537,5,True,-1.0,0.0,2024-11-01,2024-07-01,0.8826110983100642,0.75,28201.726497682077,1579.414313646408,397086.7787250553,74000.0,1513.2212749447572,0.0
ST_VA7cm,hybrid,0.98,2.0537,10,True,-1.0,0.0,2024-11-01,2024-07-01,0.8826110983100642,0.75,28201.726497682077,1579.414313646408,483954.5659756077,74000.0,1513.2212749447572,0.0
ST_VA7cm,hybrid,0.98,2.0537,20,True,-1.0,0.0,2024-11-01,2024-07-01,0.8826110983100642,0.75,28201.726497682077,1579.414313646408,657690.1404767125,74000.0,1513.2212749447572,0.0
ST_VA7cm,hybrid,0.98,2.0537,50,True,-1.0,0.0,2024-11-01,2024-07-01,0.8826110983100642,0.75,28201.726497682077,1579.414313646408,1178896.8639800271,74000.0,1513.2212749447572,0.0
ST_VA7cm,hybrid,0.98,2.0537,10,False,-1.0,0.0,2024-11-01,2024-07-01,0.88235606236707,0.75,28188.970388398793,1582.8457063339672,484191.7019691231,74000.0,1509.1169831222214,0.0
ST_VA7cm,mitra,0.9,1.2816,2,True,-1.0,0.0,2024-11-01,2024-07-01,0.8697854945908088,0.75,16308.830854316242,1751.9769818691182,217940.63299859926,74000.0,5704.12659971985,0.0
ST_VA7cm,mitra,0.9,1.2816,5,True,-1.0,0.0,2024-11-01,2024-07-01,0.8697854945908088,0.75,16308.830854316242,1751.9769818691182,275755.87340028014,74000.0,5704.12659971985,0.0
ST_VA7cm,mitra,0.9,1.2816,10,True,-1.0,0.0,2024-11-01,2024-07-01,0.8697854945908088,0.75,16308.830854316242,1751.9769818691182,372114.60740308167,74000.0,5704.12659971985,0.0
ST_VA7cm,mitra,0.9,1.2816,20,True,-1.0,0.0,2024-11-01,2024-07-01,0.8697854945908088,0.75,16308.830854316242,1751.9769818691182,564832.0754086847,74000.0,5704.12659971985,0.0
ST_VA7cm,mitra,0.9,1.2816,50,True,-1.0,0.0,2024-11-01,2024-07-01,0.8697854945908088,0.75,16308.830854316242,1751.9769818691182,1142984.4794254936,74000.0,5704.12659971985,0.0
ST_VA7cm,mitra,0.9,1.2816,10,False,-1.0,0.0,2024-11-01,2024-07-01,0.869591632252591,0.75,16301.872467825893,1754.585311510595,372324.98141225026,74000.0,5694.651383670083,0.0
ST_VA7cm,mitra,0.95,1.6449,2,True,-1.0,0.0,2024-11-01,2024-07-01,0.967552709070157,0.75,21759.100385520418,436.56355069243267,248954.5023559581,74000.0,12758.90047119162,0.0
ST_VA7cm,mitra,0.95,1.6449,5,True,-1.0,0.0,2024-11-01,2024-07-01,0.967552709070157,0.75,21759.100385520418,436.56355069243267,263361.0995288084,74000.0,12758.90047119162,0.0
ST_VA7cm,mitra,0.95,1.6449,10,True,-1.0,0.0,2024-11-01,2024-07-01,0.967552709070157,0.75,21759.100385520418,436.56355069243267,287372.0948168922,74000.0,12758.90047119162,0.0
ST_VA7cm,mitra,0.95,1.6449,20,True,-1.0,0.0,2024-11-01,2024-07-01,0.967552709070157,0.75,21759.100385520418,436.56355069243267,335394.08539305977,74000.0,12758.90047119162,0.0
ST_VA7cm,mitra,0.95,1.6449,50,True,-1.0,0.0,2024-11-01,2024-07-01,0.967552709070157,0.75,21759.100385520418,436.56355069243267,479460.05712156254,74000.0,12758.90047119162,0.0
ST_VA7cm,mitra,0.95,1.6449,10,False,-1.0,0.0,2024-11-01,2024-07-01,0.967338171205221,0.75,21749.824455623293,439.4500601479363,287587.5756281292,74000.0,12742.183256085293,0.0
ST_VA7cm,mitra,0.98,2.0537,2,True,-1.0,0.0,2024-11-01,2024-07-01,1.0,1.0,29011.00195136934,0.0,319121.02146506275,74000.0,20674.638315005708,0.0
ST_VA7cm,mitra,0.98,2.0537,5,True,-1.0,0.0,2024-11-01,2024-07-01,1.0,1.0,29011.00195136934,0.0,319121.02146506275,74000.0,20674.638315005708,0.0
ST_VA7cm,mitra,0.98,2.0537,10,True,-1.0,0.0,2024-11-01,2024-07-01,1.0,1.0,29011.00195136934,0.0,319121.02146506275,74000.0,20674.638315005708,0.0
ST_VA7cm,mitra,0.98,2.0537,20,True,-1.0,0.0,2024-11-01,2024-07-01,1.0,1.0,29011.00195136934,0.0,319121.02146506275,74000.0,20674.638315005708,0.0
ST_VA7cm,mitra,0.98,2.0537,50,True,-1.0,0.0,2024-11-01,2024-07-01,1.0,1.0,29011.00195136934,0.0,319121.02146506275,74000.0,20674.638315005708,0.0
ST_VA7cm,mitra,0.98,2.0537,10,False,-1.0,0.0,2024-11-01,2024-07-01,1.0,1.0,29003.7611036203,0.0,319041.37213982333,74000.0,20672.353994987963,0.0
ST_VA7cm,naive,0.9,1.2816,2,True,-1.0,0.0,2024-11-01,2024-07-01,0.9442491509423118,0.75,30829.187289828864,1500.204665552338,372125.56283026893,74000.0,0.0,0.0
ST_VA7cm,naive,0.9,1.2816,5,True,-1.0,0.0,2024-11-01,2024-07-01,0.9442491509423118,0.75,30829.187289828864,1500.204665552338,421632.3167934961,74000.0,0.0,0.0
ST_VA7cm,naive,0.9,1.2816,10,True,-1.0,0.0,2024-11-01,2024-07-01,0.9442491509423118,0.75,30829.187289828864,1500.204665552338,504143.57339887467,74000.0,0.0,0.0
ST_VA7cm,naive,0.9,1.2816,20,True,-1.0,0.0,2024-11-01,2024-07-01,0.9442491509423118,0.75,30829.187289828864,1500.204665552338,669166.0866096318,74000.0,0.0,0.0
ST_VA7cm,naive,0.9,1.2816,50,True,-1.0,0.0,2024-11-01,2024-07-01,0.9442491509423118,0.75,30829.187289828864,1500.204665552338,1164233.6262419033,74000.0,0.0,0.0
ST_VA7cm,naive,0.9,1.2816,10,False,-1.0,0.0,2024-11-01,2024-07-01,0.9442464554413676,0.75,30829.06035623895,1500.2771990322879,504150.15581218014,74000.0,0.0,0.0
ST_VA7cm,naive,0.95,1.6449,2,True,-1.0,0.0,2024-11-01,2024-07-01,1.0,1.0,49148.16413470358,0.0,540629.8054817393,74000.0,15693.61868015812,0.0
ST_VA7cm,naive,0.95,1.6449,5,True,-1.0,0.0,2024-11-01,2024-07-01,1.0,1.0,49148.16413470358,0.0,540629.8054817393,74000.0,15693.61868015812,0.0
ST_VA7cm,naive,0.95,1.6449,10,True,-1.0,0.0,2024-11-01,2024-07-01,1.0,1.0,49148.16413470358,0.0,540629.8054817393,74000.0,15693.61868015812,0.0
ST_VA7cm,naive,0.95,1.6449,20,True,-1.0,0.0,2024-11-01,2024-07-01,1.0,1.0,49148.16413470358,0.0,540629.8054817393,74000.0,15693.61868015812,0.0
ST_VA7cm,naive,0.95,1.6449,50,True,-1.0,0.0,2024-11-01,2024-07-01,1.0,1.0,49148.16413470358,0.0,540629.8054817393,74000.0,15693.61868015812,0.0
ST_VA7cm,naive,0.95,1.6449,10,False,-1.0,0.0,2024-11-01,2024-07-01,1.0,1.0,49136.29763705747,0.0,540499.2740076322,74000.0,15681.75218251202,0.0
ST_VA7cm,naive,0.98,2.0537,2,True,-1.0,0.0,2024-11-01,2024-07-01,1.0,1.0,71435.5283005791,0.0,785790.8113063701,74000.0,37980.98284603364,0.0
ST_VA7cm,naive,0.98,2.0537,5,True,-1.0,0.0,2024-11-01,2024-07-01,1.0,1.0,71435.5283005791,0.0,785790.8113063701,74000.0,37980.98284603364,0.0
ST_VA7cm,naive,0.98,2.0537,10,True,-1.0,0.0,2024-11-01,2024-07-01,1.0,1.0,71435.5283005791,0.0,785790.8113063701,74000.0,37980.98284603364,0.0
ST_VA7cm,naive,0.98,2.0537,20,True,-1.0,0.0,2024-11-01,2024-07-01,1.0,1.0,71435.5283005791,0.0,785790.8113063701,74000.0,37980.98284603364,0.0
ST_VA7cm,naive,0.98,2.0537,50,True,-1.0,0.0,2024-11-01,2024-07-01,1.0,1.0,71435.5283005791,0.0,785790.8113063701,74000.0,37980.98284603364,0.0
ST_VA7cm,naive,0.98,2.0537,10,False,-1.0,0.0,2024-11-01,2024-07-01,1.0,1.0,71424.52202286264,0.0,785669.7422514891,74000.0,37969.9765683172,0.0
ST_VA7cm,rf,0.9,1.2816,2,True,-1.0,0.0,2024-11-01,2024-07-01,0.7893550743937111,0.75,24984.5890496556,2834.1317263391593,337181.37752567313,74000.0,7972.275505134625,0.0
ST_VA7cm,rf,0.9,1.2816,5,True,-1.0,0.0,2024-11-01,2024-07-01,0.7893550743937111,0.75,24984.5890496556,2834.1317263391593,430707.72449486534,74000.0,7972.275505134625,0.0
ST_VA7cm,rf,0.9,1.2816,10,True,-1.0,0.0,2024-11-01,2024-07-01,0.7893550743937111,0.75,24984.5890496556,2834.1317263391593,586584.9694435191,74000.0,7972.275505134625,0.0
ST_VA7cm,rf,0.9,1.2816,20,True,-1.0,0.0,2024-11-01,2024-07-01,0.7893550743937111,0.75,24984.5890496556,2834.1317263391593,898339.4593408266,74000.0,7972.275505134625,0.0
ST_VA7cm,rf,0.9,1.2816,50,True,-1.0,0.0,2024-11-01,2024-07-01,0.7893550743937111,0.75,24984.5890496556,2834.1317263391593,1833602.9290327493,74000.0,7972.275505134625,0.0
ST_VA7cm,rf,0.9,1.2816,10,False,-1.0,0.0,2024-11-01,2024-07-01,0.7890900850435563,0.75,24971.810372864766,2837.6970375957885,586836.5882370492,74000.0,7970.625024475128,0.0
ST_VA7cm,rf,0.95,1.6449,2,True,-1.0,0.0,2024-11-01,2024-07-01,0.9319443291472224,0.75,32948.62938291365,915.6581169282806,382579.4017844723,74000.0,14843.880356894457,0.0
ST_VA7cm,rf,0.95,1.6449,5,True,-1.0,0.0,2024-11-01,2024-07-01,0.9319443291472224,0.75,32948.62938291365,915.6581169282806,412796.11964310554,74000.0,14843.880356894457,0.0
ST_VA7cm,rf,0.95,1.6449,10,True,-1.0,0.0,2024-11-01,2024-07-01,0.9319443291472224,0.75,32948.62938291365,915.6581169282806,463157.316074161,74000.0,14843.880356894457,0.0
ST_VA7cm,rf,0.95,1.6449,20,True,-1.0,0.0,2024-11-01,2024-07-01,0.9319443291472224,0.75,32948.62938291365,915.6581169282806,563879.7089362718,74000.0,14843.880356894457,0.0
ST_VA7cm,rf,0.95,1.6449,50,True,-1.0,0.0,2024-11-01,2024-07-01,0.9319443291472224,0.75,32948.62938291365,915.6581169282806,866046.8875226044,74000.0,14843.880356894457,0.0
ST_VA7cm,rf,0.95,1.6449,10,False,-1.0,0.0,2024-11-01,2024-07-01,0.9317273362553857,0.75,32935.87858462275,918.5776576548101,463338.20677287935,74000.0,14829.95212528023,0.0
ST_VA7cm,rf,0.98,2.0537,2,True,-1.0,0.0,2024-11-01,2024-07-01,1.0,1.0,43153.90480385631,0.0,474692.95284241944,74000.0,22561.17753112904,0.0
ST_VA7cm,rf,0.98,2.0537,5,True,-1.0,0.0,2024-11-01,2024-07-01,1.0,1.0,43153.90480385631,0.0,474692.95284241944,74000.0,22561.17753112904,0.0
ST_VA7cm,rf,0.98,2.0537,10,True,-1.0,0.0,2024-11-01,2024-07-01,1.0,1.0,43153.90480385631,0.0,474692.95284241944,74000.0,22561.17753112904,0.0
ST_VA7cm,rf,0.98,2.0537,20,True,-1.0,0.0,2024-11-01,2024-07-01,1.0,1.0,43153.90480385631,0.0,474692.95284241944,74000.0,22561.17753112904,0.0
ST_VA7cm,rf,0.98,2.0537,50,True,-1.0,0.0,2024-11-01,2024-07-01,1.0,1.0,43153.90480385631,0.0,474692.95284241944,74000.0,22561.17753112904,0.0
ST_VA7cm,rf,0.98,2.0537,10,False,-1.0,0.0,2024-11-01,2024-07-01,1.0,1.0,43138.26731146159,0.0,474520.94042607746,74000.0,22548.3471674193,0.0
ST_VA7cm,sba,0.9,1.2816,2,True,-1.0,0.0,2024-11-01,2024-07-01,0.8896787118013434,0.75,21835.0929145177,1484.3227866728346,272841.12336649705,74000.0,7216.22467329941,0.0
ST_VA7cm,sba,0.9,1.2816,5,True,-1.0,0.0,2024-11-01,2024-07-01,0.8896787118013434,0.75,21835.0929145177,1484.3227866728346,321823.7753267006,74000.0,7216.22467329941,0.0
ST_VA7cm,sba,0.9,1.2816,10,True,-1.0,0.0,2024-11-01,2024-07-01,0.8896787118013434,0.75,21835.0929145177,1484.3227866728346,403461.5285937065,74000.0,7216.22467329941,0.0
ST_VA7cm,sba,0.9,1.2816,20,True,-1.0,0.0,2024-11-01,2024-07-01,0.8896787118013434,0.75,21835.0929145177,1484.3227866728346,566737.0351277182,74000.0,7216.22467329941,0.0
ST_VA7cm,sba,0.9,1.2816,50,True,-1.0,0.0,2024-11-01,2024-07-01,0.8896787118013434,0.75,21835.0929145177,1484.3227866728346,1056563.5547297536,74000.0,7216.22467329941,0.0
ST_VA7cm,sba,0.9,1.2816,10,False,-1.0,0.0,2024-11-01,2024-07-01,0.8894610107230716,0.75,21825.136248887553,1487.2518557259464,403674.2028676172,74000.0,7202.723122951225,0.0
ST_VA7cm,sba,0.95,1.6449,2,True,-1.0,0.0,2024-11-01,2024-07-01,1.0,1.0,28300.52508584419,0.0,311305.7759442861,74000.0,15093.252358571466,0.0
ST_VA7cm,sba,0.95,1.6449,5,True,-1.0,0.0,2024-11-01,2024-07-01,1.0,1.0,28300.52508584419,0.0,311305.7759442861,74000.0,15093.252358571466,0.0
ST_VA7cm,sba,0.95,1.6449,10,True,-1.0,0.0,2024-11-01,2024-07-01,1.0,1.0,28300.52508584419,0.0,311305.7759442861,74000.0,15093.252358571466,0.0
ST_VA7cm,sba,0.95,1.6449,20,True,-1.0,0.0,2024-11-01,2024-07-01,1.0,1.0,28300.52508584419,0.0,311305.7759442861,74000.0,15093.252358571466,0.0
ST_VA7cm,sba,0.95,1.6449,50,True,-1.0,0.0,2024-11-01,2024-07-01,1.0,1.0,28300.52508584419,0.0,311305.7759442861,74000.0,15093.252358571466,0.0
ST_VA7cm,sba,0.95,1.6449,10,False,-1.0,0.0,2024-11-01,2024-07-01,1.0,1.0,28291.502360859373,0.0,311206.5259694531,74000.0,15091.107142338522,0.0
ST_VA7cm,sba,0.98,2.0537,2,True,-1.0,0.0,2024-11-01,2024-07-01,1.0,1.0,37252.85051064497,0.0,409781.35561709467,74000.0,23969.214147008606,0.0
ST_VA7cm,sba,0.98,2.0537,5,True,-1.0,0.0,2024-11-01,2024-07-01,1.0,1.0,37252.85051064497,0.0,409781.35561709467,74000.0,23969.214147008606,0.0
ST_VA7cm,sba,0.98,2.0537,10,True,-1.0,0.0,2024-11-01,2024-07-01,1.0,1.0,37252.85051064497,0.0,409781.35561709467,74000.0,23969.214147008606,0.0
ST_VA7cm,sba,0.98,2.0537,20,True,-1.0,0.0,2024-11-01,2024-07-01,1.0,1.0,37252.85051064497,0.0,409781.35561709467,74000.0,23969.214147008606,0.0
ST_VA7cm,sba,0.98,2.0537,50,True,-1.0,0.0,2024-11-01,2024-07-01,1.0,1.0,37252.85051064497,0.0,409781.35561709467,74000.0,23969.214147008606,0.0
ST_VA7cm,sba,0.98,2.0537,10,False,-1.0,0.0,2024-11-01,2024-07-01,1.0,1.0,37241.238185783244,0.0,409653.6200436157,74000.0,23967.439063961225,0.0
ST_VA7cm,ses,0.9,1.2816,2,True,-1.0,0.0,2024-11-01,2024-07-01,0.7615161659852937,0.75,22857.251504200507,3208.6915849251395,322020.98141455866,74000.0,3552.196282911733,0.0
ST_VA7cm,ses,0.9,1.2816,5,True,-1.0,0.0,2024-11-01,2024-07-01,0.7615161659852937,0.75,22857.251504200507,3208.6915849251395,427907.8037170883,74000.0,3552.196282911733,0.0
ST_VA7cm,ses,0.9,1.2816,10,True,-1.0,0.0,2024-11-01,2024-07-01,0.7615161659852937,0.75,22857.251504200507,3208.6915849251395,604385.840887971,74000.0,3552.196282911733,0.0
ST_VA7cm,ses,0.9,1.2816,20,True,-1.0,0.0,2024-11-01,2024-07-01,0.7615161659852937,0.75,22857.251504200507,3208.6915849251395,957341.9152297364,74000.0,3552.196282911733,0.0
ST_VA7cm,ses,0.9,1.2816,50,True,-1.0,0.0,2024-11-01,2024-07-01,0.7615161659852937,0.75,22857.251504200507,3208.6915849251395,2016210.1382550322,74000.0,3552.196282911733,0.0
ST_VA7cm,ses,0.9,1.2816,10,False,-1.0,0.0,2024-11-01,2024-07-01,0.7614495817027328,0.75,22850.684340008782,3209.5874461814133,604412.1468200521,74000.0,3542.7780761141184,0.0
ST_VA7cm,ses,0.95,1.6449,2,True,-1.0,0.0,2024-11-01,2024-07-01,0.8734551808603508,0.75,29418.28640481761,1702.6030211516443,361058.4169183299,74000.0,10575.683383665957,0.0
ST_VA7cm,ses,0.95,1.6449,5,True,-1.0,0.0,2024-11-01,2024-07-01,0.8734551808603508,0.75,29418.28640481761,1702.6030211516443,417244.31661633414,74000.0,10575.683383665957,0.0
ST_VA7cm,ses,0.95,1.6449,10,True,-1.0,0.0,2024-11-01,2024-07-01,0.8734551808603508,0.75,29418.28640481761,1702.6030211516443,510887.4827796746,74000.0,10575.683383665957,0.0
ST_VA7cm,ses,0.95,1.6449,20,True,-1.0,0.0,2024-11-01,2024-07-01,0.8734551808603508,0.75,29418.28640481761,1702.6030211516443,698173.8151063554,74000.0,10575.683383665957,0.0
ST_VA7cm,ses,0.95,1.6449,50,True,-1.0,0.0,2024-11-01,2024-07-01,0.8734551808603508,0.75,29418.28640481761,1702.6030211516443,1260032.812086398,74000.0,10575.683383665957,0.0
ST_VA7cm,ses,0.95,1.6449,10,False,-1.0,0.0,2024-11-01,2024-07-01,0.8733833457227808,0.75,29413.066853964094,1703.569530275313,510936.3837238895,74000.0,10565.581154602281,0.0
ST_VA7cm,ses,0.98,2.0537,2,True,-1.0,0.0,2024-11-01,2024-07-01,0.9999191830173175,0.75,36809.652353593956,1.087355767001017,404930.0977164075,74000.0,18474.019543281494,0.0
ST_VA7cm,ses,0.98,2.0537,5,True,-1.0,0.0,2024-11-01,2024-07-01,0.9999191830173175,0.75,36809.652353593956,1.087355767001017,404965.98045671853,74000.0,18474.019543281494,0.0
ST_VA7cm,ses,0.98,2.0537,10,True,-1.0,0.0,2024-11-01,2024-07-01,0.9999191830173175,0.75,36809.652353593956,1.087355767001017,405025.7850239036,74000.0,18474.019543281494,0.0
ST_VA7cm,ses,0.98,2.0537,20,True,-1.0,0.0,2024-11-01,2024-07-01,0.9999191830173175,0.75,36809.652353593956,1.087355767001017,405145.3941582737,74000.0,18474.019543281494,0.0
ST_VA7cm,ses,0.98,2.0537,50,True,-1.0,0.0,2024-11-01,2024-07-01,0.9999191830173175,0.75,36809.652353593956,1.087355767001017,405504.22156138404,74000.0,18474.019543281494,0.0
ST_VA7cm,ses,0.98,2.0537,10,False,-1.0,0.0,2024-11-01,2024-07-01,0.9996809899672617,0.75,36797.32771745137,4.292134985933609,405242.7397404178,74000.0,18467.92604446179,0.0
ST_VA7cm,tsb,0.9,1.2816,2,True,-1.0,0.0,2024-11-01,2024-07-01,0.7000476316699188,0.75,19329.51574591072,4293.263729609459,307076.475256426,74000.0,0.0,0.0
ST_VA7cm,tsb,0.9,1.2816,5,True,-1.0,0.0,2024-11-01,2024-07-01,0.7000476316699188,0.75,19329.51574591072,4293.263729609459,448754.1783335382,74000.0,0.0,0.0
ST_VA7cm,tsb,0.9,1.2816,10,True,-1.0,0.0,2024-11-01,2024-07-01,0.7000476316699188,0.75,19329.51574591072,4293.263729609459,684883.6834620584,74000.0,0.0,0.0
ST_VA7cm,tsb,0.9,1.2816,20,True,-1.0,0.0,2024-11-01,2024-07-01,0.7000476316699188,0.75,19329.51574591072,4293.263729609459,1157142.6937190988,74000.0,0.0,0.0
ST_VA7cm,tsb,0.9,1.2816,50,True,-1.0,0.0,2024-11-01,2024-07-01,0.7000476316699188,0.75,19329.51574591072,4293.263729609459,2573919.7244902207,74000.0,0.0,0.0
ST_VA7cm,tsb,0.9,1.2816,10,False,-1.0,0.0,2024-11-01,2024-07-01,0.6998566341469619,0.75,19320.52149892057,4299.318713783584,685450.7950043206,74000.0,0.0,0.0
ST_VA7cm,tsb,0.95,1.6449,2,True,-1.0,0.0,2024-11-01,2024-07-01,0.8110647861323891,0.75,25469.922505833736,2542.0374229460376,336093.97086898395,74000.0,5018.794173796792,0.0
ST_VA7cm,tsb,0.95,1.6449,5,True,-1.0,0.0,2024-11-01,2024-07-01,0.8110647861323891,0.75,25469.922505833736,2542.0374229460376,419981.2058262032,74000.0,5018.794173796792,0.0
ST_VA7cm,tsb,0.95,1.6449,10,True,-1.0,0.0,2024-11-01,2024-07-01,0.8110647861323891,0.75,25469.922505833736,2542.0374229460376,559793.2640882353,74000.0,5018.794173796792,0.0
ST_VA7cm,tsb,0.95,1.6449,20,True,-1.0,0.0,2024-11-01,2024-07-01,0.8110647861323891,0.75,25469.922505833736,2542.0374229460376,839417.3806122994,74000.0,5018.794173796792,0.0
ST_VA7cm,tsb,0.95,1.6449,50,True,-1.0,0.0,2024-11-01,2024-07-01,0.8110647861323891,0.75,25469.922505833736,2542.0374229460376,1678289.730184492,74000.0,5018.794173796792,0.0
ST_VA7cm,tsb,0.95,1.6449,10,False,-1.0,0.0,2024-11-01,2024-07-01,0.8109572445743847,0.75,25463.27234013369,2543.484345726461,559879.2737713814,74000.0,5010.071525969652,0.0
ST_VA7cm,tsb,0.98,2.0537,2,True,-1.0,0.0,2024-11-01,2024-07-01,0.936156629783124,0.75,32680.028675960053,858.9835265543317,378377.9530197559,74000.0,12275.590603951176,0.0
ST_VA7cm,tsb,0.98,2.0537,5,True,-1.0,0.0,2024-11-01,2024-07-01,0.936156629783124,0.75,32680.028675960053,858.9835265543317,406724.40939604887,74000.0,12275.590603951176,0.0
ST_VA7cm,tsb,0.98,2.0537,10,True,-1.0,0.0,2024-11-01,2024-07-01,0.936156629783124,0.75,32680.028675960053,858.9835265543317,453968.5033565371,74000.0,12275.590603951176,0.0
ST_VA7cm,tsb,0.98,2.0537,20,True,-1.0,0.0,2024-11-01,2024-07-01,0.936156629783124,0.75,32680.028675960053,858.9835265543317,548456.6912775135,74000.0,12275.590603951176,0.0
ST_VA7cm,tsb,0.98,2.0537,50,True,-1.0,0.0,2024-11-01,2024-07-01,0.936156629783124,0.75,32680.028675960053,858.9835265543317,831921.255040443,74000.0,12275.590603951176,0.0
ST_VA7cm,tsb,0.98,2.0537,10,False,-1.0,0.0,2024-11-01,2024-07-01,0.93597218964108,0.75,32669.063796411316,861.4650848291058,454120.8610917261,74000.0,12263.053763222546,0.0
ST_VA7cm,xgb,0.9,1.2816,2,True,-1.0,0.0,2024-11-01,2024-07-01,0.5715398907811814,0.75,13614.882864258596,9579.112764632988,360504.1923287703,74000.0,0.0,0.0
ST_VA7cm,xgb,0.9,1.2816,5,True,-1.0,0.0,2024-11-01,2024-07-01,0.5715398907811814,0.75,13614.882864258596,9579.112764632988,676614.9135616589,74000.0,0.0,0.0
ST_VA7cm,xgb,0.9,1.2816,10,True,-1.0,0.0,2024-11-01,2024-07-01,0.5715398907811814,0.75,13614.882864258596,9579.112764632988,1203466.1156164731,74000.0,0.0,0.0
ST_VA7cm,xgb,0.9,1.2816,20,True,-1.0,0.0,2024-11-01,2024-07-01,0.5715398907811814,0.75,13614.882864258596,9579.112764632988,2257168.519726102,74000.0,0.0,0.0
ST_VA7cm,xgb,0.9,1.2816,50,True,-1.0,0.0,2024-11-01,2024-07-01,0.5715398907811814,0.75,13614.882864258596,9579.112764632988,5418275.732054988,74000.0,0.0,0.0
ST_VA7cm,xgb,0.9,1.2816,10,False,-1.0,0.0,2024-11-01,2024-07-01,0.5713192461820336,0.75,13605.97684589299,9585.72161063048,1204095.1224741756,74000.0,0.0,0.0
ST_VA7cm,xgb,0.95,1.6449,2,True,-1.0,0.0,2024-11-01,2024-07-01,0.7321945451560101,0.75,20843.34312643757,6042.764966711,362217.60365845525,74000.0,0.0,0.0
ST_VA7cm,xgb,0.95,1.6449,5,True,-1.0,0.0,2024-11-01,2024-07-01,0.7321945451560101,0.75,20843.34312643757,6042.764966711,561628.8475599182,74000.0,0.0,0.0
ST_VA7cm,xgb,0.95,1.6449,10,True,-1.0,0.0,2024-11-01,2024-07-01,0.7321945451560101,0.75,20843.34312643757,6042.764966711,893980.9207290232,74000.0,0.0,0.0
ST_VA7cm,xgb,0.95,1.6449,20,True,-1.0,0.0,2024-11-01,2024-07-01,0.7321945451560101,0.75,20843.34312643757,6042.764966711,1558685.0670672331,74000.0,0.0,0.0
ST_VA7cm,xgb,0.95,1.6449,50,True,-1.0,0.0,2024-11-01,2024-07-01,0.7321945451560101,0.75,20843.34312643757,6042.764966711,3552797.5060818633,74000.0,0.0,0.0
ST_VA7cm,xgb,0.95,1.6449,10,False,-1.0,0.0,2024-11-01,2024-07-01,0.7321941661710601,0.75,20843.325279691744,6045.954126347148,894331.5319747955,74000.0,0.0,0.0
ST_VA7cm,xgb,0.98,2.0537,2,True,-1.0,0.0,2024-11-01,2024-07-01,0.913480582323708,0.75,29380.267422152796,2328.1588756529486,374402.4369080456,74000.0,0.0,0.0
ST_VA7cm,xgb,0.98,2.0537,5,True,-1.0,0.0,2024-11-01,2024-07-01,0.913480582323708,0.75,29380.267422152796,2328.1588756529486,451231.6798045929,74000.0,0.0,0.0
ST_VA7cm,xgb,0.98,2.0537,10,True,-1.0,0.0,2024-11-01,2024-07-01,0.913480582323708,0.75,29380.267422152796,2328.1588756529486,579280.417965505,74000.0,0.0,0.0
ST_VA7cm,xgb,0.98,2.0537,20,True,-1.0,0.0,2024-11-01,2024-07-01,0.913480582323708,0.75,29380.267422152796,2328.1588756529486,835377.8942873294,74000.0,0.0,0.0
ST_VA7cm,xgb,0.98,2.0537,50,True,-1.0,0.0,2024-11-01,2024-07-01,0.913480582323708,0.75,29380.267422152796,2328.1588756529486,1603670.3232528025,74000.0,0.0,0.0
ST_VA7cm,xgb,0.98,2.0537,10,False,-1.0,0.0,2024-11-01,2024-07-01,0.9132171975267279,0.75,29367.86439262228,2335.2463210989586,579923.6036397305,74000.0,0.0,0.0
ST_VA7cmbox,arima,0.9,1.2816,2,True,-1.0,0.0,2024-11-01,2024-07-01,,1.0,56860.0,0.0,625460.0,0.0,56860.0,0.0
ST_VA7cmbox,arima,0.9,1.2816,5,True,-1.0,0.0,2024-11-01,2024-07-01,,1.0,56860.0,0.0,625460.0,0.0,56860.0,0.0
ST_VA7cmbox,arima,0.9,1.2816,10,True,-1.0,0.0,2024-11-01,2024-07-01,,1.0,56860.0,0.0,625460.0,0.0,56860.0,0.0
ST_VA7cmbox,arima,0.9,1.2816,20,True,-1.0,0.0,2024-11-01,2024-07-01,,1.0,56860.0,0.0,625460.0,0.0,56860.0,0.0
ST_VA7cmbox,arima,0.9,1.2816,50,True,-1.0,0.0,2024-11-01,2024-07-01,,1.0,56860.0,0.0,625460.0,0.0,56860.0,0.0
ST_VA7cmbox,arima,0.9,1.2816,10,False,-1.0,0.0,2024-11-01,2024-07-01,,1.0,56845.513328304674,0.0,625300.6466113514,0.0,56845.513328304674,0.0
ST_VA7cmbox,arima,0.95,1.6449,2,True,-1.0,0.0,2024-11-01,2024-07-01,,1.0,59460.0,0.0,654060.0,0.0,59460.0,0.0
ST_VA7cmbox,arima,0.95,1.6449,5,True,-1.0,0.0,2024-11-01,2024-07-01,,1.0,59460.0,0.0,654060.0,0.0,59460.0,0.0
ST_VA7cmbox,arima,0.95,1.6449,10,True,-1.0,0.0,2024-11-01,2024-07-01,,1.0,59460.0,0.0,654060.0,0.0,59460.0,0.0
ST_VA7cmbox,arima,0.95,1.6449,20,True,-1.0,0.0,2024-11-01,2024-07-01,,1.0,59460.0,0.0,654060.0,0.0,59460.0,0.0
ST_VA7cmbox,arima,0.95,1.6449,50,True,-1.0,0.0,2024-11-01,2024-07-01,,1.0,59460.0,0.0,654060.0,0.0,59460.0,0.0
ST_VA7cmbox,arima,0.95,1.6449,10,False,-1.0,0.0,2024-11-01,2024-07-01,,1.0,59445.07651622684,0.0,653895.8416784953,0.0,59445.076516226836,0.0
ST_VA7cmbox,arima,0.98,2.0537,2,True,-1.0,0.0,2024-11-01,2024-07-01,,1.0,62380.0,0.0,686180.0,0.0,62380.0,0.0
ST_VA7cmbox,arima,0.98,2.0537,5,True,-1.0,0.0,2024-11-01,2024-07-01,,1.0,62380.0,0.0,686180.0,0.0,62380.0,0.0
ST_VA7cmbox,arima,0.98,2.0537,10,True,-1.0,0.0,2024-11-01,2024-07-01,,1.0,62380.0,0.0,686180.0,0.0,62380.0,0.0
ST_VA7cmbox,arima,0.98,2.0537,20,True,-1.0,0.0,2024-11-01,2024-07-01,,1.0,62380.0,0.0,686180.0,0.0,62380.0,0.0
ST_VA7cmbox,arima,0.98,2.0537,50,True,-1.0,0.0,2024-11-01,2024-07-01,,1.0,62380.0,0.0,686180.0,0.0,62380.0,0.0
ST_VA7cmbox,arima,0.98,2.0537,10,False,-1.0,0.0,2024-11-01,2024-07-01,,1.0,62370.21120167295,0.0,686072.3232184025,0.0,62370.211201672966,0.0
ST_VA7cmbox,croston,0.9,1.2816,2,True,-1.0,0.0,2024-11-01,2024-07-01,,1.0,164309.0909090909,0.0,1807400.0,0.0,182540.0,0.0
ST_VA7cmbox,croston,0.9,1.2816,5,True,-1.0,0.0,2024-11-01,2024-07-01,,1.0,164309.0909090909,0.0,1807400.0,0.0,182540.0,0.0
ST_VA7cmbox,croston,0.9,1.2816,10,True,-1.0,0.0,2024-11-01,2024-07-01,,1.0,164309.0909090909,0.0,1807400.0,0.0,182540.0,0.0
ST_VA7cmbox,croston,0.9,1.2816,20,True,-1.0,0.0,2024-11-01,2024-07-01,,1.0,164309.0909090909,0.0,1807400.0,0.0,182540.0,0.0
ST_VA7cmbox,croston,0.9,1.2816,50,True,-1.0,0.0,2024-11-01,2024-07-01,,1.0,164309.0909090909,0.0,1807400.0,0.0,182540.0,0.0
ST_VA7cmbox,croston,0.9,1.2816,10,False,-1.0,0.0,2024-11-01,2024-07-01,,1.0,164297.07205845945,0.0,1807267.792643054,0.0,182528.0,0.0
ST_VA7cmbox,croston,0.95,1.6449,2,True,-1.0,0.0,2024-11-01,2024-07-01,,1.0,188200.0,0.0,2070200.0,0.0,211600.0,0.0
ST_VA7cmbox,croston,0.95,1.6449,5,True,-1.0,0.0,2024-11-01,2024-07-01,,1.0,188200.0,0.0,2070200.0,0.0,211600.0,0.0
ST_VA7cmbox,croston,0.95,1.6449,10,True,-1.0,0.0,2024-11-01,2024-07-01,,1.0,188200.0,0.0,2070200.0,0.0,211600.0,0.0
ST_VA7cmbox,croston,0.95,1.6449,20,True,-1.0,0.0,2024-11-01,2024-07-01,,1.0,188200.0,0.0,2070200.0,0.0,211600.0,0.0
ST_VA7cmbox,croston,0.95,1.6449,50,True,-1.0,0.0,2024-11-01,2024-07-01,,1.0,188200.0,0.0,2070200.0,0.0,211600.0,0.0
ST_VA7cmbox,croston,0.95,1.6449,10,False,-1.0,0.0,2024-11-01,2024-07-01,,1.0,188193.08195143566,0.0,2070123.9014657922,0.0,211592.0,0.0
ST_VA7cmbox,croston,0.98,2.0537,2,True,-1.0,0.0,2024-11-01,2024-07-01,,1.0,215092.72727272726,0.0,2366020.0,0.0,244300.0,0.0
ST_VA7cmbox,croston,0.98,2.0537,5,True,-1.0,0.0,2024-11-01,2024-07-01,,1.0,215092.72727272726,0.0,2366020.0,0.0,244300.0,0.0
ST_VA7cmbox,croston,0.98,2.0537,10,True,-1.0,0.0,2024-11-01,2024-07-01,,1.0,215092.72727272726,0.0,2366020.0,0.0,244300.0,0.0
ST_VA7cmbox,croston,0.98,2.0537,20,True,-1.0,0.0,2024-11-01,2024-07-01,,1.0,215092.72727272726,0.0,2366020.0,0.0,244300.0,0.0
ST_VA7cmbox,croston,0.98,2.0537,50,True,-1.0,0.0,2024-11-01,2024-07-01,,1.0,215092.72727272726,0.0,2366020.0,0.0,244300.0,0.0
ST_VA7cmbox,croston,0.98,2.0537,10,False,-1.0,0.0,2024-11-01,2024-07-01,,1.0,215081.84838206784,0.0,2365900.332202746,0.0,244296.0,0.0
ST_VA7cmbox,hybrid,0.9,1.2816,2,True,-1.0,0.0,2024-11-01,2024-07-01,,1.0,18455.93766501138,0.0,203015.3143151252,0.0,18455.93766501138,0.0
ST_VA7cmbox,hybrid,0.9,1.2816,5,True,-1.0,0.0,2024-11-01,2024-07-01,,1.0,18455.93766501138,0.0,203015.3143151252,0.0,18455.93766501138,0.0
ST_VA7cmbox,hybrid,0.9,1.2816,10,True,-1.0,0.0,2024-11-01,2024-07-01,,1.0,18455.93766501138,0.0,203015.3143151252,0.0,18455.93766501138,0.0
ST_VA7cmbox,hybrid,0.9,1.2816,20,True,-1.0,0.0,2024-11-01,2024-07-01,,1.0,18455.93766501138,0.0,203015.3143151252,0.0,18455.93766501138,0.0
ST_VA7cmbox,hybrid,0.9,1.2816,50,True,-1.0,0.0,2024-11-01,2024-07-01,,1.0,18455.93766501138,0.0,203015.3143151252,0.0,18455.93766501138,0.0
ST_VA7cmbox,hybrid,0.9,1.2816,10,False,-1.0,0.0,2024-11-01,2024-07-01,,1.0,18443.686189753007,0.0,202880.5480872831,0.0,18443.68618975301,0.0
ST_VA7cmbox,hybrid,0.95,1.6449,2,True,-1.0,0.0,2024-11-01,2024-07-01,,1.0,21681.536360543076,0.0,238496.89996597383,0.0,21681.536360543076,0.0
ST_VA7cmbox,hybrid,0.95,1.6449,5,True,-1.0,0.0,2024-11-01,2024-07-01,,1.0,21681.536360543076,0.0,238496.89996597383,0.0,21681.536360543076,0.0
ST_VA7cmbox,hybrid,0.95,1.6449,10,True,-1.0,0.0,2024-11-01,2024-07-01,,1.0,21681.536360543076,0.0,238496.89996597383,0.0,21681.536360543076,0.0
ST_VA7cmbox,hybrid,0.95,1.6449,20,True,-1.0,0.0,2024-11-01,2024-07-01,,1.0,21681.536360543076,0.0,238496.89996597383,0.0,21681.536360543076,0.0
ST_VA7cmbox,hybrid,0.95,1.6449,50,True,-1.0,0.0,2024-11-01,2024-07-01,,1.0,21681.536360543076,0.0,238496.89996597383,0.0,21681.536360543076,0.0
ST_VA7cmbox,hybrid,0.95,1.6449,10,False,-1.0,0.0,2024-11-01,2024-07-01,,1.0,21679.17277464119,0.0,238470.90052105306,0.0,21679.172774641185,0.0
ST_VA7cmbox,hybrid,0.98,2.0537,2,True,-1.0,0.0,2024-11-01,2024-07-01,,1.0,25322.98075012016,0.0,278552.78825132176,0.0,25322.98075012016,0.0
ST_VA7cmbox,hybrid,0.98,2.0537,5,True,-1.0,0.0,2024-11-01,2024-07-01,,1.0,25322.98075012016,0.0,278552.78825132176,0.0,25322.98075012016,0.0
ST_VA7cmbox,hybrid,0.98,2.0537,10,True,-1.0,0.0,2024-11-01,2024-07-01,,1.0,25322.98075012016,0.0,278552.78825132176,0.0,25322.98075012016,0.0
ST_VA7cmbox,hybrid,0.98,2.0537,20,True,-1.0,0.0,2024-11-01,2024-07-01,,1.0,25322.98075012016,0.0,278552.78825132176,0.0,25322.98075012016,0.0
ST_VA7cmbox,hybrid,0.98,2.0537,50,True,-1.0,0.0,2024-11-01,2024-07-01,,1.0,25322.98075012016,0.0,278552.78825132176,0.0,25322.98075012016,0.0
ST_VA7cmbox,hybrid,0.98,2.0537,10,False,-1.0,0.0,2024-11-01,2024-07-01,,1.0,25319.87444241516,0.0,278518.61886656674,0.0,25319.87444241516,0.0
ST_VA7cmbox,mitra,0.9,1.2816,2,True,-1.0,0.0,2024-11-01,2024-07-01,,1.0,15980.0,0.0,175780.0,0.0,15980.0,0.0
ST_VA7cmbox,mitra,0.9,1.2816,5,True,-1.0,0.0,2024-11-01,2024-07-01,,1.0,15980.0,0.0,175780.0,0.0,15980.0,0.0
ST_VA7cmbox,mitra,0.9,1.2816,10,True,-1.0,0.0,2024-11-01,2024-07-01,,1.0,15980.0,0.0,175780.0,0.0,15980.0,0.0
ST_VA7cmbox,mitra,0.9,1.2816,20,True,-1.0,0.0,2024-11-01,2024-07-01,,1.0,15980.0,0.0,175780.0,0.0,15980.0,0.0
ST_VA7cmbox,mitra,0.9,1.2816,50,True,-1.0,0.0,2024-11-01,2024-07-01,,1.0,15980.0,0.0,175780.0,0.0,15980.0,0.0
ST_VA7cmbox,mitra,0.9,1.2816,10,False,-1.0,0.0,2024-11-01,2024-07-01,,1.0,15974.966715211487,0.0,175724.63386732637,0.0,15974.966715211487,0.0
ST_VA7cmbox,mitra,0.95,1.6449,2,True,-1.0,0.0,2024-11-01,2024-07-01,,1.0,19100.0,0.0,210100.0,0.0,19100.0,0.0
ST_VA7cmbox,mitra,0.95,1.6449,5,True,-1.0,0.0,2024-11-01,2024-07-01,,1.0,19100.0,0.0,210100.0,0.0,19100.0,0.0
ST_VA7cmbox,mitra,0.95,1.6449,10,True,-1.0,0.0,2024-11-01,2024-07-01,,1.0,19100.0,0.0,210100.0,0.0,19100.0,0.0
ST_VA7cmbox,mitra,0.95,1.6449,20,True,-1.0,0.0,2024-11-01,2024-07-01,,1.0,19100.0,0.0,210100.0,0.0,19100.0,0.0
ST_VA7cmbox,mitra,0.95,1.6449,50,True,-1.0,0.0,2024-11-01,2024-07-01,,1.0,19100.0,0.0,210100.0,0.0,19100.0,0.0
ST_VA7cmbox,mitra,0.95,1.6449,10,False,-1.0,0.0,2024-11-01,2024-07-01,,1.0,19086.082045764186,0.0,209946.90250340605,0.0,19086.082045764182,0.0
ST_VA7cmbox,mitra,0.98,2.0537,2,True,-1.0,0.0,2024-11-01,2024-07-01,,1.0,22600.0,0.0,248600.0,0.0,22600.0,0.0
ST_VA7cmbox,mitra,0.98,2.0537,5,True,-1.0,0.0,2024-11-01,2024-07-01,,1.0,22600.0,0.0,248600.0,0.0,22600.0,0.0
ST_VA7cmbox,mitra,0.98,2.0537,10,True,-1.0,0.0,2024-11-01,2024-07-01,,1.0,22600.0,0.0,248600.0,0.0,22600.0,0.0
ST_VA7cmbox,mitra,0.98,2.0537,20,True,-1.0,0.0,2024-11-01,2024-07-01,,1.0,22600.0,0.0,248600.0,0.0,22600.0,0.0
ST_VA7cmbox,mitra,0.98,2.0537,50,True,-1.0,0.0,2024-11-01,2024-07-01,,1.0,22600.0,0.0,248600.0,0.0,22600.0,0.0
ST_VA7cmbox,mitra,0.98,2.0537,10,False,-1.0,0.0,2024-11-01,2024-07-01,,1.0,22586.83609786972,0.0,248455.19707656692,0.0,22586.836097869716,0.0
ST_VA7cmbox,naive,0.9,1.2816,2,True,-1.0,0.0,2024-11-01,2024-07-01,,1.0,32440.0,0.0,356840.0,0.0,32440.0,0.0
ST_VA7cmbox,naive,0.9,1.2816,5,True,-1.0,0.0,2024-11-01,2024-07-01,,1.0,32440.0,0.0,356840.0,0.0,32440.0,0.0
ST_VA7cmbox,naive,0.9,1.2816,10,True,-1.0,0.0,2024-11-01,2024-07-01,,1.0,32440.0,0.0,356840.0,0.0,32440.0,0.0
ST_VA7cmbox,naive,0.9,1.2816,20,True,-1.0,0.0,2024-11-01,2024-07-01,,1.0,32440.0,0.0,356840.0,0.0,32440.0,0.0
ST_VA7cmbox,naive,0.9,1.2816,50,True,-1.0,0.0,2024-11-01,2024-07-01,,1.0,32440.0,0.0,356840.0,0.0,32440.0,0.0
ST_VA7cmbox,naive,0.9,1.2816,10,False,-1.0,0.0,2024-11-01,2024-07-01,,1.0,32422.200394174364,0.0,356644.204335918,0.0,32422.200394174364,0.0
ST_VA7cmbox,naive,0.95,1.6449,2,True,-1.0,0.0,2024-11-01,2024-07-01,,1.0,41620.0,0.0,457820.0,0.0,41620.0,0.0
ST_VA7cmbox,naive,0.95,1.6449,5,True,-1.0,0.0,2024-11-01,2024-07-01,,1.0,41620.0,0.0,457820.0,0.0,41620.0,0.0
ST_VA7cmbox,naive,0.95,1.6449,10,True,-1.0,0.0,2024-11-01,2024-07-01,,1.0,41620.0,0.0,457820.0,0.0,41620.0,0.0
ST_VA7cmbox,naive,0.95,1.6449,20,True,-1.0,0.0,2024-11-01,2024-07-01,,1.0,41620.0,0.0,457820.0,0.0,41620.0,0.0
ST_VA7cmbox,naive,0.95,1.6449,50,True,-1.0,0.0,2024-11-01,2024-07-01,,1.0,41620.0,0.0,457820.0,0.0,41620.0,0.0
ST_VA7cmbox,naive,0.95,1.6449,10,False,-1.0,0.0,2024-11-01,2024-07-01,,1.0,41613.04418568774,0.0,457743.4860425651,0.0,41613.04418568774,0.0
ST_VA7cmbox,naive,0.98,2.0537,2,True,-1.0,0.0,2024-11-01,2024-07-01,,1.0,51960.0,0.0,571560.0,0.0,51960.0,0.0
ST_VA7cmbox,naive,0.98,2.0537,5,True,-1.0,0.0,2024-11-01,2024-07-01,,1.0,51960.0,0.0,571560.0,0.0,51960.0,0.0
ST_VA7cmbox,naive,0.98,2.0537,10,True,-1.0,0.0,2024-11-01,2024-07-01,,1.0,51960.0,0.0,571560.0,0.0,51960.0,0.0
ST_VA7cmbox,naive,0.98,2.0537,20,True,-1.0,0.0,2024-11-01,2024-07-01,,1.0,51960.0,0.0,571560.0,0.0,51960.0,0.0
ST_VA7cmbox,naive,0.98,2.0537,50,True,-1.0,0.0,2024-11-01,2024-07-01,,1.0,51960.0,0.0,571560.0,0.0,51960.0,0.0
ST_VA7cmbox,naive,0.98,2.0537,10,False,-1.0,0.0,2024-11-01,2024-07-01,,1.0,51954.9570455024,0.0,571504.5275005264,0.0,51954.95704550241,0.0
ST_VA7cmbox,rf,0.9,1.2816,2,True,-1.0,0.0,2024-11-01,2024-07-01,,1.0,26809.203314707403,0.0,294901.23646178143,0.0,26809.203314707403,0.0
ST_VA7cmbox,rf,0.9,1.2816,5,True,-1.0,0.0,2024-11-01,2024-07-01,,1.0,26809.203314707403,0.0,294901.23646178143,0.0,26809.203314707403,0.0
ST_VA7cmbox,rf,0.9,1.2816,10,True,-1.0,0.0,2024-11-01,2024-07-01,,1.0,26809.203314707403,0.0,294901.23646178143,0.0,26809.203314707403,0.0
ST_VA7cmbox,rf,0.9,1.2816,20,True,-1.0,0.0,2024-11-01,2024-07-01,,1.0,26809.203314707403,0.0,294901.23646178143,0.0,26809.203314707403,0.0
ST_VA7cmbox,rf,0.9,1.2816,50,True,-1.0,0.0,2024-11-01,2024-07-01,,1.0,26809.203314707403,0.0,294901.23646178143,0.0,26809.203314707403,0.0
ST_VA7cmbox,rf,0.9,1.2816,10,False,-1.0,0.0,2024-11-01,2024-07-01,,1.0,26804.18431601213,0.0,294846.02747613343,0.0,26804.18431601213,0.0
ST_VA7cmbox,rf,0.95,1.6449,2,True,-1.0,0.0,2024-11-01,2024-07-01,,1.0,30159.218458459898,0.0,331751.4030430589,0.0,30159.2184584599,0.0
ST_VA7cmbox,rf,0.95,1.6449,5,True,-1.0,0.0,2024-11-01,2024-07-01,,1.0,30159.218458459898,0.0,331751.4030430589,0.0,30159.2184584599,0.0
ST_VA7cmbox,rf,0.95,1.6449,10,True,-1.0,0.0,2024-11-01,2024-07-01,,1.0,30159.218458459898,0.0,331751.4030430589,0.0,30159.2184584599,0.0
ST_VA7cmbox,rf,0.95,1.6449,20,True,-1.0,0.0,2024-11-01,2024-07-01,,1.0,30159.218458459898,0.0,331751.4030430589,0.0,30159.2184584599,0.0
ST_VA7cmbox,rf,0.95,1.6449,50,True,-1.0,0.0,2024-11-01,2024-07-01,,1.0,30159.218458459898,0.0,331751.4030430589,0.0,30159.2184584599,0.0
ST_VA7cmbox,rf,0.95,1.6449,10,False,-1.0,0.0,2024-11-01,2024-07-01,,1.0,30151.741613926613,0.0,331669.15775319276,0.0,30151.74161392662,0.0
ST_VA7cmbox,rf,0.98,2.0537,2,True,-1.0,0.0,2024-11-01,2024-07-01,,1.0,33932.992724262316,0.0,373262.91996688547,0.0,33932.99272426232,0.0
ST_VA7cmbox,rf,0.98,2.0537,5,True,-1.0,0.0,2024-11-01,2024-07-01,,1.0,33932.992724262316,0.0,373262.91996688547,0.0,33932.99272426232,0.0
ST_VA7cmbox,rf,0.98,2.0537,10,True,-1.0,0.0,2024-11-01,2024-07-01,,1.0,33932.992724262316,0.0,373262.91996688547,0.0,33932.99272426232,0.0
ST_VA7cmbox,rf,0.98,2.0537,20,True,-1.0,0.0,2024-11-01,2024-07-01,,1.0,33932.992724262316,0.0,373262.91996688547,0.0,33932.99272426232,0.0
ST_VA7cmbox,rf,0.98,2.0537,50,True,-1.0,0.0,2024-11-01,2024-07-01,,1.0,33932.992724262316,0.0,373262.91996688547,0.0,33932.99272426232,0.0
ST_VA7cmbox,rf,0.98,2.0537,10,False,-1.0,0.0,2024-11-01,2024-07-01,,1.0,33918.54982583811,0.0,373104.0480842192,0.0,33918.549825838105,0.0
ST_VA7cmbox,sba,0.9,1.2816,2,True,-1.0,0.0,2024-11-01,2024-07-01,,1.0,156170.9090909091,0.0,1717880.0,0.0,173420.0,0.0
ST_VA7cmbox,sba,0.9,1.2816,5,True,-1.0,0.0,2024-11-01,2024-07-01,,1.0,156170.9090909091,0.0,1717880.0,0.0,173420.0,0.0
ST_VA7cmbox,sba,0.9,1.2816,10,True,-1.0,0.0,2024-11-01,2024-07-01,,1.0,156170.9090909091,0.0,1717880.0,0.0,173420.0,0.0
ST_VA7cmbox,sba,0.9,1.2816,20,True,-1.0,0.0,2024-11-01,2024-07-01,,1.0,156170.9090909091,0.0,1717880.0,0.0,173420.0,0.0
ST_VA7cmbox,sba,0.9,1.2816,50,True,-1.0,0.0,2024-11-01,2024-07-01,,1.0,156170.9090909091,0.0,1717880.0,0.0,173420.0,0.0
ST_VA7cmbox,sba,0.9,1.2816,10,False,-1.0,0.0,2024-11-01,2024-07-01,,1.0,156156.68466438304,0.0,1717723.5313082132,0.0,173401.6,0.0
ST_VA7cmbox,sba,0.95,1.6449,2,True,-1.0,0.0,2024-11-01,2024-07-01,,1.0,178889.0909090909,0.0,1967780.0,0.0,201020.0,0.0
ST_VA7cmbox,sba,0.95,1.6449,5,True,-1.0,0.0,2024-11-01,2024-07-01,,1.0,178889.0909090909,0.0,1967780.0,0.0,201020.0,0.0
ST_VA7cmbox,sba,0.95,1.6449,10,True,-1.0,0.0,2024-11-01,2024-07-01,,1.0,178889.0909090909,0.0,1967780.0,0.0,201020.0,0.0
ST_VA7cmbox,sba,0.95,1.6449,20,True,-1.0,0.0,2024-11-01,2024-07-01,,1.0,178889.0909090909,0.0,1967780.0,0.0,201020.0,0.0
ST_VA7cmbox,sba,0.95,1.6449,50,True,-1.0,0.0,2024-11-01,2024-07-01,,1.0,178889.0909090909,0.0,1967780.0,0.0,201020.0,0.0
ST_VA7cmbox,sba,0.95,1.6449,10,False,-1.0,0.0,2024-11-01,2024-07-01,,1.0,178879.00328062076,0.0,1967669.0360868284,0.0,201012.40000000002,0.0
ST_VA7cmbox,sba,0.98,2.0537,2,True,-1.0,0.0,2024-11-01,2024-07-01,,1.0,204458.18181818182,0.0,2249040.0,0.0,232100.0,0.0
ST_VA7cmbox,sba,0.98,2.0537,5,True,-1.0,0.0,2024-11-01,2024-07-01,,1.0,204458.18181818182,0.0,2249040.0,0.0,232100.0,0.0
ST_VA7cmbox,sba,0.98,2.0537,10,True,-1.0,0.0,2024-11-01,2024-07-01,,1.0,204458.18181818182,0.0,2249040.0,0.0,232100.0,0.0
ST_VA7cmbox,sba,0.98,2.0537,20,True,-1.0,0.0,2024-11-01,2024-07-01,,1.0,204458.18181818182,0.0,2249040.0,0.0,232100.0,0.0
ST_VA7cmbox,sba,0.98,2.0537,50,True,-1.0,0.0,2024-11-01,2024-07-01,,1.0,204458.18181818182,0.0,2249040.0,0.0,232100.0,0.0
ST_VA7cmbox,sba,0.98,2.0537,10,False,-1.0,0.0,2024-11-01,2024-07-01,,1.0,204447.08434397893,0.0,2248917.927783768,0.0,232081.2,0.0
ST_VA7cmbox,ses,0.9,1.2816,2,True,-1.0,0.0,2024-11-01,2024-07-01,,1.0,16420.0,0.0,180620.0,0.0,16420.0,0.0
ST_VA7cmbox,ses,0.9,1.2816,5,True,-1.0,0.0,2024-11-01,2024-07-01,,1.0,16420.0,0.0,180620.0,0.0,16420.0,0.0
ST_VA7cmbox,ses,0.9,1.2816,10,True,-1.0,0.0,2024-11-01,2024-07-01,,1.0,16420.0,0.0,180620.0,0.0,16420.0,0.0
ST_VA7cmbox,ses,0.9,1.2816,20,True,-1.0,0.0,2024-11-01,2024-07-01,,1.0,16420.0,0.0,180620.0,0.0,16420.0,0.0
ST_VA7cmbox,ses,0.9,1.2816,50,True,-1.0,0.0,2024-11-01,2024-07-01,,1.0,16420.0,0.0,180620.0,0.0,16420.0,0.0
ST_VA7cmbox,ses,0.9,1.2816,10,False,-1.0,0.0,2024-11-01,2024-07-01,,1.0,16413.901639881635,0.0,180552.918038698,0.0,16413.90163988164,0.0
ST_VA7cmbox,ses,0.95,1.6449,2,True,-1.0,0.0,2024-11-01,2024-07-01,,1.0,20200.0,0.0,222200.0,0.0,20200.0,0.0
ST_VA7cmbox,ses,0.95,1.6449,5,True,-1.0,0.0,2024-11-01,2024-07-01,,1.0,20200.0,0.0,222200.0,0.0,20200.0,0.0
ST_VA7cmbox,ses,0.95,1.6449,10,True,-1.0,0.0,2024-11-01,2024-07-01,,1.0,20200.0,0.0,222200.0,0.0,20200.0,0.0
ST_VA7cmbox,ses,0.95,1.6449,20,True,-1.0,0.0,2024-11-01,2024-07-01,,1.0,20200.0,0.0,222200.0,0.0,20200.0,0.0
ST_VA7cmbox,ses,0.95,1.6449,50,True,-1.0,0.0,2024-11-01,2024-07-01,,1.0,20200.0,0.0,222200.0,0.0,20200.0,0.0
ST_VA7cmbox,ses,0.95,1.6449,10,False,-1.0,0.0,2024-11-01,2024-07-01,,1.0,20189.425990220276,0.0,222083.68589242303,0.0,20189.425990220276,0.0
ST_VA7cmbox,ses,0.98,2.0537,2,True,-1.0,0.0,2024-11-01,2024-07-01,,1.0,24440.0,0.0,268840.0,0.0,24440.0,0.0
ST_VA7cmbox,ses,0.98,2.0537,5,True,-1.0,0.0,2024-11-01,2024-07-01,,1.0,24440.0,0.0,268840.0,0.0,24440.0,0.0
ST_VA7cmbox,ses,0.98,2.0537,10,True,-1.0,0.0,2024-11-01,2024-07-01,,1.0,24440.0,0.0,268840.0,0.0,24440.0,0.0
ST_VA7cmbox,ses,0.98,2.0537,20,True,-1.0,0.0,2024-11-01,2024-07-01,,1.0,24440.0,0.0,268840.0,0.0,24440.0,0.0
ST_VA7cmbox,ses,0.98,2.0537,50,True,-1.0,0.0,2024-11-01,2024-07-01,,1.0,24440.0,0.0,268840.0,0.0,24440.0,0.0
ST_VA7cmbox,ses,0.98,2.0537,10,False,-1.0,0.0,2024-11-01,2024-07-01,,1.0,24437.800211025224,0.0,268815.80232127744,0.0,24437.80021102522,0.0
ST_VA7cmbox,tsb,0.9,1.2816,2,True,-1.0,0.0,2024-11-01,2024-07-01,,1.0,18300.0,0.0,201300.0,0.0,18300.0,0.0
ST_VA7cmbox,tsb,0.9,1.2816,5,True,-1.0,0.0,2024-11-01,2024-07-01,,1.0,18300.0,0.0,201300.0,0.0,18300.0,0.0
ST_VA7cmbox,tsb,0.9,1.2816,10,True,-1.0,0.0,2024-11-01,2024-07-01,,1.0,18300.0,0.0,201300.0,0.0,18300.0,0.0
ST_VA7cmbox,tsb,0.9,1.2816,20,True,-1.0,0.0,2024-11-01,2024-07-01,,1.0,18300.0,0.0,201300.0,0.0,18300.0,0.0
ST_VA7cmbox,tsb,0.9,1.2816,50,True,-1.0,0.0,2024-11-01,2024-07-01,,1.0,18300.0,0.0,201300.0,0.0,18300.0,0.0
ST_VA7cmbox,tsb,0.9,1.2816,10,False,-1.0,0.0,2024-11-01,2024-07-01,,1.0,18287.099521041524,0.0,201158.09473145675,0.0,18287.09952104152,0.0
ST_VA7cmbox,tsb,0.95,1.6449,2,True,-1.0,0.0,2024-11-01,2024-07-01,,1.0,22140.0,0.0,243540.0,0.0,22140.0,0.0
ST_VA7cmbox,tsb,0.95,1.6449,5,True,-1.0,0.0,2024-11-01,2024-07-01,,1.0,22140.0,0.0,243540.0,0.0,22140.0,0.0
ST_VA7cmbox,tsb,0.95,1.6449,10,True,-1.0,0.0,2024-11-01,2024-07-01,,1.0,22140.0,0.0,243540.0,0.0,22140.0,0.0
ST_VA7cmbox,tsb,0.95,1.6449,20,True,-1.0,0.0,2024-11-01,2024-07-01,,1.0,22140.0,0.0,243540.0,0.0,22140.0,0.0
ST_VA7cmbox,tsb,0.95,1.6449,50,True,-1.0,0.0,2024-11-01,2024-07-01,,1.0,22140.0,0.0,243540.0,0.0,22140.0,0.0
ST_VA7cmbox,tsb,0.95,1.6449,10,False,-1.0,0.0,2024-11-01,2024-07-01,,1.0,22131.90532628058,0.0,243450.95858908637,0.0,22131.905326280583,0.0
ST_VA7cmbox,tsb,0.98,2.0537,2,True,-1.0,0.0,2024-11-01,2024-07-01,,1.0,26460.0,0.0,291060.0,0.0,26460.0,0.0
ST_VA7cmbox,tsb,0.98,2.0537,5,True,-1.0,0.0,2024-11-01,2024-07-01,,1.0,26460.0,0.0,291060.0,0.0,26460.0,0.0
ST_VA7cmbox,tsb,0.98,2.0537,10,True,-1.0,0.0,2024-11-01,2024-07-01,,1.0,26460.0,0.0,291060.0,0.0,26460.0,0.0
ST_VA7cmbox,tsb,0.98,2.0537,20,True,-1.0,0.0,2024-11-01,2024-07-01,,1.0,26460.0,0.0,291060.0,0.0,26460.0,0.0
ST_VA7cmbox,tsb,0.98,2.0537,50,True,-1.0,0.0,2024-11-01,2024-07-01,,1.0,26460.0,0.0,291060.0,0.0,26460.0,0.0
ST_VA7cmbox,tsb,0.98,2.0537,10,False,-1.0,0.0,2024-11-01,2024-07-01,,1.0,26458.237870133402,0.0,291040.6165714674,0.0,26458.237870133402,0.0
ST_VA7cmbox,xgb,0.9,1.2816,2,True,-1.0,0.0,2024-11-01,2024-07-01,,1.0,13243.657055474032,0.0,145680.22761021435,0.0,13243.657055474032,0.0
ST_VA7cmbox,xgb,0.9,1.2816,5,True,-1.0,0.0,2024-11-01,2024-07-01,,1.0,13243.657055474032,0.0,145680.22761021435,0.0,13243.657055474032,0.0
ST_VA7cmbox,xgb,0.9,1.2816,10,True,-1.0,0.0,2024-11-01,2024-07-01,,1.0,13243.657055474032,0.0,145680.22761021435,0.0,13243.657055474032,0.0
ST_VA7cmbox,xgb,0.9,1.2816,20,True,-1.0,0.0,2024-11-01,2024-07-01,,1.0,13243.657055474032,0.0,145680.22761021435,0.0,13243.657055474032,0.0
ST_VA7cmbox,xgb,0.9,1.2816,50,True,-1.0,0.0,2024-11-01,2024-07-01,,1.0,13243.657055474032,0.0,145680.22761021435,0.0,13243.657055474032,0.0
ST_VA7cmbox,xgb,0.9,1.2816,10,False,-1.0,0.0,2024-11-01,2024-07-01,,1.0,13241.299991492258,0.0,145654.29990641485,0.0,13243.030921428972,0.0
ST_VA7cmbox,xgb,0.95,1.6449,2,True,-1.0,0.0,2024-11-01,2024-07-01,,1.0,17004.69044896035,0.0,187051.59493856385,0.0,17004.69044896035,0.0
ST_VA7cmbox,xgb,0.95,1.6449,5,True,-1.0,0.0,2024-11-01,2024-07-01,,1.0,17004.69044896035,0.0,187051.59493856385,0.0,17004.69044896035,0.0
ST_VA7cmbox,xgb,0.95,1.6449,10,True,-1.0,0.0,2024-11-01,2024-07-01,,1.0,17004.69044896035,0.0,187051.59493856385,0.0,17004.69044896035,0.0
ST_VA7cmbox,xgb,0.95,1.6449,20,True,-1.0,0.0,2024-11-01,2024-07-01,,1.0,17004.69044896035,0.0,187051.59493856385,0.0,17004.69044896035,0.0
ST_VA7cmbox,xgb,0.95,1.6449,50,True,-1.0,0.0,2024-11-01,2024-07-01,,1.0,17004.69044896035,0.0,187051.59493856385,0.0,17004.69044896035,0.0
ST_VA7cmbox,xgb,0.95,1.6449,10,False,-1.0,0.0,2024-11-01,2024-07-01,,1.0,16993.425677633677,0.0,186927.68245397045,0.0,16995.15659803705,0.0
ST_VA7cmbox,xgb,0.98,2.0537,2,True,-1.0,0.0,2024-11-01,2024-07-01,,1.0,21225.85326552299,0.0,233484.3859207529,0.0,21225.853265522994,0.0
ST_VA7cmbox,xgb,0.98,2.0537,5,True,-1.0,0.0,2024-11-01,2024-07-01,,1.0,21225.85326552299,0.0,233484.3859207529,0.0,21225.853265522994,0.0
ST_VA7cmbox,xgb,0.98,2.0537,10,True,-1.0,0.0,2024-11-01,2024-07-01,,1.0,21225.85326552299,0.0,233484.3859207529,0.0,21225.853265522994,0.0
ST_VA7cmbox,xgb,0.98,2.0537,20,True,-1.0,0.0,2024-11-01,2024-07-01,,1.0,21225.85326552299,0.0,233484.3859207529,0.0,21225.853265522994,0.0
ST_VA7cmbox,xgb,0.98,2.0537,50,True,-1.0,0.0,2024-11-01,2024-07-01,,1.0,21225.85326552299,0.0,233484.3859207529,0.0,21225.853265522994,0.0
ST_VA7cmbox,xgb,0.98,2.0537,10,False,-1.0,0.0,2024-11-01,2024-07-01,,1.0,21215.47076570032,0.0,233370.17842270352,0.0,21217.20167537639,0.0
ST_VA7cmrej,arima,0.9,1.2816,2,True,-1.0,0.0,2024-11-01,2024-07-01,,1.0,35560.0,0.0,391160.0,0.0,35560.0,0.0
ST_VA7cmrej,arima,0.9,1.2816,5,True,-1.0,0.0,2024-11-01,2024-07-01,,1.0,35560.0,0.0,391160.0,0.0,35560.0,0.0
ST_VA7cmrej,arima,0.9,1.2816,10,True,-1.0,0.0,2024-11-01,2024-07-01,,1.0,35560.0,0.0,391160.0,0.0,35560.0,0.0
ST_VA7cmrej,arima,0.9,1.2816,20,True,-1.0,0.0,2024-11-01,2024-07-01,,1.0,35560.0,0.0,391160.0,0.0,35560.0,0.0
ST_VA7cmrej,arima,0.9,1.2816,50,True,-1.0,0.0,2024-11-01,2024-07-01,,1.0,35560.0,0.0,391160.0,0.0,35560.0,0.0
ST_VA7cmrej,arima,0.9,1.2816,10,False,-1.0,0.0,2024-11-01,2024-07-01,,1.0,35547.67675813909,0.0,391024.44433952996,0.0,35547.67675813908,0.0
ST_VA7cmrej,arima,0.95,1.6449,2,True,-1.0,0.0,2024-11-01,2024-07-01,,1.0,37180.0,0.0,408980.0,0.0,37180.0,0.0
ST_VA7cmrej,arima,0.95,1.6449,5,True,-1.0,0.0,2024-11-01,2024-07-01,,1.0,37180.0,0.0,408980.0,0.0,37180.0,0.0
ST_VA7cmrej,arima,0.95,1.6449,10,True,-1.0,0.0,2024-11-01,2024-07-01,,1.0,37180.0,0.0,408980.0,0.0,37180.0,0.0
ST_VA7cmrej,arima,0.95,1.6449,20,True,-1.0,0.0,2024-11-01,2024-07-01,,1.0,37180.0,0.0,408980.0,0.0,37180.0,0.0
ST_VA7cmrej,arima,0.95,1.6449,50,True,-1.0,0.0,2024-11-01,2024-07-01,,1.0,37180.0,0.0,408980.0,0.0,37180.0,0.0
ST_VA7cmrej,arima,0.95,1.6449,10,False,-1.0,0.0,2024-11-01,2024-07-01,,1.0,37172.40375059042,0.0,408896.4412564946,0.0,37172.40375059043,0.0
ST_VA7cmrej,arima,0.98,2.0537,2,True,-1.0,0.0,2024-11-01,2024-07-01,,1.0,39020.0,0.0,429220.0,0.0,39020.0,0.0
ST_VA7cmrej,arima,0.98,2.0537,5,True,-1.0,0.0,2024-11-01,2024-07-01,,1.0,39020.0,0.0,429220.0,0.0,39020.0,0.0
ST_VA7cmrej,arima,0.98,2.0537,10,True,-1.0,0.0,2024-11-01,2024-07-01,,1.0,39020.0,0.0,429220.0,0.0,39020.0,0.0
ST_VA7cmrej,arima,0.98,2.0537,20,True,-1.0,0.0,2024-11-01,2024-07-01,,1.0,39020.0,0.0,429220.0,0.0,39020.0,0.0
ST_VA7cmrej,arima,0.98,2.0537,50,True,-1.0,0.0,2024-11-01,2024-07-01,,1.0,39020.0,0.0,429220.0,0.0,39020.0,0.0
ST_VA7cmrej,arima,0.98,2.0537,10,False,-1.0,0.0,2024-11-01,2024-07-01,,1.0,39000.61292899425,0.0,429006.74221893674,0.0,39000.612928994255,0.0
ST_VA7cmrej,croston,0.9,1.2816,2,True,-1.0,0.0,2024-11-01,2024-07-01,,1.0,102696.36363636363,0.0,1129660.0,0.0,114080.0,0.0
ST_VA7cmrej,croston,0.9,1.2816,5,True,-1.0,0.0,2024-11-01,2024-07-01,,1.0,102696.36363636363,0.0,1129660.0,0.0,114080.0,0.0
ST_VA7cmrej,croston,0.9,1.2816,10,True,-1.0,0.0,2024-11-01,2024-07-01,,1.0,102696.36363636363,0.0,1129660.0,0.0,114080.0,0.0
ST_VA7cmrej,croston,0.9,1.2816,20,True,-1.0,0.0,2024-11-01,2024-07-01,,1.0,102696.36363636363,0.0,1129660.0,0.0,114080.0,0.0
ST_VA7cmrej,croston,0.9,1.2816,50,True,-1.0,0.0,2024-11-01,2024-07-01,,1.0,102696.36363636363,0.0,1129660.0,0.0,114080.0,0.0
ST_VA7cmrej,croston,0.9,1.2816,10,False,-1.0,0.0,2024-11-01,2024-07-01,,1.0,102685.67003653715,0.0,1129542.3704019086,0.0,114080.0,0.0
ST_VA7cmrej,croston,0.95,1.6449,2,True,-1.0,0.0,2024-11-01,2024-07-01,,1.0,117632.72727272728,0.0,1293960.0,0.0,132260.0,0.0
ST_VA7cmrej,croston,0.95,1.6449,5,True,-1.0,0.0,2024-11-01,2024-07-01,,1.0,117632.72727272728,0.0,1293960.0,0.0,132260.0,0.0
ST_VA7cmrej,croston,0.95,1.6449,10,True,-1.0,0.0,2024-11-01,2024-07-01,,1.0,117632.72727272728,0.0,1293960.0,0.0,132260.0,0.0
ST_VA7cmrej,croston,0.95,1.6449,20,True,-1.0,0.0,2024-11-01,2024-07-01,,1.0,117632.72727272728,0.0,1293960.0,0.0,132260.0,0.0
ST_VA7cmrej,croston,0.95,1.6449,50,True,-1.0,0.0,2024-11-01,2024-07-01,,1.0,117632.72727272728,0.0,1293960.0,0.0,132260.0,0.0
ST_VA7cmrej,croston,0.95,1.6449,10,False,-1.0,0.0,2024-11-01,2024-07-01,,1.0,117620.67621964728,0.0,1293827.4384161201,0.0,132245.0,0.0
ST_VA7cmrej,croston,0.98,2.0537,2,True,-1.0,0.0,2024-11-01,2024-07-01,,1.0,134432.72727272726,0.0,1478760.0,0.0,152700.0,0.0
ST_VA7cmrej,croston,0.98,2.0537,5,True,-1.0,0.0,2024-11-01,2024-07-01,,1.0,134432.72727272726,0.0,1478760.0,0.0,152700.0,0.0
ST_VA7cmrej,croston,0.98,2.0537,10,True,-1.0,0.0,2024-11-01,2024-07-01,,1.0,134432.72727272726,0.0,1478760.0,0.0,152700.0,0.0
ST_VA7cmrej,croston,0.98,2.0537,20,True,-1.0,0.0,2024-11-01,2024-07-01,,1.0,134432.72727272726,0.0,1478760.0,0.0,152700.0,0.0
ST_VA7cmrej,croston,0.98,2.0537,50,True,-1.0,0.0,2024-11-01,2024-07-01,,1.0,134432.72727272726,0.0,1478760.0,0.0,152700.0,0.0
ST_VA7cmrej,croston,0.98,2.0537,10,False,-1.0,0.0,2024-11-01,2024-07-01,,1.0,134426.15523879242,0.0,1478687.7076267165,0.0,152685.0,0.0
ST_VA7cmrej,hybrid,0.9,1.2816,2,True,-1.0,0.0,2024-11-01,2024-07-01,,1.0,12790.667416598297,0.0,140697.34158258126,0.0,12790.667416598295,0.0
ST_VA7cmrej,hybrid,0.9,1.2816,5,True,-1.0,0.0,2024-11-01,2024-07-01,,1.0,12790.667416598297,0.0,140697.34158258126,0.0,12790.667416598295,0.0
ST_VA7cmrej,hybrid,0.9,1.2816,10,True,-1.0,0.0,2024-11-01,2024-07-01,,1.0,12790.667416598297,0.0,140697.34158258126,0.0,12790.667416598295,0.0
ST_VA7cmrej,hybrid,0.9,1.2816,20,True,-1.0,0.0,2024-11-01,2024-07-01,,1.0,12790.667416598297,0.0,140697.34158258126,0.0,12790.667416598295,0.0
ST_VA7cmrej,hybrid,0.9,1.2816,50,True,-1.0,0.0,2024-11-01,2024-07-01,,1.0,12790.667416598297,0.0,140697.34158258126,0.0,12790.667416598295,0.0
ST_VA7cmrej,hybrid,0.9,1.2816,10,False,-1.0,0.0,2024-11-01,2024-07-01,,1.0,12790.140540510503,0.0,140691.54594561554,0.0,12790.140540510503,0.0
ST_VA7cmrej,hybrid,0.95,1.6449,2,True,-1.0,0.0,2024-11-01,2024-07-01,,1.0,14796.266112129988,0.0,162758.92723342986,0.0,14796.266112129988,0.0
ST_VA7cmrej,hybrid,0.95,1.6449,5,True,-1.0,0.0,2024-11-01,2024-07-01,,1.0,14796.266112129988,0.0,162758.92723342986,0.0,14796.266112129988,0.0
ST_VA7cmrej,hybrid,0.95,1.6449,10,True,-1.0,0.0,2024-11-01,2024-07-01,,1.0,14796.266112129988,0.0,162758.92723342986,0.0,14796.266112129988,0.0
ST_VA7cmrej,hybrid,0.95,1.6449,20,True,-1.0,0.0,2024-11-01,2024-07-01,,1.0,14796.266112129988,0.0,162758.92723342986,0.0,14796.266112129988,0.0
ST_VA7cmrej,hybrid,0.95,1.6449,50,True,-1.0,0.0,2024-11-01,2024-07-01,,1.0,14796.266112129988,0.0,162758.92723342986,0.0,14796.266112129988,0.0
ST_VA7cmrej,hybrid,0.95,1.6449,10,False,-1.0,0.0,2024-11-01,2024-07-01,,1.0,14791.196939048912,0.0,162703.16632953804,0.0,14791.196939048912,0.0
ST_VA7cmrej,hybrid,0.98,2.0537,2,True,-1.0,0.0,2024-11-01,2024-07-01,,1.0,17057.710501707075,0.0,187634.81551877782,0.0,17057.710501707075,0.0
ST_VA7cmrej,hybrid,0.98,2.0537,5,True,-1.0,0.0,2024-11-01,2024-07-01,,1.0,17057.710501707075,0.0,187634.81551877782,0.0,17057.710501707075,0.0
ST_VA7cmrej,hybrid,0.98,2.0537,10,True,-1.0,0.0,2024-11-01,2024-07-01,,1.0,17057.710501707075,0.0,187634.81551877782,0.0,17057.710501707075,0.0
ST_VA7cmrej,hybrid,0.98,2.0537,20,True,-1.0,0.0,2024-11-01,2024-07-01,,1.0,17057.710501707075,0.0,187634.81551877782,0.0,17057.710501707075,0.0
ST_VA7cmrej,hybrid,0.98,2.0537,50,True,-1.0,0.0,2024-11-01,2024-07-01,,1.0,17057.710501707075,0.0,187634.81551877782,0.0,17057.710501707075,0.0
ST_VA7cmrej,hybrid,0.98,2.0537,10,False,-1.0,0.0,2024-11-01,2024-07-01,,1.0,17042.867337404274,0.0,187471.540711447,0.0,17042.86733740427,0.0
ST_VA7cmrej,mitra,0.9,1.2816,2,True,-1.0,0.0,2024-11-01,2024-07-01,,1.0,9700.0,0.0,106700.0,0.0,9940.0,0.0
ST_VA7cmrej,mitra,0.9,1.2816,5,True,-1.0,0.0,2024-11-01,2024-07-01,,1.0,9700.0,0.0,106700.0,0.0,9940.0,0.0
ST_VA7cmrej,mitra,0.9,1.2816,10,True,-1.0,0.0,2024-11-01,2024-07-01,,1.0,9700.0,0.0,106700.0,0.0,9940.0,0.0
ST_VA7cmrej,mitra,0.9,1.2816,20,True,-1.0,0.0,2024-11-01,2024-07-01,,1.0,9700.0,0.0,106700.0,0.0,9940.0,0.0
ST_VA7cmrej,mitra,0.9,1.2816,50,True,-1.0,0.0,2024-11-01,2024-07-01,,1.0,9700.0,0.0,106700.0,0.0,9940.0,0.0
ST_VA7cmrej,mitra,0.9,1.2816,10,False,-1.0,0.0,2024-11-01,2024-07-01,,1.0,9696.934851741466,0.0,106666.28336915612,0.0,9939.35909416571,0.0
ST_VA7cmrej,mitra,0.95,1.6449,2,True,-1.0,0.0,2024-11-01,2024-07-01,,1.0,12054.545454545454,0.0,132600.0,0.0,12300.0,0.0
ST_VA7cmrej,mitra,0.95,1.6449,5,True,-1.0,0.0,2024-11-01,2024-07-01,,1.0,12054.545454545454,0.0,132600.0,0.0,12300.0,0.0
ST_VA7cmrej,mitra,0.95,1.6449,10,True,-1.0,0.0,2024-11-01,2024-07-01,,1.0,12054.545454545454,0.0,132600.0,0.0,12300.0,0.0
ST_VA7cmrej,mitra,0.95,1.6449,20,True,-1.0,0.0,2024-11-01,2024-07-01,,1.0,12054.545454545454,0.0,132600.0,0.0,12300.0,0.0
ST_VA7cmrej,mitra,0.95,1.6449,50,True,-1.0,0.0,2024-11-01,2024-07-01,,1.0,12054.545454545454,0.0,132600.0,0.0,12300.0,0.0
ST_VA7cmrej,mitra,0.95,1.6449,10,False,-1.0,0.0,2024-11-01,2024-07-01,,1.0,12042.026267870055,0.0,132462.2889465706,0.0,12284.450510294299,0.0
ST_VA7cmrej,mitra,0.98,2.0537,2,True,-1.0,0.0,2024-11-01,2024-07-01,,1.0,14694.545454545454,0.0,161640.0,0.0,14940.0,0.0
ST_VA7cmrej,mitra,0.98,2.0537,5,True,-1.0,0.0,2024-11-01,2024-07-01,,1.0,14694.545454545454,0.0,161640.0,0.0,14940.0,0.0
ST_VA7cmrej,mitra,0.98,2.0537,10,True,-1.0,0.0,2024-11-01,2024-07-01,,1.0,14694.545454545454,0.0,161640.0,0.0,14940.0,0.0
ST_VA7cmrej,mitra,0.98,2.0537,20,True,-1.0,0.0,2024-11-01,2024-07-01,,1.0,14694.545454545454,0.0,161640.0,0.0,14940.0,0.0
ST_VA7cmrej,mitra,0.98,2.0537,50,True,-1.0,0.0,2024-11-01,2024-07-01,,1.0,14694.545454545454,0.0,161640.0,0.0,14940.0,0.0
ST_VA7cmrej,mitra,0.98,2.0537,10,False,-1.0,0.0,2024-11-01,2024-07-01,,1.0,14680.818921086042,0.0,161489.00813194647,0.0,14923.243163510286,0.0
ST_VA7cmrej,naive,0.9,1.2816,2,True,-1.0,0.0,2024-11-01,2024-07-01,,1.0,20280.0,0.0,223080.0,0.0,20280.0,0.0
ST_VA7cmrej,naive,0.9,1.2816,5,True,-1.0,0.0,2024-11-01,2024-07-01,,1.0,20280.0,0.0,223080.0,0.0,20280.0,0.0
ST_VA7cmrej,naive,0.9,1.2816,10,True,-1.0,0.0,2024-11-01,2024-07-01,,1.0,20280.0,0.0,223080.0,0.0,20280.0,0.0
ST_VA7cmrej,naive,0.9,1.2816,20,True,-1.0,0.0,2024-11-01,2024-07-01,,1.0,20280.0,0.0,223080.0,0.0,20280.0,0.0
ST_VA7cmrej,naive,0.9,1.2816,50,True,-1.0,0.0,2024-11-01,2024-07-01,,1.0,20280.0,0.0,223080.0,0.0,20280.0,0.0
ST_VA7cmrej,naive,0.9,1.2816,10,False,-1.0,0.0,2024-11-01,2024-07-01,,1.0,20263.875246358974,0.0,222902.62770994872,0.0,20263.875246358974,0.0
ST_VA7cmrej,naive,0.95,1.6449,2,True,-1.0,0.0,2024-11-01,2024-07-01,,1.0,26020.0,0.0,286220.0,0.0,26020.0,0.0
ST_VA7cmrej,naive,0.95,1.6449,5,True,-1.0,0.0,2024-11-01,2024-07-01,,1.0,26020.0,0.0,286220.0,0.0,26020.0,0.0
ST_VA7cmrej,naive,0.95,1.6449,10,True,-1.0,0.0,2024-11-01,2024-07-01,,1.0,26020.0,0.0,286220.0,0.0,26020.0,0.0
ST_VA7cmrej,naive,0.95,1.6449,20,True,-1.0,0.0,2024-11-01,2024-07-01,,1.0,26020.0,0.0,286220.0,0.0,26020.0,0.0
ST_VA7cmrej,naive,0.95,1.6449,50,True,-1.0,0.0,2024-11-01,2024-07-01,,1.0,26020.0,0.0,286220.0,0.0,26020.0,0.0
ST_VA7cmrej,naive,0.95,1.6449,10,False,-1.0,0.0,2024-11-01,2024-07-01,,1.0,26008.152616054835,0.0,286089.6787766032,0.0,26008.152616054835,0.0
ST_VA7cmrej,naive,0.98,2.0537,2,True,-1.0,0.0,2024-11-01,2024-07-01,,1.0,32480.0,0.0,357280.0,0.0,32480.0,0.0
ST_VA7cmrej,naive,0.98,2.0537,5,True,-1.0,0.0,2024-11-01,2024-07-01,,1.0,32480.0,0.0,357280.0,0.0,32480.0,0.0
ST_VA7cmrej,naive,0.98,2.0537,10,True,-1.0,0.0,2024-11-01,2024-07-01,,1.0,32480.0,0.0,357280.0,0.0,32480.0,0.0
ST_VA7cmrej,naive,0.98,2.0537,20,True,-1.0,0.0,2024-11-01,2024-07-01,,1.0,32480.0,0.0,357280.0,0.0,32480.0,0.0
ST_VA7cmrej,naive,0.98,2.0537,50,True,-1.0,0.0,2024-11-01,2024-07-01,,1.0,32480.0,0.0,357280.0,0.0,32480.0,0.0
ST_VA7cmrej,naive,0.98,2.0537,10,False,-1.0,0.0,2024-11-01,2024-07-01,,1.0,32471.848153439005,0.0,357190.3296878291,0.0,32471.848153439005,0.0
ST_VA7cmrej,rf,0.9,1.2816,2,True,-1.0,0.0,2024-11-01,2024-07-01,,1.0,15333.90643937706,0.0,168672.97083314767,0.0,15333.906439377064,0.0
ST_VA7cmrej,rf,0.9,1.2816,5,True,-1.0,0.0,2024-11-01,2024-07-01,,1.0,15333.90643937706,0.0,168672.97083314767,0.0,15333.906439377064,0.0
ST_VA7cmrej,rf,0.9,1.2816,10,True,-1.0,0.0,2024-11-01,2024-07-01,,1.0,15333.90643937706,0.0,168672.97083314767,0.0,15333.906439377064,0.0
ST_VA7cmrej,rf,0.9,1.2816,20,True,-1.0,0.0,2024-11-01,2024-07-01,,1.0,15333.90643937706,0.0,168672.97083314767,0.0,15333.906439377064,0.0
ST_VA7cmrej,rf,0.9,1.2816,50,True,-1.0,0.0,2024-11-01,2024-07-01,,1.0,15333.90643937706,0.0,168672.97083314767,0.0,15333.906439377064,0.0
ST_VA7cmrej,rf,0.9,1.2816,10,False,-1.0,0.0,2024-11-01,2024-07-01,,1.0,15320.076723689324,0.0,168520.84396058257,0.0,15320.076723689323,0.0
ST_VA7cmrej,rf,0.95,1.6449,2,True,-1.0,0.0,2024-11-01,2024-07-01,,1.0,17424.302323760403,0.0,191667.32556136444,0.0,17424.302323760403,0.0
ST_VA7cmrej,rf,0.95,1.6449,5,True,-1.0,0.0,2024-11-01,2024-07-01,,1.0,17424.302323760403,0.0,191667.32556136444,0.0,17424.302323760403,0.0
ST_VA7cmrej,rf,0.95,1.6449,10,True,-1.0,0.0,2024-11-01,2024-07-01,,1.0,17424.302323760403,0.0,191667.32556136444,0.0,17424.302323760403,0.0
ST_VA7cmrej,rf,0.95,1.6449,20,True,-1.0,0.0,2024-11-01,2024-07-01,,1.0,17424.302323760403,0.0,191667.32556136444,0.0,17424.302323760403,0.0
ST_VA7cmrej,rf,0.95,1.6449,50,True,-1.0,0.0,2024-11-01,2024-07-01,,1.0,17424.302323760403,0.0,191667.32556136444,0.0,17424.302323760403,0.0
ST_VA7cmrej,rf,0.95,1.6449,10,False,-1.0,0.0,2024-11-01,2024-07-01,,1.0,17409.189697094702,0.0,191501.0866680417,0.0,17409.189697094702,0.0
ST_VA7cmrej,rf,0.98,2.0537,2,True,-1.0,0.0,2024-11-01,2024-07-01,,1.0,19778.50501447306,0.0,217563.55515920365,0.0,19778.505014473063,0.0
ST_VA7cmrej,rf,0.98,2.0537,5,True,-1.0,0.0,2024-11-01,2024-07-01,,1.0,19778.50501447306,0.0,217563.55515920365,0.0,19778.505014473063,0.0
ST_VA7cmrej,rf,0.98,2.0537,10,True,-1.0,0.0,2024-11-01,2024-07-01,,1.0,19778.50501447306,0.0,217563.55515920365,0.0,19778.505014473063,0.0
ST_VA7cmrej,rf,0.98,2.0537,20,True,-1.0,0.0,2024-11-01,2024-07-01,,1.0,19778.50501447306,0.0,217563.55515920365,0.0,19778.505014473063,0.0
ST_VA7cmrej,rf,0.98,2.0537,50,True,-1.0,0.0,2024-11-01,2024-07-01,,1.0,19778.50501447306,0.0,217563.55515920365,0.0,19778.505014473063,0.0
ST_VA7cmrej,rf,0.98,2.0537,10,False,-1.0,0.0,2024-11-01,2024-07-01,,1.0,19759.944950406334,0.0,217359.39445446967,0.0,19759.944950406338,0.0
ST_VA7cmrej,sba,0.9,1.2816,2,True,-1.0,0.0,2024-11-01,2024-07-01,,1.0,97609.09090909091,0.0,1073700.0,0.0,108380.0,0.0
ST_VA7cmrej,sba,0.9,1.2816,5,True,-1.0,0.0,2024-11-01,2024-07-01,,1.0,97609.09090909091,0.0,1073700.0,0.0,108380.0,0.0
ST_VA7cmrej,sba,0.9,1.2816,10,True,-1.0,0.0,2024-11-01,2024-07-01,,1.0,97609.09090909091,0.0,1073700.0,0.0,108380.0,0.0
ST_VA7cmrej,sba,0.9,1.2816,20,True,-1.0,0.0,2024-11-01,2024-07-01,,1.0,97609.09090909091,0.0,1073700.0,0.0,108380.0,0.0
ST_VA7cmrej,sba,0.9,1.2816,50,True,-1.0,0.0,2024-11-01,2024-07-01,,1.0,97609.09090909091,0.0,1073700.0,0.0,108380.0,0.0
ST_VA7cmrej,sba,0.9,1.2816,10,False,-1.0,0.0,2024-11-01,2024-07-01,,1.0,97597.92791523937,0.0,1073577.207067633,0.0,108376.0,0.0
ST_VA7cmrej,sba,0.95,1.6449,2,True,-1.0,0.0,2024-11-01,2024-07-01,,1.0,111810.90909090909,0.0,1229920.0,0.0,125640.0,0.0
ST_VA7cmrej,sba,0.95,1.6449,5,True,-1.0,0.0,2024-11-01,2024-07-01,,1.0,111810.90909090909,0.0,1229920.0,0.0,125640.0,0.0
ST_VA7cmrej,sba,0.95,1.6449,10,True,-1.0,0.0,2024-11-01,2024-07-01,,1.0,111810.90909090909,0.0,1229920.0,0.0,125640.0,0.0
ST_VA7cmrej,sba,0.95,1.6449,20,True,-1.0,0.0,2024-11-01,2024-07-01,,1.0,111810.90909090909,0.0,1229920.0,0.0,125640.0,0.0
ST_VA7cmrej,sba,0.95,1.6449,50,True,-1.0,0.0,2024-11-01,2024-07-01,,1.0,111810.90909090909,0.0,1229920.0,0.0,125640.0,0.0
ST_VA7cmrej,sba,0.95,1.6449,10,False,-1.0,0.0,2024-11-01,2024-07-01,,1.0,111799.377050388,0.0,1229793.147554268,0.0,125632.75,0.0
ST_VA7cmrej,sba,0.98,2.0537,2,True,-1.0,0.0,2024-11-01,2024-07-01,,1.0,127790.90909090909,0.0,1405700.0,0.0,145060.0,0.0
ST_VA7cmrej,sba,0.98,2.0537,5,True,-1.0,0.0,2024-11-01,2024-07-01,,1.0,127790.90909090909,0.0,1405700.0,0.0,145060.0,0.0
ST_VA7cmrej,sba,0.98,2.0537,10,True,-1.0,0.0,2024-11-01,2024-07-01,,1.0,127790.90909090909,0.0,1405700.0,0.0,145060.0,0.0
ST_VA7cmrej,sba,0.98,2.0537,20,True,-1.0,0.0,2024-11-01,2024-07-01,,1.0,127790.90909090909,0.0,1405700.0,0.0,145060.0,0.0
ST_VA7cmrej,sba,0.98,2.0537,50,True,-1.0,0.0,2024-11-01,2024-07-01,,1.0,127790.90909090909,0.0,1405700.0,0.0,145060.0,0.0
ST_VA7cmrej,sba,0.98,2.0537,10,False,-1.0,0.0,2024-11-01,2024-07-01,,1.0,127779.42771498681,0.0,1405573.704864855,0.0,145050.75,0.0
ST_VA7cmrej,ses,0.9,1.2816,2,True,-1.0,0.0,2024-11-01,2024-07-01,,1.0,10260.0,0.0,112860.0,0.0,10260.0,0.0
ST_VA7cmrej,ses,0.9,1.2816,5,True,-1.0,0.0,2024-11-01,2024-07-01,,1.0,10260.0,0.0,112860.0,0.0,10260.0,0.0
ST_VA7cmrej,ses,0.9,1.2816,10,True,-1.0,0.0,2024-11-01,2024-07-01,,1.0,10260.0,0.0,112860.0,0.0,10260.0,0.0
ST_VA7cmrej,ses,0.9,1.2816,20,True,-1.0,0.0,2024-11-01,2024-07-01,,1.0,10260.0,0.0,112860.0,0.0,10260.0,0.0
ST_VA7cmrej,ses,0.9,1.2816,50,True,-1.0,0.0,2024-11-01,2024-07-01,,1.0,10260.0,0.0,112860.0,0.0,10260.0,0.0
ST_VA7cmrej,ses,0.9,1.2816,10,False,-1.0,0.0,2024-11-01,2024-07-01,,1.0,10258.688524926025,0.0,112845.57377418627,0.0,10258.688524926025,0.0
ST_VA7cmrej,ses,0.95,1.6449,2,True,-1.0,0.0,2024-11-01,2024-07-01,,1.0,12620.0,0.0,138820.0,0.0,12620.0,0.0
ST_VA7cmrej,ses,0.95,1.6449,5,True,-1.0,0.0,2024-11-01,2024-07-01,,1.0,12620.0,0.0,138820.0,0.0,12620.0,0.0
ST_VA7cmrej,ses,0.95,1.6449,10,True,-1.0,0.0,2024-11-01,2024-07-01,,1.0,12620.0,0.0,138820.0,0.0,12620.0,0.0
ST_VA7cmrej,ses,0.95,1.6449,20,True,-1.0,0.0,2024-11-01,2024-07-01,,1.0,12620.0,0.0,138820.0,0.0,12620.0,0.0
ST_VA7cmrej,ses,0.95,1.6449,50,True,-1.0,0.0,2024-11-01,2024-07-01,,1.0,12620.0,0.0,138820.0,0.0,12620.0,0.0
ST_VA7cmrej,ses,0.95,1.6449,10,False,-1.0,0.0,2024-11-01,2024-07-01,,1.0,12618.391243887674,0.0,138802.3036827644,0.0,12618.391243887674,0.0
ST_VA7cmrej,ses,0.98,2.0537,2,True,-1.0,0.0,2024-11-01,2024-07-01,,1.0,15280.0,0.0,168080.0,0.0,15280.0,0.0
ST_VA7cmrej,ses,0.98,2.0537,5,True,-1.0,0.0,2024-11-01,2024-07-01,,1.0,15280.0,0.0,168080.0,0.0,15280.0,0.0
ST_VA7cmrej,ses,0.98,2.0537,10,True,-1.0,0.0,2024-11-01,2024-07-01,,1.0,15280.0,0.0,168080.0,0.0,15280.0,0.0
ST_VA7cmrej,ses,0.98,2.0537,20,True,-1.0,0.0,2024-11-01,2024-07-01,,1.0,15280.0,0.0,168080.0,0.0,15280.0,0.0
ST_VA7cmrej,ses,0.98,2.0537,50,True,-1.0,0.0,2024-11-01,2024-07-01,,1.0,15280.0,0.0,168080.0,0.0,15280.0,0.0
ST_VA7cmrej,ses,0.98,2.0537,10,False,-1.0,0.0,2024-11-01,2024-07-01,,1.0,15273.625131890762,0.0,168009.8764507984,0.0,15273.625131890763,0.0
ST_VA7cmrej,tsb,0.9,1.2816,2,True,-1.0,0.0,2024-11-01,2024-07-01,,1.0,11440.0,0.0,125840.0,0.0,11440.0,0.0
ST_VA7cmrej,tsb,0.9,1.2816,5,True,-1.0,0.0,2024-11-01,2024-07-01,,1.0,11440.0,0.0,125840.0,0.0,11440.0,0.0
ST_VA7cmrej,tsb,0.9,1.2816,10,True,-1.0,0.0,2024-11-01,2024-07-01,,1.0,11440.0,0.0,125840.0,0.0,11440.0,0.0
ST_VA7cmrej,tsb,0.9,1.2816,20,True,-1.0,0.0,2024-11-01,2024-07-01,,1.0,11440.0,0.0,125840.0,0.0,11440.0,0.0
ST_VA7cmrej,tsb,0.9,1.2816,50,True,-1.0,0.0,2024-11-01,2024-07-01,,1.0,11440.0,0.0,125840.0,0.0,11440.0,0.0
ST_VA7cmrej,tsb,0.9,1.2816,10,False,-1.0,0.0,2024-11-01,2024-07-01,,1.0,11429.43720065095,0.0,125723.80920716045,0.0,11429.43720065095,0.0
ST_VA7cmrej,tsb,0.95,1.6449,2,True,-1.0,0.0,2024-11-01,2024-07-01,,1.0,13840.0,0.0,152240.0,0.0,13840.0,0.0
ST_VA7cmrej,tsb,0.95,1.6449,5,True,-1.0,0.0,2024-11-01,2024-07-01,,1.0,13840.0,0.0,152240.0,0.0,13840.0,0.0
ST_VA7cmrej,tsb,0.95,1.6449,10,True,-1.0,0.0,2024-11-01,2024-07-01,,1.0,13840.0,0.0,152240.0,0.0,13840.0,0.0
ST_VA7cmrej,tsb,0.95,1.6449,20,True,-1.0,0.0,2024-11-01,2024-07-01,,1.0,13840.0,0.0,152240.0,0.0,13840.0,0.0
ST_VA7cmrej,tsb,0.95,1.6449,50,True,-1.0,0.0,2024-11-01,2024-07-01,,1.0,13840.0,0.0,152240.0,0.0,13840.0,0.0
ST_VA7cmrej,tsb,0.95,1.6449,10,False,-1.0,0.0,2024-11-01,2024-07-01,,1.0,13832.440828925364,0.0,152156.849118179,0.0,13832.440828925362,0.0
ST_VA7cmrej,tsb,0.98,2.0537,2,True,-1.0,0.0,2024-11-01,2024-07-01,,1.0,16540.0,0.0,181940.0,0.0,16540.0,0.0
ST_VA7cmrej,tsb,0.98,2.0537,5,True,-1.0,0.0,2024-11-01,2024-07-01,,1.0,16540.0,0.0,181940.0,0.0,16540.0,0.0
ST_VA7cmrej,tsb,0.98,2.0537,10,True,-1.0,0.0,2024-11-01,2024-07-01,,1.0,16540.0,0.0,181940.0,0.0,16540.0,0.0
ST_VA7cmrej,tsb,0.98,2.0537,20,True,-1.0,0.0,2024-11-01,2024-07-01,,1.0,16540.0,0.0,181940.0,0.0,16540.0,0.0
ST_VA7cmrej,tsb,0.98,2.0537,50,True,-1.0,0.0,2024-11-01,2024-07-01,,1.0,16540.0,0.0,181940.0,0.0,16540.0,0.0
ST_VA7cmrej,tsb,0.98,2.0537,10,False,-1.0,0.0,2024-11-01,2024-07-01,,1.0,16536.39866883337,0.0,181900.3853571671,0.0,16536.398668833375,0.0
ST_VA7cmrej,xgb,0.9,1.2816,2,True,-1.0,0.0,2024-11-01,2024-07-01,,1.0,8283.270691607551,0.0,91115.97760768306,0.0,8283.27069160755,0.0
ST_VA7cmrej,xgb,0.9,1.2816,5,True,-1.0,0.0,2024-11-01,2024-07-01,,1.0,8283.270691607551,0.0,91115.97760768306,0.0,8283.27069160755,0.0
ST_VA7cmrej,xgb,0.9,1.2816,10,True,-1.0,0.0,2024-11-01,2024-07-01,,1.0,8283.270691607551,0.0,91115.97760768306,0.0,8283.27069160755,0.0
ST_VA7cmrej,xgb,0.9,1.2816,20,True,-1.0,0.0,2024-11-01,2024-07-01,,1.0,8283.270691607551,0.0,91115.97760768306,0.0,8283.27069160755,0.0
ST_VA7cmrej,xgb,0.9,1.2816,50,True,-1.0,0.0,2024-11-01,2024-07-01,,1.0,8283.270691607551,0.0,91115.97760768306,0.0,8283.27069160755,0.0
ST_VA7cmrej,xgb,0.9,1.2816,10,False,-1.0,0.0,2024-11-01,2024-07-01,,1.0,8278.965167011274,0.0,91068.61683712402,0.0,8281.140081721716,0.0
ST_VA7cmrej,xgb,0.95,1.6449,2,True,-1.0,0.0,2024-11-01,2024-07-01,,1.0,10638.740583093228,0.0,117026.14641402551,0.0,10644.195128547775,0.0
ST_VA7cmrej,xgb,0.95,1.6449,5,True,-1.0,0.0,2024-11-01,2024-07-01,,1.0,10638.740583093228,0.0,117026.14641402551,0.0,10644.195128547775,0.0
ST_VA7cmrej,xgb,0.95,1.6449,10,True,-1.0,0.0,2024-11-01,2024-07-01,,1.0,10638.740583093228,0.0,117026.14641402551,0.0,10644.195128547775,0.0
ST_VA7cmrej,xgb,0.95,1.6449,20,True,-1.0,0.0,2024-11-01,2024-07-01,,1.0,10638.740583093228,0.0,117026.14641402551,0.0,10644.195128547775,0.0
ST_VA7cmrej,xgb,0.95,1.6449,50,True,-1.0,0.0,2024-11-01,2024-07-01,,1.0,10638.740583093228,0.0,117026.14641402551,0.0,10644.195128547775,0.0
ST_VA7cmrej,xgb,0.95,1.6449,10,False,-1.0,0.0,2024-11-01,2024-07-01,,1.0,10624.040304699345,0.0,116864.4433516928,0.0,10626.215212763393,0.0
ST_VA7cmrej,xgb,0.98,2.0537,2,True,-1.0,0.0,2024-11-01,2024-07-01,,1.0,13265.235342754117,0.0,145917.5887702953,0.0,13265.235342754118,0.0
ST_VA7cmrej,xgb,0.98,2.0537,5,True,-1.0,0.0,2024-11-01,2024-07-01,,1.0,13265.235342754117,0.0,145917.5887702953,0.0,13265.235342754118,0.0
ST_VA7cmrej,xgb,0.98,2.0537,10,True,-1.0,0.0,2024-11-01,2024-07-01,,1.0,13265.235342754117,0.0,145917.5887702953,0.0,13265.235342754118,0.0
ST_VA7cmrej,xgb,0.98,2.0537,20,True,-1.0,0.0,2024-11-01,2024-07-01,,1.0,13265.235342754117,0.0,145917.5887702953,0.0,13265.235342754118,0.0
ST_VA7cmrej,xgb,0.98,2.0537,50,True,-1.0,0.0,2024-11-01,2024-07-01,,1.0,13265.235342754117,0.0,145917.5887702953,0.0,13265.235342754118,0.0
ST_VA7cmrej,xgb,0.98,2.0537,10,False,-1.0,0.0,2024-11-01,2024-07-01,,1.0,13262.814640749124,0.0,145890.96104824037,0.0,13264.989541334375,0.0
BR_1.0-1.5,arima,0.95,1.6449,10,True,-1.0,2.5,2024-11-01,2024-07-01,1.0,1.0,216528.07406808806,0.0,3094015.3635555524,500275.0,284882.6195226335,0.0
BR_1.0-1.5,arima,0.95,1.6449,10,True,-1.0,5.0,2024-11-01,2024-07-01,1.0,1.0,216528.07406808806,0.0,3806221.912362136,500275.0,284882.6195226335,0.0
BR_1.0-1.5,arima,0.95,1.6449,10,True,-1.0,0.0,2024-12-01,2024-07-01,1.0,1.0,220138.8695226335,0.0,2641666.434271602,525300.0,259857.6195226335,0.0
BR_1.0-1.5,croston,0.95,1.6449,10,True,-1.0,2.5,2024-11-01,2024-07-01,1.0,1.0,192553.17447041397,0.0,2764666.7189869527,500275.0,258632.71992495947,0.0
BR_1.0-1.5,croston,0.95,1.6449,10,True,-1.0,5.0,2024-11-01,2024-07-01,1.0,1.0,192553.17447041397,0.0,3411248.518799351,500275.0,258632.71992495947,0.0
BR_1.0-1.5,croston,0.95,1.6449,10,True,-1.0,0.0,2024-12-01,2024-07-01,1.0,1.0,195974.3865916261,0.0,2351692.639099513,525300.0,233607.71992495947,0.0
BR_1.0-1.5,hybrid,0.95,1.6449,10,True,-1.0,2.5,2024-11-01,2024-07-01,1.0,1.0,307473.70623504143,0.0,4037406.3978094235,500275.0,262078.25168958696,0.0
BR_1.0-1.5,hybrid,0.95,1.6449,10,True,-1.0,5.0,2024-11-01,2024-07-01,1.0,1.0,307473.70623504143,0.0,4692602.0270333905,500275.0,262078.25168958696,0.0
BR_1.0-1.5,hybrid,0.95,1.6449,10,True,-1.0,0.0,2024-12-01,2024-07-01,1.0,1.0,301605.3350229202,0.0,3619264.020275043,525300.0,237053.25168958696,0.0
BR_1.0-1.5,mitra,0.95,1.6449,10,True,-1.0,2.5,2024-11-01,2024-07-01,1.0,1.0,254066.58554662068,0.0,3487035.2685157433,500275.0,276921.1310011662,0.0
BR_1.0-1.5,mitra,0.95,1.6449,10,True,-1.0,5.0,2024-11-01,2024-07-01,1.0,1.0,254066.58554662068,0.0,4179338.0960186585,500275.0,276921.1310011662,0.0
BR_1.0-1.5,mitra,0.95,1.6449,10,True,-1.0,0.0,2024-12-01,2024-07-01,1.0,1.0,253885.71433449947,0.0,3046628.5720139937,525300.0,251896.13100116618,0.0
BR_1.0-1.5,naive,0.95,1.6449,10,True,-1.0,2.5,2024-11-01,2024-07-01,1.0,1.0,597860.0939453517,0.0,8327310.131898612,500275.0,700339.6393998971,0.0
BR_1.0-1.5,naive,0.95,1.6449,10,True,-1.0,5.0,2024-11-01,2024-07-01,1.0,1.0,597860.0939453517,0.0,10078159.230398353,500275.0,700339.6393998971,0.0
BR_1.0-1.5,naive,0.95,1.6449,10,True,-1.0,0.0,2024-12-01,2024-07-01,1.0,1.0,604314.6393998972,0.0,7251775.672798766,525300.0,675314.6393998971,0.0
BR_1.0-1.5,rf,0.95,1.6449,10,True,-1.0,2.5,2024-11-01,2024-07-01,1.0,1.0,283931.5662307015,0.0,3844712.5077508343,500275.0,288586.1116852469,0.0
BR_1.0-1.5,rf,0.95,1.6449,10,True,-1.0,5.0,2024-11-01,2024-07-01,1.0,1.0,283931.5662307015,0.0,4566177.786963952,500275.0,288586.1116852469,0.0
BR_1.0-1.5,rf,0.95,1.6449,10,True,-1.0,0.0,2024-12-01,2024-07-01,1.0,1.0,282234.0283519137,0.0,3386808.340222964,525300.0,263561.1116852469,0.0
BR_1.0-1.5,sba,0.95,1.6449,10,True,-1.0,2.5,2024-11-01,2024-07-01,1.0,1.0,184345.6891849816,0.0,2614053.167633615,500275.0,234500.23463952704,0.0
BR_1.0-1.5,sba,0.95,1.6449,10,True,-1.0,5.0,2024-11-01,2024-07-01,1.0,1.0,184345.6891849816,0.0,3200303.7542324327,500275.0,234500.23463952704,0.0
BR_1.0-1.5,sba,0.95,1.6449,10,True,-1.0,0.0,2024-12-01,2024-07-01,1.0,1.0,186439.8179728604,0.0,2237277.8156743245,525300.0,209475.23463952704,0.0
BR_1.0-1.5,ses,0.95,1.6449,10,True,-1.0,2.5,2024-11-01,2024-07-01,1.0,1.0,235499.24374721476,0.0,3298938.6542237625,500275.0,283378.7892017602,0.0
BR_1.0-1.5,ses,0.95,1.6449,10,True,-1.0,5.0,2024-11-01,2024-07-01,1.0,1.0,235499.24374721476,0.0,4007385.627228163,500275.0,283378.7892017602,0.0
BR_1.0-1.5,ses,0.95,1.6449,10,True,-1.0,0.0,2024-12-01,2024-07-01,1.0,1.0,237403.7892017602,0.0,2848845.4704211224,525300.0,258353.7892017602,0.0
BR_1.0-1.5,tsb,0.95,1.6449,10,True,-1.0,2.5,2024-11-01,2024-07-01,1.0,1.0,216153.69002277267,0.0,3020711.178943795,500275.0,257208.23547731817,0.0
BR_1.0-1.5,tsb,0.95,1.6449,10,True,-1.0,5.0,2024-11-01,2024-07-01,1.0,1.0,216153.69002277267,0.0,3663731.7676370903,500275.0,257208.23547731817,0.0
BR_1.0-1.5,tsb,0.95,1.6449,10,True,-1.0,0.0,2024-12-01,2024-07-01,1.0,1.0,217489.48547731814,0.0,2609873.8257278176,525300.0,232183.23547731817,0.0
BR_1.0-1.5,xgb,0.95,1.6449,10,True,-1.0,2.5,2024-11-01,2024-07-01,1.0,1.0,227359.9582200431,0.0,3120808.2996069454,500275.0,247939.50367458852,0.0
BR_1.0-1.5,xgb,0.95,1.6449,10,True,-1.0,5.0,2024-11-01,2024-07-01,1.0,1.0,227359.9582200431,0.0,3740657.0587934167,500275.0,247939.50367458852,0.0
BR_1.0-1.5,xgb,0.95,1.6449,10,True,-1.0,0.0,2024-12-01,2024-07-01,1.0,1.0,226989.50367458854,0.0,2723874.0440950627,525300.0,222914.50367458852,0.0
BR_1.7-2.2,arima,0.95,1.6449,10,True,-1.0,2.5,2024-11-01,2024-07-01,1.0,1.0,321289.1313620738,0.0,4206744.182478906,675550.0,269025.49499843747,0.0
BR_1.7-2.2,arima,0.95,1.6449,10,True,-1.0,5.0,2024-11-01,2024-07-01,1.0,1.0,321289.1313620738,0.0,4879307.9199749995,675550.0,269025.49499843747,0.0
BR_1.7-2.2,arima,0.95,1.6449,10,True,-1.0,0.0,2024-12-01,2024-07-01,1.0,1.0,314850.4949984374,0.0,3778205.939981249,700550.0,244025.49499843747,0.0
BR_1.7-2.2,croston,0.95,1.6449,10,True,-1.0,2.5,2024-11-01,2024-07-01,1.0,1.0,344400.3011737597,0.0,4478932.474936664,675550.0,276211.6648101233,0.0
BR_1.7-2.2,croston,0.95,1.6449,10,True,-1.0,5.0,2024-11-01,2024-07-01,1.0,1.0,344400.3011737597,0.0,5169461.636961972,675550.0,276211.6648101233,0.0
BR_1.7-2.2,croston,0.95,1.6449,10,True,-1.0,0.0,2024-12-01,2024-07-01,1.0,1.0,336634.58147678996,0.0,4039614.9777214797,700550.0,251211.66481012327,0.0
BR_1.7-2.2,hybrid,0.95,1.6449,10,True,-1.0,2.5,2024-11-01,2024-07-01,1.0,1.0,505150.4838555597,0.0,6421559.941140966,675550.0,345961.84749192325,0.0
BR_1.7-2.2,hybrid,0.95,1.6449,10,True,-1.0,5.0,2024-11-01,2024-07-01,1.0,1.0,505150.4838555597,0.0,7286464.559870774,675550.0,345961.84749192325,0.0
BR_1.7-2.2,hybrid,0.95,1.6449,10,True,-1.0,0.0,2024-12-01,2024-07-01,1.0,1.0,489801.43082525674,0.0,5877617.169903081,700550.0,320961.84749192325,0.0
BR_1.7-2.2,mitra,0.95,1.6449,10,True,-1.0,2.5,2024-11-01,2024-07-01,1.0,1.0,98196.16873241485,0.0,1206364.1869785096,675550.0,50482.532368778484,0.0
BR_1.7-2.2,mitra,0.95,1.6449,10,True,-1.0,5.0,2024-11-01,2024-07-01,1.0,1.0,98196.16873241485,0.0,1332570.5179004557,675550.0,50482.532368778484,0.0
BR_1.7-2.2,mitra,0.95,1.6449,10,True,-1.0,0.0,2024-12-01,2024-07-01,1.0,1.0,92136.69903544516,0.0,1105640.3884253418,700550.0,25482.532368778484,0.0
BR_1.7-2.2,naive,0.95,1.6449,10,True,-1.0,2.5,2024-11-01,2024-07-01,1.0,1.0,550658.5161937058,0.0,7183793.377705938,675550.0,450619.8798300694,0.0
BR_1.7-2.2,naive,0.95,1.6449,10,True,-1.0,5.0,2024-11-01,2024-07-01,1.0,1.0,550658.5161937058,0.0,8310343.077281112,675550.0,450619.8798300694,0.0
BR_1.7-2.2,naive,0.95,1.6449,10,True,-1.0,0.0,2024-12-01,2024-07-01,1.0,1.0,540238.6298300695,0.0,6482863.557960834,700550.0,425619.8798300694,0.0
BR_1.7-2.2,rf,0.95,1.6449,10,True,-1.0,2.5,2024-11-01,2024-07-01,1.0,1.0,481583.48774009995,0.0,6160280.493582258,675550.0,345144.85137646354,0.0
BR_1.7-2.2,rf,0.95,1.6449,10,True,-1.0,5.0,2024-11-01,2024-07-01,1.0,1.0,481583.48774009995,0.0,7023142.622023417,675550.0,345144.85137646354,0.0
BR_1.7-2.2,rf,0.95,1.6449,10,True,-1.0,0.0,2024-12-01,2024-07-01,1.0,1.0,468130.2680431302,0.0,5617563.216517563,700550.0,320144.85137646354,0.0
BR_1.7-2.2,sba,0.95,1.6449,10,True,-1.0,2.5,2024-11-01,2024-07-01,1.0,1.0,298617.22131140105,0.0,3872235.8967948235,675550.0,234978.58494776464,0.0
BR_1.7-2.2,sba,0.95,1.6449,10,True,-1.0,5.0,2024-11-01,2024-07-01,1.0,1.0,298617.22131140105,0.0,4459682.359164235,675550.0,234978.58494776464,0.0
BR_1.7-2.2,sba,0.95,1.6449,10,True,-1.0,0.0,2024-12-01,2024-07-01,1.0,1.0,291230.6682810981,0.0,3494768.0193731766,700550.0,209978.58494776464,0.0
BR_1.7-2.2,ses,0.95,1.6449,10,True,-1.0,2.5,2024-11-01,2024-07-01,1.0,1.0,302842.9579940286,0.0,3889470.842010295,675550.0,223279.32163039222,0.0
BR_1.7-2.2,ses,0.95,1.6449,10,True,-1.0,5.0,2024-11-01,2024-07-01,1.0,1.0,302842.9579940286,0.0,4447669.146086276,675550.0,223279.32163039222,0.0
BR_1.7-2.2,ses,0.95,1.6449,10,True,-1.0,0.0,2024-12-01,2024-07-01,1.0,1.0,294129.3216303922,0.0,3529551.8595647067,700550.0,198279.32163039222,0.0
BR_1.7-2.2,tsb,0.95,1.6449,10,True,-1.0,2.5,2024-11-01,2024-07-01,1.0,1.0,332411.7192599697,0.0,4288649.119100501,675550.0,252848.08289633342,0.0
BR_1.7-2.2,tsb,0.95,1.6449,10,True,-1.0,5.0,2024-11-01,2024-07-01,1.0,1.0,332411.7192599697,0.0,4920769.326341334,675550.0,252848.08289633342,0.0
BR_1.7-2.2,tsb,0.95,1.6449,10,True,-1.0,0.0,2024-12-01,2024-07-01,1.0,1.0,323698.08289633336,0.0,3884376.994756,700550.0,227848.08289633342,0.0
BR_1.7-2.2,xgb,0.95,1.6449,10,True,-1.0,2.5,2024-11-01,2024-07-01,0.9646288933375099,0.75,123840.95354014076,2172.26828234956,1791775.122235387,675550.0,76230.04889415484,0.0
BR_1.7-2.2,xgb,0.95,1.6449,10,True,-1.0,5.0,2024-11-01,2024-07-01,0.9646288933375099,0.75,123840.95354014076,2172.26828234956,1982350.2444707742,675550.0,76230.04889415484,0.0
BR_1.7-2.2,xgb,0.95,1.6449,10,True,-1.0,0.0,2024-12-01,2024-07-01,0.9658911553695737,0.75,117790.04481964193,1991.2459254870967,1652430.0488941548,700550.0,51230.04889415484,0.0
BR_2.1-2.6,arima,0.95,1.6449,10,True,-1.0,2.5,2024-11-01,2024-07-01,1.0,1.0,489785.0412411474,0.0,6031973.05675549,925925.0,257735.04124114732,0.0
BR_2.1-2.6,arima,0.95,1.6449,10,True,-1.0,5.0,2024-11-01,2024-07-01,1.0,1.0,489785.0412411474,0.0,6676310.659858358,925925.0,257735.04124114732,0.0
BR_2.1-2.6,arima,0.95,1.6449,10,True,-1.0,0.0,2024-12-01,2024-07-01,1.0,1.0,464191.2912411474,0.0,5570295.494893769,1001000.0,182660.04124114732,0.0
BR_2.1-2.6,croston,0.95,1.6449,10,True,-1.0,2.5,2024-11-01,2024-07-01,1.0,1.0,493201.8540597275,0.0,5987100.0298063215,925925.0,224751.8540597274,0.0
BR_2.1-2.6,croston,0.95,1.6449,10,True,-1.0,5.0,2024-11-01,2024-07-01,1.0,1.0,493201.8540597275,0.0,6548979.66495564,925925.0,224751.8540597274,0.0
BR_2.1-2.6,croston,0.95,1.6449,10,True,-1.0,0.0,2024-12-01,2024-07-01,1.0,1.0,464574.7707263942,0.0,5574897.248716731,1001000.0,149676.8540597274,0.0
BR_2.1-2.6,hybrid,0.95,1.6449,10,True,-1.0,2.5,2024-11-01,2024-07-01,1.0,1.0,603574.3593071144,0.0,7147253.850646044,925925.0,203174.3593071145,0.0
BR_2.1-2.6,hybrid,0.95,1.6449,10,True,-1.0,5.0,2024-11-01,2024-07-01,1.0,1.0,603574.3593071144,0.0,7655189.74891383,925925.0,203174.3593071145,0.0
BR_2.1-2.6,hybrid,0.95,1.6449,10,True,-1.0,0.0,2024-12-01,2024-07-01,1.0,1.0,563951.4426404476,0.0,6767417.311685372,1001000.0,128099.3593071145,0.0
BR_2.1-2.6,mitra,0.95,1.6449,10,True,-1.0,2.5,2024-11-01,2024-07-01,0.9714724434629913,0.75,173911.92928497298,2401.3070715027015,2236264.0555336755,925925.0,23635.622213470284,0.0
BR_2.1-2.6,mitra,0.95,1.6449,10,True,-1.0,5.0,2024-11-01,2024-07-01,0.9714724434629913,0.75,173911.92928497298,2401.3070715027015,2295353.1110673514,925925.0,23635.622213470284,0.0
BR_2.1-2.6,mitra,0.95,1.6449,10,True,-1.0,0.0,2024-12-01,2024-07-01,0.9222240204065341,0.75,159419.26851122524,6487.81296442162,2691568.777865297,1001000.0,0.0,0.0
BR_2.1-2.6,naive,0.95,1.6449,10,True,-1.0,2.5,2024-11-01,2024-07-01,1.0,1.0,969847.0778253622,0.0,13007623.05064239,925925.0,935722.0778253623,0.0
BR_2.1-2.6,naive,0.95,1.6449,10,True,-1.0,5.0,2024-11-01,2024-07-01,1.0,1.0,969847.0778253622,0.0,15346928.245205795,925925.0,935722.0778253623,0.0
BR_2.1-2.6,naive,0.95,1.6449,10,True,-1.0,0.0,2024-12-01,2024-07-01,1.0,1.0,960747.0778253622,0.0,11528964.933904346,1001000.0,860647.0778253623,0.0
BR_2.1-2.6,rf,0.95,1.6449,10,True,-1.0,2.5,2024-11-01,2024-07-01,1.0,1.0,556126.3012344929,0.0,6739892.566665653,925925.0,249001.3012344928,0.0
BR_2.1-2.6,rf,0.95,1.6449,10,True,-1.0,5.0,2024-11-01,2024-07-01,1.0,1.0,556126.3012344929,0.0,7362395.819751886,925925.0,249001.3012344928,0.0
BR_2.1-2.6,rf,0.95,1.6449,10,True,-1.0,0.0,2024-12-01,2024-07-01,1.0,1.0,524276.30123449286,0.0,6291315.6148139145,1001000.0,173926.3012344928,0.0
BR_2.1-2.6,sba,0.95,1.6449,10,True,-1.0,2.5,2024-11-01,2024-07-01,1.0,1.0,427768.90385910886,0.0,5154942.70209797,925925.0,179793.90385910892,0.0
BR_2.1-2.6,sba,0.95,1.6449,10,True,-1.0,5.0,2024-11-01,2024-07-01,1.0,1.0,427768.90385910886,0.0,5604427.461745742,925925.0,179793.90385910892,0.0
BR_2.1-2.6,sba,0.95,1.6449,10,True,-1.0,0.0,2024-12-01,2024-07-01,1.0,1.0,400848.0705257755,0.0,4810176.846309306,1001000.0,104718.90385910892,0.0
BR_2.1-2.6,ses,0.95,1.6449,10,True,-1.0,2.5,2024-11-01,2024-07-01,1.0,1.0,391717.6215622377,0.0,4753562.891090209,925925.0,177867.62156223762,0.0
BR_2.1-2.6,ses,0.95,1.6449,10,True,-1.0,5.0,2024-11-01,2024-07-01,1.0,1.0,391717.6215622377,0.0,5198231.944995803,925925.0,177867.62156223762,0.0
BR_2.1-2.6,ses,0.95,1.6449,10,True,-1.0,0.0,2024-12-01,2024-07-01,1.0,1.0,367640.53822890436,0.0,4411686.458746852,1001000.0,102792.62156223762,0.0
BR_2.1-2.6,tsb,0.95,1.6449,10,True,-1.0,2.5,2024-11-01,2024-07-01,1.0,1.0,505277.2426011933,0.0,6098930.275116109,925925.0,216352.24260119325,0.0
BR_2.1-2.6,tsb,0.95,1.6449,10,True,-1.0,5.0,2024-11-01,2024-07-01,1.0,1.0,505277.2426011933,0.0,6639810.881619093,925925.0,216352.24260119325,0.0
BR_2.1-2.6,tsb,0.95,1.6449,10,True,-1.0,0.0,2024-12-01,2024-07-01,1.0,1.0,474943.90926786,0.0,5699326.91121432,1001000.0,141277.24260119325,0.0
BR_2.1-2.6,xgb,0.95,1.6449,10,True,-1.0,2.5,2024-11-01,2024-07-01,1.0,1.0,150842.02925772732,0.0,2059117.3949793188,925925.0,159942.02925772732,0.0
BR_2.1-2.6,xgb,0.95,1.6449,10,True,-1.0,5.0,2024-11-01,2024-07-01,1.0,1.0,150842.02925772732,0.0,2458972.468123637,925925.0,159942.02925772732,0.0
BR_2.1-2.6,xgb,0.95,1.6449,10,True,-1.0,0.0,2024-12-01,2024-07-01,1.0,1.0,145344.11259106066,0.0,1744129.3510927279,1001000.0,84867.02925772732,0.0
BR_2.6-3.1,arima,0.95,1.6449,10,True,-1.0,2.5,2024-11-01,2024-07-01,1.0,1.0,127021.8044553767,0.0,1737544.3601475854,75075.0,136121.8044553767,0.0
BR_2.6-3.1,arima,0.95,1.6449,10,True,-1.0,5.0,2024-11-01,2024-07-01,1.0,1.0,127021.8044553767,0.0,2077848.8712860271,75075.0,136121.8044553767,0.0
BR_2.6-3.1,arima,0.95,1.6449,10,True,-1.0,0.0,2024-12-01,2024-07-01,1.0,1.0,127780.13778871002,0.0,1533361.6534645204,75075.0,136121.8044553767,0.0
BR_2.6-3.1,croston,0.95,1.6449,10,True,-1.0,2.5,2024-11-01,2024-07-01,1.0,1.0,157832.3731865729,0.0,2153487.0380187337,75075.0,166932.37318657286,0.0
BR_2.6-3.1,croston,0.95,1.6449,10,True,-1.0,5.0,2024-11-01,2024-07-01,1.0,1.0,157832.3731865729,0.0,2570817.970985166,75075.0,166932.37318657286,0.0
BR_2.6-3.1,croston,0.95,1.6449,10,True,-1.0,0.0,2024-12-01,2024-07-01,1.0,1.0,158590.7065199062,0.0,1903088.4782388746,75075.0,166932.37318657286,0.0
BR_2.6-3.1,hybrid,0.95,1.6449,10,True,-1.0,2.5,2024-11-01,2024-07-01,1.0,1.0,95637.49795543337,0.0,1256981.2223983505,75075.0,81987.49795543338,0.0
BR_2.6-3.1,hybrid,0.95,1.6449,10,True,-1.0,5.0,2024-11-01,2024-07-01,1.0,1.0,95637.49795543337,0.0,1461949.967286934,75075.0,81987.49795543338,0.0
BR_2.6-3.1,hybrid,0.95,1.6449,10,True,-1.0,0.0,2024-12-01,2024-07-01,1.0,1.0,94499.99795543337,0.0,1133999.9754652004,75075.0,81987.49795543338,0.0
BR_2.6-3.1,mitra,0.95,1.6449,10,True,-1.0,2.5,2024-11-01,2024-07-01,1.0,1.0,72464.83943635058,0.0,1001025.3323907328,75075.0,81564.83943635056,0.0
BR_2.6-3.1,mitra,0.95,1.6449,10,True,-1.0,5.0,2024-11-01,2024-07-01,1.0,1.0,72464.83943635058,0.0,1204937.4309816093,75075.0,81564.83943635056,0.0
BR_2.6-3.1,mitra,0.95,1.6449,10,True,-1.0,0.0,2024-12-01,2024-07-01,1.0,1.0,73223.17276968392,0.0,878678.073236207,75075.0,81564.83943635056,0.0
BR_2.6-3.1,naive,0.95,1.6449,10,True,-1.0,2.5,2024-11-01,2024-07-01,1.0,1.0,370371.7609654428,0.0,4920393.773033478,75075.0,338521.76096544287,0.0
BR_2.6-3.1,naive,0.95,1.6449,10,True,-1.0,5.0,2024-11-01,2024-07-01,1.0,1.0,370371.7609654428,0.0,5766698.175447086,75075.0,338521.76096544287,0.0
BR_2.6-3.1,naive,0.95,1.6449,10,True,-1.0,0.0,2024-12-01,2024-07-01,1.0,1.0,367717.5942987762,0.0,4412611.131585314,75075.0,338521.76096544287,0.0
BR_2.6-3.1,rf,0.95,1.6449,10,True,-1.0,2.5,2024-11-01,2024-07-01,1.0,1.0,190841.8360859086,0.0,2576364.7871597665,75075.0,190841.83608590864,0.0
BR_2.6-3.1,rf,0.95,1.6449,10,True,-1.0,5.0,2024-11-01,2024-07-01,1.0,1.0,190841.8360859086,0.0,3053469.377374538,75075.0,190841.83608590864,0.0
BR_2.6-3.1,rf,0.95,1.6449,10,True,-1.0,0.0,2024-12-01,2024-07-01,1.0,1.0,190841.8360859086,0.0,2290102.0330309034,75075.0,190841.83608590864,0.0
BR_2.6-3.1,sba,0.95,1.6449,10,True,-1.0,2.5,2024-11-01,2024-07-01,1.0,1.0,143487.01039909964,0.0,1920012.140387845,75075.0,136662.0103990996,0.0
BR_2.6-3.1,sba,0.95,1.6449,10,True,-1.0,5.0,2024-11-01,2024-07-01,1.0,1.0,143487.01039909964,0.0,2261667.166385594,75075.0,136662.0103990996,0.0
BR_2.6-3.1,sba,0.95,1.6449,10,True,-1.0,0.0,2024-12-01,2024-07-01,1.0,1.0,142918.26039909964,0.0,1715019.1247891956,75075.0,136662.0103990996,0.0
BR_2.6-3.1,ses,0.95,1.6449,10,True,-1.0,2.5,2024-11-01,2024-07-01,1.0,1.0,122374.69520907411,0.0,1652058.3853225005,75075.0,122374.69520907413,0.0
BR_2.6-3.1,ses,0.95,1.6449,10,True,-1.0,5.0,2024-11-01,2024-07-01,1.0,1.0,122374.69520907411,0.0,1957995.1233451858,75075.0,122374.69520907413,0.0
BR_2.6-3.1,ses,0.95,1.6449,10,True,-1.0,0.0,2024-12-01,2024-07-01,1.0,1.0,122374.69520907411,0.0,1468496.3425088893,75075.0,122374.69520907413,0.0
BR_2.6-3.1,tsb,0.95,1.6449,10,True,-1.0,2.5,2024-11-01,2024-07-01,1.0,1.0,131516.89145766894,0.0,1792540.5346785309,75075.0,138341.89145766894,0.0
BR_2.6-3.1,tsb,0.95,1.6449,10,True,-1.0,5.0,2024-11-01,2024-07-01,1.0,1.0,131516.89145766894,0.0,2138395.263322703,75075.0,138341.89145766894,0.0
BR_2.6-3.1,tsb,0.95,1.6449,10,True,-1.0,0.0,2024-12-01,2024-07-01,1.0,1.0,132085.64145766894,0.0,1585027.6974920274,75075.0,138341.89145766894,0.0
BR_2.6-3.1,xgb,0.95,1.6449,10,True,-1.0,2.5,2024-11-01,2024-07-01,1.0,1.0,91587.27226889857,0.0,1156803.1756301308,75075.0,59737.27226889858,0.0
BR_2.6-3.1,xgb,0.95,1.6449,10,True,-1.0,5.0,2024-11-01,2024-07-01,1.0,1.0,91587.27226889857,0.0,1306146.3563023773,75075.0,59737.27226889858,0.0
BR_2.6-3.1,xgb,0.95,1.6449,10,True,-1.0,0.0,2024-12-01,2024-07-01,1.0,1.0,88933.10560223191,0.0,1067197.2672267829,75075.0,59737.27226889858,0.0
BR_3.1-3.6,arima,0.95,1.6449,10,True,-1.0,2.5,2024-11-01,2024-07-01,1.0,1.0,150244.660494039,0.0,1982802.9166695266,25025.0,132044.66049403898,0.0
BR_3.1-3.6,arima,0.95,1.6449,10,True,-1.0,5.0,2024-11-01,2024-07-01,1.0,1.0,150244.660494039,0.0,2312914.567904624,25025.0,132044.66049403898,0.0
BR_3.1-3.6,arima,0.95,1.6449,10,True,-1.0,0.0,2024-12-01,2024-07-01,1.0,1.0,148727.99382737235,0.0,1784735.9259284681,25025.0,132044.66049403898,0.0
BR_3.1-3.6,croston,0.95,1.6449,10,True,-1.0,2.5,2024-11-01,2024-07-01,1.0,1.0,129410.51424926375,0.0,1707229.4423650606,25025.0,113485.51424926374,0.0
BR_3.1-3.6,croston,0.95,1.6449,10,True,-1.0,5.0,2024-11-01,2024-07-01,1.0,1.0,129410.51424926375,0.0,1990943.22798822,25025.0,113485.51424926374,0.0
BR_3.1-3.6,croston,0.95,1.6449,10,True,-1.0,0.0,2024-12-01,2024-07-01,1.0,1.0,128083.43091593042,0.0,1537001.170991165,25025.0,113485.51424926374,0.0
BR_3.1-3.6,hybrid,0.95,1.6449,10,True,-1.0,2.5,2024-11-01,2024-07-01,1.0,1.0,86370.10358136965,0.0,1165996.3983484902,25025.0,86370.10358136967,0.0
BR_3.1-3.6,hybrid,0.95,1.6449,10,True,-1.0,5.0,2024-11-01,2024-07-01,1.0,1.0,86370.10358136965,0.0,1381921.6573019144,25025.0,86370.10358136967,0.0
BR_3.1-3.6,hybrid,0.95,1.6449,10,True,-1.0,0.0,2024-12-01,2024-07-01,1.0,1.0,86370.10358136965,0.0,1036441.2429764358,25025.0,86370.10358136967,0.0
BR_3.1-3.6,mitra,0.95,1.6449,10,True,-1.0,2.5,2024-11-01,2024-07-01,1.0,1.0,69378.76720253107,0.0,902488.3572341695,25025.0,55728.76720253106,0.0
BR_3.1-3.6,mitra,0.95,1.6449,10,True,-1.0,5.0,2024-11-01,2024-07-01,1.0,1.0,69378.76720253107,0.0,1041810.2752404971,25025.0,55728.76720253106,0.0
BR_3.1-3.6,mitra,0.95,1.6449,10,True,-1.0,0.0,2024-12-01,2024-07-01,1.0,1.0,68241.26720253107,0.0,818895.2064303729,25025.0,55728.76720253106,0.0
BR_3.1-3.6,naive,0.95,1.6449,10,True,-1.0,2.5,2024-11-01,2024-07-01,1.0,1.0,175981.61286362514,0.0,2330251.7736589396,25025.0,157781.61286362514,0.0
BR_3.1-3.6,naive,0.95,1.6449,10,True,-1.0,5.0,2024-11-01,2024-07-01,1.0,1.0,175981.61286362514,0.0,2724705.805818002,25025.0,157781.61286362514,0.0
BR_3.1-3.6,naive,0.95,1.6449,10,True,-1.0,0.0,2024-12-01,2024-07-01,1.0,1.0,174464.94619695848,0.0,2093579.3543635018,25025.0,157781.61286362514,0.0
BR_3.1-3.6,rf,0.95,1.6449,10,True,-1.0,2.5,2024-11-01,2024-07-01,1.0,1.0,142953.39419582646,0.0,1924183.321643657,25025.0,140678.39419582643,0.0
BR_3.1-3.6,rf,0.95,1.6449,10,True,-1.0,5.0,2024-11-01,2024-07-01,1.0,1.0,142953.39419582646,0.0,2275879.307133223,25025.0,140678.39419582643,0.0
BR_3.1-3.6,rf,0.95,1.6449,10,True,-1.0,0.0,2024-12-01,2024-07-01,1.0,1.0,142763.81086249312,0.0,1713165.7303499174,25025.0,140678.39419582643,0.0
BR_3.1-3.6,sba,0.95,1.6449,10,True,-1.0,2.5,2024-11-01,2024-07-01,1.0,1.0,121217.27884651831,0.0,1596620.7644279972,25025.0,105292.27884651828,0.0
BR_3.1-3.6,sba,0.95,1.6449,10,True,-1.0,5.0,2024-11-01,2024-07-01,1.0,1.0,121217.27884651831,0.0,1859851.4615442927,25025.0,105292.27884651828,0.0
BR_3.1-3.6,sba,0.95,1.6449,10,True,-1.0,0.0,2024-12-01,2024-07-01,1.0,1.0,119890.19551318498,0.0,1438682.3461582197,25025.0,105292.27884651828,0.0
BR_3.1-3.6,ses,0.95,1.6449,10,True,-1.0,2.5,2024-11-01,2024-07-01,1.0,1.0,141181.15841937132,0.0,1860445.6386615126,25025.0,122981.15841937129,0.0
BR_3.1-3.6,ses,0.95,1.6449,10,True,-1.0,5.0,2024-11-01,2024-07-01,1.0,1.0,141181.15841937132,0.0,2167898.5347099407,25025.0,122981.15841937129,0.0
BR_3.1-3.6,ses,0.95,1.6449,10,True,-1.0,0.0,2024-12-01,2024-07-01,1.0,1.0,139664.49175270463,0.0,1675973.9010324557,25025.0,122981.15841937129,0.0
BR_3.1-3.6,tsb,0.95,1.6449,10,True,-1.0,2.5,2024-11-01,2024-07-01,1.0,1.0,138409.89539133923,0.0,1828721.0877830798,25025.0,122484.89539133926,0.0
BR_3.1-3.6,tsb,0.95,1.6449,10,True,-1.0,5.0,2024-11-01,2024-07-01,1.0,1.0,138409.89539133923,0.0,2134933.326261428,25025.0,122484.89539133926,0.0
BR_3.1-3.6,tsb,0.95,1.6449,10,True,-1.0,0.0,2024-12-01,2024-07-01,1.0,1.0,137082.81205800592,0.0,1644993.744696071,25025.0,122484.89539133926,0.0
BR_3.1-3.6,xgb,0.95,1.6449,10,True,-1.0,2.5,2024-11-01,2024-07-01,1.0,1.0,60578.46733600913,0.0,783684.3090361232,25025.0,46928.467336009126,0.0
BR_3.1-3.6,xgb,0.95,1.6449,10,True,-1.0,5.0,2024-11-01,2024-07-01,1.0,1.0,60578.46733600913,0.0,901005.477376146,25025.0,46928.467336009126,0.0
BR_3.1-3.6,xgb,0.95,1.6449,10,True,-1.0,0.0,2024-12-01,2024-07-01,1.0,1.0,59440.96733600913,0.0,713291.6080321096,25025.0,46928.467336009126,0.0
BR_3.5,arima,0.95,1.6449,10,True,-1.0,2.5,2024-11-01,2024-07-01,1.0,1.0,58368.5419541975,0.0,793662.8163816662,75075.0,60643.5419541975,0.0
BR_3.5,arima,0.95,1.6449,10,True,-1.0,5.0,2024-11-01,2024-07-01,1.0,1.0,58368.5419541975,0.0,945271.67126716,75075.0,60643.5419541975,0.0
BR_3.5,arima,0.95,1.6449,10,True,-1.0,0.0,2024-12-01,2024-07-01,1.0,1.0,58558.12528753083,0.0,702697.5034503699,75075.0,60643.5419541975,0.0
BR_3.5,croston,0.95,1.6449,10,True,-1.0,2.5,2024-11-01,2024-07-01,1.0,1.0,45534.14976845519,0.0,603336.021874145,75075.0,40984.14976845519,0.0
BR_3.5,croston,0.95,1.6449,10,True,-1.0,5.0,2024-11-01,2024-07-01,1.0,1.0,45534.14976845519,0.0,705796.396295283,75075.0,40984.14976845519,0.0
BR_3.5,croston,0.95,1.6449,10,True,-1.0,0.0,2024-12-01,2024-07-01,1.0,1.0,45154.98310178852,0.0,541859.7972214622,75075.0,40984.14976845519,0.0
BR_3.5,hybrid,0.95,1.6449,10,True,-1.0,2.5,2024-11-01,2024-07-01,1.0,1.0,51015.2429801685,0.0,705768.2802322747,75075.0,57840.24298016849,0.0
BR_3.5,hybrid,0.95,1.6449,10,True,-1.0,5.0,2024-11-01,2024-07-01,1.0,1.0,51015.2429801685,0.0,850368.8876826959,75075.0,57840.24298016849,0.0
BR_3.5,hybrid,0.95,1.6449,10,True,-1.0,0.0,2024-12-01,2024-07-01,1.0,1.0,51583.99298016849,0.0,619007.9157620219,75075.0,57840.24298016849,0.0
BR_3.5,mitra,0.95,1.6449,10,True,-1.0,2.5,2024-11-01,2024-07-01,1.0,1.0,52141.65395833333,0.0,709599.8284374999,75075.0,54416.653958333336,0.0
BR_3.5,mitra,0.95,1.6449,10,True,-1.0,5.0,2024-11-01,2024-07-01,1.0,1.0,52141.65395833333,0.0,845641.4633333333,75075.0,54416.653958333336,0.0
BR_3.5,mitra,0.95,1.6449,10,True,-1.0,0.0,2024-12-01,2024-07-01,1.0,1.0,52331.23729166666,0.0,627974.8474999999,75075.0,54416.653958333336,0.0
BR_3.5,naive,0.95,1.6449,10,True,-1.0,2.5,2024-11-01,2024-07-01,1.0,1.0,285200.8450970065,0.0,3747836.4088095874,75075.0,244250.84509700653,0.0
BR_3.5,naive,0.95,1.6449,10,True,-1.0,5.0,2024-11-01,2024-07-01,1.0,1.0,285200.8450970065,0.0,4358463.521552104,75075.0,244250.84509700653,0.0
BR_3.5,naive,0.95,1.6449,10,True,-1.0,0.0,2024-12-01,2024-07-01,1.0,1.0,281788.3450970065,0.0,3381460.1411640774,75075.0,244250.84509700653,0.0
BR_3.5,rf,0.95,1.6449,10,True,-1.0,2.5,2024-11-01,2024-07-01,1.0,1.0,105322.1367108272,0.0,1427536.3455961673,75075.0,107597.13671082718,0.0
BR_3.5,rf,0.95,1.6449,10,True,-1.0,5.0,2024-11-01,2024-07-01,1.0,1.0,105322.1367108272,0.0,1696529.1873732351,75075.0,107597.13671082718,0.0
BR_3.5,rf,0.95,1.6449,10,True,-1.0,0.0,2024-12-01,2024-07-01,1.0,1.0,105511.72004416054,0.0,1266140.6405299264,75075.0,107597.13671082718,0.0
BR_3.5,sba,0.95,1.6449,10,True,-1.0,2.5,2024-11-01,2024-07-01,1.0,1.0,44882.941726158366,0.0,594544.7133031379,75075.0,40332.94172615836,0.0
BR_3.5,sba,0.95,1.6449,10,True,-1.0,5.0,2024-11-01,2024-07-01,1.0,1.0,44882.941726158366,0.0,695377.0676185337,75075.0,40332.94172615836,0.0
BR_3.5,sba,0.95,1.6449,10,True,-1.0,0.0,2024-12-01,2024-07-01,1.0,1.0,44503.775059491694,0.0,534045.3007139004,75075.0,40332.94172615836,0.0
BR_3.5,ses,0.95,1.6449,10,True,-1.0,2.5,2024-11-01,2024-07-01,1.0,1.0,57433.92446158696,0.0,781045.480231424,75075.0,59708.924461586954,0.0
BR_3.5,ses,0.95,1.6449,10,True,-1.0,5.0,2024-11-01,2024-07-01,1.0,1.0,57433.92446158696,0.0,930317.7913853914,75075.0,59708.924461586954,0.0
BR_3.5,ses,0.95,1.6449,10,True,-1.0,0.0,2024-12-01,2024-07-01,1.0,1.0,57623.5077949203,0.0,691482.0935390436,75075.0,59708.924461586954,0.0
BR_3.5,tsb,0.95,1.6449,10,True,-1.0,2.5,2024-11-01,2024-07-01,1.0,1.0,55467.1909751334,0.0,737432.0781643009,75075.0,50917.1909751334,0.0
BR_3.5,tsb,0.95,1.6449,10,True,-1.0,5.0,2024-11-01,2024-07-01,1.0,1.0,55467.1909751334,0.0,864725.0556021344,75075.0,50917.1909751334,0.0
BR_3.5,tsb,0.95,1.6449,10,True,-1.0,0.0,2024-12-01,2024-07-01,1.0,1.0,55088.02430846674,0.0,661056.2917016009,75075.0,50917.1909751334,0.0
BR_3.5,xgb,0.95,1.6449,10,True,-1.0,2.5,2024-11-01,2024-07-01,1.0,1.0,41620.38920967827,0.0,561875.2543306566,75075.0,41620.389209678266,0.0
BR_3.5,xgb,0.95,1.6449,10,True,-1.0,5.0,2024-11-01,2024-07-01,1.0,1.0,41620.38920967827,0.0,665926.2273548522,75075.0,41620.389209678266,0.0
BR_3.5,xgb,0.95,1.6449,10,True,-1.0,0.0,2024-12-01,2024-07-01,1.0,1.0,41620.38920967827,0.0,499444.67051613925,75075.0,41620.389209678266,0.0
ST_A3.50in,arima,0.95,1.6449,10,True,-1.0,2.5,2024-11-01,2024-07-01,0.9331106817131767,0.5,2749.8403631323386,89.49168200719114,44888.65526351417,13200.0,1918.5304993069658,0.0
ST_A3.50in,arima,0.95,1.6449,10,True,-1.0,5.0,2024-11-01,2024-07-01,0.9331106817131767,0.5,2749.8403631323386,89.49168200719114,49684.98151178158,13200.0,1918.5304993069658,0.0
ST_A3.50in,arima,0.95,1.6449,10,True,-1.0,0.0,2024-12-01,2024-07-01,0.9331106817131767,0.5,2680.564541146891,82.03404183992522,42010.85951455372,13200.0,1918.5304993069658,0.0
ST_A3.50in,croston,0.95,1.6449,10,True,-1.0,2.5,2024-11-01,2024-07-01,1.0,1.0,26757.65201601543,0.0,346337.3931252992,13200.0,20801.288379651793,0.0
ST_A3.50in,croston,0.95,1.6449,10,True,-1.0,5.0,2024-11-01,2024-07-01,1.0,1.0,26757.65201601543,0.0,398340.6140744287,13200.0,20801.288379651793,0.0
ST_A3.50in,croston,0.95,1.6449,10,True,-1.0,0.0,2024-12-01,2024-07-01,1.0,1.0,26261.28837965179,0.0,315135.4605558215,13200.0,20801.288379651793,0.0
ST_A3.50in,hybrid,0.95,1.6449,10,True,-1.0,2.5,2024-11-01,2024-07-01,1.0,1.0,12190.692760137907,0.0,156501.6249891345,13200.0,8961.601851046998,0.0
ST_A3.50in,hybrid,0.95,1.6449,10,True,-1.0,5.0,2024-11-01,2024-07-01,1.0,1.0,12190.692760137907,0.0,178905.62961675198,13200.0,8961.601851046998,0.0
ST_A3.50in,hybrid,0.95,1.6449,10,True,-1.0,0.0,2024-12-01,2024-07-01,1.0,1.0,11921.601851046997,0.0,143059.22221256397,13200.0,8961.601851046998,0.0
ST_A3.50in,mitra,0.95,1.6449,10,True,-1.0,2.5,2024-11-01,2024-07-01,1.0,1.0,3856.273719635566,0.0,48141.51339689832,13200.0,2289.0009923628386,0.0
ST_A3.50in,mitra,0.95,1.6449,10,True,-1.0,5.0,2024-11-01,2024-07-01,1.0,1.0,3856.273719635566,0.0,53864.01587780542,13200.0,2289.0009923628386,0.0
ST_A3.50in,mitra,0.95,1.6449,10,True,-1.0,0.0,2024-12-01,2024-07-01,1.0,1.0,3725.667659029505,0.0,44708.01190835406,13200.0,2289.0009923628386,0.0
ST_A3.50in,naive,0.95,1.6449,10,True,-1.0,2.5,2024-11-01,2024-07-01,1.0,1.0,27421.58322457585,0.0,387359.5553499558,13200.0,34288.85595184858,0.0
ST_A3.50in,naive,0.95,1.6449,10,True,-1.0,5.0,2024-11-01,2024-07-01,1.0,1.0,27421.58322457585,0.0,473081.69522957725,13200.0,34288.85595184858,0.0
ST_A3.50in,naive,0.95,1.6449,10,True,-1.0,0.0,2024-12-01,2024-07-01,1.0,1.0,27993.855951848574,0.0,335926.2714221829,13200.0,34288.85595184858,0.0
ST_A3.50in,rf,0.95,1.6449,10,True,-1.0,2.5,2024-11-01,2024-07-01,1.0,1.0,10013.075429419694,0.0,132331.0637517113,13200.0,8874.893611237876,0.0
ST_A3.50in,rf,0.95,1.6449,10,True,-1.0,5.0,2024-11-01,2024-07-01,1.0,1.0,10013.075429419694,0.0,154518.29777980602,13200.0,8874.893611237876,0.0
ST_A3.50in,rf,0.95,1.6449,10,True,-1.0,0.0,2024-12-01,2024-07-01,1.0,1.0,9918.226944571208,0.0,119018.7233348545,13200.0,8874.893611237876,0.0
ST_A3.50in,sba,0.95,1.6449,10,True,-1.0,2.5,2024-11-01,2024-07-01,1.0,1.0,24437.771767192837,0.0,315019.0097661942,13200.0,18481.4081308292,0.0
ST_A3.50in,sba,0.95,1.6449,10,True,-1.0,5.0,2024-11-01,2024-07-01,1.0,1.0,24437.771767192837,0.0,361222.5300932672,13200.0,18481.4081308292,0.0
ST_A3.50in,sba,0.95,1.6449,10,True,-1.0,0.0,2024-12-01,2024-07-01,1.0,1.0,23941.408130829204,0.0,287296.89756995044,13200.0,18481.4081308292,0.0
ST_A3.50in,ses,0.95,1.6449,10,True,-1.0,2.5,2024-11-01,2024-07-01,0.9139169923337119,0.5,3001.3470177472714,130.40395925386392,53863.883086651265,13200.0,2601.852149402499,0.0
ST_A3.50in,ses,0.95,1.6449,10,True,-1.0,5.0,2024-11-01,2024-07-01,0.9139169923337119,0.5,3001.3470177472714,130.40395925386392,60368.51346015751,13200.0,2601.852149402499,0.0
ST_A3.50in,ses,0.95,1.6449,10,True,-1.0,0.0,2024-12-01,2024-07-01,0.9139169923337119,0.5,2968.0557787185403,119.53696264937525,49961.10486254751,13200.0,2601.852149402499,0.0
ST_A3.50in,tsb,0.95,1.6449,10,True,-1.0,2.5,2024-11-01,2024-07-01,1.0,1.0,12014.139438046135,0.0,159099.97332271372,13200.0,10777.7758016825,0.0
ST_A3.50in,tsb,0.95,1.6449,10,True,-1.0,5.0,2024-11-01,2024-07-01,1.0,1.0,12014.139438046135,0.0,186044.41282692,13200.0,10777.7758016825,0.0
ST_A3.50in,tsb,0.95,1.6449,10,True,-1.0,0.0,2024-12-01,2024-07-01,1.0,1.0,11911.109135015831,0.0,142933.30962018998,13200.0,10777.7758016825,0.0
ST_A3.50in,xgb,0.95,1.6449,10,True,-1.0,2.5,2024-11-01,2024-07-01,0.7453427463993726,0.5,2154.0088190806246,442.9285110265839,78839.38853840076,13200.0,2569.262126235859,0.0
ST_A3.50in,xgb,0.95,1.6449,10,True,-1.0,5.0,2024-11-01,2024-07-01,0.7453427463993726,0.5,2154.0088190806246,442.9285110265839,85262.5438539904,13200.0,2569.262126235859,0.0
ST_A3.50in,xgb,0.95,1.6449,10,True,-1.0,0.0,2024-12-01,2024-07-01,0.7453427463993726,0.5,2188.6132613435607,406.0178017743686,74985.49534904696,13200.0,2569.262126235859,0.0
ST_A4-6cm,arima,0.95,1.6449,10,True,-1.0,2.5,2024-11-01,2024-07-01,1.0,1.0,19857.888276930313,0.0,268081.4917385592,10000.0,19857.88827693031,0.0
ST_A4-6cm,arima,0.95,1.6449,10,True,-1.0,5.0,2024-11-01,2024-07-01,1.0,1.0,19857.888276930313,0.0,317726.21243088495,10000.0,19857.88827693031,0.0
ST_A4-6cm,arima,0.95,1.6449,10,True,-1.0,0.0,2024-12-01,2024-07-01,1.0,1.0,19857.888276930313,0.0,238294.65932316374,10000.0,19857.88827693031,0.0
ST_A4-6cm,croston,0.95,1.6449,10,True,-1.0,2.5,2024-11-01,2024-07-01,1.0,1.0,14259.90909090909,0.0,197431.5,10000.0,16229.0,0.0
ST_A4-6cm,croston,0.95,1.6449,10,True,-1.0,5.0,2024-11-01,2024-07-01,1.0,1.0,14259.90909090909,0.0,238004.0,10000.0,16229.0,0.0
ST_A4-6cm,croston,0.95,1.6449,10,True,-1.0,0.0,2024-12-01,2024-07-01,1.0,1.0,14424.0,0.0,173088.0,10000.0,16229.0,0.0
ST_A4-6cm,hybrid,0.95,1.6449,10,True,-1.0,2.5,2024-11-01,2024-07-01,1.0,1.0,8856.571285236349,0.0,133272.80325978162,10000.0,14340.20764887271,0.0
ST_A4-6cm,hybrid,0.95,1.6449,10,True,-1.0,5.0,2024-11-01,2024-07-01,1.0,1.0,8856.571285236349,0.0,169123.3223819634,10000.0,14340.20764887271,0.0
ST_A4-6cm,hybrid,0.95,1.6449,10,True,-1.0,0.0,2024-12-01,2024-07-01,1.0,1.0,9313.540982206046,0.0,111762.49178647256,10000.0,14340.20764887271,0.0
ST_A4-6cm,mitra,0.95,1.6449,10,True,-1.0,2.5,2024-11-01,2024-07-01,1.0,1.0,7546.875,0.0,114382.8125,10000.0,12546.875,0.0
ST_A4-6cm,mitra,0.95,1.6449,10,True,-1.0,5.0,2024-11-01,2024-07-01,1.0,1.0,7546.875,0.0,145750.0,10000.0,12546.875,0.0
ST_A4-6cm,mitra,0.95,1.6449,10,True,-1.0,0.0,2024-12-01,2024-07-01,1.0,1.0,7963.541666666667,0.0,95562.5,10000.0,12546.875,0.0
ST_A4-6cm,naive,0.95,1.6449,10,True,-1.0,2.5,2024-11-01,2024-07-01,1.0,1.0,21474.545454545456,0.0,301270.0,10000.0,26020.0,0.0
ST_A4-6cm,naive,0.95,1.6449,10,True,-1.0,5.0,2024-11-01,2024-07-01,1.0,1.0,21474.545454545456,0.0,366320.0,10000.0,26020.0,0.0
ST_A4-6cm,naive,0.95,1.6449,10,True,-1.0,0.0,2024-12-01,2024-07-01,1.0,1.0,21853.333333333332,0.0,262240.0,10000.0,26020.0,0.0
ST_A4-6cm,rf,0.95,1.6449,10,True,-1.0,2.5,2024-11-01,2024-07-01,1.0,1.0,12911.451109375874,0.0,188590.95361293794,10000.0,18625.996563921326,0.0
ST_A4-6cm,rf,0.95,1.6449,10,True,-1.0,5.0,2024-11-01,2024-07-01,1.0,1.0,12911.451109375874,0.0,235155.94502274125,10000.0,18625.996563921326,0.0
ST_A4-6cm,rf,0.95,1.6449,10,True,-1.0,0.0,2024-12-01,2024-07-01,1.0,1.0,13387.663230587996,0.0,160651.95876705594,10000.0,18625.996563921326,0.0
ST_A4-6cm,sba,0.95,1.6449,10,True,-1.0,2.5,2024-11-01,2024-07-01,1.0,1.0,13393.82272727273,0.0,186348.42500000005,10000.0,15606.550000000003,0.0
ST_A4-6cm,sba,0.95,1.6449,10,True,-1.0,5.0,2024-11-01,2024-07-01,1.0,1.0,13393.82272727273,0.0,225364.80000000005,10000.0,15606.550000000003,0.0
ST_A4-6cm,sba,0.95,1.6449,10,True,-1.0,0.0,2024-12-01,2024-07-01,1.0,1.0,13578.216666666669,0.0,162938.60000000003,10000.0,15606.550000000003,0.0
ST_A4-6cm,ses,0.95,1.6449,10,True,-1.0,2.5,2024-11-01,2024-07-01,1.0,1.0,8688.96082720634,0.0,130323.69844001286,10000.0,13898.05173629725,0.0
ST_A4-6cm,ses,0.95,1.6449,10,True,-1.0,5.0,2024-11-01,2024-07-01,1.0,1.0,8688.96082720634,0.0,165068.827780756,10000.0,13898.05173629725,0.0
ST_A4-6cm,ses,0.95,1.6449,10,True,-1.0,0.0,2024-12-01,2024-07-01,1.0,1.0,9123.051736297248,0.0,109476.62083556698,10000.0,13898.05173629725,0.0
ST_A4-6cm,tsb,0.95,1.6449,10,True,-1.0,2.5,2024-11-01,2024-07-01,1.0,1.0,10608.280025764494,0.0,157916.32580236613,10000.0,16490.098207582676,0.0
ST_A4-6cm,tsb,0.95,1.6449,10,True,-1.0,5.0,2024-11-01,2024-07-01,1.0,1.0,10608.280025764494,0.0,199141.57132132282,10000.0,16490.098207582676,0.0
ST_A4-6cm,tsb,0.95,1.6449,10,True,-1.0,0.0,2024-12-01,2024-07-01,1.0,1.0,11098.43154091601,0.0,133181.1784909921,10000.0,16490.098207582676,0.0
ST_A4-6cm,xgb,0.95,1.6449,10,True,-1.0,2.5,2024-11-01,2024-07-01,1.0,1.0,6105.74356306308,0.0,93818.44719226068,10000.0,10662.107199426717,0.0
ST_A4-6cm,xgb,0.95,1.6449,10,True,-1.0,5.0,2024-11-01,2024-07-01,1.0,1.0,6105.74356306308,0.0,120473.71519082747,10000.0,10662.107199426717,0.0
ST_A4-6cm,xgb,0.95,1.6449,10,True,-1.0,0.0,2024-12-01,2024-07-01,1.0,1.0,6485.44053276005,0.0,77825.2863931206,10000.0,10662.107199426717,0.0
ST_Reg3-4cm,arima,0.95,1.6449,10,True,-1.0,2.5,2024-11-01,2024-07-01,,1.0,12836.659091731492,0.0,173294.89773837512,0.0,12836.65909173149,0.0
ST_Reg3-4cm,arima,0.95,1.6449,10,True,-1.0,5.0,2024-11-01,2024-07-01,,1.0,12836.659091731492,0.0,205386.54546770384,0.0,12836.65909173149,0.0
ST_Reg3-4cm,arima,0.95,1.6449,10,True,-1.0,0.0,2024-12-01,2024-07-01,,1.0,12836.65909173149,0.0,154039.90910077788,0.0,12836.65909173149,0.0
ST_Reg3-4cm,croston,0.95,1.6449,10,True,-1.0,2.5,2024-11-01,2024-07-01,,1.0,17209.965753424654,0.0,232334.53767123286,0.0,17209.965753424658,0.0
ST_Reg3-4cm,croston,0.95,1.6449,10,True,-1.0,5.0,2024-11-01,2024-07-01,,1.0,17209.965753424654,0.0,275359.4520547945,0.0,17209.965753424658,0.0
ST_Reg3-4cm,croston,0.95,1.6449,10,True,-1.0,0.0,2024-12-01,2024-07-01,,1.0,17209.965753424654,0.0,206519.58904109587,0.0,17209.965753424658,0.0
ST_Reg3-4cm,hybrid,0.95,1.6449,10,True,-1.0,2.5,2024-11-01,2024-07-01,,1.0,9658.500253544056,0.0,130389.75342284475,0.0,9658.500253544054,0.0
ST_Reg3-4cm,hybrid,0.95,1.6449,10,True,-1.0,5.0,2024-11-01,2024-07-01,,1.0,9658.500253544056,0.0,154536.00405670487,0.0,9658.500253544054,0.0
ST_Reg3-4cm,hybrid,0.95,1.6449,10,True,-1.0,0.0,2024-12-01,2024-07-01,,1.0,9658.500253544056,0.0,115902.00304252867,0.0,9658.500253544054,0.0
ST_Reg3-4cm,mitra,0.95,1.6449,10,True,-1.0,2.5,2024-11-01,2024-07-01,,1.0,3426.8750000000005,0.0,46262.81250000001,0.0,3426.8750000000005,0.0
ST_Reg3-4cm,mitra,0.95,1.6449,10,True,-1.0,5.0,2024-11-01,2024-07-01,,1.0,3426.8750000000005,0.0,54830.000000000015,0.0,3426.8750000000005,0.0
ST_Reg3-4cm,mitra,0.95,1.6449,10,True,-1.0,0.0,2024-12-01,2024-07-01,,1.0,3426.8750000000005,0.0,41122.50000000001,0.0,3426.8750000000005,0.0
ST_Reg3-4cm,naive,0.95,1.6449,10,True,-1.0,2.5,2024-11-01,2024-07-01,,1.0,0.0,0.0,0.0,0.0,0.0,0.0
ST_Reg3-4cm,naive,0.95,1.6449,10,True,-1.0,5.0,2024-11-01,2024-07-01,,1.0,0.0,0.0,0.0,0.0,0.0,0.0
ST_Reg3-4cm,naive,0.95,1.6449,10,True,-1.0,0.0,2024-12-01,2024-07-01,,1.0,0.0,0.0,0.0,0.0,0.0,0.0
ST_Reg3-4cm,rf,0.95,1.6449,10,True,-1.0,2.5,2024-11-01,2024-07-01,,1.0,10823.171907964657,0.0,146112.8207575229,0.0,10823.171907964657,0.0
ST_Reg3-4cm,rf,0.95,1.6449,10,True,-1.0,5.0,2024-11-01,2024-07-01,,1.0,10823.171907964657,0.0,173170.75052743452,0.0,10823.171907964657,0.0
ST_Reg3-4cm,rf,0.95,1.6449,10,True,-1.0,0.0,2024-12-01,2024-07-01,,1.0,10823.171907964657,0.0,129878.06289557589,0.0,10823.171907964657,0.0
ST_Reg3-4cm,sba,0.95,1.6449,10,True,-1.0,2.5,2024-11-01,2024-07-01,,1.0,16349.467465753427,0.0,220717.81078767125,0.0,16349.467465753425,0.0
ST_Reg3-4cm,sba,0.95,1.6449,10,True,-1.0,5.0,2024-11-01,2024-07-01,,1.0,16349.467465753427,0.0,261591.47945205483,0.0,16349.467465753425,0.0
ST_Reg3-4cm,sba,0.95,1.6449,10,True,-1.0,0.0,2024-12-01,2024-07-01,,1.0,16349.467465753427,0.0,196193.60958904112,0.0,16349.467465753425,0.0
ST_Reg3-4cm,ses,0.95,1.6449,10,True,-1.0,2.5,2024-11-01,2024-07-01,,1.0,7023.7234765169405,0.0,94820.26693297869,0.0,7023.72347651694,0.0
ST_Reg3-4cm,ses,0.95,1.6449,10,True,-1.0,5.0,2024-11-01,2024-07-01,,1.0,7023.7234765169405,0.0,112379.57562427103,0.0,7023.72347651694,0.0
ST_Reg3-4cm,ses,0.95,1.6449,10,True,-1.0,0.0,2024-12-01,2024-07-01,,1.0,7023.7234765169405,0.0,84284.68171820328,0.0,7023.72347651694,0.0
ST_Reg3-4cm,tsb,0.95,1.6449,10,True,-1.0,2.5,2024-11-01,2024-07-01,,1.0,7725.988141489617,0.0,104300.83991010983,0.0,7725.988141489615,0.0
ST_Reg3-4cm,tsb,0.95,1.6449,10,True,-1.0,5.0,2024-11-01,2024-07-01,,1.0,7725.988141489617,0.0,123615.81026383388,0.0,7725.988141489615,0.0
ST_Reg3-4cm,tsb,0.95,1.6449,10,True,-1.0,0.0,2024-12-01,2024-07-01,,1.0,7725.988141489618,0.0,92711.85769787541,0.0,7725.988141489615,0.0
ST_Reg3-4cm,xgb,0.95,1.6449,10,True,-1.0,2.5,2024-11-01,2024-07-01,,1.0,659.0300294880359,0.0,8896.905398088484,0.0,659.0300294880358,0.0
ST_Reg3-4cm,xgb,0.95,1.6449,10,True,-1.0,5.0,2024-11-01,2024-07-01,,1.0,659.0300294880359,0.0,10544.480471808574,0.0,659.0300294880358,0.0
ST_Reg3-4cm,xgb,0.95,1.6449,10,True,-1.0,0.0,2024-12-01,2024-07-01,,1.0,659.0300294880359,0.0,7908.360353856431,0.0,659.0300294880358,0.0
ST_Reg3.50in,arima,0.95,1.6449,10,True,-1.0,2.5,2024-11-01,2024-07-01,1.0,1.0,39280.03055669355,0.0,532084.9579699084,81360.0,40001.84873851173,0.0
ST_Reg3.50in,arima,0.95,1.6449,10,True,-1.0,5.0,2024-11-01,2024-07-01,1.0,1.0,39280.03055669355,0.0,632089.5798161877,81360.0,40001.84873851173,0.0
ST_Reg3.50in,arima,0.95,1.6449,10,True,-1.0,0.0,2024-12-01,2024-07-01,1.0,1.0,39340.18207184507,0.0,472082.1848621408,81360.0,40001.84873851173,0.0
ST_Reg3.50in,croston,0.95,1.6449,10,True,-1.0,2.5,2024-11-01,2024-07-01,1.0,1.0,22682.314113109493,0.0,329929.4223451599,81360.0,32169.586840382217,0.0
ST_Reg3.50in,croston,0.95,1.6449,10,True,-1.0,5.0,2024-11-01,2024-07-01,1.0,1.0,22682.314113109493,0.0,410353.38944611547,81360.0,32169.586840382217,0.0
ST_Reg3.50in,croston,0.95,1.6449,10,True,-1.0,0.0,2024-12-01,2024-07-01,1.0,1.0,23472.920173715553,0.0,281675.04208458663,81360.0,32169.586840382217,0.0
ST_Reg3.50in,hybrid,0.95,1.6449,10,True,-1.0,2.5,2024-11-01,2024-07-01,1.0,1.0,22335.90124804062,0.0,328934.66684854834,81360.0,33295.90124804062,0.0
ST_Reg3.50in,hybrid,0.95,1.6449,10,True,-1.0,5.0,2024-11-01,2024-07-01,1.0,1.0,22335.90124804062,0.0,412174.4199686499,81360.0,33295.90124804062,0.0
ST_Reg3.50in,hybrid,0.95,1.6449,10,True,-1.0,0.0,2024-12-01,2024-07-01,1.0,1.0,23249.234581373952,0.0,278990.8149764874,81360.0,33295.90124804062,0.0
ST_Reg3.50in,mitra,0.95,1.6449,10,True,-1.0,2.5,2024-11-01,2024-07-01,1.0,1.0,19338.38856163315,0.0,267286.4274002293,81360.0,21825.661288905874,0.0
ST_Reg3.50in,mitra,0.95,1.6449,10,True,-1.0,5.0,2024-11-01,2024-07-01,1.0,1.0,19338.38856163315,0.0,321850.58062249405,81360.0,21825.661288905874,0.0
ST_Reg3.50in,mitra,0.95,1.6449,10,True,-1.0,0.0,2024-12-01,2024-07-01,1.0,1.0,19545.661288905878,0.0,234547.93546687055,81360.0,21825.661288905874,0.0
ST_Reg3.50in,naive,0.95,1.6449,10,True,-1.0,2.5,2024-11-01,2024-07-01,1.0,1.0,134733.53829758888,0.0,1860452.7670174497,81360.0,151353.53829758885,0.0
ST_Reg3.50in,naive,0.95,1.6449,10,True,-1.0,5.0,2024-11-01,2024-07-01,1.0,1.0,134733.53829758888,0.0,2238836.612761422,81360.0,151353.53829758885,0.0
ST_Reg3.50in,naive,0.95,1.6449,10,True,-1.0,0.0,2024-12-01,2024-07-01,1.0,1.0,136118.53829758888,0.0,1633422.4595710665,81360.0,151353.53829758885,0.0
ST_Reg3.50in,rf,0.95,1.6449,10,True,-1.0,2.5,2024-11-01,2024-07-01,1.0,1.0,31090.691178836,0.0,423160.69455064967,81360.0,32465.236633381457,0.0
ST_Reg3.50in,rf,0.95,1.6449,10,True,-1.0,5.0,2024-11-01,2024-07-01,1.0,1.0,31090.691178836,0.0,504323.7861341033,81360.0,32465.236633381457,0.0
ST_Reg3.50in,rf,0.95,1.6449,10,True,-1.0,0.0,2024-12-01,2024-07-01,1.0,1.0,31205.236633381457,0.0,374462.8396005775,81360.0,32465.236633381457,0.0
ST_Reg3.50in,sba,0.95,1.6449,10,True,-1.0,2.5,2024-11-01,2024-07-01,1.0,1.0,22670.11034185889,0.0,329760.1259787314,81360.0,32155.564887313434,0.0
ST_Reg3.50in,sba,0.95,1.6449,10,True,-1.0,5.0,2024-11-01,2024-07-01,1.0,1.0,22670.11034185889,0.0,410149.03819701495,81360.0,32155.564887313434,0.0
ST_Reg3.50in,sba,0.95,1.6449,10,True,-1.0,0.0,2024-12-01,2024-07-01,1.0,1.0,23460.564887313434,0.0,281526.7786477612,81360.0,32155.564887313434,0.0
ST_Reg3.50in,ses,0.95,1.6449,10,True,-1.0,2.5,2024-11-01,2024-07-01,1.0,1.0,29109.564274139448,0.0,413224.5722463371,81360.0,37207.746092321264,0.0
ST_Reg3.50in,ses,0.95,1.6449,10,True,-1.0,5.0,2024-11-01,2024-07-01,1.0,1.0,29109.564274139448,0.0,506243.9374771402,81360.0,37207.746092321264,0.0
ST_Reg3.50in,ses,0.95,1.6449,10,True,-1.0,0.0,2024-12-01,2024-07-01,1.0,1.0,29784.41275898793,0.0,357412.95310785517,81360.0,37207.746092321264,0.0
ST_Reg3.50in,tsb,0.95,1.6449,10,True,-1.0,2.5,2024-11-01,2024-07-01,1.0,1.0,29090.918824752254,0.0,410513.7677705191,81360.0,36205.46427929771,0.0
ST_Reg3.50in,tsb,0.95,1.6449,10,True,-1.0,5.0,2024-11-01,2024-07-01,1.0,1.0,29090.918824752254,0.0,501027.42846876336,81360.0,36205.46427929771,0.0
ST_Reg3.50in,tsb,0.95,1.6449,10,True,-1.0,0.0,2024-12-01,2024-07-01,1.0,1.0,29683.797612631042,0.0,356205.5713515725,81360.0,36205.46427929771,0.0
ST_Reg3.50in,xgb,0.95,1.6449,10,True,-1.0,2.5,2024-11-01,2024-07-01,1.0,1.0,28530.795794902133,0.0,415738.470503906,81360.0,40759.88670399304,0.0
ST_Reg3.50in,xgb,0.95,1.6449,10,True,-1.0,5.0,2024-11-01,2024-07-01,1.0,1.0,28530.795794902133,0.0,517638.18726388866,81360.0,40759.88670399304,0.0
ST_Reg3.50in,xgb,0.95,1.6449,10,True,-1.0,0.0,2024-12-01,2024-07-01,1.0,1.0,29549.886703993037,0.0,354598.64044791646,81360.0,40759.88670399304,0.0
ST_Reg4.00in,arima,0.95,1.6449,10,True,-1.0,2.5,2024-11-01,2024-07-01,1.0,1.0,39130.84768851841,0.0,509557.35288590763,17760.0,31647.211324882046,0.0
ST_Reg4.00in,arima,0.95,1.6449,10,True,-1.0,5.0,2024-11-01,2024-07-01,1.0,1.0,39130.84768851841,0.0,588675.3811981127,17760.0,31647.211324882046,0.0
ST_Reg4.00in,arima,0.95,1.6449,10,True,-1.0,0.0,2024-12-01,2024-07-01,1.0,1.0,38507.211324882046,0.0,462086.5358985846,17760.0,31647.211324882046,0.0
ST_Reg4.00in,croston,0.95,1.6449,10,True,-1.0,2.5,2024-11-01,2024-07-01,1.0,1.0,56214.385575440334,0.0,740185.1143593536,17760.0,48730.749211803966,0.0
ST_Reg4.00in,croston,0.95,1.6449,10,True,-1.0,5.0,2024-11-01,2024-07-01,1.0,1.0,56214.385575440334,0.0,862011.9873888635,17760.0,48730.749211803966,0.0
ST_Reg4.00in,croston,0.95,1.6449,10,True,-1.0,0.0,2024-12-01,2024-07-01,1.0,1.0,55590.74921180397,0.0,667088.9905416477,17760.0,48730.749211803966,0.0
ST_Reg4.00in,hybrid,0.95,1.6449,10,True,-1.0,2.5,2024-11-01,2024-07-01,1.0,1.0,32330.93133977469,0.0,417758.4821778674,17760.0,24847.29497613832,0.0
ST_Reg4.00in,hybrid,0.95,1.6449,10,True,-1.0,5.0,2024-11-01,2024-07-01,1.0,1.0,32330.93133977469,0.0,479876.7196182132,17760.0,24847.29497613832,0.0
ST_Reg4.00in,hybrid,0.95,1.6449,10,True,-1.0,0.0,2024-12-01,2024-07-01,1.0,1.0,31707.294976138324,0.0,380487.5397136599,17760.0,24847.29497613832,0.0
ST_Reg4.00in,mitra,0.95,1.6449,10,True,-1.0,2.5,2024-11-01,2024-07-01,1.0,1.0,8805.026651250551,0.0,107026.95070097336,17760.0,4068.6630148869153,0.0
ST_Reg4.00in,mitra,0.95,1.6449,10,True,-1.0,5.0,2024-11-01,2024-07-01,1.0,1.0,8805.026651250551,0.0,117198.60823819065,17760.0,4068.6630148869153,0.0
ST_Reg4.00in,mitra,0.95,1.6449,10,True,-1.0,0.0,2024-12-01,2024-07-01,1.0,1.0,8410.329681553581,0.0,100923.95617864298,17760.0,4068.6630148869153,0.0
ST_Reg4.00in,naive,0.95,1.6449,10,True,-1.0,2.5,2024-11-01,2024-07-01,1.0,1.0,31618.071605075427,0.0,457375.78485033644,17760.0,43830.7988778027,0.0
ST_Reg4.00in,naive,0.95,1.6449,10,True,-1.0,5.0,2024-11-01,2024-07-01,1.0,1.0,31618.071605075427,0.0,566952.7820448432,17760.0,43830.7988778027,0.0
ST_Reg4.00in,naive,0.95,1.6449,10,True,-1.0,0.0,2024-12-01,2024-07-01,1.0,1.0,32635.798877802696,0.0,391629.58653363236,17760.0,43830.7988778027,0.0
ST_Reg4.00in,rf,0.95,1.6449,10,True,-1.0,2.5,2024-11-01,2024-07-01,1.0,1.0,52581.57564666133,0.0,691142.180320837,17760.0,45097.939283024956,0.0
ST_Reg4.00in,rf,0.95,1.6449,10,True,-1.0,5.0,2024-11-01,2024-07-01,1.0,1.0,52581.57564666133,0.0,803887.0285283994,17760.0,45097.939283024956,0.0
ST_Reg4.00in,rf,0.95,1.6449,10,True,-1.0,0.0,2024-12-01,2024-07-01,1.0,1.0,51957.93928302496,0.0,623495.2713962996,17760.0,45097.939283024956,0.0
ST_Reg4.00in,sba,0.95,1.6449,10,True,-1.0,2.5,2024-11-01,2024-07-01,1.0,1.0,51975.60322995087,0.0,682961.5526952458,17760.0,44491.9668663145,0.0
ST_Reg4.00in,sba,0.95,1.6449,10,True,-1.0,5.0,2024-11-01,2024-07-01,1.0,1.0,51975.60322995087,0.0,794191.4698610321,17760.0,44491.9668663145,0.0
ST_Reg4.00in,sba,0.95,1.6449,10,True,-1.0,0.0,2024-12-01,2024-07-01,1.0,1.0,51351.966866314506,0.0,616223.6023957741,17760.0,44491.9668663145,0.0
ST_Reg4.00in,ses,0.95,1.6449,10,True,-1.0,2.5,2024-11-01,2024-07-01,1.0,1.0,17305.079473348043,0.0,215727.6637992895,17760.0,10148.715836984411,0.0
ST_Reg4.00in,ses,0.95,1.6449,10,True,-1.0,5.0,2024-11-01,2024-07-01,1.0,1.0,17305.079473348043,0.0,241099.45339175052,17760.0,10148.715836984411,0.0
ST_Reg4.00in,ses,0.95,1.6449,10,True,-1.0,0.0,2024-12-01,2024-07-01,1.0,1.0,16708.715836984407,0.0,200504.59004381287,17760.0,10148.715836984411,0.0
ST_Reg4.00in,tsb,0.95,1.6449,10,True,-1.0,2.5,2024-11-01,2024-07-01,1.0,1.0,68481.12706476437,0.0,905786.1244652281,17760.0,60997.490701128,0.0
ST_Reg4.00in,tsb,0.95,1.6449,10,True,-1.0,5.0,2024-11-01,2024-07-01,1.0,1.0,68481.12706476437,0.0,1058279.851218048,17760.0,60997.490701128,0.0
ST_Reg4.00in,tsb,0.95,1.6449,10,True,-1.0,0.0,2024-12-01,2024-07-01,1.0,1.0,67857.49070112802,0.0,814289.8884135361,17760.0,60997.490701128,0.0
ST_Reg4.00in,xgb,0.95,1.6449,10,True,-1.0,2.5,2024-11-01,2024-07-01,1.0,1.0,7231.307985771582,0.0,89627.20326246182,17760.0,4033.126167589762,0.0
ST_Reg4.00in,xgb,0.95,1.6449,10,True,-1.0,5.0,2024-11-01,2024-07-01,1.0,1.0,7231.307985771582,0.0,99710.01868143622,17760.0,4033.126167589762,0.0
ST_Reg4.00in,xgb,0.95,1.6449,10,True,-1.0,0.0,2024-12-01,2024-07-01,1.0,1.0,6964.792834256431,0.0,83577.51401107718,17760.0,4033.126167589762,0.0
ST_Reg6.00in,arima,0.95,1.6449,10,True,-1.0,2.5,2024-11-01,2024-07-01,0.9575377409925134,0.75,1740.5941995178998,25.940580048209995,24136.634048674227,6720.0,854.65361946969,0.0
ST_Reg6.00in,arima,0.95,1.6449,10,True,-1.0,5.0,2024-11-01,2024-07-01,0.9575377409925134,0.75,1740.5941995178998,25.940580048209995,26273.26809734845,6720.0,854.65361946969,0.0
ST_Reg6.00in,arima,0.95,1.6449,10,True,-1.0,0.0,2024-12-01,2024-07-01,0.9575377409925134,0.75,1666.7658178472157,23.778865044192496,22854.65361946969,6720.0,854.65361946969,0.0
ST_Reg6.00in,croston,0.95,1.6449,10,True,-1.0,2.5,2024-11-01,2024-07-01,0.9382140020908551,0.75,1675.2709945914064,37.74562781358666,24841.995235126367,6720.0,904.7980940505468,0.0
ST_Reg6.00in,croston,0.95,1.6449,10,True,-1.0,5.0,2024-11-01,2024-07-01,0.9382140020908551,0.75,1675.2709945914064,37.74562781358666,27103.990470252735,6720.0,904.7980940505468,0.0
ST_Reg6.00in,croston,0.95,1.6449,10,True,-1.0,0.0,2024-12-01,2024-07-01,0.9382140020908551,0.75,1611.0649195463347,34.600158829121106,23484.79809405055,6720.0,904.7980940505468,0.0
ST_Reg6.00in,hybrid,0.95,1.6449,10,True,-1.0,2.5,2024-11-01,2024-07-01,1.0,1.0,14381.55301036603,0.0,188714.60200357775,6720.0,12207.007555820575,0.0
ST_Reg6.00in,hybrid,0.95,1.6449,10,True,-1.0,5.0,2024-11-01,2024-07-01,1.0,1.0,14381.55301036603,0.0,219232.1208931292,6720.0,12207.007555820575,0.0
ST_Reg6.00in,hybrid,0.95,1.6449,10,True,-1.0,0.0,2024-12-01,2024-07-01,1.0,1.0,14200.340889153907,0.0,170404.0906698469,6720.0,12207.007555820575,0.0
ST_Reg6.00in,mitra,0.95,1.6449,10,True,-1.0,2.5,2024-11-01,2024-07-01,1.0,1.0,1890.558890353828,0.0,23699.81774704941,6720.0,1161.4679812629192,0.0
ST_Reg6.00in,mitra,0.95,1.6449,10,True,-1.0,5.0,2024-11-01,2024-07-01,1.0,1.0,1890.558890353828,0.0,26603.487700206704,6720.0,1161.4679812629192,0.0
ST_Reg6.00in,mitra,0.95,1.6449,10,True,-1.0,0.0,2024-12-01,2024-07-01,1.0,1.0,1829.8013145962523,0.0,21957.615775155027,6720.0,1161.4679812629192,0.0
ST_Reg6.00in,naive,0.95,1.6449,10,True,-1.0,2.5,2024-11-01,2024-07-01,1.0,1.0,10103.515377778383,0.0,147447.45760000817,6720.0,14523.515377778383,0.0
ST_Reg6.00in,naive,0.95,1.6449,10,True,-1.0,5.0,2024-11-01,2024-07-01,1.0,1.0,10103.515377778383,0.0,183756.24604445414,6720.0,14523.515377778383,0.0
ST_Reg6.00in,naive,0.95,1.6449,10,True,-1.0,0.0,2024-12-01,2024-07-01,1.0,1.0,10471.848711111717,0.0,125662.18453334061,6720.0,14523.515377778383,0.0
ST_Reg6.00in,rf,0.95,1.6449,10,True,-1.0,2.5,2024-11-01,2024-07-01,1.0,1.0,4319.423365761806,0.0,58534.94271051166,6720.0,4408.514274852716,0.0
ST_Reg6.00in,rf,0.95,1.6449,10,True,-1.0,5.0,2024-11-01,2024-07-01,1.0,1.0,4319.423365761806,0.0,69556.22839764346,6720.0,4408.514274852716,0.0
ST_Reg6.00in,rf,0.95,1.6449,10,True,-1.0,0.0,2024-12-01,2024-07-01,1.0,1.0,4326.847608186049,0.0,51922.171298232584,6720.0,4408.514274852716,0.0
ST_Reg6.00in,sba,0.95,1.6449,10,True,-1.0,2.5,2024-11-01,2024-07-01,0.9316022500714004,0.75,1620.3337458907374,41.78480722910808,24620.91780119953,6720.0,880.3671204798111,0.0
ST_Reg6.00in,sba,0.95,1.6449,10,True,-1.0,5.0,2024-11-01,2024-07-01,0.9316022500714004,0.75,1620.3337458907374,41.78480722910808,26821.835602399056,6720.0,880.3671204798111,0.0
ST_Reg6.00in,sba,0.95,1.6449,10,True,-1.0,0.0,2024-12-01,2024-07-01,0.9316022500714004,0.75,1558.669860439827,38.30273996001574,23300.367120479816,6720.0,880.3671204798111,0.0
ST_Reg6.00in,ses,0.95,1.6449,10,True,-1.0,2.5,2024-11-01,2024-07-01,0.9988488529075666,0.75,2045.694810489862,0.7032462237411065,25910.660728847124,6720.0,1332.2642915388478,0.0
ST_Reg6.00in,ses,0.95,1.6449,10,True,-1.0,5.0,2024-11-01,2024-07-01,0.9988488529075666,0.75,2045.694810489862,0.7032462237411065,29241.32145769424,6720.0,1332.2642915388478,0.0
ST_Reg6.00in,ses,0.95,1.6449,10,True,-1.0,0.0,2024-12-01,2024-07-01,0.9988488529075666,0.75,1986.2422672439443,0.6446423717626809,23912.264291538853,6720.0,1332.2642915388478,0.0
ST_Reg6.00in,tsb,0.95,1.6449,10,True,-1.0,2.5,2024-11-01,2024-07-01,0.9895890170526934,0.75,2130.9438132673636,6.360164127809102,27915.09548648525,6720.0,1510.0381945940999,0.0
ST_Reg6.00in,tsb,0.95,1.6449,10,True,-1.0,5.0,2024-11-01,2024-07-01,0.9895890170526934,0.75,2130.9438132673636,6.360164127809102,31690.1909729705,6720.0,1510.0381945940999,0.0
ST_Reg6.00in,tsb,0.95,1.6449,10,True,-1.0,0.0,2024-12-01,2024-07-01,0.9895890170526934,0.75,2079.201678377925,5.830150450491677,25650.038194594104,6720.0,1510.0381945940999,0.0
ST_Reg6.00in,xgb,0.95,1.6449,10,True,-1.0,2.5,2024-11-01,2024-07-01,1.0,1.0,1747.4988124161712,0.0,21995.779422163767,6720.0,1109.3169942343534,0.0
ST_Reg6.00in,xgb,0.95,1.6449,10,True,-1.0,5.0,2024-11-01,2024-07-01,1.0,1.0,1747.4988124161712,0.0,24769.07190774965,6720.0,1109.3169942343534,0.0
ST_Reg6.00in,xgb,0.95,1.6449,10,True,-1.0,0.0,2024-12-01,2024-07-01,1.0,1.0,1694.316994234353,0.0,20331.803930812235,6720.0,1109.3169942343534,0.0
ST_VA10cm,arima,0.95,1.6449,10,True,-1.0,2.5,2024-11-01,2024-07-01,,1.0,5180.0,0.0,69930.0,0.0,5180.0,0.0
ST_VA10cm,arima,0.95,1.6449,10,True,-1.0,5.0,2024-11-01,2024-07-01,,1.0,5180.0,0.0,82880.0,0.0,5180.0,0.0
ST_VA10cm,arima,0.95,1.6449,10,True,-1.0,0.0,2024-12-01,2024-07-01,,1.0,5180.0,0.0,62160.0,0.0,5180.0,0.0
ST_VA10cm,croston,0.95,1.6449,10,True,-1.0,2.5,2024-11-01,2024-07-01,,1.0,17650.909090909092,0.0,243760.0,0.0,19840.0,0.0
ST_VA10cm,croston,0.95,1.6449,10,True,-1.0,5.0,2024-11-01,2024-07-01,,1.0,17650.909090909092,0.0,293360.0,0.0,19840.0,0.0
ST_VA10cm,croston,0.95,1.6449,10,True,-1.0,0.0,2024-12-01,2024-07-01,,1.0,17833.333333333332,0.0,214000.0,0.0,19840.0,0.0
ST_VA10cm,hybrid,0.95,1.6449,10,True,-1.0,2.5,2024-11-01,2024-07-01,,1.0,5046.914352652893,0.0,70169.7073971777,0.0,5861.459807198347,0.0
ST_VA10cm,hybrid,0.95,1.6449,10,True,-1.0,5.0,2024-11-01,2024-07-01,,1.0,5046.914352652893,0.0,84823.35691517356,0.0,5861.459807198347,0.0
ST_VA10cm,hybrid,0.95,1.6449,10,True,-1.0,0.0,2024-12-01,2024-07-01,,1.0,5114.793140531681,0.0,61377.517686380175,0.0,5861.459807198347,0.0
ST_VA10cm,mitra,0.95,1.6449,10,True,-1.0,2.5,2024-11-01,2024-07-01,,1.0,2316.3636363636365,0.0,31580.0,0.0,2440.0,0.0
ST_VA10cm,mitra,0.95,1.6449,10,True,-1.0,5.0,2024-11-01,2024-07-01,,1.0,2316.3636363636365,0.0,37680.0,0.0,2440.0,0.0
ST_VA10cm,mitra,0.95,1.6449,10,True,-1.0,0.0,2024-12-01,2024-07-01,,1.0,2326.6666666666665,0.0,27920.0,0.0,2440.0,0.0
ST_VA10cm,naive,0.95,1.6449,10,True,-1.0,2.5,2024-11-01,2024-07-01,,1.0,3920.0,0.0,52920.0,0.0,3920.0,0.0
ST_VA10cm,naive,0.95,1.6449,10,True,-1.0,5.0,2024-11-01,2024-07-01,,1.0,3920.0,0.0,62720.0,0.0,3920.0,0.0
ST_VA10cm,naive,0.95,1.6449,10,True,-1.0,0.0,2024-12-01,2024-07-01,,1.0,3920.0,0.0,47040.0,0.0,3920.0,0.0
ST_VA10cm,rf,0.95,1.6449,10,True,-1.0,2.5,2024-11-01,2024-07-01,,1.0,2843.7578076029054,0.0,38431.63949354831,0.0,2860.121443966542,0.0
ST_VA10cm,rf,0.95,1.6449,10,True,-1.0,5.0,2024-11-01,2024-07-01,,1.0,2843.7578076029054,0.0,45581.94310346467,0.0,2860.121443966542,0.0
ST_VA10cm,rf,0.95,1.6449,10,True,-1.0,0.0,2024-12-01,2024-07-01,,1.0,2845.121443966542,0.0,34141.4573275985,0.0,2860.121443966542,0.0
ST_VA10cm,sba,0.95,1.6449,10,True,-1.0,2.5,2024-11-01,2024-07-01,,1.0,16778.18181818182,0.0,231710.0,0.0,18860.0,0.0
ST_VA10cm,sba,0.95,1.6449,10,True,-1.0,5.0,2024-11-01,2024-07-01,,1.0,16778.18181818182,0.0,278860.0,0.0,18860.0,0.0
ST_VA10cm,sba,0.95,1.6449,10,True,-1.0,0.0,2024-12-01,2024-07-01,,1.0,16951.666666666668,0.0,203420.0,0.0,18860.0,0.0
ST_VA10cm,ses,0.95,1.6449,10,True,-1.0,2.5,2024-11-01,2024-07-01,,1.0,1900.0,0.0,25650.0,0.0,1900.0,0.0
ST_VA10cm,ses,0.95,1.6449,10,True,-1.0,5.0,2024-11-01,2024-07-01,,1.0,1900.0,0.0,30400.0,0.0,1900.0,0.0
ST_VA10cm,ses,0.95,1.6449,10,True,-1.0,0.0,2024-12-01,2024-07-01,,1.0,1900.0,0.0,22800.0,0.0,1900.0,0.0
ST_VA10cm,tsb,0.95,1.6449,10,True,-1.0,2.5,2024-11-01,2024-07-01,,1.0,2080.0,0.0,28080.0,0.0,2080.0,0.0
ST_VA10cm,tsb,0.95,1.6449,10,True,-1.0,5.0,2024-11-01,2024-07-01,,1.0,2080.0,0.0,33280.0,0.0,2080.0,0.0
ST_VA10cm,tsb,0.95,1.6449,10,True,-1.0,0.0,2024-12-01,2024-07-01,,1.0,2080.0,0.0,24960.0,0.0,2080.0,0.0
ST_VA10cm,xgb,0.95,1.6449,10,True,-1.0,2.5,2024-11-01,2024-07-01,,1.0,1604.183105367059,0.0,21656.471922455297,0.0,1604.183105367059,0.0
ST_VA10cm,xgb,0.95,1.6449,10,True,-1.0,5.0,2024-11-01,2024-07-01,,1.0,1604.183105367059,0.0,25666.929685872943,0.0,1604.183105367059,0.0
ST_VA10cm,xgb,0.95,1.6449,10,True,-1.0,0.0,2024-12-01,2024-07-01,,1.0,1604.1831053670587,0.0,19250.197264404705,0.0,1604.183105367059,0.0
ST_VA7cm,arima,0.95,1.6449,10,True,-1.0,2.5,2024-11-01,2024-07-01,1.0,1.0,41950.19627698062,0.0,497745.83155742014,74000.0,14517.469004253348,0.0
ST_VA7cm,arima,0.95,1.6449,10,True,-1.0,5.0,2024-11-01,2024-07-01,1.0,1.0,41950.19627698062,0.0,534039.5040680536,74000.0,14517.469004253348,0.0
ST_VA7cm,arima,0.95,1.6449,10,True,-1.0,0.0,2024-12-01,2024-07-01,1.0,1.0,39664.13567092001,0.0,475969.6280510401,74000.0,14517.469004253348,0.0
ST_VA7cm,croston,0.95,1.6449,10,True,-1.0,2.5,2024-11-01,2024-07-01,1.0,1.0,31316.263783016588,0.0,389333.1974343603,74000.0,17941.718328471135,0.0
ST_VA7cm,croston,0.95,1.6449,10,True,-1.0,5.0,2024-11-01,2024-07-01,1.0,1.0,31316.263783016588,0.0,434187.4932555381,74000.0,17941.718328471135,0.0
ST_VA7cm,croston,0.95,1.6449,10,True,-1.0,0.0,2024-12-01,2024-07-01,1.0,1.0,30201.718328471132,0.0,362420.61994165357,74000.0,17941.718328471135,0.0
ST_VA7cm,hybrid,0.95,1.6449,10,True,-1.0,2.5,2024-11-01,2024-07-01,0.7401508831269026,0.75,21218.01431452141,4446.848963130623,722551.543404104,74000.0,0.0,0.0
ST_VA7cm,hybrid,0.95,1.6449,10,True,-1.0,5.0,2024-11-01,2024-07-01,0.7401508831269026,0.75,21218.01431452141,4446.848963130623,722551.543404104,74000.0,0.0,0.0
ST_VA7cm,hybrid,0.95,1.6449,10,True,-1.0,0.0,2024-12-01,2024-07-01,0.7401508831269026,0.75,19449.84645497796,4512.014436920505,774839.8898901962,74000.0,0.0,0.0
ST_VA7cm,mitra,0.95,1.6449,10,True,-1.0,2.5,2024-11-01,2024-07-01,0.967552709070157,0.75,21759.100385520418,436.56355069243267,319269.3459948712,74000.0,12758.90047119162,0.0
ST_VA7cm,mitra,0.95,1.6449,10,True,-1.0,5.0,2024-11-01,2024-07-01,0.967552709070157,0.75,21759.100385520418,436.56355069243267,351166.5971728503,74000.0,12758.90047119162,0.0
ST_VA7cm,mitra,0.95,1.6449,10,True,-1.0,0.0,2024-12-01,2024-07-01,0.967552709070157,0.75,21009.083725993016,400.1832548013966,300130.9952880838,74000.0,12758.90047119162,0.0
ST_VA7cm,naive,0.95,1.6449,10,True,-1.0,2.5,2024-11-01,2024-07-01,1.0,1.0,49148.16413470358,0.0,579863.8521821346,74000.0,15693.61868015812,0.0
ST_VA7cm,naive,0.95,1.6449,10,True,-1.0,5.0,2024-11-01,2024-07-01,1.0,1.0,49148.16413470358,0.0,619097.8988825299,74000.0,15693.61868015812,0.0
ST_VA7cm,naive,0.95,1.6449,10,True,-1.0,0.0,2024-12-01,2024-07-01,1.0,1.0,46360.28534682479,0.0,556323.4241618975,74000.0,15693.61868015812,0.0
ST_VA7cm,rf,0.95,1.6449,10,True,-1.0,2.5,2024-11-01,2024-07-01,0.9319443291472224,0.75,32948.62938291365,915.6581169282806,500267.0169663971,74000.0,14843.880356894457,0.0
ST_VA7cm,rf,0.95,1.6449,10,True,-1.0,5.0,2024-11-01,2024-07-01,0.9319443291472224,0.75,32948.62938291365,915.6581169282806,537376.7178586333,74000.0,14843.880356894457,0.0
ST_VA7cm,rf,0.95,1.6449,10,True,-1.0,0.0,2024-12-01,2024-07-01,0.9319443291472224,0.75,31439.90029741205,839.3532738509239,478001.19643105543,74000.0,14843.880356894457,0.0
ST_VA7cm,sba,0.95,1.6449,10,True,-1.0,2.5,2024-11-01,2024-07-01,1.0,1.0,28300.52508584419,0.0,349038.90684071474,74000.0,15093.252358571466,0.0
ST_VA7cm,sba,0.95,1.6449,10,True,-1.0,5.0,2024-11-01,2024-07-01,1.0,1.0,28300.52508584419,0.0,386772.0377371434,74000.0,15093.252358571466,0.0
ST_VA7cm,sba,0.95,1.6449,10,True,-1.0,0.0,2024-12-01,2024-07-01,1.0,1.0,27199.919025238127,0.0,326399.02830285754,74000.0,15093.252358571466,0.0
ST_VA7cm,ses,0.95,1.6449,10,True,-1.0,2.5,2024-11-01,2024-07-01,0.8734551808603508,0.75,29418.28640481761,1702.6030211516443,537326.6912388395,74000.0,10575.683383665957,0.0
ST_VA7cm,ses,0.95,1.6449,10,True,-1.0,5.0,2024-11-01,2024-07-01,0.8734551808603508,0.75,29418.28640481761,1702.6030211516443,563765.8996980044,74000.0,10575.683383665957,0.0
ST_VA7cm,ses,0.95,1.6449,10,True,-1.0,0.0,2024-12-01,2024-07-01,0.8734551808603508,0.75,27848.069486388307,1560.719436055674,521463.16616334056,74000.0,10575.683383665957,0.0
ST_VA7cm,tsb,0.95,1.6449,10,True,-1.0,2.5,2024-11-01,2024-07-01,0.8110647861323891,0.75,25469.922505833736,2542.0374229460376,572340.2495227273,74000.0,5018.794173796792,0.0
ST_VA7cm,tsb,0.95,1.6449,10,True,-1.0,5.0,2024-11-01,2024-07-01,0.8110647861323891,0.75,25469.922505833736,2542.0374229460376,584887.2349572193,74000.0,5018.794173796792,0.0
ST_VA7cm,tsb,0.95,1.6449,10,True,-1.0,0.0,2024-12-01,2024-07-01,0.8110647861323891,0.75,23765.661811497324,2330.200971033868,564812.058262032,74000.0,5018.794173796792,0.0
ST_VA7cm,xgb,0.95,1.6449,10,True,-1.0,2.5,2024-11-01,2024-07-01,0.7321945451560101,0.75,20843.34312643757,6042.764966711,893980.9207290232,74000.0,0.0,0.0
ST_VA7cm,xgb,0.95,1.6449,10,True,-1.0,5.0,2024-11-01,2024-07-01,0.7321945451560101,0.75,20843.34312643757,6042.764966711,893980.9207290232,74000.0,0.0,0.0
ST_VA7cm,xgb,0.95,1.6449,10,True,-1.0,0.0,2024-12-01,2024-07-01,0.7321945451560101,0.75,19106.397865901105,6657.334857689687,1028156.9573135758,74000.0,0.0,0.0
ST_VA7cmbox,arima,0.95,1.6449,10,True,-1.0,2.5,2024-11-01,2024-07-01,,1.0,59460.0,0.0,802710.0,0.0,59460.0,0.0
ST_VA7cmbox,arima,0.95,1.6449,10,True,-1.0,5.0,2024-11-01,2024-07-01,,1.0,59460.0,0.0,951360.0,0.0,59460.0,0.0
ST_VA7cmbox,arima,0.95,1.6449,10,True,-1.0,0.0,2024-12-01,2024-07-01,,1.0,59460.0,0.0,713520.0,0.0,59460.0,0.0
ST_VA7cmbox,croston,0.95,1.6449,10,True,-1.0,2.5,2024-11-01,2024-07-01,,1.0,188200.0,0.0,2599200.0,0.0,211600.0,0.0
ST_VA7cmbox,croston,0.95,1.6449,10,True,-1.0,5.0,2024-11-01,2024-07-01,,1.0,188200.0,0.0,3128200.0,0.0,211600.0,0.0
ST_VA7cmbox,croston,0.95,1.6449,10,True,-1.0,0.0,2024-12-01,2024-07-01,,1.0,190150.0,0.0,2281800.0,0.0,211600.0,0.0
ST_VA7cmbox,hybrid,0.95,1.6449,10,True,-1.0,2.5,2024-11-01,2024-07-01,,1.0,21681.536360543076,0.0,292700.7408673315,0.0,21681.536360543076,0.0
ST_VA7cmbox,hybrid,0.95,1.6449,10,True,-1.0,5.0,2024-11-01,2024-07-01,,1.0,21681.536360543076,0.0,346904.5817686892,0.0,21681.536360543076,0.0
ST_VA7cmbox,hybrid,0.95,1.6449,10,True,-1.0,0.0,2024-12-01,2024-07-01,,1.0,21681.536360543076,0.0,260178.4363265169,0.0,21681.536360543076,0.0
ST_VA7cmbox,mitra,0.95,1.6449,10,True,-1.0,2.5,2024-11-01,2024-07-01,,1.0,19100.0,0.0,257850.0,0.0,19100.0,0.0
ST_VA7cmbox,mitra,0.95,1.6449,10,True,-1.0,5.0,2024-11-01,2024-07-01,,1.0,19100.0,0.0,305600.0,0.0,19100.0,0.0
ST_VA7cmbox,mitra,0.95,1.6449,10,True,-1.0,0.0,2024-12-01,2024-07-01,,1.0,19100.0,0.0,229200.0,0.0,19100.0,0.0
ST_VA7cmbox,naive,0.95,1.6449,10,True,-1.0,2.5,2024-11-01,2024-07-01,,1.0,41620.0,0.0,561870.0,0.0,41620.0,0.0
ST_VA7cmbox,naive,0.95,1.6449,10,True,-1.0,5.0,2024-11-01,2024-07-01,,1.0,41620.0,0.0,665920.0,0.0,41620.0,0.0
ST_VA7cmbox,naive,0.95,1.6449,10,True,-1.0,0.0,2024-12-01,2024-07-01,,1.0,41620.0,0.0,499440.0,0.0,41620.0,0.0
ST_VA7cmbox,rf,0.95,1.6449,10,True,-1.0,2.5,2024-11-01,2024-07-01,,1.0,30159.218458459898,0.0,407149.4491892086,0.0,30159.2184584599,0.0
ST_VA7cmbox,rf,0.95,1.6449,10,True,-1.0,5.0,2024-11-01,2024-07-01,,1.0,30159.218458459898,0.0,482547.49533535837,0.0,30159.2184584599,0.0
ST_VA7cmbox,rf,0.95,1.6449,10,True,-1.0,0.0,2024-12-01,2024-07-01,,1.0,30159.218458459898,0.0,361910.62150151876,0.0,30159.2184584599,0.0
ST_VA7cmbox,sba,0.95,1.6449,10,True,-1.0,2.5,2024-11-01,2024-07-01,,1.0,178889.0909090909,0.0,2470330.0,0.0,201020.0,0.0
ST_VA7cmbox,sba,0.95,1.6449,10,True,-1.0,5.0,2024-11-01,2024-07-01,,1.0,178889.0909090909,0.0,2972880.0,0.0,201020.0,0.0
ST_VA7cmbox,sba,0.95,1.6449,10,True,-1.0,0.0,2024-12-01,2024-07-01,,1.0,180733.33333333334,0.0,2168800.0,0.0,201020.0,0.0
ST_VA7cmbox,ses,0.95,1.6449,10,True,-1.0,2.5,2024-11-01,2024-07-01,,1.0,20200.0,0.0,272700.0,0.0,20200.0,0.0
ST_VA7cmbox,ses,0.95,1.6449,10,True,-1.0,5.0,2024-11-01,2024-07-01,,1.0,20200.0,0.0,323200.0,0.0,20200.0,0.0
ST_VA7cmbox,ses,0.95,1.6449,10,True,-1.0,0.0,2024-12-01,2024-07-01,,1.0,20200.0,0.0,242400.0,0.0,20200.0,0.0
ST_VA7cmbox,tsb,0.95,1.6449,10,True,-1.0,2.5,2024-11-01,2024-07-01,,1.0,22140.0,0.0,298890.0,0.0,22140.0,0.0
ST_VA7cmbox,tsb,0.95,1.6449,10,True,-1.0,5.0,2024-11-01,2024-07-01,,1.0,22140.0,0.0,354240.0,0.0,22140.0,0.0
ST_VA7cmbox,tsb,0.95,1.6449,10,True,-1.0,0.0,2024-12-01,2024-07-01,,1.0,22140.0,0.0,265680.0,0.0,22140.0,0.0
ST_VA7cmbox,xgb,0.95,1.6449,10,True,-1.0,2.5,2024-11-01,2024-07-01,,1.0,17004.69044896035,0.0,229563.32106096472,0.0,17004.69044896035,0.0
ST_VA7cmbox,xgb,0.95,1.6449,10,True,-1.0,5.0,2024-11-01,2024-07-01,,1.0,17004.69044896035,0.0,272075.0471833656,0.0,17004.69044896035,0.0
ST_VA7cmbox,xgb,0.95,1.6449,10,True,-1.0,0.0,2024-12-01,2024-07-01,,1.0,17004.69044896035,0.0,204056.2853875242,0.0,17004.69044896035,0.0
ST_VA7cmrej,arima,0.95,1.6449,10,True,-1.0,2.5,2024-11-01,2024-07-01,,1.0,37180.0,0.0,501930.0,0.0,37180.0,0.0
ST_VA7cmrej,arima,0.95,1.6449,10,True,-1.0,5.0,2024-11-01,2024-07-01,,1.0,37180.0,0.0,594880.0,0.0,37180.0,0.0
ST_VA7cmrej,arima,0.95,1.6449,10,True,-1.0,0.0,2024-12-01,2024-07-01,,1.0,37180.0,0.0,446160.0,0.0,37180.0,0.0
ST_VA7cmrej,croston,0.95,1.6449,10,True,-1.0,2.5,2024-11-01,2024-07-01,,1.0,117632.72727272728,0.0,1624610.0,0.0,132260.0,0.0
ST_VA7cmrej,croston,0.95,1.6449,10,True,-1.0,5.0,2024-11-01,2024-07-01,,1.0,117632.72727272728,0.0,1955260.0,0.0,132260.0,0.0
ST_VA7cmrej,croston,0.95,1.6449,10,True,-1.0,0.0,2024-12-01,2024-07-01,,1.0,118851.66666666667,0.0,1426220.0,0.0,132260.0,0.0
ST_VA7cmrej,hybrid,0.95,1.6449,10,True,-1.0,2.5,2024-11-01,2024-07-01,,1.0,14796.266112129988,0.0,199749.59251375482,0.0,14796.266112129988,0.0
ST_VA7cmrej,hybrid,0.95,1.6449,10,True,-1.0,5.0,2024-11-01,2024-07-01,,1.0,14796.266112129988,0.0,236740.25779407978,0.0,14796.266112129988,0.0
ST_VA7cmrej,hybrid,0.95,1.6449,10,True,-1.0,0.0,2024-12-01,2024-07-01,,1.0,14796.266112129988,0.0,177555.19334555985,0.0,14796.266112129988,0.0
ST_VA7cmrej,mitra,0.95,1.6449,10,True,-1.0,2.5,2024-11-01,2024-07-01,,1.0,12054.545454545454,0.0,163350.0,0.0,12300.0,0.0
ST_VA7cmrej,mitra,0.95,1.6449,10,True,-1.0,5.0,2024-11-01,2024-07-01,,1.0,12054.545454545454,0.0,194100.0,0.0,12300.0,0.0
ST_VA7cmrej,mitra,0.95,1.6449,10,True,-1.0,0.0,2024-12-01,2024-07-01,,1.0,12075.0,0.0,144900.0,0.0,12300.0,0.0
ST_VA7cmrej,naive,0.95,1.6449,10,True,-1.0,2.5,2024-11-01,2024-07-01,,1.0,26020.0,0.0,351270.0,0.0,26020.0,0.0
ST_VA7cmrej,naive,0.95,1.6449,10,True,-1.0,5.0,2024-11-01,2024-07-01,,1.0,26020.0,0.0,416320.0,0.0,26020.0,0.0
ST_VA7cmrej,naive,0.95,1.6449,10,True,-1.0,0.0,2024-12-01,2024-07-01,,1.0,26020.0,0.0,312240.0,0.0,26020.0,0.0
ST_VA7cmrej,rf,0.95,1.6449,10,True,-1.0,2.5,2024-11-01,2024-07-01,,1.0,17424.302323760403,0.0,235228.08137076546,0.0,17424.302323760403,0.0
ST_VA7cmrej,rf,0.95,1.6449,10,True,-1.0,5.0,2024-11-01,2024-07-01,,1.0,17424.302323760403,0.0,278788.83718016645,0.0,17424.302323760403,0.0
ST_VA7cmrej,rf,0.95,1.6449,10,True,-1.0,0.0,2024-12-01,2024-07-01,,1.0,17424.302323760403,0.0,209091.62788512485,0.0,17424.302323760403,0.0
ST_VA7cmrej,sba,0.95,1.6449,10,True,-1.0,2.5,2024-11-01,2024-07-01,,1.0,111810.90909090909,0.0,1544020.0,0.0,125640.0,0.0
ST_VA7cmrej,sba,0.95,1.6449,10,True,-1.0,5.0,2024-11-01,2024-07-01,,1.0,111810.90909090909,0.0,1858120.0,0.0,125640.0,0.0
ST_VA7cmrej,sba,0.95,1.6449,10,True,-1.0,0.0,2024-12-01,2024-07-01,,1.0,112963.33333333333,0.0,1355560.0,0.0,125640.0,0.0
ST_VA7cmrej,ses,0.95,1.6449,10,True,-1.0,2.5,2024-11-01,2024-07-01,,1.0,12620.0,0.0,170370.0,0.0,12620.0,0.0
ST_VA7cmrej,ses,0.95,1.6449,10,True,-1.0,5.0,2024-11-01,2024-07-01,,1.0,12620.0,0.0,201920.0,0.0,12620.0,0.0
ST_VA7cmrej,ses,0.95,1.6449,10,True,-1.0,0.0,2024-12-01,2024-07-01,,1.0,12620.0,0.0,151440.0,0.0,12620.0,0.0
ST_VA7cmrej,tsb,0.95,1.6449,10,True,-1.0,2.5,2024-11-01,2024-07-01,,1.0,13840.0,0.0,186840.0,0.0,13840.0,0.0
ST_VA7cmrej,tsb,0.95,1.6449,10,True,-1.0,5.0,2024-11-01,2024-07-01,,1.0,13840.0,0.0,221440.0,0.0,13840.0,0.0
ST_VA7cmrej,tsb,0.95,1.6449,10,True,-1.0,0.0,2024-12-01,2024-07-01,,1.0,13840.0,0.0,166080.0,0.0,13840.0,0.0
ST_VA7cmrej,xgb,0.95,1.6449,10,True,-1.0,2.5,2024-11-01,2024-07-01,,1.0,10638.740583093228,0.0,143636.63423539494,0.0,10644.195128547775,0.0
ST_VA7cmrej,xgb,0.95,1.6449,10,True,-1.0,5.0,2024-11-01,2024-07-01,,1.0,10638.740583093228,0.0,170247.12205676438,0.0,10644.195128547775,0.0
ST_VA7cmrej,xgb,0.95,1.6449,10,True,-1.0,0.0,2024-12-01,2024-07-01,,1.0,10639.195128547773,0.0,127670.34154257328,0.0,10644.195128547775,0.0
BR_1.0-1.5,mitra,0.95,1.6449,2,True,0.1,0.0,2024-11-01,2024-07-01,0.33458264621125033,0.0,5798.863636363626,48274.24242424245,1125820.833333334,500275.0,21329.166666666628,0.0
BR_1.0-1.5,mitra,0.95,1.6449,5,True,0.1,0.0,2024-11-01,2024-07-01,0.33458264621125033,0.0,5798.863636363626,48274.24242424245,2718870.833333335,500275.0,21329.166666666628,0.0
BR_1.0-1.5,mitra,0.95,1.6449,10,True,0.1,0.0,2024-11-01,2024-07-01,0.33458264621125033,0.0,5798.863636363626,48274.24242424245,5373954.16666667,500275.0,21329.166666666628,0.0
BR_1.0-1.5,mitra,0.95,1.6449,20,True,0.1,0.0,2024-11-01,2024-07-01,0.33458264621125033,0.0,5798.863636363626,48274.24242424245,10684120.83333334,500275.0,21329.166666666628,0.0
BR_1.0-1.5,mitra,0.95,1.6449,50,True,0.1,0.0,2024-11-01,2024-07-01,0.33458264621125033,0.0,5798.863636363626,48274.24242424245,26614620.83333335,500275.0,21329.166666666628,0.0
BR_1.0-1.5,mitra,0.95,1.6449,10,True,0.1,2.5,2024-11-01,2024-07-01,0.33458264621125033,0.0,5798.863636363626,48274.24242424245,5427277.083333337,500275.0,21329.166666666628,0.0
BR_1.0-1.5,mitra,0.95,1.6449,10,True,0.1,5.0,2024-11-01,2024-07-01,0.33458264621125033,0.0,5798.863636363626,48274.24242424245,5480600.000000003,500275.0,21329.166666666628,0.0
BR_1.0-1.5,mitra,0.95,1.6449,10,True,0.1,0.0,2024-12-01,2024-07-01,0.359247096897011,0.0,5315.62499999999,44559.37500000003,5410912.500000004,525300.0,0.0,0.0
BR_1.0-1.5,mitra,0.95,1.6449,2,True,0.2,0.0,2024-11-01,2024-07-01,0.3521063415121683,0.0,7000.0,45304.545454545456,1073700.0,500275.0,25500.0,0.0
BR_1.0-1.5,mitra,0.95,1.6449,5,True,0.2,0.0,2024-11-01,2024-07-01,0.3521063415121683,0.0,7000.0,45304.545454545456,2568750.0,500275.0,25500.0,0.0
BR_1.0-1.5,mitra,0.95,1.6449,10,True,0.2,0.0,2024-11-01,2024-07-01,0.3521063415121683,0.0,7000.0,45304.545454545456,5060500.0,500275.0,25500.0,0.0
BR_1.0-1.5,mitra,0.95,1.6449,20,True,0.2,0.0,2024-11-01,2024-07-01,0.3521063415121683,0.0,7000.0,45304.545454545456,10044000.0,500275.0,25500.0,0.0
BR_1.0-1.5,mitra,0.95,1.6449,50,True,0.2,0.0,2024-11-01,2024-07-01,0.3521063415121683,0.0,7000.0,45304.545454545456,24994500.0,500275.0,25500.0,0.0
BR_1.0-1.5,mitra,0.95,1.6449,10,True,0.2,2.5,2024-11-01,2024-07-01,0.3521063415121683,0.0,7000.0,45304.545454545456,5124250.0,500275.0,25500.0,0.0
BR_1.0-1.5,mitra,0.95,1.6449,10,True,0.2,5.0,2024-11-01,2024-07-01,0.3521063415121683,0.0,7000.0,45304.545454545456,5188000.0,500275.0,25500.0,0.0
BR_1.0-1.5,mitra,0.95,1.6449,10,True,0.2,0.0,2024-12-01,2024-07-01,0.38297163525604416,0.0,6456.25,41529.166666666664,5060975.0,525300.0,475.0,0.0
BR_1.0-1.5,mitra,0.95,1.6449,2,True,0.3,0.0,2024-11-01,2024-07-01,0.527185048223477,0.25,20679.545454545445,29788.257575757583,882816.6666666667,500275.0,54695.833333333314,0.0
BR_1.0-1.5,mitra,0.95,1.6449,5,True,0.3,0.0,2024-11-01,2024-07-01,0.527185048223477,0.25,20679.545454545445,29788.257575757583,1865829.166666667,500275.0,54695.833333333314,0.0
BR_1.0-1.5,mitra,0.95,1.6449,10,True,0.3,0.0,2024-11-01,2024-07-01,0.527185048223477,0.25,20679.545454545445,29788.257575757583,3504183.3333333344,500275.0,54695.833333333314,0.0
BR_1.0-1.5,mitra,0.95,1.6449,20,True,0.3,0.0,2024-11-01,2024-07-01,0.527185048223477,0.25,20679.545454545445,29788.257575757583,6780891.666666669,500275.0,54695.833333333314,0.0
BR_1.0-1.5,mitra,0.95,1.6449,50,True,0.3,0.0,2024-11-01,2024-07-01,0.527185048223477,0.25,20679.545454545445,29788.257575757583,16611016.666666672,500275.0,54695.833333333314,0.0
BR_1.0-1.5,mitra,0.95,1.6449,10,True,0.3,2.5,2024-11-01,2024-07-01,0.527185048223477,0.25,20679.545454545445,29788.257575757583,3640922.916666668,500275.0,54695.833333333314,0.0
BR_1.0-1.5,mitra,0.95,1.6449,10,True,0.3,5.0,2024-11-01,2024-07-01,0.527185048223477,0.25,20679.545454545445,29788.257575757583,3777662.500000001,500275.0,54695.833333333314,0.0
BR_1.0-1.5,mitra,0.95,1.6449,10,True,0.3,0.0,2024-12-01,2024-07-01,0.5497096897011231,0.25,21428.819444444434,27305.902777777785,3533854.1666666674,525300.0,29670.833333333314,0.0
BR_1.7-2.2,mitra,0.95,1.6449,2,True,0.1,0.0,2024-11-01,2024-07-01,0.843584240001974,0.25,25840.53030303033,9606.060606060591,495579.1666666666,675550.0,0.0,0.0
BR_1.7-2.2,mitra,0.95,1.6449,5,True,0.1,0.0,2024-11-01,2024-07-01,0.843584240001974,0.25,25840.53030303033,9606.060606060591,812579.1666666662,675550.0,0.0,0.0
BR_1.7-2.2,mitra,0.95,1.6449,10,True,0.1,0.0,2024-11-01,2024-07-01,0.843584240001974,0.25,25840.53030303033,9606.060606060591,1340912.4999999986,675550.0,0.0,0.0
BR_1.7-2.2,mitra,0.95,1.6449,20,True,0.1,0.0,2024-11-01,2024-07-01,0.843584240001974,0.25,25840.53030303033,9606.060606060591,2397579.1666666637,675550.0,0.0,0.0
BR_1.7-2.2,mitra,0.95,1.6449,50,True,0.1,0.0,2024-11-01,2024-07-01,0.843584240001974,0.25,25840.53030303033,9606.060606060591,5567579.1666666595,675550.0,0.0,0.0
BR_1.7-2.2,mitra,0.95,1.6449,10,True,0.1,2.5,2024-11-01,2024-07-01,0.843584240001974,0.25,25840.53030303033,9606.060606060591,1340912.4999999986,675550.0,0.0,0.0
BR_1.7-2.2,mitra,0.95,1.6449,10,True,0.1,5.0,2024-11-01,2024-07-01,0.843584240001974,0.25,25840.53030303033,9606.060606060591,1340912.4999999986,675550.0,0.0,0.0
BR_1.7-2.2,mitra,0.95,1.6449,10,True,0.1,0.0,2024-12-01,2024-07-01,0.8134798848523781,0.25,23687.1527777778,12564.236111111095,1791954.166666665,700550.0,0.0,0.0
BR_1.7-2.2,mitra,0.95,1.6449,2,True,0.2,0.0,2024-11-01,2024-07-01,0.964029309451558,0.75,39297.727272727294,2209.0909090909063,480875.0000000002,675550.0,750.0000000000291,0.0
BR_1.7-2.2,mitra,0.95,1.6449,5,True,0.2,0.0,2024-11-01,2024-07-01,0.964029309451558,0.75,39297.727272727294,2209.0909090909063,553775.0000000001,675550.0,750.0000000000291,0.0
BR_1.7-2.2,mitra,0.95,1.6449,10,True,0.2,0.0,2024-11-01,2024-07-01,0.964029309451558,0.75,39297.727272727294,2209.0909090909063,675275.0,675550.0,750.0000000000291,0.0
BR_1.7-2.2,mitra,0.95,1.6449,20,True,0.2,0.0,2024-11-01,2024-07-01,0.964029309451558,0.75,39297.727272727294,2209.0909090909063,918274.9999999997,675550.0,750.0000000000291,0.0
BR_1.7-2.2,mitra,0.95,1.6449,50,True,0.2,0.0,2024-11-01,2024-07-01,0.964029309451558,0.75,39297.727272727294,2209.0909090909063,1647274.9999999988,675550.0,750.0000000000291,0.0
BR_1.7-2.2,mitra,0.95,1.6449,10,True,0.2,2.5,2024-11-01,2024-07-01,0.964029309451558,0.75,39297.727272727294,2209.0909090909063,677150.0000000001,675550.0,750.0000000000291,0.0
BR_1.7-2.2,mitra,0.95,1.6449,10,True,0.2,5.0,2024-11-01,2024-07-01,0.964029309451558,0.75,39297.727272727294,2209.0909090909063,679025.0000000001,675550.0,750.0000000000291,0.0
BR_1.7-2.2,mitra,0.95,1.6449,10,True,0.2,0.0,2024-12-01,2024-07-01,0.9306973092570123,0.75,36022.916666666686,4045.8333333333285,917774.9999999997,700550.0,0.0,0.0
BR_1.7-2.2,mitra,0.95,1.6449,2,True,0.3,0.0,2024-11-01,2024-07-01,0.9948992179212002,0.75,58256.06060606064,313.257575757574,647708.3333333336,675550.0,21604.166666666686,0.0
BR_1.7-2.2,mitra,0.95,1.6449,5,True,0.3,0.0,2024-11-01,2024-07-01,0.9948992179212002,0.75,58256.06060606064,313.257575757574,658045.8333333335,675550.0,21604.166666666686,0.0
BR_1.7-2.2,mitra,0.95,1.6449,10,True,0.3,0.0,2024-11-01,2024-07-01,0.9948992179212002,0.75,58256.06060606064,313.257575757574,675275.0000000001,675550.0,21604.166666666686,0.0
BR_1.7-2.2,mitra,0.95,1.6449,20,True,0.3,0.0,2024-11-01,2024-07-01,0.9948992179212002,0.75,58256.06060606064,313.257575757574,709733.3333333333,675550.0,21604.166666666686,0.0
BR_1.7-2.2,mitra,0.95,1.6449,50,True,0.3,0.0,2024-11-01,2024-07-01,0.9948992179212002,0.75,58256.06060606064,313.257575757574,813108.3333333327,675550.0,21604.166666666686,0.0
BR_1.7-2.2,mitra,0.95,1.6449,10,True,0.3,2.5,2024-11-01,2024-07-01,0.9948992179212002,0.75,58256.06060606064,313.257575757574,729285.4166666669,675550.0,21604.166666666686,0.0
BR_1.7-2.2,mitra,0.95,1.6449,10,True,0.3,5.0,2024-11-01,2024-07-01,0.9948992179212002,0.75,58256.06060606064,313.257575757574,783295.8333333335,675550.0,21604.166666666686,0.0
BR_1.7-2.2,mitra,0.95,1.6449,10,True,0.3,0.0,2024-12-01,2024-07-01,0.9902338638688651,0.75,53401.38888888891,570.1388888888856,709233.3333333333,700550.0,0.0,0.0
BR_2.1-2.6,mitra,0.95,1.6449,2,True,0.1,0.0,2024-11-01,2024-07-01,0.6981981981981983,0.0,33745.83333333334,25688.541666666653,936352.0833333331,925925.0,0.0,0.0
BR_2.1-2.6,mitra,0.95,1.6449,5,True,0.1,0.0,2024-11-01,2024-07-01,0.6981981981981983,0.0,33745.83333333334,25688.541666666653,1784073.9583333328,925925.0,0.0,0.0
BR_2.1-2.6,mitra,0.95,1.6449,10,True,0.1,0.0,2024-11-01,2024-07-01,0.6981981981981983,0.0,33745.83333333334,25688.541666666653,3196943.749999999,925925.0,0.0,0.0
BR_2.1-2.6,mitra,0.95,1.6449,20,True,0.1,0.0,2024-11-01,2024-07-01,0.6981981981981983,0.0,33745.83333333334,25688.541666666653,6022683.333333331,925925.0,0.0,0.0
BR_2.1-2.6,mitra,0.95,1.6449,50,True,0.1,0.0,2024-11-01,2024-07-01,0.6981981981981983,0.0,33745.83333333334,25688.541666666653,14499902.083333327,925925.0,0.0,0.0
BR_2.1-2.6,mitra,0.95,1.6449,10,True,0.1,2.5,2024-11-01,2024-07-01,0.6981981981981983,0.0,33745.83333333334,25688.541666666653,3196943.749999999,925925.0,0.0,0.0
BR_2.1-2.6,mitra,0.95,1.6449,10,True,0.1,5.0,2024-11-01,2024-07-01,0.6981981981981983,0.0,33745.83333333334,25688.541666666653,3196943.749999999,925925.0,0.0,0.0
BR_2.1-2.6,mitra,0.95,1.6449,10,True,0.1,0.0,2024-12-01,2024-07-01,0.6458333333333334,0.0,30933.680555555562,31976.388888888876,4208370.833333332,1001000.0,0.0,0.0
BR_2.1-2.6,mitra,0.95,1.6449,2,True,0.2,0.0,2024-11-01,2024-07-01,0.783783783783784,0.5,46637.50000000004,18199.999999999978,913412.5,925925.0,0.0,0.0
BR_2.1-2.6,mitra,0.95,1.6449,5,True,0.2,0.0,2024-11-01,2024-07-01,0.783783783783784,0.5,46637.50000000004,18199.999999999978,1514012.4999999993,925925.0,0.0,0.0
BR_2.1-2.6,mitra,0.95,1.6449,10,True,0.2,0.0,2024-11-01,2024-07-01,0.783783783783784,0.5,46637.50000000004,18199.999999999978,2515012.499999998,925925.0,0.0,0.0
BR_2.1-2.6,mitra,0.95,1.6449,20,True,0.2,0.0,2024-11-01,2024-07-01,0.783783783783784,0.5,46637.50000000004,18199.999999999978,4517012.499999995,925925.0,0.0,0.0
BR_2.1-2.6,mitra,0.95,1.6449,50,True,0.2,0.0,2024-11-01,2024-07-01,0.783783783783784,0.5,46637.50000000004,18199.999999999978,10523012.499999989,925925.0,0.0,0.0
BR_2.1-2.6,mitra,0.95,1.6449,10,True,0.2,2.5,2024-11-01,2024-07-01,0.783783783783784,0.5,46637.50000000004,18199.999999999978,2515012.499999998,925925.0,0.0,0.0
BR_2.1-2.6,mitra,0.95,1.6449,10,True,0.2,5.0,2024-11-01,2024-07-01,0.783783783783784,0.5,46637.50000000004,18199.999999999978,2515012.499999998,925925.0,0.0,0.0
BR_2.1-2.6,mitra,0.95,1.6449,10,True,0.2,0.0,2024-12-01,2024-07-01,0.7250000000000002,0.5,42751.0416666667,23982.291666666642,3390887.4999999977,1001000.0,0.0,0.0
BR_2.1-2.6,mitra,0.95,1.6449,2,True,0.3,0.0,2024-11-01,2024-07-01,0.9211711711711713,0.75,73653.12500000003,6635.41666666666,956163.5416666669,925925.0,26067.708333333372,0.0
BR_2.1-2.6,mitra,0.95,1.6449,5,True,0.3,0.0,2024-11-01,2024-07-01,0.9211711711711713,0.75,73653.12500000003,6635.41666666666,1175132.2916666665,925925.0,26067.708333333372,0.0
BR_2.1-2.6,mitra,0.95,1.6449,10,True,0.3,0.0,2024-11-01,2024-07-01,0.9211711711711713,0.75,73653.12500000003,6635.41666666666,1540080.208333333,925925.0,26067.708333333372,0.0
BR_2.1-2.6,mitra,0.95,1.6449,20,True,0.3,0.0,2024-11-01,2024-07-01,0.9211711711711713,0.75,73653.12500000003,6635.41666666666,2269976.0416666656,925925.0,26067.708333333372,0.0
BR_2.1-2.6,mitra,0.95,1.6449,50,True,0.3,0.0,2024-11-01,2024-07-01,0.9211711711711713,0.75,73653.12500000003,6635.41666666666,4459663.541666663,925925.0,26067.708333333372,0.0
BR_2.1-2.6,mitra,0.95,1.6449,10,True,0.3,2.5,2024-11-01,2024-07-01,0.9211711711711713,0.75,73653.12500000003,6635.41666666666,1605249.4791666665,925925.0,26067.708333333372,0.0
BR_2.1-2.6,mitra,0.95,1.6449,10,True,0.3,5.0,2024-11-01,2024-07-01,0.9211711711711713,0.75,73653.12500000003,6635.41666666666,1670418.75,925925.0,26067.708333333372,0.0
BR_2.1-2.6,mitra,0.95,1.6449,10,True,0.3,0.0,2024-12-01,2024-07-01,0.8781250000000002,0.75,67515.36458333336,10166.40624999999,2030153.124999999,1001000.0,0.0,0.0
BR_2.6-3.1,mitra,0.95,1.6449,2,True,0.1,0.0,2024-11-01,2024-07-01,0.9444444444444443,0.75,37158.33333333332,379.1666666666669,417083.3333333332,75075.0,45879.16666666666,0.0
BR_2.6-3.1,mitra,0.95,1.6449,5,True,0.1,0.0,2024-11-01,2024-07-01,0.9444444444444443,0.75,37158.33333333332,379.1666666666669,429595.8333333332,75075.0,45879.16666666666,0.0
BR_2.6-3.1,mitra,0.95,1.6449,10,True,0.1,0.0,2024-11-01,2024-07-01,0.9444444444444443,0.75,37158.33333333332,379.1666666666669,450449.9999999999,75075.0,45879.16666666666,0.0
BR_2.6-3.1,mitra,0.95,1.6449,20,True,0.1,0.0,2024-11-01,2024-07-01,0.9444444444444443,0.75,37158.33333333332,379.1666666666669,492158.33333333326,75075.0,45879.16666666666,0.0
BR_2.6-3.1,mitra,0.95,1.6449,50,True,0.1,0.0,2024-11-01,2024-07-01,0.9444444444444443,0.75,37158.33333333332,379.1666666666669,617283.3333333333,75075.0,45879.16666666666,0.0
BR_2.6-3.1,mitra,0.95,1.6449,10,True,0.1,2.5,2024-11-01,2024-07-01,0.9444444444444443,0.75,37158.33333333332,379.1666666666669,565147.9166666665,75075.0,45879.16666666666,0.0
BR_2.6-3.1,mitra,0.95,1.6449,10,True,0.1,5.0,2024-11-01,2024-07-01,0.9444444444444443,0.75,37158.33333333332,379.1666666666669,679845.8333333331,75075.0,45879.16666666666,0.0
BR_2.6-3.1,mitra,0.95,1.6449,10,True,0.1,0.0,2024-12-01,2024-07-01,0.9444444444444443,0.75,37885.06944444443,347.5694444444446,496329.1666666665,75075.0,45879.16666666666,0.0
BR_2.6-3.1,mitra,0.95,1.6449,2,True,0.2,0.0,2024-11-01,2024-07-01,1.0,1.0,40950.0,6.614506921984933e-13,450450.0,75075.0,50050.0,0.0
BR_2.6-3.1,mitra,0.95,1.6449,5,True,0.2,0.0,2024-11-01,2024-07-01,1.0,1.0,40950.0,6.614506921984933e-13,450450.00000000006,75075.0,50050.0,0.0
BR_2.6-3.1,mitra,0.95,1.6449,10,True,0.2,0.0,2024-11-01,2024-07-01,1.0,1.0,40950.0,6.614506921984933e-13,450450.00000000006,75075.0,50050.0,0.0
BR_2.6-3.1,mitra,0.95,1.6449,20,True,0.2,0.0,2024-11-01,2024-07-01,1.0,1.0,40950.0,6.614506921984933e-13,450450.0000000001,75075.0,50050.0,0.0
BR_2.6-3.1,mitra,0.95,1.6449,50,True,0.2,0.0,2024-11-01,2024-07-01,1.0,1.0,40950.0,6.614506921984933e-13,450450.00000000035,75075.0,50050.0,0.0
BR_2.6-3.1,mitra,0.95,1.6449,10,True,0.2,2.5,2024-11-01,2024-07-01,1.0,1.0,40950.0,6.614506921984933e-13,575575.0,75075.0,50050.0,0.0
BR_2.6-3.1,mitra,0.95,1.6449,10,True,0.2,5.0,2024-11-01,2024-07-01,1.0,1.0,40950.0,6.614506921984933e-13,700700.0,75075.0,50050.0,0.0
BR_2.6-3.1,mitra,0.95,1.6449,10,True,0.2,0.0,2024-12-01,2024-07-01,1.0,1.0,41708.333333333336,6.063298011819521e-13,500500.00000000006,75075.0,50050.0,0.0
BR_2.6-3.1,mitra,0.95,1.6449,2,True,0.3,0.0,2024-11-01,2024-07-01,1.0,1.0,45120.83333333332,0.0,496329.16666666657,75075.0,54220.83333333333,0.0
BR_2.6-3.1,mitra,0.95,1.6449,5,True,0.3,0.0,2024-11-01,2024-07-01,1.0,1.0,45120.83333333332,0.0,496329.16666666657,75075.0,54220.83333333333,0.0
BR_2.6-3.1,mitra,0.95,1.6449,10,True,0.3,0.0,2024-11-01,2024-07-01,1.0,1.0,45120.83333333332,0.0,496329.16666666657,75075.0,54220.83333333333,0.0
BR_2.6-3.1,mitra,0.95,1.6449,20,True,0.3,0.0,2024-11-01,2024-07-01,1.0,1.0,45120.83333333332,0.0,496329.16666666657,75075.0,54220.83333333333,0.0
BR_2.6-3.1,mitra,0.95,1.6449,50,True,0.3,0.0,2024-11-01,2024-07-01,1.0,1.0,45120.83333333332,0.0,496329.16666666657,75075.0,54220.83333333333,0.0
BR_2.6-3.1,mitra,0.95,1.6449,10,True,0.3,2.5,2024-11-01,2024-07-01,1.0,1.0,45120.83333333332,0.0,631881.2499999999,75075.0,54220.83333333333,0.0
BR_2.6-3.1,mitra,0.95,1.6449,10,True,0.3,5.0,2024-11-01,2024-07-01,1.0,1.0,45120.83333333332,0.0,767433.3333333333,75075.0,54220.83333333333,0.0
BR_2.6-3.1,mitra,0.95,1.6449,10,True,0.3,0.0,2024-12-01,2024-07-01,1.0,1.0,45879.16666666666,0.0,550549.9999999999,75075.0,54220.83333333333,0.0
BR_3.1-3.6,mitra,0.95,1.6449,2,True,0.1,0.0,2024-11-01,2024-07-01,1.0,1.0,24456.25,1421.875,300300.0,25025.0,9384.375,0.0
BR_3.1-3.6,mitra,0.95,1.6449,5,True,0.1,0.0,2024-11-01,2024-07-01,1.0,1.0,24456.25,1421.875,347221.875,25025.0,9384.375,0.0
BR_3.1-3.6,mitra,0.95,1.6449,10,True,0.1,0.0,2024-11-01,2024-07-01,1.0,1.0,24456.25,1421.875,425425.0,25025.0,9384.375,0.0
BR_3.1-3.6,mitra,0.95,1.6449,20,True,0.1,0.0,2024-11-01,2024-07-01,1.0,1.0,24456.25,1421.875,581831.25,25025.0,9384.375,0.0
BR_3.1-3.6,mitra,0.95,1.6449,50,True,0.1,0.0,2024-11-01,2024-07-01,1.0,1.0,24456.25,1421.875,1051050.0,25025.0,9384.375,0.0
BR_3.1-3.6,mitra,0.95,1.6449,10,True,0.1,2.5,2024-11-01,2024-07-01,1.0,1.0,24456.25,1421.875,448885.9375,25025.0,9384.375,0.0
BR_3.1-3.6,mitra,0.95,1.6449,10,True,0.1,5.0,2024-11-01,2024-07-01,1.0,1.0,24456.25,1421.875,472346.875,25025.0,9384.375,0.0
BR_3.1-3.6,mitra,0.95,1.6449,10,True,0.1,0.0,2024-12-01,2024-07-01,1.0,1.0,23200.260416666668,1303.3854166666667,434809.375,25025.0,9384.375,0.0
BR_3.1-3.6,mitra,0.95,1.6449,2,True,0.2,0.0,2024-11-01,2024-07-01,1.0,1.0,27300.0,1137.5,325325.0,25025.0,12512.5,0.0
BR_3.1-3.6,mitra,0.95,1.6449,5,True,0.2,0.0,2024-11-01,2024-07-01,1.0,1.0,27300.0,1137.5,362862.5,25025.0,12512.5,0.0
BR_3.1-3.6,mitra,0.95,1.6449,10,True,0.2,0.0,2024-11-01,2024-07-01,1.0,1.0,27300.0,1137.5,425425.0,25025.0,12512.5,0.0
BR_3.1-3.6,mitra,0.95,1.6449,20,True,0.2,0.0,2024-11-01,2024-07-01,1.0,1.0,27300.0,1137.5,550550.0,25025.0,12512.5,0.0
BR_3.1-3.6,mitra,0.95,1.6449,50,True,0.2,0.0,2024-11-01,2024-07-01,1.0,1.0,27300.0,1137.5,925925.0,25025.0,12512.5,0.0
BR_3.1-3.6,mitra,0.95,1.6449,10,True,0.2,2.5,2024-11-01,2024-07-01,1.0,1.0,27300.0,1137.5,456706.25,25025.0,12512.5,0.0
BR_3.1-3.6,mitra,0.95,1.6449,10,True,0.2,5.0,2024-11-01,2024-07-01,1.0,1.0,27300.0,1137.5,487987.5,25025.0,12512.5,0.0
BR_3.1-3.6,mitra,0.95,1.6449,10,True,0.2,0.0,2024-12-01,2024-07-01,1.0,1.0,26067.708333333332,1042.7083333333333,437937.5,25025.0,12512.5,0.0
BR_3.1-3.6,mitra,0.95,1.6449,2,True,0.3,0.0,2024-11-01,2024-07-01,1.0,1.0,30143.75,853.125,350350.0,25025.0,15640.625,0.0
BR_3.1-3.6,mitra,0.95,1.6449,5,True,0.3,0.0,2024-11-01,2024-07-01,1.0,1.0,30143.75,853.125,378503.125,25025.0,15640.625,0.0
BR_3.1-3.6,mitra,0.95,1.6449,10,True,0.3,0.0,2024-11-01,2024-07-01,1.0,1.0,30143.75,853.125,425425.0,25025.0,15640.625,0.0
BR_3.1-3.6,mitra,0.95,1.6449,20,True,0.3,0.0,2024-11-01,2024-07-01,1.0,1.0,30143.75,853.125,519268.75,25025.0,15640.625,0.0
BR_3.1-3.6,mitra,0.95,1.6449,50,True,0.3,0.0,2024-11-01,2024-07-01,1.0,1.0,30143.75,853.125,800800.0,25025.0,15640.625,0.0
BR_3.1-3.6,mitra,0.95,1.6449,10,True,0.3,2.5,2024-11-01,2024-07-01,1.0,1.0,30143.75,853.125,464526.5625,25025.0,15640.625,0.0
BR_3.1-3.6,mitra,0.95,1.6449,10,True,0.3,5.0,2024-11-01,2024-07-01,1.0,1.0,30143.75,853.125,503628.125,25025.0,15640.625,0.0
BR_3.1-3.6,mitra,0.95,1.6449,10,True,0.3,0.0,2024-12-01,2024-07-01,1.0,1.0,28935.15625,782.03125,441065.625,25025.0,15640.625,0.0
BR_3.5,mitra,0.95,1.6449,2,True,0.1,0.0,2024-11-01,2024-07-01,0.9444444444444443,0.75,19337.499999999996,758.3333333333338,229395.8333333333,75075.0,20854.166666666664,0.0
BR_3.5,mitra,0.95,1.6449,5,True,0.1,0.0,2024-11-01,2024-07-01,0.9444444444444443,0.75,19337.499999999996,758.3333333333338,254420.8333333333,75075.0,20854.166666666664,0.0
BR_3.5,mitra,0.95,1.6449,10,True,0.1,0.0,2024-11-01,2024-07-01,0.9444444444444443,0.75,19337.499999999996,758.3333333333338,296129.1666666667,75075.0,20854.166666666664,0.0
BR_3.5,mitra,0.95,1.6449,20,True,0.1,0.0,2024-11-01,2024-07-01,0.9444444444444443,0.75,19337.499999999996,758.3333333333338,379545.8333333334,75075.0,20854.166666666664,0.0
BR_3.5,mitra,0.95,1.6449,50,True,0.1,0.0,2024-11-01,2024-07-01,0.9444444444444443,0.75,19337.499999999996,758.3333333333338,629795.8333333336,75075.0,20854.166666666664,0.0
BR_3.5,mitra,0.95,1.6449,10,True,0.1,2.5,2024-11-01,2024-07-01,0.9444444444444443,0.75,19337.499999999996,758.3333333333338,348264.5833333334,75075.0,20854.166666666664,0.0
BR_3.5,mitra,0.95,1.6449,10,True,0.1,5.0,2024-11-01,2024-07-01,0.9444444444444443,0.75,19337.499999999996,758.3333333333338,400400.0,75075.0,20854.166666666664,0.0
BR_3.5,mitra,0.95,1.6449,10,True,0.1,0.0,2024-12-01,2024-07-01,0.9444444444444443,0.75,19463.888888888887,695.1388888888893,316983.3333333334,75075.0,20854.166666666664,0.0
BR_3.5,mitra,0.95,1.6449,2,True,0.2,0.0,2024-11-01,2024-07-01,1.0,1.0,22749.999999999996,1.3229013843969866e-12,250249.99999999997,75075.0,25024.999999999993,0.0
BR_3.5,mitra,0.95,1.6449,5,True,0.2,0.0,2024-11-01,2024-07-01,1.0,1.0,22749.999999999996,1.3229013843969866e-12,250250.0,75075.0,25024.999999999993,0.0
BR_3.5,mitra,0.95,1.6449,10,True,0.2,0.0,2024-11-01,2024-07-01,1.0,1.0,22749.999999999996,1.3229013843969866e-12,250250.0000000001,75075.0,25024.999999999993,0.0
BR_3.5,mitra,0.95,1.6449,20,True,0.2,0.0,2024-11-01,2024-07-01,1.0,1.0,22749.999999999996,1.3229013843969866e-12,250250.00000000023,75075.0,25024.999999999993,0.0
BR_3.5,mitra,0.95,1.6449,50,True,0.2,0.0,2024-11-01,2024-07-01,1.0,1.0,22749.999999999996,1.3229013843969866e-12,250250.00000000067,75075.0,25024.999999999993,0.0
BR_3.5,mitra,0.95,1.6449,10,True,0.2,2.5,2024-11-01,2024-07-01,1.0,1.0,22749.999999999996,1.3229013843969866e-12,312812.50000000006,75075.0,25024.999999999993,0.0
BR_3.5,mitra,0.95,1.6449,10,True,0.2,5.0,2024-11-01,2024-07-01,1.0,1.0,22749.999999999996,1.3229013843969866e-12,375375.00000000006,75075.0,25024.999999999993,0.0
BR_3.5,mitra,0.95,1.6449,10,True,0.2,0.0,2024-12-01,2024-07-01,1.0,1.0,22939.58333333333,1.2126596023639042e-12,275275.0000000001,75075.0,25024.999999999993,0.0
BR_3.5,mitra,0.95,1.6449,2,True,0.3,0.0,2024-11-01,2024-07-01,0.7222222222222222,0.75,12512.499999999995,3791.6666666666674,221054.16666666663,75075.0,4170.8333333333285,0.0
BR_3.5,mitra,0.95,1.6449,5,True,0.3,0.0,2024-11-01,2024-07-01,0.7222222222222222,0.75,12512.499999999995,3791.6666666666674,346179.1666666666,75075.0,4170.8333333333285,0.0
BR_3.5,mitra,0.95,1.6449,10,True,0.3,0.0,2024-11-01,2024-07-01,0.7222222222222222,0.75,12512.499999999995,3791.6666666666674,554720.8333333334,75075.0,4170.8333333333285,0.0
BR_3.5,mitra,0.95,1.6449,20,True,0.3,0.0,2024-11-01,2024-07-01,0.7222222222222222,0.75,12512.499999999995,3791.6666666666674,971804.1666666667,75075.0,4170.8333333333285,0.0
BR_3.5,mitra,0.95,1.6449,50,True,0.3,0.0,2024-11-01,2024-07-01,0.7222222222222222,0.75,12512.499999999995,3791.6666666666674,2223054.166666667,75075.0,4170.8333333333285,0.0
BR_3.5,mitra,0.95,1.6449,10,True,0.3,2.5,2024-11-01,2024-07-01,0.7222222222222222,0.75,12512.499999999995,3791.6666666666674,565147.9166666667,75075.0,4170.8333333333285,0.0
BR_3.5,mitra,0.95,1.6449,10,True,0.3,5.0,2024-11-01,2024-07-01,0.7222222222222222,0.75,12512.499999999995,3791.6666666666674,575575.0,75075.0,4170.8333333333285,0.0
BR_3.5,mitra,0.95,1.6449,10,True,0.3,0.0,2024-12-01,2024-07-01,0.7222222222222222,0.75,11817.361111111104,3475.6944444444453,558891.6666666667,75075.0,4170.8333333333285,0.0
ST_A3.50in,mitra,0.95,1.6449,2,True,0.1,0.0,2024-11-01,2024-07-01,0.5126262626262628,0.5,1012.4242424242427,1165.454545454545,36776.666666666664,13200.0,0.0,0.0
ST_A3.50in,mitra,0.95,1.6449,5,True,0.1,0.0,2024-11-01,2024-07-01,0.5126262626262628,0.5,1012.4242424242427,1165.454545454545,75236.66666666666,13200.0,0.0,0.0
ST_A3.50in,mitra,0.95,1.6449,10,True,0.1,0.0,2024-11-01,2024-07-01,0.5126262626262628,0.5,1012.4242424242427,1165.454545454545,139336.66666666663,13200.0,0.0,0.0
ST_A3.50in,mitra,0.95,1.6449,20,True,0.1,0.0,2024-11-01,2024-07-01,0.5126262626262628,0.5,1012.4242424242427,1165.454545454545,267536.6666666666,13200.0,0.0,0.0
ST_A3.50in,mitra,0.95,1.6449,50,True,0.1,0.0,2024-11-01,2024-07-01,0.5126262626262628,0.5,1012.4242424242427,1165.454545454545,652136.6666666664,13200.0,0.0,0.0
ST_A3.50in,mitra,0.95,1.6449,10,True,0.1,2.5,2024-11-01,2024-07-01,0.5126262626262628,0.5,1012.4242424242427,1165.454545454545,139336.66666666663,13200.0,0.0,0.0
ST_A3.50in,mitra,0.95,1.6449,10,True,0.1,5.0,2024-11-01,2024-07-01,0.5126262626262628,0.5,1012.4242424242427,1165.454545454545,139336.66666666663,13200.0,0.0,0.0
ST_A3.50in,mitra,0.95,1.6449,10,True,0.1,0.0,2024-12-01,2024-07-01,0.5126262626262628,0.5,928.0555555555558,1186.3888888888885,153503.33333333328,13200.0,0.0,0.0
ST_A3.50in,mitra,0.95,1.6449,2,True,0.2,0.0,2024-11-01,2024-07-01,0.5757575757575758,0.5,1201.8181818181818,938.1818181818181,33860.0,13200.0,0.0,0.0
ST_A3.50in,mitra,0.95,1.6449,5,True,0.2,0.0,2024-11-01,2024-07-01,0.5757575757575758,0.5,1201.8181818181818,938.1818181818181,64820.0,13200.0,0.0,0.0
ST_A3.50in,mitra,0.95,1.6449,10,True,0.2,0.0,2024-11-01,2024-07-01,0.5757575757575758,0.5,1201.8181818181818,938.1818181818181,116420.0,13200.0,0.0,0.0
ST_A3.50in,mitra,0.95,1.6449,20,True,0.2,0.0,2024-11-01,2024-07-01,0.5757575757575758,0.5,1201.8181818181818,938.1818181818181,219620.0,13200.0,0.0,0.0
ST_A3.50in,mitra,0.95,1.6449,50,True,0.2,0.0,2024-11-01,2024-07-01,0.5757575757575758,0.5,1201.8181818181818,938.1818181818181,529220.0,13200.0,0.0,0.0
ST_A3.50in,mitra,0.95,1.6449,10,True,0.2,2.5,2024-11-01,2024-07-01,0.5757575757575758,0.5,1201.8181818181818,938.1818181818181,116420.0,13200.0,0.0,0.0
ST_A3.50in,mitra,0.95,1.6449,10,True,0.2,5.0,2024-11-01,2024-07-01,0.5757575757575758,0.5,1201.8181818181818,938.1818181818181,116420.0,13200.0,0.0,0.0
ST_A3.50in,mitra,0.95,1.6449,10,True,0.2,0.0,2024-12-01,2024-07-01,0.5757575757575758,0.5,1101.6666666666667,943.3333333333334,126420.0,13200.0,0.0,0.0
ST_A3.50in,mitra,0.95,1.6449,2,True,0.3,0.0,2024-11-01,2024-07-01,0.638888888888889,0.5,1391.2121212121215,710.9090909090908,30943.333333333332,13200.0,0.0,0.0
ST_A3.50in,mitra,0.95,1.6449,5,True,0.3,0.0,2024-11-01,2024-07-01,0.638888888888889,0.5,1391.2121212121215,710.9090909090908,54403.33333333333,13200.0,0.0,0.0
ST_A3.50in,mitra,0.95,1.6449,10,True,0.3,0.0,2024-11-01,2024-07-01,0.638888888888889,0.5,1391.2121212121215,710.9090909090908,93503.33333333331,13200.0,0.0,0.0
ST_A3.50in,mitra,0.95,1.6449,20,True,0.3,0.0,2024-11-01,2024-07-01,0.638888888888889,0.5,1391.2121212121215,710.9090909090908,171703.3333333333,13200.0,0.0,0.0
ST_A3.50in,mitra,0.95,1.6449,50,True,0.3,0.0,2024-11-01,2024-07-01,0.638888888888889,0.5,1391.2121212121215,710.9090909090908,406303.3333333332,13200.0,0.0,0.0
ST_A3.50in,mitra,0.95,1.6449,10,True,0.3,2.5,2024-11-01,2024-07-01,0.638888888888889,0.5,1391.2121212121215,710.9090909090908,93503.33333333331,13200.0,0.0,0.0
ST_A3.50in,mitra,0.95,1.6449,10,True,0.3,5.0,2024-11-01,2024-07-01,0.638888888888889,0.5,1391.2121212121215,710.9090909090908,93503.33333333331,13200.0,0.0,0.0
ST_A3.50in,mitra,0.95,1.6449,10,True,0.3,0.0,2024-12-01,2024-07-01,0.638888888888889,0.5,1275.277777777778,700.2777777777777,99336.66666666666,13200.0,0.0,0.0
ST_A4-6cm,mitra,0.95,1.6449,2,True,0.1,0.0,2024-11-01,2024-07-01,0.056,0.75,1505.4545454545455,3690.909090909091,97760.0,10000.0,2760.0,0.0
ST_A4-6cm,mitra,0.95,1.6449,5,True,0.1,0.0,2024-11-01,2024-07-01,0.056,0.75,1505.4545454545455,3690.909090909091,219560.0,10000.0,2760.0,0.0
ST_A4-6cm,mitra,0.95,1.6449,10,True,0.1,0.0,2024-11-01,2024-07-01,0.056,0.75,1505.4545454545455,3690.909090909091,422560.0,10000.0,2760.0,0.0
ST_A4-6cm,mitra,0.95,1.6449,20,True,0.1,0.0,2024-11-01,2024-07-01,0.056,0.75,1505.4545454545455,3690.909090909091,828560.0,10000.0,2760.0,0.0
ST_A4-6cm,mitra,0.95,1.6449,50,True,0.1,0.0,2024-11-01,2024-07-01,0.056,0.75,1505.4545454545455,3690.909090909091,2046560.0,10000.0,2760.0,0.0
ST_A4-6cm,mitra,0.95,1.6449,10,True,0.1,2.5,2024-11-01,2024-07-01,0.056,0.75,1505.4545454545455,3690.909090909091,429460.0,10000.0,2760.0,0.0
ST_A4-6cm,mitra,0.95,1.6449,10,True,0.1,5.0,2024-11-01,2024-07-01,0.056,0.75,1505.4545454545455,3690.909090909091,436360.0,10000.0,2760.0,0.0
ST_A4-6cm,mitra,0.95,1.6449,10,True,0.1,0.0,2024-12-01,2024-07-01,0.056,0.75,1610.0,3383.3333333333335,425320.0,10000.0,2760.0,0.0
ST_A4-6cm,mitra,0.95,1.6449,2,True,0.2,0.0,2024-11-01,2024-07-01,0.06,0.75,1636.3636363636363,3618.181818181818,97600.0,10000.0,3000.0,0.0
ST_A4-6cm,mitra,0.95,1.6449,5,True,0.2,0.0,2024-11-01,2024-07-01,0.06,0.75,1636.3636363636363,3618.181818181818,217000.0,10000.0,3000.0,0.0
ST_A4-6cm,mitra,0.95,1.6449,10,True,0.2,0.0,2024-11-01,2024-07-01,0.06,0.75,1636.3636363636363,3618.181818181818,416000.0,10000.0,3000.0,0.0
ST_A4-6cm,mitra,0.95,1.6449,20,True,0.2,0.0,2024-11-01,2024-07-01,0.06,0.75,1636.3636363636363,3618.181818181818,814000.0,10000.0,3000.0,0.0
ST_A4-6cm,mitra,0.95,1.6449,50,True,0.2,0.0,2024-11-01,2024-07-01,0.06,0.75,1636.3636363636363,3618.181818181818,2008000.0,10000.0,3000.0,0.0
ST_A4-6cm,mitra,0.95,1.6449,10,True,0.2,2.5,2024-11-01,2024-07-01,0.06,0.75,1636.3636363636363,3618.181818181818,423500.0,10000.0,3000.0,0.0
ST_A4-6cm,mitra,0.95,1.6449,10,True,0.2,5.0,2024-11-01,2024-07-01,0.06,0.75,1636.3636363636363,3618.181818181818,431000.0,10000.0,3000.0,0.0
ST_A4-6cm,mitra,0.95,1.6449,10,True,0.2,0.0,2024-12-01,2024-07-01,0.06,0.75,1750.0,3316.6666666666665,419000.0,10000.0,3000.0,0.0
ST_A4-6cm,mitra,0.95,1.6449,2,True,0.3,0.0,2024-11-01,2024-07-01,0.066,0.75,1778.1818181818182,3536.3636363636365,97360.0,10000.0,3260.0,0.0
ST_A4-6cm,mitra,0.95,1.6449,5,True,0.3,0.0,2024-11-01,2024-07-01,0.066,0.75,1778.1818181818182,3536.3636363636365,214060.0,10000.0,3260.0,0.0
ST_A4-6cm,mitra,0.95,1.6449,10,True,0.3,0.0,2024-11-01,2024-07-01,0.066,0.75,1778.1818181818182,3536.3636363636365,408560.0,10000.0,3260.0,0.0
ST_A4-6cm,mitra,0.95,1.6449,20,True,0.3,0.0,2024-11-01,2024-07-01,0.066,0.75,1778.1818181818182,3536.3636363636365,797560.0,10000.0,3260.0,0.0
ST_A4-6cm,mitra,0.95,1.6449,50,True,0.3,0.0,2024-11-01,2024-07-01,0.066,0.75,1778.1818181818182,3536.3636363636365,1964560.0,10000.0,3260.0,0.0
ST_A4-6cm,mitra,0.95,1.6449,10,True,0.3,2.5,2024-11-01,2024-07-01,0.066,0.75,1778.1818181818182,3536.3636363636365,416710.0,10000.0,3260.0,0.0
ST_A4-6cm,mitra,0.95,1.6449,10,True,0.3,5.0,2024-11-01,2024-07-01,0.066,0.75,1778.1818181818182,3536.3636363636365,424860.0,10000.0,3260.0,0.0
ST_A4-6cm,mitra,0.95,1.6449,10,True,0.3,0.0,2024-12-01,2024-07-01,0.066,0.75,1901.6666666666667,3241.6666666666665,411820.0,10000.0,3260.0,0.0
ST_Reg3-4cm,mitra,0.95,1.6449,2,True,0.1,0.0,2024-11-01,2024-07-01,,1.0,0.0,0.0,0.0,0.0,0.0,0.0
ST_Reg3-4cm,mitra,0.95,1.6449,5,True,0.1,0.0,2024-11-01,2024-07-01,,1.0,0.0,0.0,0.0,0.0,0.0,0.0
ST_Reg3-4cm,mitra,0.95,1.6449,10,True,0.1,0.0,2024-11-01,2024-07-01,,1.0,0.0,0.0,0.0,0.0,0.0,0.0
ST_Reg3-4cm,mitra,0.95,1.6449,20,True,0.1,0.0,2024-11-01,2024-07-01,,1.0,0.0,0.0,0.0,0.0,0.0,0.0
ST_Reg3-4cm,mitra,0.95,1.6449,50,True,0.1,0.0,2024-11-01,2024-07-01,,1.0,0.0,0.0,0.0,0.0,0.0,0.0
ST_Reg3-4cm,mitra,0.95,1.6449,10,True,0.1,2.5,2024-11-01,2024-07-01,,1.0,0.0,0.0,0.0,0.0,0.0,0.0
ST_Reg3-4cm,mitra,0.95,1.6449,10,True,0.1,5.0,2024-11-01,2024-07-01,,1.0,0.0,0.0,0.0,0.0,0.0,0.0
ST_Reg3-4cm,mitra,0.95,1.6449,10,True,0.1,0.0,2024-12-01,2024-07-01,,1.0,0.0,0.0,0.0,0.0,0.0,0.0
ST_Reg3-4cm,mitra,0.95,1.6449,2,True,0.2,0.0,2024-11-01,2024-07-01,,1.0,0.0,0.0,0.0,0.0,0.0,0.0
ST_Reg3-4cm,mitra,0.95,1.6449,5,True,0.2,0.0,2024-11-01,2024-07-01,,1.0,0.0,0.0,0.0,0.0,0.0,0.0
ST_Reg3-4cm,mitra,0.95,1.6449,10,True,0.2,0.0,2024-11-01,2024-07-01,,1.0,0.0,0.0,0.0,0.0,0.0,0.0
ST_Reg3-4cm,mitra,0.95,1.6449,20,True,0.2,0.0,2024-11-01,2024-07-01,,1.0,0.0,0.0,0.0,0.0,0.0,0.0
ST_Reg3-4cm,mitra,0.95,1.6449,50,True,0.2,0.0,2024-11-01,2024-07-01,,1.0,0.0,0.0,0.0,0.0,0.0,0.0
ST_Reg3-4cm,mitra,0.95,1.6449,10,True,0.2,2.5,2024-11-01,2024-07-01,,1.0,0.0,0.0,0.0,0.0,0.0,0.0
ST_Reg3-4cm,mitra,0.95,1.6449,10,True,0.2,5.0,2024-11-01,2024-07-01,,1.0,0.0,0.0,0.0,0.0,0.0,0.0
ST_Reg3-4cm,mitra,0.95,1.6449,10,True,0.2,0.0,2024-12-01,2024-07-01,,1.0,0.0,0.0,0.0,0.0,0.0,0.0
ST_Reg3-4cm,mitra,0.95,1.6449,2,True,0.3,0.0,2024-11-01,2024-07-01,,1.0,0.0,0.0,0.0,0.0,0.0,0.0
ST_Reg3-4cm,mitra,0.95,1.6449,5,True,0.3,0.0,2024-11-01,2024-07-01,,1.0,0.0,0.0,0.0,0.0,0.0,0.0
ST_Reg3-4cm,mitra,0.95,1.6449,10,True,0.3,0.0,2024-11-01,2024-07-01,,1.0,0.0,0.0,0.0,0.0,0.0,0.0
ST_Reg3-4cm,mitra,0.95,1.6449,20,True,0.3,0.0,2024-11-01,2024-07-01,,1.0,0.0,0.0,0.0,0.0,0.0,0.0
ST_Reg3-4cm,mitra,0.95,1.6449,50,True,0.3,0.0,2024-11-01,2024-07-01,,1.0,0.0,0.0,0.0,0.0,0.0,0.0
ST_Reg3-4cm,mitra,0.95,1.6449,10,True,0.3,2.5,2024-11-01,2024-07-01,,1.0,0.0,0.0,0.0,0.0,0.0,0.0
ST_Reg3-4cm,mitra,0.95,1.6449,10,True,0.3,5.0,2024-11-01,2024-07-01,,1.0,0.0,0.0,0.0,0.0,0.0,0.0
ST_Reg3-4cm,mitra,0.95,1.6449,10,True,0.3,0.0,2024-12-01,2024-07-01,,1.0,0.0,0.0,0.0,0.0,0.0,0.0
ST_Reg3.50in,mitra,0.95,1.6449,2,True,0.1,0.0,2024-11-01,2024-07-01,0.8658841363487383,0.25,5244.4696969697,1067.575757575756,81175.83333333333,81360.0,6124.1666666666715,0.0
ST_Reg3.50in,mitra,0.95,1.6449,5,True,0.1,0.0,2024-11-01,2024-07-01,0.8658841363487383,0.25,5244.4696969697,1067.575757575756,116405.83333333327,81360.0,6124.1666666666715,0.0
ST_Reg3.50in,mitra,0.95,1.6449,10,True,0.1,0.0,2024-11-01,2024-07-01,0.8658841363487383,0.25,5244.4696969697,1067.575757575756,175122.49999999983,81360.0,6124.1666666666715,0.0
ST_Reg3.50in,mitra,0.95,1.6449,20,True,0.1,0.0,2024-11-01,2024-07-01,0.8658841363487383,0.25,5244.4696969697,1067.575757575756,292555.83333333296,81360.0,6124.1666666666715,0.0
ST_Reg3.50in,mitra,0.95,1.6449,50,True,0.1,0.0,2024-11-01,2024-07-01,0.8658841363487383,0.25,5244.4696969697,1067.575757575756,644855.8333333324,81360.0,6124.1666666666715,0.0
ST_Reg3.50in,mitra,0.95,1.6449,10,True,0.1,2.5,2024-11-01,2024-07-01,0.8658841363487383,0.25,5244.4696969697,1067.575757575756,190432.9166666665,81360.0,6124.1666666666715,0.0
ST_Reg3.50in,mitra,0.95,1.6449,10,True,0.1,5.0,2024-11-01,2024-07-01,0.8658841363487383,0.25,5244.4696969697,1067.575757575756,205743.3333333332,81360.0,6124.1666666666715,0.0
ST_Reg3.50in,mitra,0.95,1.6449,10,True,0.1,0.0,2024-12-01,2024-07-01,0.8658841363487383,0.25,5317.777777777781,978.6111111111095,181246.6666666665,81360.0,6124.1666666666715,0.0
ST_Reg3.50in,mitra,0.95,1.6449,2,True,0.2,0.0,2024-11-01,2024-07-01,0.9072025565388397,0.75,7869.090909090909,686.3636363636364,101660.0,81360.0,9130.0,0.0
ST_Reg3.50in,mitra,0.95,1.6449,5,True,0.2,0.0,2024-11-01,2024-07-01,0.9072025565388397,0.75,7869.090909090909,686.3636363636364,124310.0,81360.0,9130.0,0.0
ST_Reg3.50in,mitra,0.95,1.6449,10,True,0.2,0.0,2024-11-01,2024-07-01,0.9072025565388397,0.75,7869.090909090909,686.3636363636364,162060.0,81360.0,9130.0,0.0
ST_Reg3.50in,mitra,0.95,1.6449,20,True,0.2,0.0,2024-11-01,2024-07-01,0.9072025565388397,0.75,7869.090909090909,686.3636363636364,237560.0,81360.0,9130.0,0.0
ST_Reg3.50in,mitra,0.95,1.6449,50,True,0.2,0.0,2024-11-01,2024-07-01,0.9072025565388397,0.75,7869.090909090909,686.3636363636364,464060.0,81360.0,9130.0,0.0
ST_Reg3.50in,mitra,0.95,1.6449,10,True,0.2,2.5,2024-11-01,2024-07-01,0.9072025565388397,0.75,7869.090909090909,686.3636363636364,184885.0,81360.0,9130.0,0.0
ST_Reg3.50in,mitra,0.95,1.6449,10,True,0.2,5.0,2024-11-01,2024-07-01,0.9072025565388397,0.75,7869.090909090909,686.3636363636364,207710.0,81360.0,9130.0,0.0
ST_Reg3.50in,mitra,0.95,1.6449,10,True,0.2,0.0,2024-12-01,2024-07-01,0.9072025565388397,0.75,7974.166666666667,629.1666666666666,171190.0,81360.0,9130.0,0.0
ST_Reg3.50in,mitra,0.95,1.6449,2,True,0.3,0.0,2024-11-01,2024-07-01,0.9441474106850214,0.75,10603.484848484852,413.1060606060604,125726.6666666667,81360.0,12135.833333333336,0.0
ST_Reg3.50in,mitra,0.95,1.6449,5,True,0.3,0.0,2024-11-01,2024-07-01,0.9441474106850214,0.75,10603.484848484852,413.1060606060604,139359.1666666667,81360.0,12135.833333333336,0.0
ST_Reg3.50in,mitra,0.95,1.6449,10,True,0.3,0.0,2024-11-01,2024-07-01,0.9441474106850214,0.75,10603.484848484852,413.1060606060604,162080.0,81360.0,12135.833333333336,0.0
ST_Reg3.50in,mitra,0.95,1.6449,20,True,0.3,0.0,2024-11-01,2024-07-01,0.9441474106850214,0.75,10603.484848484852,413.1060606060604,207521.66666666666,81360.0,12135.833333333336,0.0
ST_Reg3.50in,mitra,0.95,1.6449,50,True,0.3,0.0,2024-11-01,2024-07-01,0.9441474106850214,0.75,10603.484848484852,413.1060606060604,343846.66666666657,81360.0,12135.833333333336,0.0
ST_Reg3.50in,mitra,0.95,1.6449,10,True,0.3,2.5,2024-11-01,2024-07-01,0.9441474106850214,0.75,10603.484848484852,413.1060606060604,192419.58333333334,81360.0,12135.833333333336,0.0
ST_Reg3.50in,mitra,0.95,1.6449,10,True,0.3,5.0,2024-11-01,2024-07-01,0.9441474106850214,0.75,10603.484848484852,413.1060606060604,222759.1666666667,81360.0,12135.833333333336,0.0
ST_Reg3.50in,mitra,0.95,1.6449,10,True,0.3,0.0,2024-12-01,2024-07-01,0.9441474106850214,0.75,10731.18055555556,378.6805555555554,174215.83333333337,81360.0,12135.833333333336,0.0
ST_Reg4.00in,mitra,0.95,1.6449,2,True,0.1,0.0,2024-11-01,2024-07-01,0.5898085585585586,0.25,794.2424242424244,2219.545454545454,57566.66666666666,17760.0,0.0,0.0
ST_Reg4.00in,mitra,0.95,1.6449,5,True,0.1,0.0,2024-11-01,2024-07-01,0.5898085585585586,0.25,794.2424242424244,2219.545454545454,130811.66666666664,17760.0,0.0,0.0
ST_Reg4.00in,mitra,0.95,1.6449,10,True,0.1,0.0,2024-11-01,2024-07-01,0.5898085585585586,0.25,794.2424242424244,2219.545454545454,252886.6666666666,17760.0,0.0,0.0
ST_Reg4.00in,mitra,0.95,1.6449,20,True,0.1,0.0,2024-11-01,2024-07-01,0.5898085585585586,0.25,794.2424242424244,2219.545454545454,497036.66666666657,17760.0,0.0,0.0
ST_Reg4.00in,mitra,0.95,1.6449,50,True,0.1,0.0,2024-11-01,2024-07-01,0.5898085585585586,0.25,794.2424242424244,2219.545454545454,1229486.6666666663,17760.0,0.0,0.0
ST_Reg4.00in,mitra,0.95,1.6449,10,True,0.1,2.5,2024-11-01,2024-07-01,0.5898085585585586,0.25,794.2424242424244,2219.545454545454,252886.6666666666,17760.0,0.0,0.0
ST_Reg4.00in,mitra,0.95,1.6449,10,True,0.1,5.0,2024-11-01,2024-07-01,0.5898085585585586,0.25,794.2424242424244,2219.545454545454,252886.6666666666,17760.0,0.0,0.0
ST_Reg4.00in,mitra,0.95,1.6449,10,True,0.1,0.0,2024-12-01,2024-07-01,0.5898085585585586,0.25,728.0555555555557,2488.0555555555547,307303.33333333326,17760.0,0.0,0.0
ST_Reg4.00in,mitra,0.95,1.6449,2,True,0.2,0.0,2024-11-01,2024-07-01,0.6632882882882883,0.75,914.5454545454545,1834.5454545454545,50420.0,17760.0,0.0,0.0
ST_Reg4.00in,mitra,0.95,1.6449,5,True,0.2,0.0,2024-11-01,2024-07-01,0.6632882882882883,0.75,914.5454545454545,1834.5454545454545,110960.0,17760.0,0.0,0.0
ST_Reg4.00in,mitra,0.95,1.6449,10,True,0.2,0.0,2024-11-01,2024-07-01,0.6632882882882883,0.75,914.5454545454545,1834.5454545454545,211860.0,17760.0,0.0,0.0
ST_Reg4.00in,mitra,0.95,1.6449,20,True,0.2,0.0,2024-11-01,2024-07-01,0.6632882882882883,0.75,914.5454545454545,1834.5454545454545,413660.0,17760.0,0.0,0.0
ST_Reg4.00in,mitra,0.95,1.6449,50,True,0.2,0.0,2024-11-01,2024-07-01,0.6632882882882883,0.75,914.5454545454545,1834.5454545454545,1019060.0,17760.0,0.0,0.0
ST_Reg4.00in,mitra,0.95,1.6449,10,True,0.2,2.5,2024-11-01,2024-07-01,0.6632882882882883,0.75,914.5454545454545,1834.5454545454545,211860.0,17760.0,0.0,0.0
ST_Reg4.00in,mitra,0.95,1.6449,10,True,0.2,5.0,2024-11-01,2024-07-01,0.6632882882882883,0.75,914.5454545454545,1834.5454545454545,211860.0,17760.0,0.0,0.0
ST_Reg4.00in,mitra,0.95,1.6449,10,True,0.2,0.0,2024-12-01,2024-07-01,0.6632882882882883,0.75,838.3333333333334,2090.0,260860.0,17760.0,0.0,0.0
ST_Reg4.00in,mitra,0.95,1.6449,2,True,0.3,0.0,2024-11-01,2024-07-01,0.6937875375375376,0.75,1175.4545454545462,1588.3333333333328,47873.33333333333,17760.0,0.0,0.0
ST_Reg4.00in,mitra,0.95,1.6449,5,True,0.3,0.0,2024-11-01,2024-07-01,0.6937875375375376,0.75,1175.4545454545462,1588.3333333333328,100288.33333333331,17760.0,0.0,0.0
ST_Reg4.00in,mitra,0.95,1.6449,10,True,0.3,0.0,2024-11-01,2024-07-01,0.6937875375375376,0.75,1175.4545454545462,1588.3333333333328,187646.6666666666,17760.0,0.0,0.0
ST_Reg4.00in,mitra,0.95,1.6449,20,True,0.3,0.0,2024-11-01,2024-07-01,0.6937875375375376,0.75,1175.4545454545462,1588.3333333333328,362363.3333333332,17760.0,0.0,0.0
ST_Reg4.00in,mitra,0.95,1.6449,50,True,0.3,0.0,2024-11-01,2024-07-01,0.6937875375375376,0.75,1175.4545454545462,1588.3333333333328,886513.333333333,17760.0,0.0,0.0
ST_Reg4.00in,mitra,0.95,1.6449,10,True,0.3,2.5,2024-11-01,2024-07-01,0.6937875375375376,0.75,1175.4545454545462,1588.3333333333328,187646.6666666666,17760.0,0.0,0.0
ST_Reg4.00in,mitra,0.95,1.6449,10,True,0.3,5.0,2024-11-01,2024-07-01,0.6937875375375376,0.75,1175.4545454545462,1588.3333333333328,187646.6666666666,17760.0,0.0,0.0
ST_Reg4.00in,mitra,0.95,1.6449,10,True,0.3,0.0,2024-12-01,2024-07-01,0.6937875375375376,0.75,1077.5000000000007,1819.166666666666,231229.99999999994,17760.0,0.0,0.0
ST_Reg6.00in,mitra,0.95,1.6449,2,True,0.1,0.0,2024-11-01,2024-07-01,0.42435515873015867,0.5,314.84848484848476,532.6515151515154,15181.66666666667,6720.0,0.0,0.0
ST_Reg6.00in,mitra,0.95,1.6449,5,True,0.1,0.0,2024-11-01,2024-07-01,0.42435515873015867,0.5,314.84848484848476,532.6515151515154,32759.166666666675,6720.0,0.0,0.0
ST_Reg6.00in,mitra,0.95,1.6449,10,True,0.1,0.0,2024-11-01,2024-07-01,0.42435515873015867,0.5,314.84848484848476,532.6515151515154,62055.000000000015,6720.0,0.0,0.0
ST_Reg6.00in,mitra,0.95,1.6449,20,True,0.1,0.0,2024-11-01,2024-07-01,0.42435515873015867,0.5,314.84848484848476,532.6515151515154,120646.6666666667,6720.0,0.0,0.0
ST_Reg6.00in,mitra,0.95,1.6449,50,True,0.1,0.0,2024-11-01,2024-07-01,0.42435515873015867,0.5,314.84848484848476,532.6515151515154,296421.66666666674,6720.0,0.0,0.0
ST_Reg6.00in,mitra,0.95,1.6449,10,True,0.1,2.5,2024-11-01,2024-07-01,0.42435515873015867,0.5,314.84848484848476,532.6515151515154,62055.000000000015,6720.0,0.0,0.0
ST_Reg6.00in,mitra,0.95,1.6449,10,True,0.1,5.0,2024-11-01,2024-07-01,0.42435515873015867,0.5,314.84848484848476,532.6515151515154,62055.000000000015,6720.0,0.0,0.0
ST_Reg6.00in,mitra,0.95,1.6449,10,True,0.1,0.0,2024-12-01,2024-07-01,0.42435515873015867,0.5,288.61111111111103,569.4444444444447,71796.66666666669,6720.0,0.0,0.0
ST_Reg6.00in,mitra,0.95,1.6449,2,True,0.2,0.0,2024-11-01,2024-07-01,0.5223214285714286,0.5,425.45454545454544,428.1818181818182,14100.0,6720.0,0.0,0.0
ST_Reg6.00in,mitra,0.95,1.6449,5,True,0.2,0.0,2024-11-01,2024-07-01,0.5223214285714286,0.5,425.45454545454544,428.1818181818182,28230.0,6720.0,0.0,0.0
ST_Reg6.00in,mitra,0.95,1.6449,10,True,0.2,0.0,2024-11-01,2024-07-01,0.5223214285714286,0.5,425.45454545454544,428.1818181818182,51780.0,6720.0,0.0,0.0
ST_Reg6.00in,mitra,0.95,1.6449,20,True,0.2,0.0,2024-11-01,2024-07-01,0.5223214285714286,0.5,425.45454545454544,428.1818181818182,98880.0,6720.0,0.0,0.0
ST_Reg6.00in,mitra,0.95,1.6449,50,True,0.2,0.0,2024-11-01,2024-07-01,0.5223214285714286,0.5,425.45454545454544,428.1818181818182,240180.0,6720.0,0.0,0.0
ST_Reg6.00in,mitra,0.95,1.6449,10,True,0.2,2.5,2024-11-01,2024-07-01,0.5223214285714286,0.5,425.45454545454544,428.1818181818182,51780.0,6720.0,0.0,0.0
ST_Reg6.00in,mitra,0.95,1.6449,10,True,0.2,5.0,2024-11-01,2024-07-01,0.5223214285714286,0.5,425.45454545454544,428.1818181818182,51780.0,6720.0,0.0,0.0
ST_Reg6.00in,mitra,0.95,1.6449,10,True,0.2,0.0,2024-12-01,2024-07-01,0.5223214285714286,0.5,390.0,455.0,59280.0,6720.0,0.0,0.0
ST_Reg6.00in,mitra,0.95,1.6449,2,True,0.3,0.0,2024-11-01,2024-07-01,0.6223958333333334,0.5,535.0,326.28787878787887,13063.333333333336,6720.0,0.0,0.0
ST_Reg6.00in,mitra,0.95,1.6449,5,True,0.3,0.0,2024-11-01,2024-07-01,0.6223958333333334,0.5,535.0,326.28787878787887,23830.833333333336,6720.0,0.0,0.0
ST_Reg6.00in,mitra,0.95,1.6449,10,True,0.3,0.0,2024-11-01,2024-07-01,0.6223958333333334,0.5,535.0,326.28787878787887,41776.66666666667,6720.0,0.0,0.0
ST_Reg6.00in,mitra,0.95,1.6449,20,True,0.3,0.0,2024-11-01,2024-07-01,0.6223958333333334,0.5,535.0,326.28787878787887,77668.33333333334,6720.0,0.0,0.0
ST_Reg6.00in,mitra,0.95,1.6449,50,True,0.3,0.0,2024-11-01,2024-07-01,0.6223958333333334,0.5,535.0,326.28787878787887,185343.33333333337,6720.0,0.0,0.0
ST_Reg6.00in,mitra,0.95,1.6449,10,True,0.3,2.5,2024-11-01,2024-07-01,0.6223958333333334,0.5,535.0,326.28787878787887,41776.66666666667,6720.0,0.0,0.0
ST_Reg6.00in,mitra,0.95,1.6449,10,True,0.3,5.0,2024-11-01,2024-07-01,0.6223958333333334,0.5,535.0,326.28787878787887,41776.66666666667,6720.0,0.0,0.0
ST_Reg6.00in,mitra,0.95,1.6449,10,True,0.3,0.0,2024-12-01,2024-07-01,0.6223958333333334,0.5,490.4166666666667,342.91666666666674,47035.00000000001,6720.0,0.0,0.0
ST_VA10cm,mitra,0.95,1.6449,2,True,0.1,0.0,2024-11-01,2024-07-01,,1.0,789.0909090909091,0.0,8680.0,0.0,920.0,0.0
ST_VA10cm,mitra,0.95,1.6449,5,True,0.1,0.0,2024-11-01,2024-07-01,,1.0,789.0909090909091,0.0,8680.0,0.0,920.0,0.0
ST_VA10cm,mitra,0.95,1.6449,10,True,0.1,0.0,2024-11-01,2024-07-01,,1.0,789.0909090909091,0.0,8680.0,0.0,920.0,0.0
ST_VA10cm,mitra,0.95,1.6449,20,True,0.1,0.0,2024-11-01,2024-07-01,,1.0,789.0909090909091,0.0,8680.0,0.0,920.0,0.0
ST_VA10cm,mitra,0.95,1.6449,50,True,0.1,0.0,2024-11-01,2024-07-01,,1.0,789.0909090909091,0.0,8680.0,0.0,920.0,0.0
ST_VA10cm,mitra,0.95,1.6449,10,True,0.1,2.5,2024-11-01,2024-07-01,,1.0,789.0909090909091,0.0,10980.0,0.0,920.0,0.0
ST_VA10cm,mitra,0.95,1.6449,10,True,0.1,5.0,2024-11-01,2024-07-01,,1.0,789.0909090909091,0.0,13280.0,0.0,920.0,0.0
ST_VA10cm,mitra,0.95,1.6449,10,True,0.1,0.0,2024-12-01,2024-07-01,,1.0,800.0,0.0,9600.0,0.0,920.0,0.0
ST_VA10cm,mitra,0.95,1.6449,2,True,0.2,0.0,2024-11-01,2024-07-01,,1.0,854.5454545454545,0.0,9400.0,0.0,1000.0,0.0
ST_VA10cm,mitra,0.95,1.6449,5,True,0.2,0.0,2024-11-01,2024-07-01,,1.0,854.5454545454545,0.0,9400.0,0.0,1000.0,0.0
ST_VA10cm,mitra,0.95,1.6449,10,True,0.2,0.0,2024-11-01,2024-07-01,,1.0,854.5454545454545,0.0,9400.0,0.0,1000.0,0.0
ST_VA10cm,mitra,0.95,1.6449,20,True,0.2,0.0,2024-11-01,2024-07-01,,1.0,854.5454545454545,0.0,9400.0,0.0,1000.0,0.0
ST_VA10cm,mitra,0.95,1.6449,50,True,0.2,0.0,2024-11-01,2024-07-01,,1.0,854.5454545454545,0.0,9400.0,0.0,1000.0,0.0
ST_VA10cm,mitra,0.95,1.6449,10,True,0.2,2.5,2024-11-01,2024-07-01,,1.0,854.5454545454545,0.0,11900.0,0.0,1000.0,0.0
ST_VA10cm,mitra,0.95,1.6449,10,True,0.2,5.0,2024-11-01,2024-07-01,,1.0,854.5454545454545,0.0,14400.0,0.0,1000.0,0.0
ST_VA10cm,mitra,0.95,1.6449,10,True,0.2,0.0,2024-12-01,2024-07-01,,1.0,866.6666666666666,0.0,10400.0,0.0,1000.0,0.0
ST_VA10cm,mitra,0.95,1.6449,2,True,0.3,0.0,2024-11-01,2024-07-01,,1.0,940.0,0.0,10340.0,0.0,1100.0,0.0
ST_VA10cm,mitra,0.95,1.6449,5,True,0.3,0.0,2024-11-01,2024-07-01,,1.0,940.0,0.0,10340.0,0.0,1100.0,0.0
ST_VA10cm,mitra,0.95,1.6449,10,True,0.3,0.0,2024-11-01,2024-07-01,,1.0,940.0,0.0,10340.0,0.0,1100.0,0.0
ST_VA10cm,mitra,0.95,1.6449,20,True,0.3,0.0,2024-11-01,2024-07-01,,1.0,940.0,0.0,10340.0,0.0,1100.0,0.0
ST_VA10cm,mitra,0.95,1.6449,50,True,0.3,0.0,2024-11-01,2024-07-01,,1.0,940.0,0.0,10340.0,0.0,1100.0,0.0
ST_VA10cm,mitra,0.95,1.6449,10,True,0.3,2.5,2024-11-01,2024-07-01,,1.0,940.0,0.0,13090.0,0.0,1100.0,0.0
ST_VA10cm,mitra,0.95,1.6449,10,True,0.3,5.0,2024-11-01,2024-07-01,,1.0,940.0,0.0,15840.0,0.0,1100.0,0.0
ST_VA10cm,mitra,0.95,1.6449,10,True,0.3,0.0,2024-12-01,2024-07-01,,1.0,953.3333333333334,0.0,11440.0,0.0,1100.0,0.0
ST_VA7cm,mitra,0.95,1.6449,2,True,0.1,0.0,2024-11-01,2024-07-01,0.34065315315315314,0.5,5893.939393939393,12605.606060606062,342156.6666666667,74000.0,0.0,0.0
ST_VA7cm,mitra,0.95,1.6449,5,True,0.1,0.0,2024-11-01,2024-07-01,0.34065315315315314,0.5,5893.939393939393,12605.606060606062,758141.6666666669,74000.0,0.0,0.0
ST_VA7cm,mitra,0.95,1.6449,10,True,0.1,0.0,2024-11-01,2024-07-01,0.34065315315315314,0.5,5893.939393939393,12605.606060606062,1451450.0000000002,74000.0,0.0,0.0
ST_VA7cm,mitra,0.95,1.6449,20,True,0.1,0.0,2024-11-01,2024-07-01,0.34065315315315314,0.5,5893.939393939393,12605.606060606062,2838066.6666666674,74000.0,0.0,0.0
ST_VA7cm,mitra,0.95,1.6449,50,True,0.1,0.0,2024-11-01,2024-07-01,0.34065315315315314,0.5,5893.939393939393,12605.606060606062,6997916.666666667,74000.0,0.0,0.0
ST_VA7cm,mitra,0.95,1.6449,10,True,0.1,2.5,2024-11-01,2024-07-01,0.34065315315315314,0.5,5893.939393939393,12605.606060606062,1451450.0000000002,74000.0,0.0,0.0
ST_VA7cm,mitra,0.95,1.6449,10,True,0.1,5.0,2024-11-01,2024-07-01,0.34065315315315314,0.5,5893.939393939393,12605.606060606062,1451450.0000000002,74000.0,0.0,0.0
ST_VA7cm,mitra,0.95,1.6449,10,True,0.1,0.0,2024-12-01,2024-07-01,0.34065315315315314,0.5,5402.777777777777,12977.777777777781,1622166.666666667,74000.0,0.0,0.0
ST_VA7cm,mitra,0.95,1.6449,2,True,0.2,0.0,2024-11-01,2024-07-01,0.37162162162162155,0.5,6727.272727272726,11220.000000000002,320840.0,74000.0,0.0,0.0
ST_VA7cm,mitra,0.95,1.6449,5,True,0.2,0.0,2024-11-01,2024-07-01,0.37162162162162155,0.5,6727.272727272726,11220.000000000002,691100.0000000001,74000.0,0.0,0.0
ST_VA7cm,mitra,0.95,1.6449,10,True,0.2,0.0,2024-11-01,2024-07-01,0.37162162162162155,0.5,6727.272727272726,11220.000000000002,1308200.0000000002,74000.0,0.0,0.0
ST_VA7cm,mitra,0.95,1.6449,20,True,0.2,0.0,2024-11-01,2024-07-01,0.37162162162162155,0.5,6727.272727272726,11220.000000000002,2542400.0000000005,74000.0,0.0,0.0
ST_VA7cm,mitra,0.95,1.6449,50,True,0.2,0.0,2024-11-01,2024-07-01,0.37162162162162155,0.5,6727.272727272726,11220.000000000002,6245000.000000001,74000.0,0.0,0.0
ST_VA7cm,mitra,0.95,1.6449,10,True,0.2,2.5,2024-11-01,2024-07-01,0.37162162162162155,0.5,6727.272727272726,11220.000000000002,1308200.0000000002,74000.0,0.0,0.0
ST_VA7cm,mitra,0.95,1.6449,10,True,0.2,5.0,2024-11-01,2024-07-01,0.37162162162162155,0.5,6727.272727272726,11220.000000000002,1308200.0000000002,74000.0,0.0,0.0
ST_VA7cm,mitra,0.95,1.6449,10,True,0.2,0.0,2024-12-01,2024-07-01,0.37162162162162155,0.5,6166.666666666665,11533.333333333336,1458000.0000000002,74000.0,0.0,0.0
ST_VA7cm,mitra,0.95,1.6449,2,True,0.3,0.0,2024-11-01,2024-07-01,0.40259009009009006,0.5,7560.60606060606,9841.66666666667,299683.3333333334,74000.0,0.0,0.0
ST_VA7cm,mitra,0.95,1.6449,5,True,0.3,0.0,2024-11-01,2024-07-01,0.40259009009009006,0.5,7560.60606060606,9841.66666666667,624458.3333333335,74000.0,0.0,0.0
ST_VA7cm,mitra,0.95,1.6449,10,True,0.3,0.0,2024-11-01,2024-07-01,0.40259009009009006,0.5,7560.60606060606,9841.66666666667,1165750.0000000005,74000.0,0.0,0.0
ST_VA7cm,mitra,0.95,1.6449,20,True,0.3,0.0,2024-11-01,2024-07-01,0.40259009009009006,0.5,7560.60606060606,9841.66666666667,2248333.333333334,74000.0,0.0,0.0
ST_VA7cm,mitra,0.95,1.6449,50,True,0.3,0.0,2024-11-01,2024-07-01,0.40259009009009006,0.5,7560.60606060606,9841.66666666667,5496083.333333336,74000.0,0.0,0.0
ST_VA7cm,mitra,0.95,1.6449,10,True,0.3,2.5,2024-11-01,2024-07-01,0.40259009009009006,0.5,7560.60606060606,9841.66666666667,1165750.0000000005,74000.0,0.0,0.0
ST_VA7cm,mitra,0.95,1.6449,10,True,0.3,5.0,2024-11-01,2024-07-01,0.40259009009009006,0.5,7560.60606060606,9841.66666666667,1165750.0000000005,74000.0,0.0,0.0
ST_VA7cm,mitra,0.95,1.6449,10,True,0.3,0.0,2024-12-01,2024-07-01,0.40259009009009006,0.5,6930.555555555555,10097.222222222226,1294833.333333334,74000.0,0.0,0.0
ST_VA7cmbox,mitra,0.95,1.6449,2,True,0.1,0.0,2024-11-01,2024-07-01,,1.0,5500.0,0.0,60500.0,0.0,5500.0,0.0
ST_VA7cmbox,mitra,0.95,1.6449,5,True,0.1,0.0,2024-11-01,2024-07-01,,1.0,5500.0,0.0,60500.0,0.0,5500.0,0.0
ST_VA7cmbox,mitra,0.95,1.6449,10,True,0.1,0.0,2024-11-01,2024-07-01,,1.0,5500.0,0.0,60500.0,0.0,5500.0,0.0
ST_VA7cmbox,mitra,0.95,1.6449,20,True,0.1,0.0,2024-11-01,2024-07-01,,1.0,5500.0,0.0,60500.0,0.0,5500.0,0.0
ST_VA7cmbox,mitra,0.95,1.6449,50,True,0.1,0.0,2024-11-01,2024-07-01,,1.0,5500.0,0.0,60500.0,0.0,5500.0,0.0
ST_VA7cmbox,mitra,0.95,1.6449,10,True,0.1,2.5,2024-11-01,2024-07-01,,1.0,5500.0,0.0,74250.0,0.0,5500.0,0.0
ST_VA7cmbox,mitra,0.95,1.6449,10,True,0.1,5.0,2024-11-01,2024-07-01,,1.0,5500.0,0.0,88000.0,0.0,5500.0,0.0
ST_VA7cmbox,mitra,0.95,1.6449,10,True,0.1,0.0,2024-12-01,2024-07-01,,1.0,5500.0,0.0,66000.0,0.0,5500.0,0.0
ST_VA7cmbox,mitra,0.95,1.6449,2,True,0.2,0.0,2024-11-01,2024-07-01,,1.0,6000.0,0.0,66000.0,0.0,6000.0,0.0
ST_VA7cmbox,mitra,0.95,1.6449,5,True,0.2,0.0,2024-11-01,2024-07-01,,1.0,6000.0,0.0,66000.0,0.0,6000.0,0.0
ST_VA7cmbox,mitra,0.95,1.6449,10,True,0.2,0.0,2024-11-01,2024-07-01,,1.0,6000.0,0.0,66000.0,0.0,6000.0,0.0
ST_VA7cmbox,mitra,0.95,1.6449,20,True,0.2,0.0,2024-11-01,2024-07-01,,1.0,6000.0,0.0,66000.0,0.0,6000.0,0.0
ST_VA7cmbox,mitra,0.95,1.6449,50,True,0.2,0.0,2024-11-01,2024-07-01,,1.0,6000.0,0.0,66000.0,0.0,6000.0,0.0
ST_VA7cmbox,mitra,0.95,1.6449,10,True,0.2,2.5,2024-11-01,2024-07-01,,1.0,6000.0,0.0,81000.0,0.0,6000.0,0.0
ST_VA7cmbox,mitra,0.95,1.6449,10,True,0.2,5.0,2024-11-01,2024-07-01,,1.0,6000.0,0.0,96000.0,0.0,6000.0,0.0
ST_VA7cmbox,mitra,0.95,1.6449,10,True,0.2,0.0,2024-12-01,2024-07-01,,1.0,6000.0,0.0,72000.0,0.0,6000.0,0.0
ST_VA7cmbox,mitra,0.95,1.6449,2,True,0.3,0.0,2024-11-01,2024-07-01,,1.0,6500.0,0.0,71500.0,0.0,6500.0,0.0
ST_VA7cmbox,mitra,0.95,1.6449,5,True,0.3,0.0,2024-11-01,2024-07-01,,1.0,6500.0,0.0,71500.0,0.0,6500.0,0.0
ST_VA7cmbox,mitra,0.95,1.6449,10,True,0.3,0.0,2024-11-01,2024-07-01,,1.0,6500.0,0.0,71500.0,0.0,6500.0,0.0
ST_VA7cmbox,mitra,0.95,1.6449,20,True,0.3,0.0,2024-11-01,2024-07-01,,1.0,6500.0,0.0,71500.0,0.0,6500.0,0.0
ST_VA7cmbox,mitra,0.95,1.6449,50,True,0.3,0.0,2024-11-01,2024-07-01,,1.0,6500.0,0.0,71500.0,0.0,6500.0,0.0
ST_VA7cmbox,mitra,0.95,1.6449,10,True,0.3,2.5,2024-11-01,2024-07-01,,1.0,6500.0,0.0,87750.0,0.0,6500.0,0.0
ST_VA7cmbox,mitra,0.95,1.6449,10,True,0.3,5.0,2024-11-01,2024-07-01,,1.0,6500.0,0.0,104000.0,0.0,6500.0,0.0
ST_VA7cmbox,mitra,0.95,1.6449,10,True,0.3,0.0,2024-12-01,2024-07-01,,1.0,6500.0,0.0,78000.0,0.0,6500.0,0.0
ST_VA7cmrej,mitra,0.95,1.6449,2,True,0.1,0.0,2024-11-01,2024-07-01,,1.0,1572.7272727272727,0.0,17300.0,0.0,1840.0,0.0
ST_VA7cmrej,mitra,0.95,1.6449,5,True,0.1,0.0,2024-11-01,2024-07-01,,1.0,1572.7272727272727,0.0,17300.0,0.0,1840.0,0.0
ST_VA7cmrej,mitra,0.95,1.6449,10,True,0.1,0.0,2024-11-01,2024-07-01,,1.0,1572.7272727272727,0.0,17300.0,0.0,1840.0,0.0
ST_VA7cmrej,mitra,0.95,1.6449,20,True,0.1,0.0,2024-11-01,2024-07-01,,1.0,1572.7272727272727,0.0,17300.0,0.0,1840.0,0.0
ST_VA7cmrej,mitra,0.95,1.6449,50,True,0.1,0.0,2024-11-01,2024-07-01,,1.0,1572.7272727272727,0.0,17300.0,0.0,1840.0,0.0
ST_VA7cmrej,mitra,0.95,1.6449,10,True,0.1,2.5,2024-11-01,2024-07-01,,1.0,1572.7272727272727,0.0,21900.0,0.0,1840.0,0.0
ST_VA7cmrej,mitra,0.95,1.6449,10,True,0.1,5.0,2024-11-01,2024-07-01,,1.0,1572.7272727272727,0.0,26500.0,0.0,1840.0,0.0
ST_VA7cmrej,mitra,0.95,1.6449,10,True,0.1,0.0,2024-12-01,2024-07-01,,1.0,1595.0,0.0,19140.0,0.0,1840.0,0.0
ST_VA7cmrej,mitra,0.95,1.6449,2,True,0.2,0.0,2024-11-01,2024-07-01,,1.0,1709.090909090909,0.0,18800.0,0.0,2000.0,0.0
ST_VA7cmrej,mitra,0.95,1.6449,5,True,0.2,0.0,2024-11-01,2024-07-01,,1.0,1709.090909090909,0.0,18800.0,0.0,2000.0,0.0
ST_VA7cmrej,mitra,0.95,1.6449,10,True,0.2,0.0,2024-11-01,2024-07-01,,1.0,1709.090909090909,0.0,18800.0,0.0,2000.0,0.0
ST_VA7cmrej,mitra,0.95,1.6449,20,True,0.2,0.0,2024-11-01,2024-07-01,,1.0,1709.090909090909,0.0,18800.0,0.0,2000.0,0.0
ST_VA7cmrej,mitra,0.95,1.6449,50,True,0.2,0.0,2024-11-01,2024-07-01,,1.0,1709.090909090909,0.0,18800.0,0.0,2000.0,0.0
ST_VA7cmrej,mitra,0.95,1.6449,10,True,0.2,2.5,2024-11-01,2024-07-01,,1.0,1709.090909090909,0.0,23800.0,0.0,2000.0,0.0
ST_VA7cmrej,mitra,0.95,1.6449,10,True,0.2,5.0,2024-11-01,2024-07-01,,1.0,1709.090909090909,0.0,28800.0,0.0,2000.0,0.0
ST_VA7cmrej,mitra,0.95,1.6449,10,True,0.2,0.0,2024-12-01,2024-07-01,,1.0,1733.3333333333333,0.0,20800.0,0.0,2000.0,0.0
ST_VA7cmrej,mitra,0.95,1.6449,2,True,0.3,0.0,2024-11-01,2024-07-01,,1.0,1861.8181818181818,0.0,20480.0,0.0,2180.0,0.0
ST_VA7cmrej,mitra,0.95,1.6449,5,True,0.3,0.0,2024-11-01,2024-07-01,,1.0,1861.8181818181818,0.0,20480.0,0.0,2180.0,0.0
ST_VA7cmrej,mitra,0.95,1.6449,10,True,0.3,0.0,2024-11-01,2024-07-01,,1.0,1861.8181818181818,0.0,20480.0,0.0,2180.0,0.0
ST_VA7cmrej,mitra,0.95,1.6449,20,True,0.3,0.0,2024-11-01,2024-07-01,,1.0,1861.8181818181818,0.0,20480.0,0.0,2180.0,0.0
ST_VA7cmrej,mitra,0.95,1.6449,50,True,0.3,0.0,2024-11-01,2024-07-01,,1.0,1861.8181818181818,0.0,20480.0,0.0,2180.0,0.0
ST_VA7cmrej,mitra,0.95,1.6449,10,True,0.3,2.5,2024-11-01,2024-07-01,,1.0,1861.8181818181818,0.0,25930.0,0.0,2180.0,0.0
ST_VA7cmrej,mitra,0.95,1.6449,10,True,0.3,5.0,2024-11-01,2024-07-01,,1.0,1861.8181818181818,0.0,31380.0,0.0,2180.0,0.0
ST_VA7cmrej,mitra,0.95,1.6449,10,True,0.3,0.0,2024-12-01,2024-07-01,,1.0,1888.3333333333333,0.0,22660.0,0.0,2180.0,0.0
