Unit,Model,SL,z,ratio,lots,markup,term_k,eval_end,fill_rate,cycle_service,avg_oh,avg_bl,total_cost,demand_2024,end_oh,end_pipe
BR_1.0-1.5,arima,0.95,0.0,10,True,-1,0.0,2024-11-01,0.46050706715719186,0.3333333333333333,35089.57691310257,36350.73136029331,4384565.7956763925,500275.0,85293.39100735472,0.0
BR_1.0-1.5,arima,0.95,0.1,10,True,-1,0.0,2024-11-01,0.5785757709952053,0.3333333333333333,48103.99887902297,28159.54638869298,3626694.0904254806,500275.0,113323.99794487545,0.0
BR_1.0-1.5,arima,0.95,0.2,10,True,-1,0.0,2024-11-01,0.596599499569614,0.3333333333333333,49743.42084494338,26793.361417092638,3494447.3851745673,500275.0,116329.6048823962,0.0
BR_1.0-1.5,arima,0.95,0.3,10,True,-1,0.0,2024-11-01,0.7646906910394301,0.5,62217.86206721989,15787.195701848377,2420988.00994274,500275.0,119335.21181991696,0.0
BR_1.0-1.5,arima,0.95,0.4,10,True,-1,0.0,2024-11-01,0.7827144196138386,0.5,68680.52102746036,14694.247724568111,2371852.981004556,500275.0,147365.8187574377,0.0
BR_1.0-1.5,arima,0.95,0.5,10,True,-1,0.0,2024-11-01,0.9002477151465862,0.6666666666666666,81992.5301140569,6800.649873643918,1649989.317355457,500275.0,150371.42569495845,0.0
BR_1.0-1.5,arima,0.95,0.6,10,True,-1,0.0,2024-11-01,0.9062556246713892,0.6666666666666666,84451.66306293754,6254.1758850037795,1616927.6410427287,500275.0,153377.0326324792,0.0
BR_1.0-1.5,arima,0.95,0.7,10,True,-1,0.0,2024-11-01,0.9622860218279945,0.8333333333333334,94293.30869999994,1715.21458454546,1225900.0,500275.0,181407.63956999994,0.0
BR_1.0-1.5,arima,0.95,0.8,10,True,-1,0.0,2024-11-01,0.9682939313527973,0.8333333333333334,110675.67864320063,1441.977590225391,1376050.0,500275.0,184413.2465075207,0.0
BR_1.0-1.5,arima,0.95,0.9,10,True,-1,0.0,2024-11-01,0.9743018408776002,0.8333333333333334,113408.04858640133,1168.740595905322,1376050.0,500275.0,187418.85344504146,0.0
BR_1.0-1.5,arima,0.95,1.0,10,True,-1,0.0,2024-11-01,1.0,1.0,137994.91492801672,0.0,1517944.064208184,500275.0,215449.4603825622,0.0
BR_1.0-1.5,arima,0.95,1.1,10,True,-1,0.0,2024-11-01,1.0,1.0,143275.52186553742,0.0,1576030.7405209118,500275.0,218455.06732008292,0.0
BR_1.0-1.5,arima,0.95,1.2,10,True,-1,0.0,2024-11-01,1.0,1.0,159931.12880305827,0.0,1759242.4168336408,500275.0,221460.6742576037,0.0
BR_1.0-1.5,arima,0.95,1.2816,10,True,-1,0.0,2024-11-01,1.0,1.0,171483.70406407514,0.0,1886320.7447048265,500275.0,248938.2495186206,0.0
BR_1.0-1.5,arima,0.95,1.3,10,True,-1,0.0,2024-11-01,1.0,1.0,172036.73574057897,0.0,1892404.0931463686,500275.0,249491.28119512444,0.0
BR_1.0-1.5,arima,0.95,1.4,10,True,-1,0.0,2024-11-01,1.0,1.0,179592.34267809975,0.0,1975515.7694590972,500275.0,252496.88813264517,0.0
BR_1.0-1.5,arima,0.95,1.5,10,True,-1,0.0,2024-11-01,1.0,1.0,198522.9496156205,0.0,2183752.4457718255,500275.0,255502.49507016595,0.0
BR_1.0-1.5,arima,0.95,1.6,10,True,-1,0.0,2024-11-01,1.0,1.0,206078.5565531412,0.0,2266864.1220845534,500275.0,283533.1020076867,0.0
BR_1.0-1.5,arima,0.95,1.6449,10,True,-1,0.0,2024-11-01,1.0,1.0,216528.07406808806,0.0,2381808.8147489685,500275.0,284882.6195226335,0.0
BR_1.0-1.5,arima,0.95,1.7,10,True,-1,0.0,2024-11-01,1.0,1.0,222734.16349066191,0.0,2450075.798397281,500275.0,286538.7089452074,0.0
BR_1.0-1.5,arima,0.95,1.8,10,True,-1,0.0,2024-11-01,1.0,1.0,237114.77042818273,0.0,2608262.47471001,500275.0,314569.3158827282,0.0
BR_1.0-1.5,arima,0.95,1.9,10,True,-1,0.0,2024-11-01,1.0,1.0,253770.37736570335,0.0,2791474.151022737,500275.0,317574.9228202489,0.0
BR_1.0-1.5,arima,0.95,2.0,10,True,-1,0.0,2024-11-01,1.0,1.0,261325.98430322425,0.0,2874585.8273354666,500275.0,320580.52975776966,0.0
BR_1.0-1.5,arima,0.95,2.0537,10,True,-1,0.0,2024-11-01,1.0,1.0,265214.9952286728,0.0,2917364.947515401,500275.0,322194.5406832183,0.0
BR_1.0-1.5,arima,0.95,2.1,10,True,-1,0.0,2024-11-01,1.0,1.0,280256.591240745,0.0,3082822.503648195,500275.0,348611.13669529045,0.0
BR_1.0-1.5,arima,0.95,2.2,10,True,-1,0.0,2024-11-01,1.0,1.0,287812.1981782657,0.0,3165934.179960923,500275.0,351616.7436328112,0.0
BR_1.0-1.5,arima,0.95,2.3,10,True,-1,0.0,2024-11-01,1.0,1.0,297642.80511578644,0.0,3274070.8562736507,500275.0,354622.3505703319,0.0
BR_1.0-1.5,arima,0.95,2.4,10,True,-1,0.0,2024-11-01,1.0,1.0,318848.4120533071,0.0,3507332.5325863785,500275.0,382652.95750785264,0.0
BR_1.0-1.5,arima,0.95,2.5,10,True,-1,0.0,2024-11-01,1.0,1.0,326404.01899082796,0.0,3590444.2088991078,500275.0,385658.56444537337,0.0
BR_1.0-1.5,arima,0.95,2.6,10,True,-1,0.0,2024-11-01,1.0,1.0,345334.62592834875,0.0,3798680.885211836,500275.0,388664.17138289416,0.0
BR_1.0-1.5,arima,0.95,2.7,10,True,-1,0.0,2024-11-01,1.0,1.0,357440.2328658695,0.0,3931842.561524564,500275.0,416694.7783204149,0.0
BR_1.0-1.5,arima,0.95,2.8,10,True,-1,0.0,2024-11-01,1.0,1.0,369545.83980339015,0.0,4065004.237837292,500275.0,419700.3852579356,0.0
BR_1.0-1.5,arima,0.95,2.9,10,True,-1,0.0,2024-11-01,1.0,1.0,379376.44674091093,0.0,4173140.91415002,500275.0,422705.9921954564,0.0
BR_1.0-1.5,arima,0.95,3.0,10,True,-1,0.0,2024-11-01,1.0,1.0,391482.0536784318,0.0,4306302.59046275,500275.0,450736.5991329772,0.0
BR_1.0-1.5,arima,0.95,3.5,10,True,-1,0.0,2024-11-01,1.0,1.0,465660.08836603543,0.0,5122260.97202639,500275.0,515814.6338205809,0.0
BR_1.0-1.5,arima,0.95,4.0,10,True,-1,0.0,2024-11-01,1.0,1.0,530738.1230536393,0.0,5838119.353590032,500275.0,555867.6685081846,0.0
BR_1.0-1.5,croston,0.95,0.0,10,True,-1,0.0,2024-11-01,0.6334614130057463,0.3333333333333333,41721.34698026359,23999.2563043258,3098853.010258737,500275.0,97451.63613048324,0.0
BR_1.0-1.5,croston,0.95,0.1,10,True,-1,0.0,2024-11-01,0.6830989249929664,0.5,51284.43039109073,20734.870945350754,2844964.5382905807,500275.0,105729.10490028543,0.0
BR_1.0-1.5,croston,0.95,0.2,10,True,-1,0.0,2024-11-01,0.7327364369801865,0.5,56551.910517328484,17724.88230178632,2571808.068887109,500275.0,114006.57367008762,0.0
BR_1.0-1.5,croston,0.95,0.3,10,True,-1,0.0,2024-11-01,0.7823739489674068,0.5,61819.390643566236,14714.89365822189,2298651.599483636,500275.0,122284.0424398898,0.0
BR_1.0-1.5,croston,0.95,0.4,10,True,-1,0.0,2024-11-01,0.821194387925409,0.6666666666666666,67578.82633432145,12196.860579174912,2085021.7533867762,500275.0,130561.51120969199,0.0
BR_1.0-1.5,croston,0.95,0.5,10,True,-1,0.0,2024-11-01,0.8542860625835558,0.6666666666666666,73598.80362145031,9939.369096501587,1902917.440451128,500275.0,138838.97997949418,0.0
BR_1.0-1.5,croston,0.95,0.6,10,True,-1,0.0,2024-11-01,0.8937413397617238,0.6666666666666666,83879.3671585152,7392.463863764297,1735844.06375774,500275.0,147116.44874929637,0.0
BR_1.0-1.5,croston,0.95,0.7,10,True,-1,0.0,2024-11-01,0.9603096647225997,0.8333333333333334,91119.47047190779,1805.0984073546767,1200875.0,500275.0,155393.91751909856,0.0
BR_1.0-1.5,croston,0.95,0.8,10,True,-1,0.0,2024-11-01,0.976855502051673,0.8333333333333334,100919.44208081886,1052.6012464635687,1225900.0,500275.0,163671.38628890074,0.0
BR_1.0-1.5,croston,0.95,0.9,10,True,-1,0.0,2024-11-01,0.9934013393807465,0.8333333333333334,117544.41368972993,300.1040855724608,1326000.0,500275.0,171948.85505870293,0.0
BR_1.0-1.5,croston,0.95,1.0,10,True,-1,0.0,2024-11-01,1.0,1.0,125521.77837395966,0.0,1380739.5621135563,500275.0,180226.32382850512,0.0
BR_1.0-1.5,croston,0.95,1.1,10,True,-1,0.0,2024-11-01,1.0,1.0,133799.24714376192,0.0,1471791.718581381,500275.0,188503.79259830737,0.0
BR_1.0-1.5,croston,0.95,1.2,10,True,-1,0.0,2024-11-01,1.0,1.0,142076.715913564,0.0,1562843.875049204,500275.0,196781.2613681095,0.0
BR_1.0-1.5,croston,0.95,1.2816,10,True,-1,0.0,2024-11-01,1.0,1.0,148831.13042972272,0.0,1637142.4347269498,500275.0,203535.67588426813,0.0
BR_1.0-1.5,croston,0.95,1.3,10,True,-1,0.0,2024-11-01,1.0,1.0,150354.18468336624,0.0,1653896.0315170288,500275.0,205058.73013791174,0.0
BR_1.0-1.5,croston,0.95,1.4,10,True,-1,0.0,2024-11-01,1.0,1.0,158631.65345316843,0.0,1744948.1879848526,500275.0,213336.19890771387,0.0
BR_1.0-1.5,croston,0.95,1.5,10,True,-1,0.0,2024-11-01,1.0,1.0,171459.12222297068,0.0,1886050.3444526773,500275.0,221613.66767751612,0.0
BR_1.0-1.5,croston,0.95,1.6,10,True,-1,0.0,2024-11-01,1.0,1.0,184286.59099277284,0.0,2027152.500920501,500275.0,254916.13644731825,0.0
BR_1.0-1.5,croston,0.95,1.6449,10,True,-1,0.0,2024-11-01,1.0,1.0,192553.17447041397,0.0,2118084.919174554,500275.0,258632.71992495947,0.0
BR_1.0-1.5,croston,0.95,1.7,10,True,-1,0.0,2024-11-01,1.0,1.0,199389.05976257508,0.0,2193279.657388326,500275.0,263193.6052171205,0.0
BR_1.0-1.5,croston,0.95,1.8,10,True,-1,0.0,2024-11-01,1.0,1.0,216766.52853237718,0.0,2384431.813856149,500275.0,271471.0739869226,0.0
BR_1.0-1.5,croston,0.95,1.9,10,True,-1,0.0,2024-11-01,1.0,1.0,225043.9973021794,0.0,2475483.9703239733,500275.0,279748.54275672487,0.0
BR_1.0-1.5,croston,0.95,2.0,10,True,-1,0.0,2024-11-01,1.0,1.0,233321.4660719815,0.0,2566536.1267917966,500275.0,288026.011526527,0.0
BR_1.0-1.5,croston,0.95,2.0537,10,True,-1,0.0,2024-11-01,1.0,1.0,237766.46680136534,0.0,2615431.1348150186,500275.0,292471.0122559108,0.0
BR_1.0-1.5,croston,0.95,2.1,10,True,-1,0.0,2024-11-01,1.0,1.0,241598.93484178375,0.0,2657588.2832596214,500275.0,296303.48029632925,0.0
BR_1.0-1.5,croston,0.95,2.2,10,True,-1,0.0,2024-11-01,1.0,1.0,249876.40361158596,0.0,2748640.4397274456,500275.0,304580.94906613143,0.0
BR_1.0-1.5,croston,0.95,2.3,10,True,-1,0.0,2024-11-01,1.0,1.0,262703.87238138815,0.0,2889742.59619527,500275.0,312858.4178359336,0.0
BR_1.0-1.5,croston,0.95,2.4,10,True,-1,0.0,2024-11-01,1.0,1.0,270981.34115119034,0.0,2980794.7526630936,500275.0,321135.88660573575,0.0
BR_1.0-1.5,croston,0.95,2.5,10,True,-1,0.0,2024-11-01,1.0,1.0,279258.8099209926,0.0,3071846.9091309183,500275.0,329413.355375538,0.0
BR_1.0-1.5,croston,0.95,2.6,10,True,-1,0.0,2024-11-01,1.0,1.0,296636.2786907948,0.0,3262999.0655987426,500275.0,337690.8241453402,0.0
BR_1.0-1.5,croston,0.95,2.7,10,True,-1,0.0,2024-11-01,1.0,1.0,307188.74746059685,0.0,3379076.2220665654,500275.0,345968.2929151424,0.0
BR_1.0-1.5,croston,0.95,2.8,10,True,-1,0.0,2024-11-01,1.0,1.0,320016.21623039903,0.0,3520178.378534389,500275.0,354245.7616849445,0.0
BR_1.0-1.5,croston,0.95,2.9,10,True,-1,0.0,2024-11-01,1.0,1.0,328293.6850002013,0.0,3611230.535002214,500275.0,362523.23045474675,0.0
BR_1.0-1.5,croston,0.95,3.0,10,True,-1,0.0,2024-11-01,1.0,1.0,336571.15377000347,0.0,3702282.691470038,500275.0,370800.69922454894,0.0
BR_1.0-1.5,croston,0.95,3.5,10,True,-1,0.0,2024-11-01,1.0,1.0,396158.49761901447,0.0,4357743.473809159,500275.0,437213.0430735599,0.0
BR_1.0-1.5,croston,0.95,4.0,10,True,-1,0.0,2024-11-01,1.0,1.0,448920.8414680254,0.0,4938129.25614828,500275.0,478600.3869225709,0.0
BR_1.0-1.5,hybrid,0.95,0.0,10,True,-1,0.0,2024-11-01,0.787506294877661,0.5,56297.36308149858,13645.33797940341,2120258.1716308594,500275.0,31381.570556640625,0.0
BR_1.0-1.5,hybrid,0.95,0.1,10,True,-1,0.0,2024-11-01,0.9005534639622905,0.6666666666666666,63815.685157721775,5645.538520399788,1322981.7739789162,500275.0,37799.692091867444,0.0
BR_1.0-1.5,hybrid,0.95,0.2,10,True,-1,0.0,2024-11-01,0.9381696339555131,0.6666666666666666,83864.57478580443,3351.3066132555778,1291154.0501019624,500275.0,69242.81362709432,0.0
BR_1.0-1.5,hybrid,0.95,0.3,10,True,-1,0.0,2024-11-01,0.9509988209731071,0.8333333333333334,89159.94105665559,2228.5513488798965,1225900.0,500275.0,75660.93516232114,0.0
BR_1.0-1.5,hybrid,0.95,0.4,10,True,-1,0.0,2024-11-01,1.0,1.0,102449.51124300258,0.0,1126944.6236730283,500275.0,82079.05669754802,0.0
BR_1.0-1.5,hybrid,0.95,0.5,10,True,-1,0.0,2024-11-01,1.0,1.0,124792.63277822938,0.0,1372718.9605605232,500275.0,113522.17823277484,0.0
BR_1.0-1.5,hybrid,0.95,0.6,10,True,-1,0.0,2024-11-01,1.0,1.0,140310.75431345624,0.0,1543418.2974480186,500275.0,119940.29976800166,0.0
BR_1.0-1.5,hybrid,0.95,0.7,10,True,-1,0.0,2024-11-01,1.0,1.0,146728.87584868306,0.0,1614017.6343355137,500275.0,126358.42130322853,0.0
BR_1.0-1.5,hybrid,0.95,0.8,10,True,-1,0.0,2024-11-01,1.0,1.0,178171.9973839099,0.0,1959891.971223009,500275.0,157801.54283845535,0.0
BR_1.0-1.5,hybrid,0.95,0.9,10,True,-1,0.0,2024-11-01,1.0,1.0,184590.11891913682,0.0,2030491.3081105049,500275.0,164219.66437368223,0.0
BR_1.0-1.5,hybrid,0.95,1.0,10,True,-1,0.0,2024-11-01,1.0,1.0,206933.2404543636,0.0,2276265.6449979995,500275.0,170637.78590890905,0.0
BR_1.0-1.5,hybrid,0.95,1.1,10,True,-1,0.0,2024-11-01,1.0,1.0,222451.36198959037,0.0,2446964.981885494,500275.0,202080.90744413587,0.0
BR_1.0-1.5,hybrid,0.95,1.2,10,True,-1,0.0,2024-11-01,1.0,1.0,233419.48352481733,0.0,2567614.3187729907,500275.0,208499.02897936275,0.0
BR_1.0-1.5,hybrid,0.95,1.2816,10,True,-1,0.0,2024-11-01,1.0,1.0,254581.67069756237,0.0,2800398.377673186,500275.0,213736.2161521078,0.0
BR_1.0-1.5,hybrid,0.95,1.3,10,True,-1,0.0,2024-11-01,1.0,1.0,255762.60506004412,0.0,2813388.6556604854,500275.0,214917.15051458956,0.0
BR_1.0-1.5,hybrid,0.95,1.4,10,True,-1,0.0,2024-11-01,1.0,1.0,266730.726595271,0.0,2934037.9925479805,500275.0,246360.27204981644,0.0
BR_1.0-1.5,hybrid,0.95,1.5,10,True,-1,0.0,2024-11-01,1.0,1.0,282248.84813049773,0.0,3104737.329435475,500275.0,252778.39358504326,0.0
BR_1.0-1.5,hybrid,0.95,1.6,10,True,-1,0.0,2024-11-01,1.0,1.0,300041.96966572467,0.0,3300461.666322971,500275.0,259196.51512027008,0.0
BR_1.0-1.5,hybrid,0.95,1.6449,10,True,-1,0.0,2024-11-01,1.0,1.0,307473.70623504143,0.0,3382210.768585456,500275.0,262078.25168958696,0.0
BR_1.0-1.5,hybrid,0.95,1.7,10,True,-1,0.0,2024-11-01,1.0,1.0,315560.0912009515,0.0,3471161.0032104664,500275.0,290639.63665549696,0.0
BR_1.0-1.5,hybrid,0.95,1.8,10,True,-1,0.0,2024-11-01,1.0,1.0,337903.2127361784,0.0,3716935.340097963,500275.0,297057.75819072383,0.0
BR_1.0-1.5,hybrid,0.95,1.9,10,True,-1,0.0,2024-11-01,1.0,1.0,348871.33427140524,0.0,3837584.6769854575,500275.0,303475.87972595065,0.0
BR_1.0-1.5,hybrid,0.95,2.0,10,True,-1,0.0,2024-11-01,1.0,1.0,359839.455806632,0.0,3958234.013872952,500275.0,309894.0012611775,0.0
BR_1.0-1.5,hybrid,0.95,2.0537,10,True,-1,0.0,2024-11-01,1.0,1.0,367835.9870710489,0.0,4046195.857781538,500275.0,338365.53252559435,0.0
BR_1.0-1.5,hybrid,0.95,2.1,10,True,-1,0.0,2024-11-01,1.0,1.0,386732.5773418588,0.0,4254058.350760447,500275.0,341337.1227964043,0.0
BR_1.0-1.5,hybrid,0.95,2.2,10,True,-1,0.0,2024-11-01,1.0,1.0,397700.6988770856,0.0,4374707.6876479415,500275.0,347755.2443316311,0.0
BR_1.0-1.5,hybrid,0.95,2.3,10,True,-1,0.0,2024-11-01,1.0,1.0,408668.8204123126,0.0,4495357.024535438,500275.0,354173.36586685805,0.0
BR_1.0-1.5,hybrid,0.95,2.4,10,True,-1,0.0,2024-11-01,1.0,1.0,431011.9419475394,0.0,4741131.361422934,500275.0,385616.48740208487,0.0
BR_1.0-1.5,hybrid,0.95,2.5,10,True,-1,0.0,2024-11-01,1.0,1.0,441980.0634827663,0.0,4861780.698310429,500275.0,392034.6089373117,0.0
BR_1.0-1.5,hybrid,0.95,2.6,10,True,-1,0.0,2024-11-01,1.0,1.0,464323.1850179931,0.0,5107555.035197924,500275.0,398452.7304725385,0.0
BR_1.0-1.5,hybrid,0.95,2.7,10,True,-1,0.0,2024-11-01,1.0,1.0,479841.30655321985,0.0,5278254.372085419,500275.0,429895.8520077653,0.0
BR_1.0-1.5,hybrid,0.95,2.8,10,True,-1,0.0,2024-11-01,1.0,1.0,490809.42808844673,0.0,5398903.708972914,500275.0,436313.97354299226,0.0
BR_1.0-1.5,hybrid,0.95,2.9,10,True,-1,0.0,2024-11-01,1.0,1.0,513152.54962367355,0.0,5644678.045860409,500275.0,442732.0950782191,0.0
BR_1.0-1.5,hybrid,0.95,3.0,10,True,-1,0.0,2024-11-01,1.0,1.0,528670.6711589004,0.0,5815377.3827479035,500275.0,474175.2166134459,0.0
BR_1.0-1.5,hybrid,0.95,3.5,10,True,-1,0.0,2024-11-01,1.0,1.0,606261.2788350346,0.0,6668874.0671853805,500275.0,531290.8242895801,0.0
BR_1.0-1.5,hybrid,0.95,4.0,10,True,-1,0.0,2024-11-01,1.0,1.0,688401.8865111689,0.0,7572420.7516228575,500275.0,613431.4319657143,0.0
BR_1.0-1.5,mitra,0.95,0.0,10,True,-1,0.0,2024-11-01,0.3179084836673162,0.0,4661.3636363636315,51307.575757575774,5695108.333333335,500275.0,17158.333333333314,50050.0
BR_1.0-1.5,mitra,0.95,0.1,10,True,-1,0.0,2024-11-01,0.3602910511813186,0.16666666666666666,7620.394792383965,42285.0717036847,4735182.23012154,500275.0,26864.868543244724,50050.0
BR_1.0-1.5,mitra,0.95,0.2,10,True,-1,0.0,2024-11-01,0.4184982484822719,0.16666666666666666,16582.456251434633,36990.5979528239,4251372.793576409,500275.0,36571.40375315619,50050.0
BR_1.0-1.5,mitra,0.95,0.3,10,True,-1,0.0,2024-11-01,0.6267729086786323,0.3333333333333333,25187.966707127784,22239.573198605634,2723420.685625025,500275.0,46277.9389630676,50050.0
BR_1.0-1.5,mitra,0.95,0.4,10,True,-1,0.0,2024-11-01,0.7464152649880886,0.3333333333333333,39582.44045798855,15552.511739554995,2146183.1363889235,500275.0,81009.47417297901,25025.0
BR_1.0-1.5,mitra,0.95,0.5,10,True,-1,0.0,2024-11-01,0.9119124856644462,0.5,52254.825005738465,4868.36107739353,1110322.7935764114,500275.0,90716.00938289039,25025.0
BR_1.0-1.5,mitra,0.95,0.6,10,True,-1,0.0,2024-11-01,0.9504723294044313,0.8333333333333334,59345.49508436528,2252.495946108927,900575.0,500275.0,100422.5445928018,25025.0
BR_1.0-1.5,mitra,0.95,0.7,10,True,-1,0.0,2024-11-01,0.9698747285047489,0.8333333333333334,79544.61800246657,1370.083654298799,1025700.0,500275.0,135154.0798027132,0.0
BR_1.0-1.5,mitra,0.95,0.8,10,True,-1,0.0,2024-11-01,1.0,1.0,101531.06955807918,0.0,1116841.765138871,500275.0,144860.61501262465,0.0
BR_1.0-1.5,mitra,0.95,0.9,10,True,-1,0.0,2024-11-01,1.0,1.0,115787.60476799059,0.0,1273663.6524478965,500275.0,154567.15022253606,25025.0
BR_1.0-1.5,mitra,0.95,1.0,10,True,-1,0.0,2024-11-01,1.0,1.0,136869.13997790206,0.0,1505560.5397569225,500275.0,164273.68543244747,25025.0
BR_1.0-1.5,mitra,0.95,1.1,10,True,-1,0.0,2024-11-01,1.0,1.0,155675.67518781347,0.0,1712432.427065948,500275.0,199005.22064235888,0.0
BR_1.0-1.5,mitra,0.95,1.2,10,True,-1,0.0,2024-11-01,1.0,1.0,174482.21039772488,0.0,1919304.3143749735,500275.0,208711.7558522703,0.0
BR_1.0-1.5,mitra,0.95,1.2816,10,True,-1,0.0,2024-11-01,1.0,1.0,189227.74312901255,0.0,2081505.174419138,500275.0,216632.288583558,0.0
BR_1.0-1.5,mitra,0.95,1.3,10,True,-1,0.0,2024-11-01,1.0,1.0,195563.7456076363,0.0,2151201.201683999,500275.0,218418.2910621817,0.0
BR_1.0-1.5,mitra,0.95,1.4,10,True,-1,0.0,2024-11-01,1.0,1.0,205270.2808175477,0.0,2257973.0889930245,500275.0,228124.8262720931,0.0
BR_1.0-1.5,mitra,0.95,1.5,10,True,-1,0.0,2024-11-01,1.0,1.0,233176.8160274591,0.0,2564944.97630205,500275.0,262856.3614820045,0.0
BR_1.0-1.5,mitra,0.95,1.6,10,True,-1,0.0,2024-11-01,1.0,1.0,249708.35123737052,0.0,2746791.8636110756,500275.0,272562.8966919159,0.0
BR_1.0-1.5,mitra,0.95,1.6449,10,True,-1,0.0,2024-11-01,1.0,1.0,254066.58554662068,0.0,2794732.4410128277,500275.0,276921.1310011662,0.0
BR_1.0-1.5,mitra,0.95,1.7,10,True,-1,0.0,2024-11-01,1.0,1.0,268514.8864472819,0.0,2953663.750920101,500275.0,282269.43190182734,0.0
BR_1.0-1.5,mitra,0.95,1.8,10,True,-1,0.0,2024-11-01,1.0,1.0,287321.42165719334,0.0,3160535.6382291266,500275.0,317000.96711173875,0.0
BR_1.0-1.5,mitra,0.95,1.9,10,True,-1,0.0,2024-11-01,1.0,1.0,303852.95686710475,0.0,3342382.525538152,500275.0,326707.50232165016,0.0
BR_1.0-1.5,mitra,0.95,2.0,10,True,-1,0.0,2024-11-01,1.0,1.0,327209.49207701616,0.0,3599304.4128471776,500275.0,336414.03753156157,0.0
BR_1.0-1.5,mitra,0.95,2.0537,10,True,-1,0.0,2024-11-01,1.0,1.0,332421.90148473857,0.0,3656640.9163321243,500275.0,341626.44693928404,0.0
BR_1.0-1.5,mitra,0.95,2.1,10,True,-1,0.0,2024-11-01,1.0,1.0,341466.02728692757,0.0,3756126.300156203,500275.0,346120.572741473,0.0
BR_1.0-1.5,mitra,0.95,2.2,10,True,-1,0.0,2024-11-01,1.0,1.0,367097.56249683903,0.0,4038073.187465229,500275.0,380852.10795138445,0.0
BR_1.0-1.5,mitra,0.95,2.3,10,True,-1,0.0,2024-11-01,1.0,1.0,381354.0977067504,0.0,4194895.074774254,500275.0,390558.6431612958,0.0
BR_1.0-1.5,mitra,0.95,2.4,10,True,-1,0.0,2024-11-01,1.0,1.0,397885.63291666174,0.0,4376741.962083279,500275.0,400265.1783712072,0.0
BR_1.0-1.5,mitra,0.95,2.5,10,True,-1,0.0,2024-11-01,1.0,1.0,421242.1681265732,0.0,4633663.849392305,500275.0,409971.7135811186,0.0
BR_1.0-1.5,mitra,0.95,2.6,10,True,-1,0.0,2024-11-01,1.0,1.0,435498.70333648473,0.0,4790485.736701332,500275.0,444703.24879103014,0.0
BR_1.0-1.5,mitra,0.95,2.7,10,True,-1,0.0,2024-11-01,1.0,1.0,461130.2385463961,0.0,5072432.624010357,500275.0,454409.78400094155,0.0
BR_1.0-1.5,mitra,0.95,2.8,10,True,-1,0.0,2024-11-01,1.0,1.0,475386.7737563073,0.0,5229254.51131938,500275.0,464116.31921085285,0.0
BR_1.0-1.5,mitra,0.95,2.9,10,True,-1,0.0,2024-11-01,1.0,1.0,489643.30896621884,0.0,5386076.398628407,500275.0,473822.85442076426,0.0
BR_1.0-1.5,mitra,0.95,3.0,10,True,-1,0.0,2024-11-01,1.0,1.0,519824.8441761302,0.0,5718073.285937432,500275.0,508554.3896306758,0.0
BR_1.0-1.5,mitra,0.95,3.5,10,True,-1,0.0,2024-11-01,1.0,1.0,607032.5202256874,0.0,6677357.722482561,500275.0,582112.0656802328,0.0
BR_1.0-1.5,mitra,0.95,4.0,10,True,-1,0.0,2024-11-01,1.0,1.0,701065.1962752446,0.0,7711717.15902769,500275.0,655669.7417297899,0.0
BR_1.0-1.5,naive,0.95,0.0,10,True,-1,0.0,2024-11-01,1.0,1.0,291570.45454545453,0.0,3207275.0,500275.0,350825.0,0.0
BR_1.0-1.5,naive,0.95,0.1,10,True,-1,0.0,2024-11-01,1.0,1.0,328715.62230032706,0.0,3615871.845303598,500275.0,387970.16775487247,0.0
BR_1.0-1.5,naive,0.95,0.2,10,True,-1,0.0,2024-11-01,1.0,1.0,340835.79005519947,0.0,3749193.6906071943,500275.0,400090.33550974494,0.0
BR_1.0-1.5,naive,0.95,0.3,10,True,-1,0.0,2024-11-01,1.0,1.0,357505.9578100719,0.0,3932565.535910791,500275.0,412210.5032646174,0.0
BR_1.0-1.5,naive,0.95,0.4,10,True,-1,0.0,2024-11-01,1.0,1.0,374176.1255649444,0.0,4115937.3812143886,500275.0,449355.6710194899,0.0
BR_1.0-1.5,naive,0.95,0.5,10,True,-1,0.0,2024-11-01,1.0,1.0,386296.29331981693,0.0,4249259.2265179865,500275.0,461475.83877436235,0.0
BR_1.0-1.5,naive,0.95,0.6,10,True,-1,0.0,2024-11-01,1.0,1.0,402966.4610746892,0.0,4432631.071821582,500275.0,473596.0065292347,0.0
BR_1.0-1.5,naive,0.95,0.7,10,True,-1,0.0,2024-11-01,1.0,1.0,419636.6288295617,0.0,4616002.9171251785,500275.0,510741.17428410717,0.0
BR_1.0-1.5,naive,0.95,0.8,10,True,-1,0.0,2024-11-01,1.0,1.0,452231.7965844342,0.0,4974549.762428776,500275.0,522861.34203897964,0.0
BR_1.0-1.5,naive,0.95,0.9,10,True,-1,0.0,2024-11-01,1.0,1.0,464351.96433930664,0.0,5107871.607732373,500275.0,534981.5097938521,0.0
BR_1.0-1.5,naive,0.95,1.0,10,True,-1,0.0,2024-11-01,1.0,1.0,481022.1320941791,0.0,5291243.45303597,500275.0,572126.6775487246,0.0
BR_1.0-1.5,naive,0.95,1.1,10,True,-1,0.0,2024-11-01,1.0,1.0,497692.2998490516,0.0,5474615.298339567,500275.0,584246.845303597,0.0
BR_1.0-1.5,naive,0.95,1.2,10,True,-1,0.0,2024-11-01,1.0,1.0,509812.467603924,0.0,5607937.143643164,500275.0,596367.0130584694,0.0
BR_1.0-1.5,naive,0.95,1.2816,10,True,-1,0.0,2024-11-01,1.0,1.0,524252.5244919,0.0,5766777.7694109,500275.0,631282.0699464454,0.0
BR_1.0-1.5,naive,0.95,1.3,10,True,-1,0.0,2024-11-01,1.0,1.0,526482.6353587966,0.0,5791308.988946762,500275.0,633512.1808133419,0.0
BR_1.0-1.5,naive,0.95,1.4,10,True,-1,0.0,2024-11-01,1.0,1.0,543152.8031136688,0.0,5974680.834250357,500275.0,645632.3485682143,0.0
BR_1.0-1.5,naive,0.95,1.5,10,True,-1,0.0,2024-11-01,1.0,1.0,555272.9708685414,0.0,6108002.679553955,500275.0,657752.5163230868,0.0
BR_1.0-1.5,naive,0.95,1.6,10,True,-1,0.0,2024-11-01,1.0,1.0,592418.1386234139,0.0,6516599.524857553,500275.0,694897.6840779593,0.0
BR_1.0-1.5,naive,0.95,1.6449,10,True,-1,0.0,2024-11-01,1.0,1.0,597860.0939453517,0.0,6576461.0333988685,500275.0,700339.6393998971,0.0
BR_1.0-1.5,naive,0.95,1.7,10,True,-1,0.0,2024-11-01,1.0,1.0,604538.3063782862,0.0,6649921.370161148,500275.0,707017.8518328317,0.0
BR_1.0-1.5,naive,0.95,1.8,10,True,-1,0.0,2024-11-01,1.0,1.0,616658.4741331587,0.0,6783243.215464746,500275.0,719138.0195877042,0.0
BR_1.0-1.5,naive,0.95,1.9,10,True,-1,0.0,2024-11-01,1.0,1.0,637878.6418880313,0.0,7016665.0607683435,500275.0,756283.1873425767,0.0
BR_1.0-1.5,naive,0.95,2.0,10,True,-1,0.0,2024-11-01,1.0,1.0,649998.8096429037,0.0,7149986.906071941,500275.0,768403.3550974492,0.0
BR_1.0-1.5,naive,0.95,2.0537,10,True,-1,0.0,2024-11-01,1.0,1.0,656507.3397272701,0.0,7221580.736999971,500275.0,774911.8851818156,0.0
BR_1.0-1.5,naive,0.95,2.1,10,True,-1,0.0,2024-11-01,1.0,1.0,662118.9773977763,0.0,7283308.751375539,500275.0,780523.5228523216,0.0
BR_1.0-1.5,naive,0.95,2.2,10,True,-1,0.0,2024-11-01,1.0,1.0,683339.1451526486,0.0,7516730.596679134,500275.0,817668.6906071941,0.0
BR_1.0-1.5,naive,0.95,2.3,10,True,-1,0.0,2024-11-01,1.0,1.0,711384.312907521,0.0,7825227.441982731,500275.0,829788.8583620664,0.0
BR_1.0-1.5,naive,0.95,2.4,10,True,-1,0.0,2024-11-01,1.0,1.0,728054.4806623935,0.0,8008599.287286329,500275.0,841909.0261169389,0.0
BR_1.0-1.5,naive,0.95,2.5,10,True,-1,0.0,2024-11-01,1.0,1.0,744724.6484172659,0.0,8191971.132589924,500275.0,879054.1938718114,0.0
BR_1.0-1.5,naive,0.95,2.6,10,True,-1,0.0,2024-11-01,1.0,1.0,756844.8161721383,0.0,8325292.977893522,500275.0,891174.3616266839,0.0
BR_1.0-1.5,naive,0.95,2.7,10,True,-1,0.0,2024-11-01,1.0,1.0,773514.9839270108,0.0,8508664.823197119,500275.0,903294.5293815563,0.0
BR_1.0-1.5,naive,0.95,2.8,10,True,-1,0.0,2024-11-01,1.0,1.0,790185.1516818831,0.0,8692036.668500714,500275.0,940439.6971364287,0.0
BR_1.0-1.5,naive,0.95,2.9,10,True,-1,0.0,2024-11-01,1.0,1.0,802305.3194367557,0.0,8825358.513804313,500275.0,952559.8648913011,0.0
BR_1.0-1.5,naive,0.95,3.0,10,True,-1,0.0,2024-11-01,1.0,1.0,818975.4871916282,0.0,9008730.35910791,500275.0,964680.0326461736,0.0
BR_1.0-1.5,naive,0.95,3.5,10,True,-1,0.0,2024-11-01,1.0,1.0,913701.3259659905,0.0,10050714.585625896,500275.0,1075330.871420536,0.0
BR_1.0-1.5,naive,0.95,4.0,10,True,-1,0.0,2024-11-01,1.0,1.0,1003877.164740353,0.0,11042648.812143883,500275.0,1160956.7101948983,0.0
BR_1.0-1.5,rf,0.95,0.0,10,True,-1,0.0,2024-11-01,0.9283147069111987,0.5,87009.14181818179,3757.3672727272865,1370410.9600000011,500275.0,69706.31999999995,0.0
BR_1.0-1.5,rf,0.95,0.1,10,True,-1,0.0,2024-11-01,0.9474482571415009,0.6666666666666666,94487.46287028902,2507.3314833701165,1315168.554743892,500275.0,73884.67684146436,25025.0
BR_1.0-1.5,rf,0.95,0.2,10,True,-1,0.0,2024-11-01,0.9558003771584201,0.8333333333333334,111818.66698448059,2010.178756097395,1451125.0,500275.0,103088.03368292865,0.0
BR_1.0-1.5,rf,0.95,0.3,10,True,-1,0.0,2024-11-01,1.0,1.0,123086.84506984754,0.0,1353955.295768323,500275.0,107266.390524393,0.0
BR_1.0-1.5,rf,0.95,0.4,10,True,-1,0.0,2024-11-01,1.0,1.0,129540.20191131193,0.0,1424942.2210244313,500275.0,111444.74736585736,25025.0
BR_1.0-1.5,rf,0.95,0.5,10,True,-1,0.0,2024-11-01,1.0,1.0,142818.55875277615,0.0,1571004.1462805378,500275.0,140648.10420732165,0.0
BR_1.0-1.5,rf,0.95,0.6,10,True,-1,0.0,2024-11-01,1.0,1.0,160646.91559424062,0.0,1767116.0715366467,500275.0,144826.46104878606,0.0
BR_1.0-1.5,rf,0.95,0.7,10,True,-1,0.0,2024-11-01,1.0,1.0,171650.27243570492,0.0,1888152.996792754,500275.0,174029.81789025036,0.0
BR_1.0-1.5,rf,0.95,0.8,10,True,-1,0.0,2024-11-01,1.0,1.0,184928.62927716924,0.0,2034214.9220488616,500275.0,178208.1747317147,0.0
BR_1.0-1.5,rf,0.95,0.9,10,True,-1,0.0,2024-11-01,1.0,1.0,189106.98611863365,0.0,2080176.84730497,500275.0,182386.53157317906,0.0
BR_1.0-1.5,rf,0.95,1.0,10,True,-1,0.0,2024-11-01,1.0,1.0,216035.34296009794,0.0,2376388.7725610775,500275.0,211589.8884146434,0.0
BR_1.0-1.5,rf,0.95,1.1,10,True,-1,0.0,2024-11-01,1.0,1.0,222488.69980156232,0.0,2447375.6978171854,500275.0,215768.24525610777,0.0
BR_1.0-1.5,rf,0.95,1.2,10,True,-1,0.0,2024-11-01,1.0,1.0,231217.05664302662,0.0,2543387.623073293,500275.0,244971.60209757206,0.0
BR_1.0-1.5,rf,0.95,1.2816,10,True,-1,0.0,2024-11-01,1.0,1.0,243726.59582566147,0.0,2680992.5540822763,500275.0,248381.14128020697,0.0
BR_1.0-1.5,rf,0.95,1.3,10,True,-1,0.0,2024-11-01,1.0,1.0,244495.41348449094,0.0,2689449.5483294004,500275.0,249149.9589390364,0.0
BR_1.0-1.5,rf,0.95,1.4,10,True,-1,0.0,2024-11-01,1.0,1.0,257773.77032595535,0.0,2835511.4735855088,500275.0,253328.31578050076,0.0
BR_1.0-1.5,rf,0.95,1.5,10,True,-1,0.0,2024-11-01,1.0,1.0,277877.1271674196,0.0,3056648.3988416158,500275.0,282531.6726219651,0.0
BR_1.0-1.5,rf,0.95,1.6,10,True,-1,0.0,2024-11-01,1.0,1.0,282055.484008884,0.0,3102610.324097724,500275.0,286710.02946342947,0.0
BR_1.0-1.5,rf,0.95,1.6449,10,True,-1,0.0,2024-11-01,1.0,1.0,283931.5662307015,0.0,3123247.228537717,500275.0,288586.1116852469,0.0
BR_1.0-1.5,rf,0.95,1.7,10,True,-1,0.0,2024-11-01,1.0,1.0,308983.84085034824,0.0,3398822.2493538307,500275.0,315913.38630489376,0.0
BR_1.0-1.5,rf,0.95,1.8,10,True,-1,0.0,2024-11-01,1.0,1.0,315437.1976918127,0.0,3469809.1746099396,500275.0,320091.7431463582,0.0
BR_1.0-1.5,rf,0.95,1.9,10,True,-1,0.0,2024-11-01,1.0,1.0,324165.55453327706,0.0,3565821.0998660475,500275.0,324270.09998782247,0.0
BR_1.0-1.5,rf,0.95,2.0,10,True,-1,0.0,2024-11-01,1.0,1.0,337443.9113747413,0.0,3711883.0251221545,500275.0,353473.4568292868,0.0
BR_1.0-1.5,rf,0.95,2.0537,10,True,-1,0.0,2024-11-01,1.0,1.0,339687.68899860774,0.0,3736564.5789846852,500275.0,355717.23445315316,0.0
BR_1.0-1.5,rf,0.95,2.1,10,True,-1,0.0,2024-11-01,1.0,1.0,350722.2682162057,0.0,3857944.950378263,500275.0,357651.8136707512,0.0
BR_1.0-1.5,rf,0.95,2.2,10,True,-1,0.0,2024-11-01,1.0,1.0,366275.6250576701,0.0,4029031.8756343713,500275.0,361830.1705122155,0.0
BR_1.0-1.5,rf,0.95,2.3,10,True,-1,0.0,2024-11-01,1.0,1.0,375003.98189913435,0.0,4125043.800890478,500275.0,391033.5273536798,0.0
BR_1.0-1.5,rf,0.95,2.4,10,True,-1,0.0,2024-11-01,1.0,1.0,388282.33874059876,0.0,4271105.726146586,500275.0,395211.8841951442,0.0
BR_1.0-1.5,rf,0.95,2.5,10,True,-1,0.0,2024-11-01,1.0,1.0,406110.69558206317,0.0,4467217.651402695,500275.0,424415.2410366086,0.0
BR_1.0-1.5,rf,0.95,2.6,10,True,-1,0.0,2024-11-01,1.0,1.0,417114.05242352746,0.0,4588254.576658802,500275.0,428593.5978780729,0.0
BR_1.0-1.5,rf,0.95,2.7,10,True,-1,0.0,2024-11-01,1.0,1.0,430392.40926499164,0.0,4734316.501914908,500275.0,432771.95471953717,0.0
BR_1.0-1.5,rf,0.95,2.8,10,True,-1,0.0,2024-11-01,1.0,1.0,439120.7661064561,0.0,4830328.427171017,500275.0,461975.3115610016,0.0
BR_1.0-1.5,rf,0.95,2.9,10,True,-1,0.0,2024-11-01,1.0,1.0,456949.12294792046,0.0,5026440.352427125,500275.0,466153.6684024659,0.0
BR_1.0-1.5,rf,0.95,3.0,10,True,-1,0.0,2024-11-01,1.0,1.0,472502.4797893849,0.0,5197527.277683234,500275.0,495357.0252439303,0.0
BR_1.0-1.5,rf,0.95,3.5,10,True,-1,0.0,2024-11-01,1.0,1.0,541169.2639967066,0.0,5952861.903963773,500275.0,566298.809451252,0.0
BR_1.0-1.5,rf,0.95,4.0,10,True,-1,0.0,2024-11-01,1.0,1.0,609836.0482040283,0.0,6708196.530244311,500275.0,637240.5936585737,0.0
BR_1.0-1.5,sba,0.95,0.0,10,True,-1,0.0,2024-11-01,0.5818742950814595,0.3333333333333333,37029.02963125039,27909.520761836797,3477366.6097458014,500275.0,88849.05432395905,0.0
BR_1.0-1.5,sba,0.95,0.1,10,True,-1,0.0,2024-11-01,0.6258501741205824,0.3333333333333333,45579.035610577164,24576.182445731152,3204749.4607467754,500275.0,96182.39861939146,0.0
BR_1.0-1.5,sba,0.95,0.2,10,True,-1,0.0,2024-11-01,0.6698260531597056,0.5,49875.9273094334,21539.729849154945,2918005.4838108113,500275.0,103515.7429148239,0.0
BR_1.0-1.5,sba,0.95,0.3,10,True,-1,0.0,2024-11-01,0.7138019321988285,0.5,54542.60095198129,18873.05919627043,2676005.1220615413,500275.0,110849.08721025632,0.0
BR_1.0-1.5,sba,0.95,0.4,10,True,-1,0.0,2024-11-01,0.7577778112379516,0.5,59209.27459452921,16206.388543385907,2434004.7603122713,500275.0,118182.43150568876,0.0
BR_1.0-1.5,sba,0.95,0.5,10,True,-1,0.0,2024-11-01,0.9005862291761954,0.6666666666666666,66206.08929182641,6769.858945250697,1472951.466187667,500275.0,125515.77580112117,0.0
BR_1.0-1.5,sba,0.95,0.6,10,True,-1,0.0,2024-11-01,0.9152448555225697,0.6666666666666666,74481.0982608166,5436.523618808435,1417309.6789379101,500275.0,132849.1200965536,0.0
BR_1.0-1.5,sba,0.95,0.7,10,True,-1,0.0,2024-11-01,0.9299034818689441,0.6666666666666666,89581.10722980674,4103.188292366177,1436742.8916881536,500275.0,140182.46439198602,0.0
BR_1.0-1.5,sba,0.95,0.8,10,True,-1,0.0,2024-11-01,0.9445621082153185,0.6666666666666666,95581.11619879692,2769.8529659239152,1356076.1044383969,500275.0,147515.80868741847,0.0
BR_1.0-1.5,sba,0.95,0.9,10,True,-1,0.0,2024-11-01,0.9592207345616929,0.8333333333333334,101999.22998440989,1854.6224561044655,1326000.0,500275.0,154849.15298285088,0.0
BR_1.0-1.5,sba,0.95,1.0,10,True,-1,0.0,2024-11-01,0.9738793609080671,0.8333333333333334,113215.90661662119,1187.9547928833372,1376050.0,500275.0,187207.4972782833,0.0
BR_1.0-1.5,sba,0.95,1.1,10,True,-1,0.0,2024-11-01,1.0,1.0,128461.29611917026,0.0,1413074.257310873,500275.0,194540.84157371573,0.0
BR_1.0-1.5,sba,0.95,1.2,10,True,-1,0.0,2024-11-01,1.0,1.0,135794.64041460273,0.0,1493741.04456063,500275.0,201874.18586914818,0.0
BR_1.0-1.5,sba,0.95,1.2816,10,True,-1,0.0,2024-11-01,1.0,1.0,153153.64935967556,0.0,1684690.142956431,500275.0,207858.194814221,0.0
BR_1.0-1.5,sba,0.95,1.3,10,True,-1,0.0,2024-11-01,1.0,1.0,154502.98471003512,0.0,1699532.8318103862,500275.0,209207.53016458056,0.0
BR_1.0-1.5,sba,0.95,1.4,10,True,-1,0.0,2024-11-01,1.0,1.0,161836.3290054676,0.0,1780199.6190601434,500275.0,216540.874460013,0.0
BR_1.0-1.5,sba,0.95,1.5,10,True,-1,0.0,2024-11-01,1.0,1.0,169169.6733009,0.0,1860866.4063098999,500275.0,223874.21875544544,0.0
BR_1.0-1.5,sba,0.95,1.6,10,True,-1,0.0,2024-11-01,1.0,1.0,181053.01759633239,0.0,1991583.1935596564,500275.0,231207.56305087788,0.0
BR_1.0-1.5,sba,0.95,1.6449,10,True,-1,0.0,2024-11-01,1.0,1.0,184345.6891849816,0.0,2027802.5810347975,500275.0,234500.23463952704,0.0
BR_1.0-1.5,sba,0.95,1.7,10,True,-1,0.0,2024-11-01,1.0,1.0,188386.36189176483,0.0,2072249.9808094131,500275.0,238540.90734631027,0.0
BR_1.0-1.5,sba,0.95,1.8,10,True,-1,0.0,2024-11-01,1.0,1.0,200269.70618719727,0.0,2202966.76805917,500275.0,245874.2516417427,0.0
BR_1.0-1.5,sba,0.95,1.9,10,True,-1,0.0,2024-11-01,1.0,1.0,223528.05048262968,0.0,2458808.5553089264,500275.0,278232.5959371751,0.0
BR_1.0-1.5,sba,0.95,2.0,10,True,-1,0.0,2024-11-01,1.0,1.0,230861.3947780621,0.0,2539475.342558683,500275.0,285565.94023260754,0.0
BR_1.0-1.5,sba,0.95,2.0537,10,True,-1,0.0,2024-11-01,1.0,1.0,234799.4006647094,0.0,2582793.407311803,500275.0,289503.9461192548,0.0
BR_1.0-1.5,sba,0.95,2.1,10,True,-1,0.0,2024-11-01,1.0,1.0,238194.73907349448,0.0,2620142.1298084394,500275.0,292899.28452804,0.0
BR_1.0-1.5,sba,0.95,2.2,10,True,-1,0.0,2024-11-01,1.0,1.0,250078.0833689269,0.0,2750858.917058196,500275.0,300232.6288234724,0.0
BR_1.0-1.5,sba,0.95,2.3,10,True,-1,0.0,2024-11-01,1.0,1.0,257411.42766435945,0.0,2831525.704307954,500275.0,307565.97311890486,0.0
BR_1.0-1.5,sba,0.95,2.4,10,True,-1,0.0,2024-11-01,1.0,1.0,269294.77195979183,0.0,2962242.4915577103,500275.0,314899.3174143373,0.0
BR_1.0-1.5,sba,0.95,2.5,10,True,-1,0.0,2024-11-01,1.0,1.0,281178.1162552242,0.0,3092959.2788074664,500275.0,322232.6617097697,0.0
BR_1.0-1.5,sba,0.95,2.6,10,True,-1,0.0,2024-11-01,1.0,1.0,295336.4605506566,0.0,3248701.066057223,500275.0,329566.0060052021,0.0
BR_1.0-1.5,sba,0.95,2.7,10,True,-1,0.0,2024-11-01,1.0,1.0,302669.80484608916,0.0,3329367.853306981,500275.0,336899.35030063457,0.0
BR_1.0-1.5,sba,0.95,2.8,10,True,-1,0.0,2024-11-01,1.0,1.0,314553.14914152154,0.0,3460084.640556737,500275.0,344232.69459606695,0.0
BR_1.0-1.5,sba,0.95,2.9,10,True,-1,0.0,2024-11-01,1.0,1.0,326436.4934369539,0.0,3590801.4278064934,500275.0,376591.0388914994,0.0
BR_1.0-1.5,sba,0.95,3.0,10,True,-1,0.0,2024-11-01,1.0,1.0,338319.83773238637,0.0,3721518.21505625,500275.0,383924.38318693184,0.0
BR_1.0-1.5,sba,0.95,3.5,10,True,-1,0.0,2024-11-01,1.0,1.0,390911.55920954846,0.0,4300027.151305033,500275.0,420591.10466409393,0.0
BR_1.0-1.5,sba,0.95,4.0,10,True,-1,0.0,2024-11-01,1.0,1.0,452603.2806867106,0.0,4978636.087553817,500275.0,482282.82614125614,0.0
BR_1.0-1.5,ses,0.95,0.0,10,True,-1,0.0,2024-11-01,0.6159623607634624,0.3333333333333333,46954.64909653475,25325.671207433163,3302324.9728795304,500275.0,94533.52334364704,0.0
BR_1.0-1.5,ses,0.95,0.1,10,True,-1,0.0,2024-11-01,0.6391924315191347,0.3333333333333333,53617.635214224574,23564.849442691644,3181927.4260525513,500275.0,123432.33122607839,0.0
BR_1.0-1.5,ses,0.95,0.2,10,True,-1,0.0,2024-11-01,0.7581575697706651,0.6666666666666666,60661.282988007086,15359.689334042801,2356839.9396127863,500275.0,127306.13910850973,0.0
BR_1.0-1.5,ses,0.95,0.3,10,True,-1,0.0,2024-11-01,0.8236667712395825,0.6666666666666666,70303.5978115935,12028.19627519789,2096441.1661992965,500275.0,131179.94699094107,0.0
BR_1.0-1.5,ses,0.95,0.4,10,True,-1,0.0,2024-11-01,0.8391534850766975,0.6666666666666666,73120.91263517992,10971.703216352978,2011217.3927858067,500275.0,135053.7548733724,0.0
BR_1.0-1.5,ses,0.95,0.5,10,True,-1,0.0,2024-11-01,0.9273950582295812,0.6666666666666666,93104.3695274758,4331.352226217499,1500596.8096861588,500275.0,163952.56275580375,0.0
BR_1.0-1.5,ses,0.95,0.6,10,True,-1,0.0,2024-11-01,0.9351384151481388,0.6666666666666666,98548.84870401054,3627.0235203208867,1483009.9229794135,500275.0,167826.37063823512,0.0
BR_1.0-1.5,ses,0.95,0.7,10,True,-1,0.0,2024-11-01,0.9929042596984987,0.8333333333333334,112768.34410969676,322.7110435757786,1275950.0,500275.0,171700.17852066644,0.0
BR_1.0-1.5,ses,0.95,0.8,10,True,-1,0.0,2024-11-01,1.0,1.0,125419.44094855228,0.0,1379613.850434075,500275.0,200598.98640309775,0.0
BR_1.0-1.5,ses,0.95,0.9,10,True,-1,0.0,2024-11-01,1.0,1.0,129293.24883098365,0.0,1422225.7371408201,500275.0,204472.79428552912,0.0
BR_1.0-1.5,ses,0.95,1.0,10,True,-1,0.0,2024-11-01,1.0,1.0,149092.05671341505,0.0,1640012.6238475654,500275.0,208346.6021679605,0.0
BR_1.0-1.5,ses,0.95,1.1,10,True,-1,0.0,2024-11-01,1.0,1.0,162065.8645958463,0.0,1782724.5105543095,500275.0,237245.4100503918,0.0
BR_1.0-1.5,ses,0.95,1.2,10,True,-1,0.0,2024-11-01,1.0,1.0,179589.67247827767,0.0,1975486.3972610543,500275.0,241119.2179328231,0.0
BR_1.0-1.5,ses,0.95,1.2816,10,True,-1,0.0,2024-11-01,1.0,1.0,182750.69971034164,0.0,2010257.696813758,500275.0,244280.2451648871,0.0
BR_1.0-1.5,ses,0.95,1.3,10,True,-1,0.0,2024-11-01,1.0,1.0,188013.48036070904,0.0,2068148.2839677995,500275.0,244993.02581525448,0.0
BR_1.0-1.5,ses,0.95,1.4,10,True,-1,0.0,2024-11-01,1.0,1.0,207812.28824314036,0.0,2285935.170674544,500275.0,273891.8336976858,0.0
BR_1.0-1.5,ses,0.95,1.5,10,True,-1,0.0,2024-11-01,1.0,1.0,216236.09612557173,0.0,2378597.057381289,500275.0,277765.64158011717,0.0
BR_1.0-1.5,ses,0.95,1.6,10,True,-1,0.0,2024-11-01,1.0,1.0,224659.90400800298,0.0,2471258.944088033,500275.0,281639.4494625485,0.0
BR_1.0-1.5,ses,0.95,1.6449,10,True,-1,0.0,2024-11-01,1.0,1.0,235499.24374721476,0.0,2590491.681219362,500275.0,283378.7892017602,0.0
BR_1.0-1.5,ses,0.95,1.7,10,True,-1,0.0,2024-11-01,1.0,1.0,246733.71189043438,0.0,2714070.830794778,500275.0,310538.25734497985,0.0
BR_1.0-1.5,ses,0.95,1.8,10,True,-1,0.0,2024-11-01,1.0,1.0,252882.51977286572,0.0,2781707.717501523,500275.0,314412.06522741116,0.0
BR_1.0-1.5,ses,0.95,1.9,10,True,-1,0.0,2024-11-01,1.0,1.0,274956.3276552971,0.0,3024519.604208268,500275.0,318285.87310984253,0.0
BR_1.0-1.5,ses,0.95,2.0,10,True,-1,0.0,2024-11-01,1.0,1.0,281105.1355377283,0.0,3092156.4909150116,500275.0,322159.68099227385,0.0
BR_1.0-1.5,ses,0.95,2.0537,10,True,-1,0.0,2024-11-01,1.0,1.0,287735.3703705941,0.0,3165089.074076535,500275.0,349264.9158251395,0.0
BR_1.0-1.5,ses,0.95,2.1,10,True,-1,0.0,2024-11-01,1.0,1.0,294078.9434201597,0.0,3234868.377621757,500275.0,351058.4888747052,0.0
BR_1.0-1.5,ses,0.95,2.2,10,True,-1,0.0,2024-11-01,1.0,1.0,311602.75130259106,0.0,3427630.2643285017,500275.0,354932.29675713653,0.0
BR_1.0-1.5,ses,0.95,2.3,10,True,-1,0.0,2024-11-01,1.0,1.0,317751.55918502243,0.0,3495267.151035247,500275.0,358806.1046395679,0.0
BR_1.0-1.5,ses,0.95,2.4,10,True,-1,0.0,2024-11-01,1.0,1.0,344375.3670674538,0.0,3788129.0377419917,500275.0,387704.9125219992,0.0
BR_1.0-1.5,ses,0.95,2.5,10,True,-1,0.0,2024-11-01,1.0,1.0,348249.1749498852,0.0,3830740.924448737,500275.0,391578.7204044306,0.0
BR_1.0-1.5,ses,0.95,2.6,10,True,-1,0.0,2024-11-01,1.0,1.0,354397.98283231637,0.0,3898377.8111554803,500275.0,395452.5282868619,0.0
BR_1.0-1.5,ses,0.95,2.7,10,True,-1,0.0,2024-11-01,1.0,1.0,381021.7907147478,0.0,4191239.6978622256,500275.0,424351.33616929327,0.0
BR_1.0-1.5,ses,0.95,2.8,10,True,-1,0.0,2024-11-01,1.0,1.0,384895.5985971791,0.0,4233851.58456897,500275.0,428225.1440517246,0.0
BR_1.0-1.5,ses,0.95,2.9,10,True,-1,0.0,2024-11-01,1.0,1.0,409244.4064796105,0.0,4501688.471275715,500275.0,432098.9519341559,0.0
BR_1.0-1.5,ses,0.95,3.0,10,True,-1,0.0,2024-11-01,1.0,1.0,417668.2143620417,0.0,4594350.357982459,500275.0,460997.7598165872,0.0
BR_1.0-1.5,ses,0.95,3.5,10,True,-1,0.0,2024-11-01,1.0,1.0,482537.25377419847,0.0,5307909.791516183,500275.0,505391.799228744,0.0
BR_1.0-1.5,ses,0.95,4.0,10,True,-1,0.0,2024-11-01,1.0,1.0,551956.2931863551,0.0,6071519.225049906,500275.0,574810.8386409007,0.0
BR_1.0-1.5,tsb,0.95,0.0,10,True,-1,0.0,2024-11-01,0.6388044519433851,0.3333333333333333,46757.34494472309,22835.924667276213,3026282.5077923373,500275.0,115025.96573199233,0.0
BR_1.0-1.5,tsb,0.95,0.1,10,True,-1,0.0,2024-11-01,0.7633142752959037,0.5,57521.79828835175,15870.66071834446,2378512.4601897597,500275.0,119105.68302455274,0.0
BR_1.0-1.5,tsb,0.95,0.2,10,True,-1,0.0,2024-11-01,0.787779123384817,0.5,60117.982019981086,14387.127157413412,2243881.7895352673,500275.0,123185.40031711312,0.0
BR_1.0-1.5,tsb,0.95,0.3,10,True,-1,0.0,2024-11-01,0.8580385492366139,0.6666666666666666,65181.44917067166,8545.877015543583,1657042.4125871824,500275.0,127265.11760967353,0.0
BR_1.0-1.5,tsb,0.95,0.4,10,True,-1,0.0,2024-11-01,0.9122379389380519,0.6666666666666666,80075.31946546411,5710.030017775653,1508931.816075427,500275.0,156369.8349022339,0.0
BR_1.0-1.5,tsb,0.95,0.5,10,True,-1,0.0,2024-11-01,0.9203928883010231,0.6666666666666666,87963.26997755897,4968.263237310129,1514104.9258572627,500275.0,160449.5521947943,0.0
BR_1.0-1.5,tsb,0.95,0.6,10,True,-1,0.0,2024-11-01,0.9785703252957967,0.8333333333333334,94874.33589759516,974.6118647859389,1150825.0,500275.0,164529.26948735467,0.0
BR_1.0-1.5,tsb,0.95,0.7,10,True,-1,0.0,2024-11-01,0.9867252746587678,0.8333333333333334,107683.16979992278,603.7284745531771,1250925.0,500275.0,168608.98677991505,0.0
BR_1.0-1.5,tsb,0.95,0.8,10,True,-1,0.0,2024-11-01,0.9948802240217389,0.8333333333333334,115942.00370225041,232.8450843204125,1300975.0,500275.0,172688.70407247546,0.0
BR_1.0-1.5,tsb,0.95,0.9,10,True,-1,0.0,2024-11-01,1.0,1.0,124338.87591049039,0.0,1367727.6350153943,500275.0,201793.42136503584,0.0
BR_1.0-1.5,tsb,0.95,1.0,10,True,-1,0.0,2024-11-01,1.0,1.0,144343.59320305078,0.0,1587779.5252335586,500275.0,205873.13865759625,0.0
BR_1.0-1.5,tsb,0.95,1.1,10,True,-1,0.0,2024-11-01,1.0,1.0,152973.3104956112,0.0,1682706.4154517232,500275.0,209952.85595015663,0.0
BR_1.0-1.5,tsb,0.95,1.2,10,True,-1,0.0,2024-11-01,1.0,1.0,157053.02778817154,0.0,1727583.305669887,500275.0,214032.57324271702,0.0
BR_1.0-1.5,tsb,0.95,1.2816,10,True,-1,0.0,2024-11-01,1.0,1.0,180857.0770989009,0.0,1989427.8480879096,500275.0,242386.62255344633,0.0
BR_1.0-1.5,tsb,0.95,1.3,10,True,-1,0.0,2024-11-01,1.0,1.0,181607.74508073195,0.0,1997685.1958880515,500275.0,243137.2905352774,0.0
BR_1.0-1.5,tsb,0.95,1.4,10,True,-1,0.0,2024-11-01,1.0,1.0,190237.4623732923,0.0,2092612.0861062154,500275.0,247217.00782783778,0.0
BR_1.0-1.5,tsb,0.95,1.5,10,True,-1,0.0,2024-11-01,1.0,1.0,194317.17966585277,0.0,2137488.9763243804,500275.0,251296.72512039822,0.0
BR_1.0-1.5,tsb,0.95,1.6,10,True,-1,0.0,2024-11-01,1.0,1.0,214321.8969584131,0.0,2357540.866542544,500275.0,255376.4424129586,0.0
BR_1.0-1.5,tsb,0.95,1.6449,10,True,-1,0.0,2024-11-01,1.0,1.0,216153.69002277267,0.0,2377690.5902504995,500275.0,257208.23547731817,0.0
BR_1.0-1.5,tsb,0.95,1.7,10,True,-1,0.0,2024-11-01,1.0,1.0,227501.61425097354,0.0,2502517.756760709,500275.0,284481.159705519,0.0
BR_1.0-1.5,tsb,0.95,1.8,10,True,-1,0.0,2024-11-01,1.0,1.0,231581.33154353395,0.0,2547394.6469788733,500275.0,288560.87699807936,0.0
BR_1.0-1.5,tsb,0.95,1.9,10,True,-1,0.0,2024-11-01,1.0,1.0,251586.0488360943,0.0,2767446.537197037,500275.0,292640.59429063974,0.0
BR_1.0-1.5,tsb,0.95,2.0,10,True,-1,0.0,2024-11-01,1.0,1.0,260215.76612865462,0.0,2862373.427415201,500275.0,296720.3115832001,0.0
BR_1.0-1.5,tsb,0.95,2.0537,10,True,-1,0.0,2024-11-01,1.0,1.0,262406.5743147596,0.0,2886472.3174623554,500275.0,298911.11976930505,0.0
BR_1.0-1.5,tsb,0.95,2.1,10,True,-1,0.0,2024-11-01,1.0,1.0,268845.4834212151,0.0,2957300.317633366,500275.0,325825.0288757605,0.0
BR_1.0-1.5,tsb,0.95,2.2,10,True,-1,0.0,2024-11-01,1.0,1.0,286575.2007137755,0.0,3152327.2078515305,500275.0,329904.74616832094,0.0
BR_1.0-1.5,tsb,0.95,2.3,10,True,-1,0.0,2024-11-01,1.0,1.0,292929.9180063358,0.0,3222229.098069694,500275.0,333984.46346088126,0.0
BR_1.0-1.5,tsb,0.95,2.4,10,True,-1,0.0,2024-11-01,1.0,1.0,301559.6352988962,0.0,3317155.988287858,500275.0,338064.1807534417,0.0
BR_1.0-1.5,tsb,0.95,2.5,10,True,-1,0.0,2024-11-01,1.0,1.0,319289.35259145667,0.0,3512182.8785060234,500275.0,342143.8980460021,0.0
BR_1.0-1.5,tsb,0.95,2.6,10,True,-1,0.0,2024-11-01,1.0,1.0,330194.06988401705,0.0,3632134.7687241873,500275.0,371248.61533856246,0.0
BR_1.0-1.5,tsb,0.95,2.7,10,True,-1,0.0,2024-11-01,1.0,1.0,338823.78717657743,0.0,3727061.6589423516,500275.0,375328.3326311229,0.0
BR_1.0-1.5,tsb,0.95,2.8,10,True,-1,0.0,2024-11-01,1.0,1.0,356553.5044691377,0.0,3922088.549160515,500275.0,379408.0499236832,0.0
BR_1.0-1.5,tsb,0.95,2.9,10,True,-1,0.0,2024-11-01,1.0,1.0,362908.22176169825,0.0,3991990.4393786807,500275.0,383487.76721624366,0.0
BR_1.0-1.5,tsb,0.95,3.0,10,True,-1,0.0,2024-11-01,1.0,1.0,376087.9390542586,0.0,4136967.3295968445,500275.0,412592.48450880405,0.0
BR_1.0-1.5,tsb,0.95,3.5,10,True,-1,0.0,2024-11-01,1.0,1.0,435161.5255170605,0.0,4786776.780687666,500275.0,458016.07097160595,0.0
BR_1.0-1.5,tsb,0.95,4.0,10,True,-1,0.0,2024-11-01,1.0,1.0,496510.1119798623,0.0,5461611.231778486,500275.0,503439.65743440785,0.0
BR_1.0-1.5,xgb,0.95,0.0,10,True,-1,0.0,2024-11-01,0.0,0.0,0.0,157189.9777646498,17290897.55411148,500275.0,0.0,150150.0
BR_1.0-1.5,xgb,0.95,0.1,10,True,-1,0.0,2024-11-01,0.0,0.0,0.0,129366.08202723767,14230269.022996144,500275.0,0.0,150150.0
BR_1.0-1.5,xgb,0.95,0.2,10,True,-1,0.0,2024-11-01,0.0015238801953325546,0.0,0.0,112917.18628982548,12420890.491880802,500275.0,0.0,150150.0
BR_1.0-1.5,xgb,0.95,0.3,10,True,-1,0.0,2024-11-01,0.10058969527612671,0.0,0.0,80543.29055241332,8859761.960765466,500275.0,0.0,150150.0
BR_1.0-1.5,xgb,0.95,0.4,10,True,-1,0.0,2024-11-01,0.1975522500997113,0.0,0.0,64094.3948150011,7050383.42965012,500275.0,0.0,125125.0
BR_1.0-1.5,xgb,0.95,0.5,10,True,-1,0.0,2024-11-01,0.3690013275315967,0.0,4351.644795810274,42897.14387339922,4766553.918827827,500275.0,0.0,125125.0
BR_1.0-1.5,xgb,0.95,0.6,10,True,-1,0.0,2024-11-01,0.5337358664171572,0.0,8645.347849373271,28466.951189550062,3226463.457193613,500275.0,0.0,150150.0
BR_1.0-1.5,xgb,0.95,0.7,10,True,-1,0.0,2024-11-01,0.7319521291432183,0.3333333333333333,26083.275191880475,15805.982794645057,2025574.1345216413,500275.0,35406.837851780874,125125.0
BR_1.0-1.5,xgb,0.95,0.8,10,True,-1,0.0,2024-11-01,0.8829987522214365,0.5,36855.92137494104,7854.733240293434,1269435.7915566294,500275.0,47305.733589193056,125125.0
BR_1.0-1.5,xgb,0.95,0.9,10,True,-1,0.0,2024-11-01,0.9681267889193048,0.8333333333333334,51449.66302418658,1449.5791521267965,725400.0,500275.0,84229.62932660524,125125.0
BR_1.0-1.5,xgb,0.95,1.0,10,True,-1,0.0,2024-11-01,0.9919114988036928,0.8333333333333334,75916.84096728853,367.86135781660084,875550.0,500275.0,96128.52506401739,125125.0
BR_1.0-1.5,xgb,0.95,1.1,10,True,-1,0.0,2024-11-01,1.0,1.0,89722.87534688413,0.0,986951.6288157254,500275.0,108027.4208014296,125125.0
BR_1.0-1.5,xgb,0.95,1.2,10,True,-1,0.0,2024-11-01,1.0,1.0,124371.77108429628,0.0,1368089.4819272591,500275.0,144951.31653884175,125125.0
BR_1.0-1.5,xgb,0.95,1.2816,10,True,-1,0.0,2024-11-01,1.0,1.0,134081.27000602466,0.0,1474893.9700662713,500275.0,154660.8154605701,125125.0
BR_1.0-1.5,xgb,0.95,1.3,10,True,-1,0.0,2024-11-01,1.0,1.0,136270.66682170847,0.0,1498977.335038793,500275.0,156850.21227625394,125125.0
BR_1.0-1.5,xgb,0.95,1.4,10,True,-1,0.0,2024-11-01,1.0,1.0,173194.5625591207,0.0,1905140.1881503277,500275.0,193774.10801366612,100100.0
BR_1.0-1.5,xgb,0.95,1.5,10,True,-1,0.0,2024-11-01,1.0,1.0,185093.45829653277,0.0,2036028.0412618606,500275.0,205673.00375107827,100100.0
BR_1.0-1.5,xgb,0.95,1.6,10,True,-1,0.0,2024-11-01,1.0,1.0,212917.35403394504,0.0,2342090.8943733955,500275.0,217571.89948849048,125125.0
BR_1.0-1.5,xgb,0.95,1.6449,10,True,-1,0.0,2024-11-01,1.0,1.0,227359.9582200431,0.0,2500959.540420474,500275.0,247939.50367458852,100100.0
BR_1.0-1.5,xgb,0.95,1.7,10,True,-1,0.0,2024-11-01,1.0,1.0,233916.24977135716,0.0,2573078.747484929,500275.0,254495.79522590264,100100.0
BR_1.0-1.5,xgb,0.95,1.8,10,True,-1,0.0,2024-11-01,1.0,1.0,254915.1455087694,0.0,2804066.6005964633,500275.0,266394.69096331485,100100.0
BR_1.0-1.5,xgb,0.95,1.9,10,True,-1,0.0,2024-11-01,1.0,1.0,282739.0412461816,0.0,3110129.4537079977,500275.0,303318.586700727,100100.0
BR_1.0-1.5,xgb,0.95,2.0,10,True,-1,0.0,2024-11-01,1.0,1.0,303737.9369835937,0.0,3341117.3068195307,500275.0,315217.48243813915,100100.0
BR_1.0-1.5,xgb,0.95,2.0537,10,True,-1,0.0,2024-11-01,1.0,1.0,314677.6439945841,0.0,3461454.083940425,500275.0,321607.1894491295,100100.0
BR_1.0-1.5,xgb,0.95,2.1,10,True,-1,0.0,2024-11-01,1.0,1.0,324736.83272100595,0.0,3572105.1599310655,500275.0,327116.37817555136,100100.0
BR_1.0-1.5,xgb,0.95,2.2,10,True,-1,0.0,2024-11-01,1.0,1.0,352560.7284584181,0.0,3878168.013042599,500275.0,364040.2739129636,100100.0
BR_1.0-1.5,xgb,0.95,2.3,10,True,-1,0.0,2024-11-01,1.0,1.0,369009.62419583026,0.0,4059105.866154133,500275.0,375939.16965037567,100100.0
BR_1.0-1.5,xgb,0.95,2.4,10,True,-1,0.0,2024-11-01,1.0,1.0,396833.5199332424,0.0,4365168.719265667,500275.0,412863.0653877879,75075.0
BR_1.0-1.5,xgb,0.95,2.5,10,True,-1,0.0,2024-11-01,1.0,1.0,417832.4156706547,0.0,4596156.572377201,500275.0,424761.96112520015,75075.0
BR_1.0-1.5,xgb,0.95,2.6,10,True,-1,0.0,2024-11-01,1.0,1.0,438831.3114080668,0.0,4827144.425488735,500275.0,436660.8568626123,100100.0
BR_1.0-1.5,xgb,0.95,2.7,10,True,-1,0.0,2024-11-01,1.0,1.0,462105.207145479,0.0,5083157.278600269,500275.0,473584.75260002445,75075.0
BR_1.0-1.5,xgb,0.95,2.8,10,True,-1,0.0,2024-11-01,1.0,1.0,483104.1028828912,0.0,5314145.131711803,500275.0,485483.6483374366,75075.0
BR_1.0-1.5,xgb,0.95,2.9,10,True,-1,0.0,2024-11-01,1.0,1.0,508652.9986203032,0.0,5595182.984823335,500275.0,522407.54407484876,75075.0
BR_1.0-1.5,xgb,0.95,3.0,10,True,-1,0.0,2024-11-01,1.0,1.0,531926.8943577154,0.0,5851195.837934869,500275.0,534306.4398122609,75075.0
BR_1.0-1.5,xgb,0.95,3.5,10,True,-1,0.0,2024-11-01,1.0,1.0,650571.3730447764,0.0,7156285.10349254,500275.0,643850.9184993219,50050.0
BR_1.0-1.5,xgb,0.95,4.0,10,True,-1,0.0,2024-11-01,1.0,1.0,760115.8517318373,0.0,8361274.369050209,500275.0,753395.3971863827,50050.0
BR_1.7-2.2,arima,0.95,0.0,10,True,-1,0.0,2024-11-01,0.9053746587609214,0.5,44362.84802424836,5811.286297641779,1127232.8210073276,675550.0,18137.925362970214,50050.0
BR_1.7-2.2,arima,0.95,0.1,10,True,-1,0.0,2024-11-01,0.9662939830255339,0.8333333333333334,54338.545666272286,2070.0090697364067,825424.9999999999,675550.0,27304.900232899527,50050.0
BR_1.7-2.2,arima,0.95,0.2,10,True,-1,0.0,2024-11-01,0.9798636297873271,0.8333333333333334,69497.15918438985,1236.647717924651,900500.0,675550.0,36471.87510282884,50050.0
BR_1.7-2.2,arima,0.95,0.3,10,True,-1,0.0,2024-11-01,0.9934332765491203,0.8333333333333334,86930.77270250743,403.28636611289534,1000600.0000000001,675550.0,45638.84997275815,25025.0
BR_1.7-2.2,arima,0.95,0.4,10,True,-1,0.0,2024-11-01,1.0,1.0,109344.46120632383,0.0,1202789.073269562,675550.0,79830.82484268746,0.0
BR_1.7-2.2,arima,0.95,0.5,10,True,-1,0.0,2024-11-01,1.0,1.0,118511.43607625313,0.0,1303625.7968387844,675550.0,88997.79971261678,0.0
BR_1.7-2.2,arima,0.95,0.6,10,True,-1,0.0,2024-11-01,1.0,1.0,132228.41094618247,0.0,1454512.5204080073,675550.0,98164.77458254609,0.0
BR_1.7-2.2,arima,0.95,0.7,10,True,-1,0.0,2024-11-01,1.0,1.0,157320.38581611178,0.0,1730524.2439772296,675550.0,107331.7494524754,0.0
BR_1.7-2.2,arima,0.95,0.8,10,True,-1,0.0,2024-11-01,1.0,1.0,175587.36068604107,0.0,1931460.9675464518,675550.0,141523.7243224047,0.0
BR_1.7-2.2,arima,0.95,0.9,10,True,-1,0.0,2024-11-01,1.0,1.0,184754.33555597038,0.0,2032297.691115674,675550.0,150690.69919233402,0.0
BR_1.7-2.2,arima,0.95,1.0,10,True,-1,0.0,2024-11-01,1.0,1.0,207571.31042589966,0.0,2283284.4146848964,675550.0,159857.67406226334,0.0
BR_1.7-2.2,arima,0.95,1.1,10,True,-1,0.0,2024-11-01,1.0,1.0,223563.285295829,0.0,2459196.138254119,675550.0,169024.64893219265,0.0
BR_1.7-2.2,arima,0.95,1.2,10,True,-1,0.0,2024-11-01,1.0,1.0,237280.26016575826,0.0,2610082.861823341,675550.0,203216.62380212196,0.0
BR_1.7-2.2,arima,0.95,1.2816,10,True,-1,0.0,2024-11-01,1.0,1.0,258410.51165962077,0.0,2842515.6282558283,675550.0,210696.87529598433,0.0
BR_1.7-2.2,arima,0.95,1.3,10,True,-1,0.0,2024-11-01,1.0,1.0,260097.2350356875,0.0,2861069.5853925627,675550.0,212383.59867205122,0.0
BR_1.7-2.2,arima,0.95,1.4,10,True,-1,0.0,2024-11-01,1.0,1.0,273814.209905617,0.0,3011956.308961787,675550.0,221550.5735419806,0.0
BR_1.7-2.2,arima,0.95,1.5,10,True,-1,0.0,2024-11-01,1.0,1.0,289806.18477554625,0.0,3187868.0325310086,675550.0,230717.54841190984,0.0
BR_1.7-2.2,arima,0.95,1.6,10,True,-1,0.0,2024-11-01,1.0,1.0,317173.15964547556,0.0,3488904.7561002313,675550.0,264909.5232818392,0.0
BR_1.7-2.2,arima,0.95,1.6449,10,True,-1,0.0,2024-11-01,1.0,1.0,321289.1313620738,0.0,3534180.444982812,675550.0,269025.49499843747,0.0
BR_1.7-2.2,arima,0.95,1.7,10,True,-1,0.0,2024-11-01,1.0,1.0,326340.1345154048,0.0,3589741.479669453,675550.0,274076.49815176846,0.0
BR_1.7-2.2,arima,0.95,1.8,10,True,-1,0.0,2024-11-01,1.0,1.0,340057.1093853342,0.0,3740628.203238676,675550.0,283243.47302169784,0.0
BR_1.7-2.2,arima,0.95,1.9,10,True,-1,0.0,2024-11-01,1.0,1.0,365149.08425526344,0.0,4016639.9268078976,675550.0,292410.4478916271,0.0
BR_1.7-2.2,arima,0.95,2.0,10,True,-1,0.0,2024-11-01,1.0,1.0,374316.05912519287,0.0,4117476.6503771218,675550.0,301577.42276155646,0.0
BR_1.7-2.2,arima,0.95,2.0537,10,True,-1,0.0,2024-11-01,1.0,1.0,388338.72463034483,0.0,4271725.970933793,675550.0,331525.0882667084,0.0
BR_1.7-2.2,arima,0.95,2.1,10,True,-1,0.0,2024-11-01,1.0,1.0,392583.0339951221,0.0,4318413.373946344,675550.0,335769.3976314857,0.0
BR_1.7-2.2,arima,0.95,2.2,10,True,-1,0.0,2024-11-01,1.0,1.0,415400.0088650515,0.0,4569400.097515566,675550.0,344936.3725014151,0.0
BR_1.7-2.2,arima,0.95,2.3,10,True,-1,0.0,2024-11-01,1.0,1.0,426841.98373498075,0.0,4695261.821084788,675550.0,354103.34737134434,0.0
BR_1.7-2.2,arima,0.95,2.4,10,True,-1,0.0,2024-11-01,1.0,1.0,445108.95860491006,0.0,4896198.544654011,675550.0,363270.3222412737,0.0
BR_1.7-2.2,arima,0.95,2.5,10,True,-1,0.0,2024-11-01,1.0,1.0,467925.9334748393,0.0,5147185.268223233,675550.0,397462.29711120296,0.0
BR_1.7-2.2,arima,0.95,2.6,10,True,-1,0.0,2024-11-01,1.0,1.0,481642.9083447687,0.0,5298071.991792455,675550.0,406629.27198113233,0.0
BR_1.7-2.2,arima,0.95,2.7,10,True,-1,0.0,2024-11-01,1.0,1.0,497634.88321469794,0.0,5473983.715361677,675550.0,415796.2468510616,0.0
BR_1.7-2.2,arima,0.95,2.8,10,True,-1,0.0,2024-11-01,1.0,1.0,515901.85808462725,0.0,5674920.4389309,675550.0,424963.22172099096,0.0
BR_1.7-2.2,arima,0.95,2.9,10,True,-1,0.0,2024-11-01,1.0,1.0,534168.8329545566,0.0,5875857.162500122,675550.0,459155.1965909202,0.0
BR_1.7-2.2,arima,0.95,3.0,10,True,-1,0.0,2024-11-01,1.0,1.0,552435.8078244858,0.0,6076793.886069343,675550.0,468322.17146084947,0.0
BR_1.7-2.2,arima,0.95,3.5,10,True,-1,0.0,2024-11-01,1.0,1.0,639220.6821741326,0.0,7031427.503915458,675550.0,539182.0458104961,0.0
BR_1.7-2.2,arima,0.95,4.0,10,True,-1,0.0,2024-11-01,1.0,1.0,728280.556523779,0.0,8011086.12176157,675550.0,610041.9201601427,0.0
BR_1.7-2.2,croston,0.95,0.0,10,True,-1,0.0,2024-11-01,0.9300384392920832,0.5,50041.46404426824,4296.593848748471,1023081.4278492825,675550.0,13956.233831883408,50050.0
BR_1.7-2.2,croston,0.95,0.1,10,True,-1,0.0,2024-11-01,0.9611269426609281,0.6666666666666666,67090.27828599089,2387.335807764548,1000600.0000000001,675550.0,23814.30611458997,50050.0
BR_1.7-2.2,croston,0.95,0.2,10,True,-1,0.0,2024-11-01,0.9757196038743193,0.8333333333333334,76052.16217936041,1491.1474184275933,1000599.9999999999,675550.0,33672.378397296474,50050.0
BR_1.7-2.2,croston,0.95,0.3,10,True,-1,0.0,2024-11-01,1.0,1.0,102619.0870436394,0.0,1128809.9574800334,675550.0,68555.45068000304,0.0
BR_1.7-2.2,croston,0.95,0.4,10,True,-1,0.0,2024-11-01,1.0,1.0,117027.15932634588,0.0,1287298.7525898046,675550.0,78413.52296270954,0.0
BR_1.7-2.2,croston,0.95,0.5,10,True,-1,0.0,2024-11-01,1.0,1.0,133710.23160905245,0.0,1470812.547699577,675550.0,88271.5952454161,0.0
BR_1.7-2.2,croston,0.95,0.6,10,True,-1,0.0,2024-11-01,1.0,1.0,157218.30389175902,0.0,1729401.3428093493,675550.0,98129.66752812266,0.0
BR_1.7-2.2,croston,0.95,0.7,10,True,-1,0.0,2024-11-01,1.0,1.0,167076.3761744655,0.0,1837840.1379191205,675550.0,107987.73981082917,0.0
BR_1.7-2.2,croston,0.95,0.8,10,True,-1,0.0,2024-11-01,1.0,1.0,188309.44845717208,0.0,2071403.9330288928,675550.0,142870.81209353573,0.0
BR_1.7-2.2,croston,0.95,0.9,10,True,-1,0.0,2024-11-01,1.0,1.0,211817.52073987864,0.0,2329992.728138665,675550.0,152728.8843762423,0.0
BR_1.7-2.2,croston,0.95,1.0,10,True,-1,0.0,2024-11-01,1.0,1.0,221675.59302258512,0.0,2438431.5232484364,675550.0,162586.9566589488,0.0
BR_1.7-2.2,croston,0.95,1.1,10,True,-1,0.0,2024-11-01,1.0,1.0,245183.66530529174,0.0,2697020.318358209,675550.0,172445.0289416553,0.0
BR_1.7-2.2,croston,0.95,1.2,10,True,-1,0.0,2024-11-01,1.0,1.0,266416.7375879983,0.0,2930584.113467981,675550.0,207328.10122436192,0.0
BR_1.7-2.2,croston,0.95,1.2816,10,True,-1,0.0,2024-11-01,1.0,1.0,274460.92457068677,0.0,3019070.1702775545,675550.0,215372.2882070504,0.0
BR_1.7-2.2,croston,0.95,1.3,10,True,-1,0.0,2024-11-01,1.0,1.0,276274.8098707048,0.0,3039022.9085777523,675550.0,217186.17350706842,0.0
BR_1.7-2.2,croston,0.95,1.4,10,True,-1,0.0,2024-11-01,1.0,1.0,304332.8821534112,0.0,3347661.7036875235,675550.0,227044.24578977493,0.0
BR_1.7-2.2,croston,0.95,1.5,10,True,-1,0.0,2024-11-01,1.0,1.0,316465.9544361179,0.0,3481125.498797297,675550.0,236902.31807248155,0.0
BR_1.7-2.2,croston,0.95,1.6,10,True,-1,0.0,2024-11-01,1.0,1.0,330874.0267188244,0.0,3639614.293907068,675550.0,246760.39035518805,0.0
BR_1.7-2.2,croston,0.95,1.6449,10,True,-1,0.0,2024-11-01,1.0,1.0,344400.3011737597,0.0,3788403.3129113563,675550.0,276211.6648101233,0.0
BR_1.7-2.2,croston,0.95,1.7,10,True,-1,0.0,2024-11-01,1.0,1.0,358932.09900153097,0.0,3948253.089016841,675550.0,281643.46263789455,0.0
BR_1.7-2.2,croston,0.95,1.8,10,True,-1,0.0,2024-11-01,1.0,1.0,371065.1712842375,0.0,4081716.884126613,675550.0,291501.5349206012,0.0
BR_1.7-2.2,croston,0.95,1.9,10,True,-1,0.0,2024-11-01,1.0,1.0,390023.2435669439,0.0,4290255.679236383,675550.0,301359.60720330756,0.0
BR_1.7-2.2,croston,0.95,2.0,10,True,-1,0.0,2024-11-01,1.0,1.0,408981.3158496505,0.0,4498794.474346155,675550.0,311217.6794860142,0.0
BR_1.7-2.2,croston,0.95,2.0537,10,True,-1,0.0,2024-11-01,1.0,1.0,414275.1006654639,0.0,4557026.107320103,675550.0,316511.4643018276,0.0
BR_1.7-2.2,croston,0.95,2.1,10,True,-1,0.0,2024-11-01,1.0,1.0,423389.3881323571,0.0,4657283.269455928,675550.0,346100.7517687208,0.0
BR_1.7-2.2,croston,0.95,2.2,10,True,-1,0.0,2024-11-01,1.0,1.0,444622.46041506366,0.0,4890847.0645657005,675550.0,355958.8240514273,0.0
BR_1.7-2.2,croston,0.95,2.3,10,True,-1,0.0,2024-11-01,1.0,1.0,463580.5326977702,0.0,5099385.859675473,675550.0,365816.8963341338,0.0
BR_1.7-2.2,croston,0.95,2.4,10,True,-1,0.0,2024-11-01,1.0,1.0,477988.6049804767,0.0,5257874.654785244,675550.0,375674.9686168403,0.0
BR_1.7-2.2,croston,0.95,2.5,10,True,-1,0.0,2024-11-01,1.0,1.0,499221.67726318317,0.0,5491438.449895015,675550.0,385533.0408995468,0.0
BR_1.7-2.2,croston,0.95,2.6,10,True,-1,0.0,2024-11-01,1.0,1.0,518179.74954588973,0.0,5699977.245004787,675550.0,420416.11318225344,0.0
BR_1.7-2.2,croston,0.95,2.7,10,True,-1,0.0,2024-11-01,1.0,1.0,537137.8218285963,0.0,5908516.040114559,675550.0,430274.18546496006,0.0
BR_1.7-2.2,croston,0.95,2.8,10,True,-1,0.0,2024-11-01,1.0,1.0,551545.8941113029,0.0,6067004.835224332,675550.0,440132.25774766644,0.0
BR_1.7-2.2,croston,0.95,2.9,10,True,-1,0.0,2024-11-01,1.0,1.0,572778.9663940095,0.0,6300568.630334104,675550.0,449990.33003037306,0.0
BR_1.7-2.2,croston,0.95,3.0,10,True,-1,0.0,2024-11-01,1.0,1.0,591737.0386767159,0.0,6509107.425443876,675550.0,484873.40231307957,0.0
BR_1.7-2.2,croston,0.95,3.5,10,True,-1,0.0,2024-11-01,1.0,1.0,686527.4000902488,0.0,7551801.400992736,675550.0,559188.7637266123,0.0
BR_1.7-2.2,croston,0.95,4.0,10,True,-1,0.0,2024-11-01,1.0,1.0,769942.7615037814,0.0,8469370.376541596,675550.0,633504.125140145,0.0
BR_1.7-2.2,hybrid,0.95,0.0,10,True,-1,0.0,2024-11-01,0.7223574541114647,0.6666666666666666,154695.8465909091,22162.921164772728,4139575.640625,675550.0,0.0,100100.0
BR_1.7-2.2,hybrid,0.95,0.1,10,True,-1,0.0,2024-11-01,0.7767291681348916,0.6666666666666666,168052.50528491856,17154.174154519176,3735536.715131214,675550.0,0.0,100100.0
BR_1.7-2.2,hybrid,0.95,0.2,10,True,-1,0.0,2024-11-01,0.8681447723218892,0.6666666666666666,181911.4458399305,8097.709005267973,2891773.8948187125,675550.0,0.0,75075.0
BR_1.7-2.2,hybrid,0.95,0.3,10,True,-1,0.0,2024-11-01,0.9225164863453161,0.6666666666666666,196937.6868706911,4758.544331765606,2689754.432071819,675550.0,0.0,75075.0
BR_1.7-2.2,hybrid,0.95,0.4,10,True,-1,0.0,2024-11-01,0.9884626036260118,0.8333333333333334,215803.10170868394,708.5534654952459,2451775.0000000005,675550.0,0.0,50050.0
BR_1.7-2.2,hybrid,0.95,0.5,10,True,-1,0.0,2024-11-01,1.0,0.8333333333333334,233459.95394745164,0.0,2568059.493421968,675550.0,10571.317583815311,50050.0
BR_1.7-2.2,hybrid,0.95,0.6,10,True,-1,0.0,2024-11-01,1.0,1.0,256375.35965171477,0.0,2820128.9561688625,675550.0,53961.72328807844,25025.0
BR_1.7-2.2,hybrid,0.95,0.7,10,True,-1,0.0,2024-11-01,1.0,1.0,274740.7653559778,0.0,3022148.418915756,675550.0,72327.12899234146,25025.0
BR_1.7-2.2,hybrid,0.95,0.8,10,True,-1,0.0,2024-11-01,1.0,1.0,297656.17106024094,0.0,3274217.8816626505,675550.0,90692.53469660459,25025.0
BR_1.7-2.2,hybrid,0.95,0.9,10,True,-1,0.0,2024-11-01,1.0,1.0,325121.576764504,0.0,3576337.344409544,675550.0,134082.9404008676,0.0
BR_1.7-2.2,hybrid,0.95,1.0,10,True,-1,0.0,2024-11-01,1.0,1.0,348036.98246876715,0.0,3828406.8071564385,675550.0,152448.34610513074,0.0
BR_1.7-2.2,hybrid,0.95,1.1,10,True,-1,0.0,2024-11-01,1.0,1.0,359577.38817303017,0.0,3955351.269903332,675550.0,195838.75180939375,0.0
BR_1.7-2.2,hybrid,0.95,1.2,10,True,-1,0.0,2024-11-01,1.0,1.0,387042.7938772932,0.0,4257470.732650225,675550.0,214204.1575136569,0.0
BR_1.7-2.2,hybrid,0.95,1.2816,10,True,-1,0.0,2024-11-01,1.0,1.0,406578.9649319719,0.0,4472368.614251691,675550.0,229190.3285683355,0.0
BR_1.7-2.2,hybrid,0.95,1.3,10,True,-1,0.0,2024-11-01,1.0,1.0,414508.19958155625,0.0,4559590.195397119,675550.0,232569.5632179199,0.0
BR_1.7-2.2,hybrid,0.95,1.4,10,True,-1,0.0,2024-11-01,1.0,1.0,437423.60528581927,0.0,4811659.658144012,675550.0,275959.9689221829,0.0
BR_1.7-2.2,hybrid,0.95,1.5,10,True,-1,0.0,2024-11-01,1.0,1.0,464889.0109900825,0.0,5113779.120890908,675550.0,294325.37462644605,0.0
BR_1.7-2.2,hybrid,0.95,1.6,10,True,-1,0.0,2024-11-01,1.0,1.0,496904.41669434553,0.0,5465948.583637801,675550.0,337715.7803307092,0.0
BR_1.7-2.2,hybrid,0.95,1.6449,10,True,-1,0.0,2024-11-01,1.0,1.0,505150.4838555597,0.0,5556655.322411157,675550.0,345961.84749192325,0.0
BR_1.7-2.2,hybrid,0.95,1.7,10,True,-1,0.0,2024-11-01,1.0,1.0,519819.82239860855,0.0,5718018.046384694,675550.0,356081.1860349723,0.0
BR_1.7-2.2,hybrid,0.95,1.8,10,True,-1,0.0,2024-11-01,1.0,1.0,547285.2281028717,0.0,6020137.509131588,675550.0,399471.5917392352,0.0
BR_1.7-2.2,hybrid,0.95,1.9,10,True,-1,0.0,2024-11-01,1.0,1.0,574750.6338071347,0.0,6322256.971878481,675550.0,417836.99744349835,0.0
BR_1.7-2.2,hybrid,0.95,2.0,10,True,-1,0.0,2024-11-01,1.0,1.0,606766.039511398,0.0,6674426.434625377,675550.0,436202.4031477615,0.0
BR_1.7-2.2,hybrid,0.95,2.0537,10,True,-1,0.0,2024-11-01,1.0,1.0,621178.262374587,0.0,6832960.886120457,675550.0,471089.62601095065,0.0
BR_1.7-2.2,hybrid,0.95,2.1,10,True,-1,0.0,2024-11-01,1.0,1.0,634231.4452156607,0.0,6976545.897372268,675550.0,479592.8088520244,0.0
BR_1.7-2.2,hybrid,0.95,2.2,10,True,-1,0.0,2024-11-01,1.0,1.0,661696.850919924,0.0,7278665.360119164,675550.0,497958.2145562875,0.0
BR_1.7-2.2,hybrid,0.95,2.3,10,True,-1,0.0,2024-11-01,1.0,1.0,698262.256624187,0.0,7680884.822866057,675550.0,541348.6202605506,0.0
BR_1.7-2.2,hybrid,0.95,2.4,10,True,-1,0.0,2024-11-01,1.0,1.0,728002.66232845,0.0,8008029.28561295,675550.0,559714.0259648138,0.0
BR_1.7-2.2,hybrid,0.95,2.5,10,True,-1,0.0,2024-11-01,1.0,1.0,762293.0680327133,0.0,8385223.748359846,675550.0,578079.4316690769,0.0
BR_1.7-2.2,hybrid,0.95,2.6,10,True,-1,0.0,2024-11-01,1.0,1.0,798858.4737369762,0.0,8787443.211106738,675550.0,621469.8373733398,0.0
BR_1.7-2.2,hybrid,0.95,2.7,10,True,-1,0.0,2024-11-01,1.0,1.0,842248.8794412393,0.0,9264737.673853632,675550.0,664860.2430776029,0.0
BR_1.7-2.2,hybrid,0.95,2.8,10,True,-1,0.0,2024-11-01,1.0,1.0,876539.2851455022,0.0,9641932.136600524,675550.0,708250.6487818658,0.0
BR_1.7-2.2,hybrid,0.95,2.9,10,True,-1,0.0,2024-11-01,1.0,1.0,910829.6908497654,0.0,10019126.59934742,675550.0,726616.054486129,0.0
BR_1.7-2.2,hybrid,0.95,3.0,10,True,-1,0.0,2024-11-01,1.0,1.0,947395.0965540287,0.0,10421346.062094316,675550.0,770006.4601903921,0.0
BR_1.7-2.2,hybrid,0.95,3.5,10,True,-1,0.0,2024-11-01,1.0,1.0,1130222.1250753438,0.0,12432443.375828782,675550.0,961933.4887117075,0.0
BR_1.7-2.2,hybrid,0.95,4.0,10,True,-1,0.0,2024-11-01,1.0,1.0,1313049.1535966594,0.0,14443540.689563254,675550.0,1128835.517233023,0.0
BR_1.7-2.2,mitra,0.95,0.0,10,True,-1,0.0,2024-11-01,0.6963708583129797,0.16666666666666666,14027.272727272737,18646.96969696969,2205466.6666666656,675550.0,0.0,75075.0
BR_1.7-2.2,mitra,0.95,0.1,10,True,-1,0.0,2024-11-01,0.6549457567114508,0.16666666666666666,10903.703390692159,21311.132702652358,2464165.334589373,675550.0,0.0,100100.0
BR_1.7-2.2,mitra,0.95,0.2,10,True,-1,0.0,2024-11-01,0.7458586454423222,0.3333333333333333,19887.583079543758,15607.744733767204,1935615.3345893738,675550.0,0.0,75075.0
BR_1.7-2.2,mitra,0.95,0.3,10,True,-1,0.0,2024-11-01,0.8328234454289213,0.3333333333333333,24684.026134467145,10266.920130953838,1400885.501884061,675550.0,0.0,75075.0
BR_1.7-2.2,mitra,0.95,0.4,10,True,-1,0.0,2024-11-01,0.8086565749248091,0.3333333333333333,22655.469189390536,11751.095528140473,1541830.669178748,675550.0,0.0,75075.0
BR_1.7-2.2,mitra,0.95,0.5,10,True,-1,0.0,2024-11-01,0.8585774847478376,0.3333333333333333,32001.912244313906,8685.270925327119,1307400.836473436,675550.0,0.0,75075.0
BR_1.7-2.2,mitra,0.95,0.6,10,True,-1,0.0,2024-11-01,0.871454504407296,0.3333333333333333,32248.35529923731,7894.446322513744,1223121.0037681223,675550.0,0.0,100100.0
BR_1.7-2.2,mitra,0.95,0.7,10,True,-1,0.0,2024-11-01,0.923773341043073,0.6666666666666666,39172.532948855944,4681.35631439565,945847.0570209369,675550.0,0.0,75075.0
BR_1.7-2.2,mitra,0.95,0.8,10,True,-1,0.0,2024-11-01,0.9650874219947609,0.6666666666666666,46772.552662327915,2144.108370130845,750350.0,675550.0,1464.8079285607091,75075.0
BR_1.7-2.2,mitra,0.95,0.9,10,True,-1,0.0,2024-11-01,0.936650360702531,0.6666666666666666,47281.243661516084,3890.531711582285,948052.1685507282,675550.0,0.0,100100.0
BR_1.7-2.2,mitra,0.95,1.0,10,True,-1,0.0,2024-11-01,0.97152593182449,0.6666666666666666,55276.67567639474,1748.6960687241624,800400.0,675550.0,5814.343244034215,75075.0
BR_1.7-2.2,mitra,0.95,1.1,10,True,-1,0.0,2024-11-01,0.9932671318211397,0.6666666666666666,64078.737183428115,413.4899180208238,750349.9999999999,675550.0,20501.61090177094,75075.0
BR_1.7-2.2,mitra,0.95,1.2,10,True,-1,0.0,2024-11-01,0.977964441654219,0.6666666666666666,66055.79869046151,1353.2837673174852,875475.0,675550.0,10163.878559507662,100100.0
BR_1.7-2.2,mitra,0.95,1.2816,10,True,-1,0.0,2024-11-01,0.9957052608514853,0.6666666666666666,74676.08088020077,263.75554834355984,850450.0,675550.0,22148.688968220842,75075.0
BR_1.7-2.2,mitra,0.95,1.3,10,True,-1,0.0,2024-11-01,0.9997056416508688,0.6666666666666666,72582.86019749496,18.077616614141416,800400.0,675550.0,24851.146217244444,75075.0
BR_1.7-2.2,mitra,0.95,1.4,10,True,-1,0.0,2024-11-01,0.9844029514839482,0.6666666666666666,74559.92170452834,957.8714659108028,925525.0000000001,675550.0,14513.413874981168,100100.0
BR_1.7-2.2,mitra,0.95,1.5,10,True,-1,0.0,2024-11-01,1.0,1.0,83739.31789635433,0.0,921132.4968598976,675550.0,29200.68153271795,75075.0
BR_1.7-2.2,mitra,0.95,1.6,10,True,-1,0.0,2024-11-01,1.0,1.0,98426.58555409104,0.0,1082692.4410950015,675550.0,43887.949190454674,75075.0
BR_1.7-2.2,mitra,0.95,1.6449,10,True,-1,0.0,2024-11-01,1.0,1.0,98196.16873241485,0.0,1080157.8560565633,675550.0,50482.532368778484,75075.0
BR_1.7-2.2,mitra,0.95,1.7,10,True,-1,0.0,2024-11-01,1.0,1.0,88088.85321182782,0.0,968977.385330106,675550.0,33550.216848191456,100100.0
BR_1.7-2.2,mitra,0.95,1.8,10,True,-1,0.0,2024-11-01,1.0,1.0,102776.12086956453,0.0,1130537.3295652098,675550.0,48237.48450592818,75075.0
BR_1.7-2.2,mitra,0.95,1.9,10,True,-1,0.0,2024-11-01,1.0,1.0,117463.38852730127,0.0,1292097.273800314,675550.0,62924.7521636649,75075.0
BR_1.7-2.2,mitra,0.95,2.0,10,True,-1,0.0,2024-11-01,1.0,1.0,109400.65618503805,0.0,1203407.2180354185,675550.0,52587.019821401685,100100.0
BR_1.7-2.2,mitra,0.95,2.0537,10,True,-1,0.0,2024-11-01,1.0,1.0,115012.71891724266,0.0,1265139.9080896692,675550.0,60474.082553606306,75075.0
BR_1.7-2.2,mitra,0.95,2.1,10,True,-1,0.0,2024-11-01,1.0,1.0,121812.92384277484,0.0,1339942.1622705231,675550.0,67274.28747913847,75075.0
BR_1.7-2.2,mitra,0.95,2.2,10,True,-1,0.0,2024-11-01,1.0,1.0,127400.19150051162,0.0,1401402.1065056277,675550.0,56936.55513687525,100100.0
BR_1.7-2.2,mitra,0.95,2.3,10,True,-1,0.0,2024-11-01,1.0,1.0,132987.4591582483,0.0,1462862.0507407314,675550.0,71623.82279461192,75075.0
BR_1.7-2.2,mitra,0.95,2.4,10,True,-1,0.0,2024-11-01,1.0,1.0,140849.72681598508,0.0,1549346.994975836,675550.0,86311.0904523487,75075.0
BR_1.7-2.2,mitra,0.95,2.5,10,True,-1,0.0,2024-11-01,1.0,1.0,141886.99447372172,0.0,1560756.939210939,675550.0,75973.35811008536,100100.0
BR_1.7-2.2,mitra,0.95,2.6,10,True,-1,0.0,2024-11-01,1.0,1.0,156574.2621314585,0.0,1722316.8834460436,675550.0,90660.62576782214,75075.0
BR_1.7-2.2,mitra,0.95,2.7,10,True,-1,0.0,2024-11-01,1.0,1.0,162161.52978919528,0.0,1783776.8276811482,675550.0,105347.89342555893,75075.0
BR_1.7-2.2,mitra,0.95,2.8,10,True,-1,0.0,2024-11-01,1.0,1.0,160923.79744693206,0.0,1770161.7719162528,675550.0,95010.16108329571,100100.0
BR_1.7-2.2,mitra,0.95,2.9,10,True,-1,0.0,2024-11-01,1.0,1.0,175611.06510466884,0.0,1931721.7161513574,675550.0,109697.42874103249,75075.0
BR_1.7-2.2,mitra,0.95,3.0,10,True,-1,0.0,2024-11-01,1.0,1.0,176648.33276240563,0.0,1943131.660386462,675550.0,99359.69639876927,100100.0
BR_1.7-2.2,mitra,0.95,3.5,10,True,-1,0.0,2024-11-01,1.0,1.0,215959.6710510893,0.0,2375556.3815619824,675550.0,147771.03468745295,75075.0
BR_1.7-2.2,mitra,0.95,4.0,10,True,-1,0.0,2024-11-01,1.0,1.0,248446.00933977292,0.0,2732906.102737502,675550.0,171157.37297613663,75075.0
BR_1.7-2.2,naive,0.95,0.0,10,True,-1,0.0,2024-11-01,0.9933017541262675,0.8333333333333334,118700.0,411.3636363636364,1350950.0,675550.0,95600.0,0.0
BR_1.7-2.2,naive,0.95,0.1,10,True,-1,0.0,2024-11-01,1.0,1.0,132335.3948188658,0.0,1455689.343007524,675550.0,107371.75845522946,0.0
BR_1.7-2.2,naive,0.95,0.2,10,True,-1,0.0,2024-11-01,1.0,1.0,164582.15327409527,0.0,1810403.686015048,675550.0,119143.51691045891,0.0
BR_1.7-2.2,naive,0.95,0.3,10,True,-1,0.0,2024-11-01,1.0,1.0,187728.91172932473,0.0,2065018.029022572,675550.0,155940.27536568837,0.0
BR_1.7-2.2,naive,0.95,0.4,10,True,-1,0.0,2024-11-01,1.0,1.0,219975.67018455418,0.0,2419732.372030096,675550.0,167712.03382091783,0.0
BR_1.7-2.2,naive,0.95,0.5,10,True,-1,0.0,2024-11-01,1.0,1.0,243122.42863978364,0.0,2674346.71503762,675550.0,204508.7922761473,0.0
BR_1.7-2.2,naive,0.95,0.6,10,True,-1,0.0,2024-11-01,1.0,1.0,275369.1870950131,0.0,3029061.058045144,675550.0,216280.55073137674,0.0
BR_1.7-2.2,naive,0.95,0.7,10,True,-1,0.0,2024-11-01,1.0,1.0,293965.94555024256,0.0,3233625.401052668,675550.0,228052.3091866062,0.0
BR_1.7-2.2,naive,0.95,0.8,10,True,-1,0.0,2024-11-01,1.0,1.0,330762.704005472,0.0,3638389.7440601923,675550.0,264849.06764183566,0.0
BR_1.7-2.2,naive,0.95,0.9,10,True,-1,0.0,2024-11-01,1.0,1.0,349359.46246070147,0.0,3842954.0870677163,675550.0,276620.8260970651,0.0
BR_1.7-2.2,naive,0.95,1.0,10,True,-1,0.0,2024-11-01,1.0,1.0,386156.2209159309,0.0,4247718.43007524,675550.0,313417.5845522946,0.0
BR_1.7-2.2,naive,0.95,1.1,10,True,-1,0.0,2024-11-01,1.0,1.0,404752.97937116044,0.0,4452282.773082765,675550.0,325189.34300752403,0.0
BR_1.7-2.2,naive,0.95,1.2,10,True,-1,0.0,2024-11-01,1.0,1.0,441549.73782638984,0.0,4857047.116090288,675550.0,361986.1014627535,0.0
BR_1.7-2.2,naive,0.95,1.2816,10,True,-1,0.0,2024-11-01,1.0,1.0,453375.89272585715,0.0,4987134.819984429,675550.0,366987.25636222074,0.0
BR_1.7-2.2,naive,0.95,1.3,10,True,-1,0.0,2024-11-01,1.0,1.0,460146.4962816194,0.0,5061611.459097814,675550.0,373757.85991798295,0.0
BR_1.7-2.2,naive,0.95,1.4,10,True,-1,0.0,2024-11-01,1.0,1.0,492393.25473684876,0.0,5416325.802105336,675550.0,385529.6183732124,0.0
BR_1.7-2.2,naive,0.95,1.5,10,True,-1,0.0,2024-11-01,1.0,1.0,515540.0131920781,0.0,5670940.145112859,675550.0,422326.37682844186,0.0
BR_1.7-2.2,naive,0.95,1.6,10,True,-1,0.0,2024-11-01,1.0,1.0,547786.7716473077,0.0,6025654.4881203845,675550.0,434098.1352836713,0.0
BR_1.7-2.2,naive,0.95,1.6449,10,True,-1,0.0,2024-11-01,1.0,1.0,550658.5161937058,0.0,6057243.6781307645,675550.0,450619.8798300694,0.0
BR_1.7-2.2,naive,0.95,1.7,10,True,-1,0.0,2024-11-01,1.0,1.0,570933.5301025372,0.0,6280268.83112791,675550.0,470894.8937389008,0.0
BR_1.7-2.2,naive,0.95,1.8,10,True,-1,0.0,2024-11-01,1.0,1.0,603180.2885577666,0.0,6634983.174135433,675550.0,482666.65219413023,0.0
BR_1.7-2.2,naive,0.95,1.9,10,True,-1,0.0,2024-11-01,1.0,1.0,621777.0470129959,0.0,6839547.517142955,675550.0,494438.4106493597,0.0
BR_1.7-2.2,naive,0.95,2.0,10,True,-1,0.0,2024-11-01,1.0,1.0,658573.8054682255,0.0,7244311.860150481,675550.0,531235.1691045891,0.0
BR_1.7-2.2,naive,0.95,2.0537,10,True,-1,0.0,2024-11-01,1.0,1.0,660133.6647586838,0.0,7261470.3123455215,675550.0,525970.0283950474,0.0
BR_1.7-2.2,naive,0.95,2.1,10,True,-1,0.0,2024-11-01,1.0,1.0,677170.5639234551,0.0,7448876.203158006,675550.0,543006.9275598186,0.0
BR_1.7-2.2,naive,0.95,2.2,10,True,-1,0.0,2024-11-01,1.0,1.0,713967.3223786844,0.0,7853640.546165529,675550.0,579803.6860150481,0.0
BR_1.7-2.2,naive,0.95,2.3,10,True,-1,0.0,2024-11-01,1.0,1.0,732564.0808339136,0.0,8058204.8891730495,675550.0,591575.4444702773,0.0
BR_1.7-2.2,naive,0.95,2.4,10,True,-1,0.0,2024-11-01,1.0,1.0,764810.8392891433,0.0,8412919.232180577,675550.0,603347.202925507,0.0
BR_1.7-2.2,naive,0.95,2.5,10,True,-1,0.0,2024-11-01,1.0,1.0,787957.5977443729,0.0,8667533.575188102,675550.0,640143.9613807364,0.0
BR_1.7-2.2,naive,0.95,2.6,10,True,-1,0.0,2024-11-01,1.0,1.0,806554.3561996021,0.0,8872097.918195624,675550.0,651915.7198359659,0.0
BR_1.7-2.2,naive,0.95,2.7,10,True,-1,0.0,2024-11-01,1.0,1.0,843351.1146548316,0.0,9276862.261203147,675550.0,688712.4782911954,0.0
BR_1.7-2.2,naive,0.95,2.8,10,True,-1,0.0,2024-11-01,1.0,1.0,861947.873110061,0.0,9481426.604210671,675550.0,700484.2367464246,0.0
BR_1.7-2.2,naive,0.95,2.9,10,True,-1,0.0,2024-11-01,1.0,1.0,894194.6315652904,0.0,9836140.947218195,675550.0,712255.995201654,0.0
BR_1.7-2.2,naive,0.95,3.0,10,True,-1,0.0,2024-11-01,1.0,1.0,930991.3900205196,0.0,10240905.290225716,675550.0,749052.7536568835,0.0
BR_1.7-2.2,naive,0.95,3.5,10,True,-1,0.0,2024-11-01,1.0,1.0,1101325.182296667,0.0,12114577.005263338,675550.0,857961.5459330308,0.0
BR_1.7-2.2,naive,0.95,4.0,10,True,-1,0.0,2024-11-01,1.0,1.0,1271658.9745728145,0.0,13988248.72030096,675550.0,966870.3382091781,0.0
BR_1.7-2.2,rf,0.95,0.0,10,True,-1,0.0,2024-11-01,0.8406833691066541,0.5,59572.40000000003,9784.213636363624,1731559.899999999,675550.0,0.0,50050.0
BR_1.7-2.2,rf,0.95,0.1,10,True,-1,0.0,2024-11-01,0.9629850983279507,0.5,80759.1476626829,2273.2197113229936,1138404.792535041,675550.0,12572.291587723535,25025.0
BR_1.7-2.2,rf,0.95,0.2,10,True,-1,0.0,2024-11-01,1.0,1.0,98083.66953908339,0.0,1078920.3649299173,675550.0,27620.033175447024,25025.0
BR_1.7-2.2,rf,0.95,0.3,10,True,-1,0.0,2024-11-01,1.0,1.0,117681.41112680691,0.0,1294495.522394876,675550.0,42667.77476317051,25025.0
BR_1.7-2.2,rf,0.95,0.4,10,True,-1,0.0,2024-11-01,1.0,1.0,141829.15271453036,0.0,1560120.679859834,675550.0,57715.516350894,0.0
BR_1.7-2.2,rf,0.95,0.5,10,True,-1,0.0,2024-11-01,1.0,1.0,175076.89430225373,0.0,1925845.8373247911,675550.0,97788.25793861737,0.0
BR_1.7-2.2,rf,0.95,0.6,10,True,-1,0.0,2024-11-01,1.0,1.0,190124.63588997725,0.0,2091370.9947897498,675550.0,112835.99952634086,0.0
BR_1.7-2.2,rf,0.95,0.7,10,True,-1,0.0,2024-11-01,1.0,1.0,218822.37747770073,0.0,2407046.152254708,675550.0,127883.74111406435,0.0
BR_1.7-2.2,rf,0.95,0.8,10,True,-1,0.0,2024-11-01,1.0,1.0,242970.11906542417,0.0,2672671.309719666,675550.0,167956.48270178784,0.0
BR_1.7-2.2,rf,0.95,0.9,10,True,-1,0.0,2024-11-01,1.0,1.0,267117.8606531477,0.0,2938296.4671846246,675550.0,183004.22428951133,0.0
BR_1.7-2.2,rf,0.95,1.0,10,True,-1,0.0,2024-11-01,1.0,1.0,295815.60224087123,0.0,3253971.6246495834,675550.0,198051.96587723482,0.0
BR_1.7-2.2,rf,0.95,1.1,10,True,-1,0.0,2024-11-01,1.0,1.0,324513.3438285947,0.0,3569646.782114542,675550.0,213099.7074649583,0.0
BR_1.7-2.2,rf,0.95,1.2,10,True,-1,0.0,2024-11-01,1.0,1.0,350936.08541631815,0.0,3860296.9395794994,675550.0,253172.4490526818,0.0
BR_1.7-2.2,rf,0.95,1.2816,10,True,-1,0.0,2024-11-01,1.0,1.0,376865.0425519005,0.0,4145515.468070905,675550.0,265451.40618826414,0.0
BR_1.7-2.2,rf,0.95,1.3,10,True,-1,0.0,2024-11-01,1.0,1.0,379633.82700404164,0.0,4175972.097044458,675550.0,268220.1906404053,0.0
BR_1.7-2.2,rf,0.95,1.4,10,True,-1,0.0,2024-11-01,1.0,1.0,410606.56859176495,0.0,4516672.254509415,675550.0,283267.93222812866,0.0
BR_1.7-2.2,rf,0.95,1.5,10,True,-1,0.0,2024-11-01,1.0,1.0,439304.31017948856,0.0,4832347.411974374,675550.0,323340.67381585226,0.0
BR_1.7-2.2,rf,0.95,1.6,10,True,-1,0.0,2024-11-01,1.0,1.0,465727.051767212,0.0,5122997.569439332,675550.0,338388.41540357564,0.0
BR_1.7-2.2,rf,0.95,1.6449,10,True,-1,0.0,2024-11-01,1.0,1.0,481583.48774009995,0.0,5297418.365141099,675550.0,345144.85137646354,0.0
BR_1.7-2.2,rf,0.95,1.7,10,True,-1,0.0,2024-11-01,1.0,1.0,501249.79335493554,0.0,5513747.726904291,675550.0,353436.1569912991,0.0
BR_1.7-2.2,rf,0.95,1.8,10,True,-1,0.0,2024-11-01,1.0,1.0,520847.534942659,0.0,5729322.884369249,675550.0,368483.8985790226,0.0
BR_1.7-2.2,rf,0.95,1.9,10,True,-1,0.0,2024-11-01,1.0,1.0,556370.2765303826,0.0,6120073.041834208,675550.0,408556.6401667461,0.0
BR_1.7-2.2,rf,0.95,2.0,10,True,-1,0.0,2024-11-01,1.0,1.0,587343.0181181058,0.0,6460773.199299164,675550.0,423604.3817544696,0.0
BR_1.7-2.2,rf,0.95,2.0537,10,True,-1,0.0,2024-11-01,1.0,1.0,599973.6553507135,0.0,6599710.208857848,675550.0,431685.01898707706,0.0
BR_1.7-2.2,rf,0.95,2.1,10,True,-1,0.0,2024-11-01,1.0,1.0,606940.7597058293,0.0,6676348.356764123,675550.0,438652.1233421931,0.0
BR_1.7-2.2,rf,0.95,2.2,10,True,-1,0.0,2024-11-01,1.0,1.0,642463.5012935529,0.0,7067098.514229082,675550.0,478724.86492991657,0.0
BR_1.7-2.2,rf,0.95,2.3,10,True,-1,0.0,2024-11-01,1.0,1.0,677986.2428812763,0.0,7457848.671694039,675550.0,493772.60651763994,0.0
BR_1.7-2.2,rf,0.95,2.4,10,True,-1,0.0,2024-11-01,1.0,1.0,693033.9844689999,0.0,7623373.829158999,675550.0,508820.34810536355,0.0
BR_1.7-2.2,rf,0.95,2.5,10,True,-1,0.0,2024-11-01,1.0,1.0,728556.7260567234,0.0,8014123.986623957,675550.0,523868.0896930869,0.0
BR_1.7-2.2,rf,0.95,2.6,10,True,-1,0.0,2024-11-01,1.0,1.0,766354.467644447,0.0,8429899.144088916,675550.0,563940.8312808105,0.0
BR_1.7-2.2,rf,0.95,2.7,10,True,-1,0.0,2024-11-01,1.0,1.0,783677.2092321701,0.0,8620449.301553871,675550.0,578988.5728685339,0.0
BR_1.7-2.2,rf,0.95,2.8,10,True,-1,0.0,2024-11-01,1.0,1.0,819199.950819894,0.0,9011199.459018834,675550.0,594036.3144562575,0.0
BR_1.7-2.2,rf,0.95,2.9,10,True,-1,0.0,2024-11-01,1.0,1.0,838797.6924076172,0.0,9226774.616483789,675550.0,609084.0560439809,0.0
BR_1.7-2.2,rf,0.95,3.0,10,True,-1,0.0,2024-11-01,1.0,1.0,874320.4339953407,0.0,9617524.773948748,675550.0,649156.7976317042,0.0
BR_1.7-2.2,rf,0.95,3.5,10,True,-1,0.0,2024-11-01,1.0,1.0,1029184.1419339583,0.0,11321025.561273541,675550.0,799470.5055703218,0.0
BR_1.7-2.2,rf,0.95,4.0,10,True,-1,0.0,2024-11-01,1.0,1.0,1184047.8498725756,0.0,13024526.348598331,675550.0,949784.2135089391,0.0
BR_1.7-2.2,sba,0.95,0.0,10,True,-1,0.0,2024-11-01,0.8903471488725746,0.5,39647.48882930129,6734.1803253756525,1176882.2129136361,675550.0,0.0,50050.0
BR_1.7-2.2,sba,0.95,0.1,10,True,-1,0.0,2024-11-01,0.9269252143010447,0.6666666666666666,46085.75320097348,4487.788316266288,1000600.0,675550.0,709.3285210708273,50050.0
BR_1.7-2.2,sba,0.95,0.2,10,True,-1,0.0,2024-11-01,0.9768247870651355,0.8333333333333334,60805.89536532029,1423.274099831607,825425.0,675550.0,34418.984901852324,25025.0
BR_1.7-2.2,sba,0.95,0.3,10,True,-1,0.0,2024-11-01,0.9896804696656559,0.8333333333333334,82351.03752966716,633.7598833969201,975575.0,675550.0,43103.64128263388,25025.0
BR_1.7-2.2,sba,0.95,0.4,10,True,-1,0.0,2024-11-01,1.0,1.0,92676.93402705173,0.0,1019446.274297569,675550.0,51788.297663415375,25025.0
BR_1.7-2.2,sba,0.95,0.5,10,True,-1,0.0,2024-11-01,1.0,1.0,105911.59040783331,0.0,1165027.4944861664,675550.0,60472.95404419693,25025.0
BR_1.7-2.2,sba,0.95,0.6,10,True,-1,0.0,2024-11-01,1.0,1.0,128246.2467886148,0.0,1410708.7146747627,675550.0,69157.61042497843,25025.0
BR_1.7-2.2,sba,0.95,0.7,10,True,-1,0.0,2024-11-01,1.0,1.0,141480.90316939636,0.0,1556289.9348633601,675550.0,102867.26680575998,0.0
BR_1.7-2.2,sba,0.95,0.8,10,True,-1,0.0,2024-11-01,1.0,1.0,161540.5595501779,0.0,1776946.155051957,675550.0,111551.92318654153,0.0
BR_1.7-2.2,sba,0.95,0.9,10,True,-1,0.0,2024-11-01,1.0,1.0,179325.21593095938,0.0,1972577.3752405532,675550.0,120236.57956732303,0.0
BR_1.7-2.2,sba,0.95,1.0,10,True,-1,0.0,2024-11-01,1.0,1.0,188009.87231174085,0.0,2068108.5954291495,675550.0,128921.23594810453,0.0
BR_1.7-2.2,sba,0.95,1.1,10,True,-1,0.0,2024-11-01,1.0,1.0,214894.52869252244,0.0,2363839.8156177467,675550.0,162630.89232888608,0.0
BR_1.7-2.2,sba,0.95,1.2,10,True,-1,0.0,2024-11-01,1.0,1.0,230404.18507330402,0.0,2534446.0358063444,675550.0,171315.54870966764,0.0
BR_1.7-2.2,sba,0.95,1.2816,10,True,-1,0.0,2024-11-01,1.0,1.0,237490.86468002165,0.0,2612399.5114802383,675550.0,178402.2283163853,0.0
BR_1.7-2.2,sba,0.95,1.3,10,True,-1,0.0,2024-11-01,1.0,1.0,239088.84145408554,0.0,2629977.255994941,675550.0,180000.2050904492,0.0
BR_1.7-2.2,sba,0.95,1.4,10,True,-1,0.0,2024-11-01,1.0,1.0,261423.49783486698,0.0,2875658.476183537,675550.0,188684.86147123063,0.0
BR_1.7-2.2,sba,0.95,1.5,10,True,-1,0.0,2024-11-01,1.0,1.0,274658.15421564854,0.0,3021239.6963721337,675550.0,197369.51785201218,0.0
BR_1.7-2.2,sba,0.95,1.6,10,True,-1,0.0,2024-11-01,1.0,1.0,290167.81059643015,0.0,3191845.916560732,675550.0,231079.17423279374,0.0
BR_1.7-2.2,sba,0.95,1.6449,10,True,-1,0.0,2024-11-01,1.0,1.0,298617.22131140105,0.0,3284789.4344254117,675550.0,234978.58494776464,0.0
BR_1.7-2.2,sba,0.95,1.7,10,True,-1,0.0,2024-11-01,1.0,1.0,312502.4669772117,0.0,3437527.1367493286,675550.0,239763.8306135753,0.0
BR_1.7-2.2,sba,0.95,1.8,10,True,-1,0.0,2024-11-01,1.0,1.0,325737.1233579932,0.0,3583108.3569379253,675550.0,248448.48699435685,0.0
BR_1.7-2.2,sba,0.95,1.9,10,True,-1,0.0,2024-11-01,1.0,1.0,336696.77973877464,0.0,3703664.577126521,675550.0,257133.1433751383,0.0
BR_1.7-2.2,sba,0.95,2.0,10,True,-1,0.0,2024-11-01,1.0,1.0,359031.4361195562,0.0,3949345.797315118,675550.0,265817.79975591984,0.0
BR_1.7-2.2,sba,0.95,2.0537,10,True,-1,0.0,2024-11-01,1.0,1.0,372795.0965960359,0.0,4100746.0625563944,675550.0,295506.4602323995,0.0
BR_1.7-2.2,sba,0.95,2.1,10,True,-1,0.0,2024-11-01,1.0,1.0,376816.0925003378,0.0,4144977.017503716,675550.0,299527.4561367014,0.0
BR_1.7-2.2,sba,0.95,2.2,10,True,-1,0.0,2024-11-01,1.0,1.0,390050.7488811193,0.0,4290558.237692312,675550.0,308212.11251748295,0.0
BR_1.7-2.2,sba,0.95,2.3,10,True,-1,0.0,2024-11-01,1.0,1.0,410110.4052619008,0.0,4511214.457880909,675550.0,316896.7688982644,0.0
BR_1.7-2.2,sba,0.95,2.4,10,True,-1,0.0,2024-11-01,1.0,1.0,423345.06164268235,0.0,4656795.678069506,675550.0,325581.42527904594,0.0
BR_1.7-2.2,sba,0.95,2.5,10,True,-1,0.0,2024-11-01,1.0,1.0,441129.71802346385,0.0,4852426.898258102,675550.0,359291.0816598275,0.0
BR_1.7-2.2,sba,0.95,2.6,10,True,-1,0.0,2024-11-01,1.0,1.0,458914.37440424546,0.0,5048058.1184467,675550.0,367975.73804060905,0.0
BR_1.7-2.2,sba,0.95,2.7,10,True,-1,0.0,2024-11-01,1.0,1.0,474424.0307850268,0.0,5218664.338635295,675550.0,376660.3944213905,0.0
BR_1.7-2.2,sba,0.95,2.8,10,True,-1,0.0,2024-11-01,1.0,1.0,492208.68716580846,0.0,5414295.558823893,675550.0,385345.05080217205,0.0
BR_1.7-2.2,sba,0.95,2.9,10,True,-1,0.0,2024-11-01,1.0,1.0,505443.34354658984,0.0,5559876.779012488,675550.0,394029.7071829536,0.0
BR_1.7-2.2,sba,0.95,3.0,10,True,-1,0.0,2024-11-01,1.0,1.0,523227.9999273715,0.0,5755507.999201086,675550.0,427739.36356373515,0.0
BR_1.7-2.2,sba,0.95,3.5,10,True,-1,0.0,2024-11-01,1.0,1.0,603051.281831279,0.0,6633564.10014407,675550.0,496187.6454676427,0.0
BR_1.7-2.2,sba,0.95,4.0,10,True,-1,0.0,2024-11-01,1.0,1.0,689699.5637351867,0.0,7586695.201087054,675550.0,564635.9273715504,0.0
BR_1.7-2.2,ses,0.95,0.0,10,True,-1,0.0,2024-11-01,0.89024137311992,0.5,40180.59256820261,6740.676398985278,1183460.9221386095,675550.0,13026.279805580969,50050.0
BR_1.7-2.2,ses,0.95,0.1,10,True,-1,0.0,2024-11-01,0.956119187631272,0.5,50424.17521994328,2694.8802541540194,851102.7553763182,675550.0,22765.658602152893,50050.0
BR_1.7-2.2,ses,0.95,0.2,10,True,-1,0.0,2024-11-01,0.9739916177910218,0.8333333333333334,63615.94308974979,1597.2693273886582,875475.0000000001,675550.0,32505.03739872476,50050.0
BR_1.7-2.2,ses,0.95,0.3,10,True,-1,0.0,2024-11-01,0.9884085799649126,0.8333333333333334,81569.92381390608,711.8712549730288,975575.0,675550.0,42244.41619529668,25025.0
BR_1.7-2.2,ses,0.95,0.4,10,True,-1,0.0,2024-11-01,1.0,1.0,97422.43135550492,0.0,1071646.744910554,675550.0,51983.79499186855,25025.0
BR_1.7-2.2,ses,0.95,0.5,10,True,-1,0.0,2024-11-01,1.0,1.0,116261.81015207683,0.0,1278879.911672845,675550.0,86748.17378844047,0.0
BR_1.7-2.2,ses,0.95,0.6,10,True,-1,0.0,2024-11-01,1.0,1.0,135101.18894864872,0.0,1486113.078435136,675550.0,96487.5525850124,0.0
BR_1.7-2.2,ses,0.95,0.7,10,True,-1,0.0,2024-11-01,1.0,1.0,144840.5677452206,0.0,1593246.2451974265,675550.0,106226.93138158426,0.0
BR_1.7-2.2,ses,0.95,0.8,10,True,-1,0.0,2024-11-01,1.0,1.0,165954.94654179257,0.0,1825504.4119597182,675550.0,115966.31017815619,0.0
BR_1.7-2.2,ses,0.95,0.9,10,True,-1,0.0,2024-11-01,1.0,1.0,184794.32533836446,0.0,2032737.5787220092,675550.0,125705.68897472811,0.0
BR_1.7-2.2,ses,0.95,1.0,10,True,-1,0.0,2024-11-01,1.0,1.0,194533.70413493636,0.0,2139870.7454843,675550.0,135445.06777129997,0.0
BR_1.7-2.2,ses,0.95,1.1,10,True,-1,0.0,2024-11-01,1.0,1.0,213373.08293150822,0.0,2347103.9122465905,675550.0,145184.44656787184,0.0
BR_1.7-2.2,ses,0.95,1.2,10,True,-1,0.0,2024-11-01,1.0,1.0,239037.4617280802,0.0,2629412.0790088824,675550.0,179948.82536444382,0.0
BR_1.7-2.2,ses,0.95,1.2816,10,True,-1,0.0,2024-11-01,1.0,1.0,246984.7948260827,0.0,2716832.74308691,675550.0,187896.15846244642,0.0
BR_1.7-2.2,ses,0.95,1.3,10,True,-1,0.0,2024-11-01,1.0,1.0,248776.84052465207,0.0,2736545.245771173,675550.0,189688.2041610157,0.0
BR_1.7-2.2,ses,0.95,1.4,10,True,-1,0.0,2024-11-01,1.0,1.0,258516.21932122394,0.0,2843678.4125334634,675550.0,199427.58295758755,0.0
BR_1.7-2.2,ses,0.95,1.5,10,True,-1,0.0,2024-11-01,1.0,1.0,288730.5981177959,0.0,3176036.579295755,675550.0,209166.96175415954,0.0
BR_1.7-2.2,ses,0.95,1.6,10,True,-1,0.0,2024-11-01,1.0,1.0,298469.97691436775,0.0,3283169.7460580454,675550.0,218906.3405507314,0.0
BR_1.7-2.2,ses,0.95,1.6449,10,True,-1,0.0,2024-11-01,1.0,1.0,302842.9579940286,0.0,3331272.5379343145,675550.0,223279.32163039222,0.0
BR_1.7-2.2,ses,0.95,1.7,10,True,-1,0.0,2024-11-01,1.0,1.0,308209.3557109396,0.0,3390302.912820336,675550.0,228645.71934730327,0.0
BR_1.7-2.2,ses,0.95,1.8,10,True,-1,0.0,2024-11-01,1.0,1.0,340698.7345075116,0.0,3747686.0795826274,675550.0,263410.09814387525,0.0
BR_1.7-2.2,ses,0.95,1.9,10,True,-1,0.0,2024-11-01,1.0,1.0,352713.11330408347,0.0,3879844.246344918,675550.0,273149.4769404471,0.0
BR_1.7-2.2,ses,0.95,2.0,10,True,-1,0.0,2024-11-01,1.0,1.0,362452.49210065533,0.0,3986977.4131072084,675550.0,282888.855737019,0.0
BR_1.7-2.2,ses,0.95,2.0537,10,True,-1,0.0,2024-11-01,1.0,1.0,376782.53851441445,0.0,4144607.923658559,675550.0,288118.9021507781,0.0
BR_1.7-2.2,ses,0.95,2.1,10,True,-1,0.0,2024-11-01,1.0,1.0,390391.8708972274,0.0,4294310.579869501,675550.0,292628.23453359096,0.0
BR_1.7-2.2,ses,0.95,2.2,10,True,-1,0.0,2024-11-01,1.0,1.0,400131.24969379924,0.0,4401443.746631792,675550.0,302367.6133301628,0.0
BR_1.7-2.2,ses,0.95,2.3,10,True,-1,0.0,2024-11-01,1.0,1.0,412145.6284903711,0.0,4533601.913394082,675550.0,312106.9921267347,0.0
BR_1.7-2.2,ses,0.95,2.4,10,True,-1,0.0,2024-11-01,1.0,1.0,440085.007286943,0.0,4840935.080156373,675550.0,346871.37092330656,0.0
BR_1.7-2.2,ses,0.95,2.5,10,True,-1,0.0,2024-11-01,1.0,1.0,454374.38608351495,0.0,4998118.246918664,675550.0,356610.74971987854,0.0
BR_1.7-2.2,ses,0.95,2.6,10,True,-1,0.0,2024-11-01,1.0,1.0,466388.7648800868,0.0,5130276.413680955,675550.0,366350.1285164504,0.0
BR_1.7-2.2,ses,0.95,2.7,10,True,-1,0.0,2024-11-01,1.0,1.0,485228.14367665874,0.0,5337509.580443246,675550.0,376089.5073130224,0.0
BR_1.7-2.2,ses,0.95,2.8,10,True,-1,0.0,2024-11-01,1.0,1.0,504067.5224732306,0.0,5544742.747205537,675550.0,385828.88610959426,0.0
BR_1.7-2.2,ses,0.95,2.9,10,True,-1,0.0,2024-11-01,1.0,1.0,513806.9012698025,0.0,5651875.913967827,675550.0,395568.2649061661,0.0
BR_1.7-2.2,ses,0.95,3.0,10,True,-1,0.0,2024-11-01,1.0,1.0,539471.2800663743,0.0,5934184.080730118,675550.0,430332.643702738,0.0
BR_1.7-2.2,ses,0.95,3.5,10,True,-1,0.0,2024-11-01,1.0,1.0,617743.1740492339,0.0,6795174.914541572,675550.0,479029.53768559755,0.0
BR_1.7-2.2,ses,0.95,4.0,10,True,-1,0.0,2024-11-01,1.0,1.0,705115.0680320933,0.0,7756265.748353027,675550.0,552751.4316684571,0.0
BR_1.7-2.2,tsb,0.95,0.0,10,True,-1,0.0,2024-11-01,0.9388943165976845,0.5,45663.886372640554,3752.722220221291,915102.1943233882,675550.0,16947.5277887829,50050.0
BR_1.7-2.2,tsb,0.95,0.1,10,True,-1,0.0,2024-11-01,0.9654352033731272,0.8333333333333334,62911.13785337822,2122.7498510258156,925525.0000000001,675550.0,26724.75163871603,50050.0
BR_1.7-2.2,tsb,0.95,0.2,10,True,-1,0.0,2024-11-01,0.979908186645917,0.8333333333333334,78624.52317149928,1233.9113192137077,1000600.0,675550.0,36501.975488649216,25025.0
BR_1.7-2.2,tsb,0.95,0.3,10,True,-1,0.0,2024-11-01,1.0,1.0,96267.83570221871,0.0,1058946.1927244058,675550.0,46279.199338582344,25025.0
BR_1.7-2.2,tsb,0.95,0.4,10,True,-1,0.0,2024-11-01,1.0,1.0,119695.05955215188,0.0,1316645.6550736707,675550.0,81081.42318851553,0.0
BR_1.7-2.2,tsb,0.95,0.5,10,True,-1,0.0,2024-11-01,1.0,1.0,129472.28340208501,0.0,1424195.117422935,675550.0,90858.64703844866,0.0
BR_1.7-2.2,tsb,0.95,0.6,10,True,-1,0.0,2024-11-01,1.0,1.0,150624.50725201817,0.0,1656869.5797722,675550.0,100635.87088838185,0.0
BR_1.7-2.2,tsb,0.95,0.7,10,True,-1,0.0,2024-11-01,1.0,1.0,169501.7311019513,0.0,1864519.0421214644,675550.0,110413.09473831498,0.0
BR_1.7-2.2,tsb,0.95,0.8,10,True,-1,0.0,2024-11-01,1.0,1.0,179278.95495188455,0.0,1972068.50447073,675550.0,120190.31858824816,0.0
BR_1.7-2.2,tsb,0.95,0.9,10,True,-1,0.0,2024-11-01,1.0,1.0,200431.17880181773,0.0,2204742.966819995,675550.0,129967.54243818135,0.0
BR_1.7-2.2,tsb,0.95,1.0,10,True,-1,0.0,2024-11-01,1.0,1.0,223858.40265175083,0.0,2462442.429169259,675550.0,164769.76628811448,0.0
BR_1.7-2.2,tsb,0.95,1.1,10,True,-1,0.0,2024-11-01,1.0,1.0,233635.6265016839,0.0,2569991.891518523,675550.0,174546.9901380476,0.0
BR_1.7-2.2,tsb,0.95,1.2,10,True,-1,0.0,2024-11-01,1.0,1.0,247962.85035161718,0.0,2727591.353867789,675550.0,184324.21398798074,0.0
BR_1.7-2.2,tsb,0.95,1.2816,10,True,-1,0.0,2024-11-01,1.0,1.0,271866.06501316256,0.0,2990526.715144788,675550.0,192302.4286495262,0.0
BR_1.7-2.2,tsb,0.95,1.3,10,True,-1,0.0,2024-11-01,1.0,1.0,273665.07420155016,0.0,3010315.816217052,675550.0,194101.43783791387,0.0
BR_1.7-2.2,tsb,0.95,1.4,10,True,-1,0.0,2024-11-01,1.0,1.0,283442.2980514834,0.0,3117865.2785663176,675550.0,203878.661687847,0.0
BR_1.7-2.2,tsb,0.95,1.5,10,True,-1,0.0,2024-11-01,1.0,1.0,297769.52190141665,0.0,3275464.740915583,675550.0,213655.88553778024,0.0
BR_1.7-2.2,tsb,0.95,1.6,10,True,-1,0.0,2024-11-01,1.0,1.0,328021.7457513498,0.0,3608239.2032648474,675550.0,248458.10938771337,0.0
BR_1.7-2.2,tsb,0.95,1.6449,10,True,-1,0.0,2024-11-01,1.0,1.0,332411.7192599697,0.0,3656528.911859667,675550.0,252848.08289633342,0.0
BR_1.7-2.2,tsb,0.95,1.7,10,True,-1,0.0,2024-11-01,1.0,1.0,337798.9696012829,0.0,3715788.665614112,675550.0,258235.3332376465,0.0
BR_1.7-2.2,tsb,0.95,1.8,10,True,-1,0.0,2024-11-01,1.0,1.0,352126.1934512161,0.0,3873388.127963377,675550.0,268012.55708757974,0.0
BR_1.7-2.2,tsb,0.95,1.9,10,True,-1,0.0,2024-11-01,1.0,1.0,375553.4173011492,0.0,4131087.5903126416,675550.0,277789.78093751287,0.0
BR_1.7-2.2,tsb,0.95,2.0,10,True,-1,0.0,2024-11-01,1.0,1.0,387605.64115108235,0.0,4263662.052661906,675550.0,287567.004787446,0.0
BR_1.7-2.2,tsb,0.95,2.0537,10,True,-1,0.0,2024-11-01,1.0,1.0,392856.0103584964,0.0,4321416.11394346,675550.0,292817.3739948601,0.0
BR_1.7-2.2,tsb,0.95,2.1,10,True,-1,0.0,2024-11-01,1.0,1.0,406482.86500101554,0.0,4471311.515011171,675550.0,297344.2286373791,0.0
BR_1.7-2.2,tsb,0.95,2.2,10,True,-1,0.0,2024-11-01,1.0,1.0,425360.0888509486,0.0,4678960.977360435,675550.0,332146.45248731226,0.0
BR_1.7-2.2,tsb,0.95,2.3,10,True,-1,0.0,2024-11-01,1.0,1.0,441962.3127008817,0.0,4861585.439709699,675550.0,341923.6763372454,0.0
BR_1.7-2.2,tsb,0.95,2.4,10,True,-1,0.0,2024-11-01,1.0,1.0,460839.536550815,0.0,5069234.902058965,675550.0,351700.90018717863,0.0
BR_1.7-2.2,tsb,0.95,2.5,10,True,-1,0.0,2024-11-01,1.0,1.0,475166.76040074823,0.0,5226834.36440823,675550.0,361478.12403711176,0.0
BR_1.7-2.2,tsb,0.95,2.6,10,True,-1,0.0,2024-11-01,1.0,1.0,489493.9842506813,0.0,5384433.826757494,675550.0,371255.347887045,0.0
BR_1.7-2.2,tsb,0.95,2.7,10,True,-1,0.0,2024-11-01,1.0,1.0,515196.20810061455,0.0,5667158.28910676,675550.0,406057.57173697813,0.0
BR_1.7-2.2,tsb,0.95,2.8,10,True,-1,0.0,2024-11-01,1.0,1.0,529523.4319505476,0.0,5824757.751456023,675550.0,415834.79558691126,0.0
BR_1.7-2.2,tsb,0.95,2.9,10,True,-1,0.0,2024-11-01,1.0,1.0,543850.6558004809,0.0,5982357.213805289,675550.0,425612.0194368444,0.0
BR_1.7-2.2,tsb,0.95,3.0,10,True,-1,0.0,2024-11-01,1.0,1.0,562727.8796504139,0.0,6190006.676154552,675550.0,435389.2432867775,0.0
BR_1.7-2.2,tsb,0.95,3.5,10,True,-1,0.0,2024-11-01,1.0,1.0,643463.9989000798,0.0,7078103.987900877,675550.0,509300.3625364434,0.0
BR_1.7-2.2,tsb,0.95,4.0,10,True,-1,0.0,2024-11-01,1.0,1.0,735575.1181497455,0.0,8091326.299647201,675550.0,583211.481786109,0.0
BR_1.7-2.2,xgb,0.95,0.0,10,True,-1,0.0,2024-11-01,0.0,0.0,0.0,217646.25719105115,23941088.291015625,675550.0,0.0,200200.0
BR_1.7-2.2,xgb,0.95,0.1,10,True,-1,0.0,2024-11-01,0.0,0.0,0.0,196975.6332960519,21667319.66256571,675550.0,0.0,225225.0
BR_1.7-2.2,xgb,0.95,0.2,10,True,-1,0.0,2024-11-01,0.0,0.0,0.0,183130.00940105264,20144301.03411579,675550.0,0.0,250250.0
BR_1.7-2.2,xgb,0.95,0.3,10,True,-1,0.0,2024-11-01,0.0,0.0,0.0,162459.38550605343,17870532.405665874,675550.0,0.0,225225.0
BR_1.7-2.2,xgb,0.95,0.4,10,True,-1,0.0,2024-11-01,0.0,0.0,0.0,150888.76161105421,16597763.777215965,675550.0,0.0,250250.0
BR_1.7-2.2,xgb,0.95,0.5,10,True,-1,0.0,2024-11-01,0.025292653157600813,0.0,0.0,118843.13771605502,13072745.148766052,675550.0,0.0,225225.0
BR_1.7-2.2,xgb,0.95,0.6,10,True,-1,0.0,2024-11-01,0.08985670880114835,0.0,0.0,107272.51382105575,11799976.520316133,675550.0,0.0,250250.0
BR_1.7-2.2,xgb,0.95,0.7,10,True,-1,0.0,2024-11-01,0.15750635945662242,0.0,0.0,91151.88992605652,10026707.891866218,675550.0,0.0,275275.0
BR_1.7-2.2,xgb,0.95,0.8,10,True,-1,0.0,2024-11-01,0.32680096280249493,0.0,1032.2816004823967,62413.54763153966,6876845.337074669,675550.0,0.0,250250.0
BR_1.7-2.2,xgb,0.95,0.9,10,True,-1,0.0,2024-11-01,0.3818412937624488,0.0,1877.3383182095977,49412.98045426766,5456078.571469748,675550.0,0.0,275275.0
BR_1.7-2.2,xgb,0.95,1.0,10,True,-1,0.0,2024-11-01,0.5110064119328238,0.3333333333333333,11357.42972513854,38222.44796619739,4329401.003258237,675550.0,0.0,250250.0
BR_1.7-2.2,xgb,0.95,1.1,10,True,-1,0.0,2024-11-01,0.6030906330563485,0.3333333333333333,24682.71331377457,30877.10765983415,3667991.689033277,675550.0,0.0,275275.0
BR_1.7-2.2,xgb,0.95,1.2,10,True,-1,0.0,2024-11-01,0.7322187443434429,0.5,37879.59628289266,18853.366733953088,2490545.8998466586,675550.0,0.0,300300.0
BR_1.7-2.2,xgb,0.95,1.2816,10,True,-1,0.0,2024-11-01,0.8215967239299359,0.6666666666666666,51025.23236230537,13093.373715046286,2001548.6646404504,675550.0,1593.2222836227156,275275.0
BR_1.7-2.2,xgb,0.95,1.3,10,True,-1,0.0,2024-11-01,0.8125966268091298,0.6666666666666666,52768.86541473798,13072.011970799078,2018378.8363500163,675550.0,7908.2170803025365,275275.0
BR_1.7-2.2,xgb,0.95,1.4,10,True,-1,0.0,2024-11-01,0.8909207651926654,0.6666666666666666,67784.26243882834,7416.785099890295,1561473.2478150441,675550.0,17203.84097530169,300300.0
BR_1.7-2.2,xgb,0.95,1.5,10,True,-1,0.0,2024-11-01,0.9651017169273939,0.8333333333333334,92281.3317002736,2143.2304663362765,1250850.0,675550.0,51524.46487030096,275275.0
BR_1.7-2.2,xgb,0.95,1.6,10,True,-1,0.0,2024-11-01,0.9788617996673825,0.8333333333333334,116656.89887754568,1298.1737486090701,1426025.0000000002,675550.0,60820.08876530023,300300.0
BR_1.7-2.2,xgb,0.95,1.6449,10,True,-1,0.0,2024-11-01,0.9646288933375099,0.8333333333333334,123840.95354014076,2172.26828234956,1601200.0,675550.0,76230.04889415484,300300.0
BR_1.7-2.2,xgb,0.95,1.7,10,True,-1,0.0,2024-11-01,0.9926218824073708,0.8333333333333334,136482.46605481763,453.1170308818744,1551150.0,675550.0,70115.71266029938,325325.0
BR_1.7-2.2,xgb,0.95,1.8,10,True,-1,0.0,2024-11-01,1.0,1.0,161249.972918935,0.0,1773749.7021082852,675550.0,104436.33655529865,300300.0
BR_1.7-2.2,xgb,0.95,1.9,10,True,-1,0.0,2024-11-01,1.0,1.0,191020.59681393413,0.0,2101226.5649532755,675550.0,113731.9604502978,325325.0
BR_1.7-2.2,xgb,0.95,2.0,10,True,-1,0.0,2024-11-01,1.0,1.0,220791.2207089334,0.0,2428703.4277982675,675550.0,148052.58434529707,300300.0
BR_1.7-2.2,xgb,0.95,2.0537,10,True,-1,0.0,2024-11-01,1.0,1.0,234671.39574054797,0.0,2581385.353146028,675550.0,141457.75937691168,325325.0
BR_1.7-2.2,xgb,0.95,2.1,10,True,-1,0.0,2024-11-01,1.0,1.0,246011.84460393267,0.0,2706130.2906432594,675550.0,157348.20824029634,325325.0
BR_1.7-2.2,xgb,0.95,2.2,10,True,-1,0.0,2024-11-01,1.0,1.0,275782.46849893196,0.0,3033607.1534882514,675550.0,166643.8321352956,350350.0
BR_1.7-2.2,xgb,0.95,2.3,10,True,-1,0.0,2024-11-01,1.0,1.0,305553.09239393106,0.0,3361084.0163332415,675550.0,200964.45603029465,325325.0
BR_1.7-2.2,xgb,0.95,2.4,10,True,-1,0.0,2024-11-01,1.0,1.0,330773.7162889303,0.0,3638510.8791782334,675550.0,210260.07992529392,350350.0
BR_1.7-2.2,xgb,0.95,2.5,10,True,-1,0.0,2024-11-01,1.0,1.0,365094.3401839296,0.0,4016037.7420232254,675550.0,244580.7038202932,325325.0
BR_1.7-2.2,xgb,0.95,2.6,10,True,-1,0.0,2024-11-01,1.0,1.0,394864.96407892887,0.0,4343514.604868217,675550.0,253876.32771529246,350350.0
BR_1.7-2.2,xgb,0.95,2.7,10,True,-1,0.0,2024-11-01,1.0,1.0,424635.5879739281,0.0,4670991.467713209,675550.0,263171.9516102917,375375.0
BR_1.7-2.2,xgb,0.95,2.8,10,True,-1,0.0,2024-11-01,1.0,1.0,458956.2118689273,0.0,5048518.3305582,675550.0,297492.5755052909,350350.0
BR_1.7-2.2,xgb,0.95,2.9,10,True,-1,0.0,2024-11-01,1.0,1.0,488726.83576392644,0.0,5375995.193403191,675550.0,306788.19940029015,375375.0
BR_1.7-2.2,xgb,0.95,3.0,10,True,-1,0.0,2024-11-01,1.0,1.0,523047.4596589258,0.0,5753522.056248184,675550.0,341108.8232952894,350350.0
BR_1.7-2.2,xgb,0.95,3.5,10,True,-1,0.0,2024-11-01,1.0,1.0,681000.5791339219,0.0,7491006.370473141,675550.0,437636.94277028553,375375.0
BR_1.7-2.2,xgb,0.95,4.0,10,True,-1,0.0,2024-11-01,1.0,1.0,838953.698608918,0.0,9228490.684698097,675550.0,534165.0622452816,400400.0
BR_2.1-2.6,arima,0.95,0.0,10,True,-1,0.0,2024-11-01,0.9128827622288538,0.5,89645.08402830338,7333.093489386237,1792736.208143823,925925.0,48186.99053891713,75075.0
BR_2.1-2.6,arima,0.95,0.1,10,True,-1,0.0,2024-11-01,0.9741231083393542,0.8333333333333334,110168.12644465141,2178.1873555348616,1451450.0000000002,925925.0,51114.939089116524,100100.0
BR_2.1-2.6,arima,0.95,0.2,10,True,-1,0.0,2024-11-01,0.9772852959357573,0.8333333333333334,133304.89785392367,1912.0102146076335,1676675.0,925925.0,79067.88763931603,75075.0
BR_2.1-2.6,arima,0.95,0.3,10,True,-1,0.0,2024-11-01,1.0,1.0,154795.83618951542,0.0,1702754.1980846697,925925.0,81995.83618951542,75075.0
BR_2.1-2.6,arima,0.95,0.4,10,True,-1,0.0,2024-11-01,1.0,1.0,178198.7847397148,0.0,1960186.632136863,925925.0,109948.78473971481,50050.0
BR_2.1-2.6,arima,0.95,0.5,10,True,-1,0.0,2024-11-01,1.0,1.0,203876.7332899142,0.0,2242644.0661890563,925925.0,112876.7332899142,75075.0
BR_2.1-2.6,arima,0.95,0.6,10,True,-1,0.0,2024-11-01,1.0,1.0,227279.68184011354,0.0,2500076.500241249,925925.0,115804.6818401136,75075.0
BR_2.1-2.6,arima,0.95,0.7,10,True,-1,0.0,2024-11-01,1.0,1.0,250682.63039031308,0.0,2757508.934293444,925925.0,143757.6303903131,50050.0
BR_2.1-2.6,arima,0.95,0.8,10,True,-1,0.0,2024-11-01,1.0,1.0,276360.57894051255,0.0,3039966.368345638,925925.0,146685.5789405125,50050.0
BR_2.1-2.6,arima,0.95,0.9,10,True,-1,0.0,2024-11-01,1.0,1.0,295213.52749071183,0.0,3247348.8023978304,925925.0,149613.5274907119,50050.0
BR_2.1-2.6,arima,0.95,1.0,10,True,-1,0.0,2024-11-01,1.0,1.0,323166.4760409114,0.0,3554831.2364500253,925925.0,177566.4760409114,50050.0
BR_2.1-2.6,arima,0.95,1.1,10,True,-1,0.0,2024-11-01,1.0,1.0,351119.42459111084,0.0,3862313.6705022193,925925.0,180494.4245911108,50050.0
BR_2.1-2.6,arima,0.95,1.2,10,True,-1,0.0,2024-11-01,1.0,1.0,376797.3731413102,0.0,4144771.104554412,925925.0,208447.37314131018,25025.0
BR_2.1-2.6,arima,0.95,1.2816,10,True,-1,0.0,2024-11-01,1.0,1.0,399606.97915827297,0.0,4395676.770741003,925925.0,206231.97915827297,50050.0
BR_2.1-2.6,arima,0.95,1.3,10,True,-1,0.0,2024-11-01,1.0,1.0,404750.3216915095,0.0,4452253.538606605,925925.0,211375.32169150957,25025.0
BR_2.1-2.6,arima,0.95,1.4,10,True,-1,0.0,2024-11-01,1.0,1.0,423603.2702417089,0.0,4659635.972658798,925925.0,214303.27024170896,50050.0
BR_2.1-2.6,arima,0.95,1.5,10,True,-1,0.0,2024-11-01,1.0,1.0,453831.2187919085,0.0,4992143.4067109935,925925.0,242256.21879190847,25025.0
BR_2.1-2.6,arima,0.95,1.6,10,True,-1,0.0,2024-11-01,1.0,1.0,477234.1673421078,0.0,5249575.840763186,925925.0,245184.16734210786,25025.0
BR_2.1-2.6,arima,0.95,1.6449,10,True,-1,0.0,2024-11-01,1.0,1.0,489785.0412411474,0.0,5387635.453652621,925925.0,257735.04124114732,25025.0
BR_2.1-2.6,arima,0.95,1.7,10,True,-1,0.0,2024-11-01,1.0,1.0,500637.1158923075,0.0,5507008.274815382,925925.0,248112.11589230737,25025.0
BR_2.1-2.6,arima,0.95,1.8,10,True,-1,0.0,2024-11-01,1.0,1.0,528590.0644425069,0.0,5814490.708867575,925925.0,276065.06444250676,25025.0
BR_2.1-2.6,arima,0.95,1.9,10,True,-1,0.0,2024-11-01,1.0,1.0,549718.0129927061,0.0,6046898.142919768,925925.0,278993.01299270615,25025.0
BR_2.1-2.6,arima,0.95,2.0,10,True,-1,0.0,2024-11-01,1.0,1.0,577670.9615429054,0.0,6354380.57697196,925925.0,306945.96154290554,0.0
BR_2.1-2.6,arima,0.95,2.0537,10,True,-1,0.0,2024-11-01,1.0,1.0,588131.6949143625,0.0,6469448.644057988,925925.0,296931.6949143626,25025.0
BR_2.1-2.6,arima,0.95,2.1,10,True,-1,0.0,2024-11-01,1.0,1.0,601073.9100931048,0.0,6611813.011024153,925925.0,309873.91009310493,0.0
BR_2.1-2.6,arima,0.95,2.2,10,True,-1,0.0,2024-11-01,1.0,1.0,624476.8586433046,0.0,6869245.44507635,925925.0,312801.85864330456,25025.0
BR_2.1-2.6,arima,0.95,2.3,10,True,-1,0.0,2024-11-01,1.0,1.0,659254.8071935037,0.0,7251802.879128541,925925.0,340754.8071935037,0.0
BR_2.1-2.6,arima,0.95,2.4,10,True,-1,0.0,2024-11-01,1.0,1.0,682657.7557437032,0.0,7509235.313180735,925925.0,343682.75574370334,0.0
BR_2.1-2.6,arima,0.95,2.5,10,True,-1,0.0,2024-11-01,1.0,1.0,719710.7042939026,0.0,7916817.747232929,925925.0,346610.7042939025,0.0
BR_2.1-2.6,arima,0.95,2.6,10,True,-1,0.0,2024-11-01,1.0,1.0,749938.6528441021,0.0,8249325.181285123,925925.0,374563.6528441021,0.0
BR_2.1-2.6,arima,0.95,2.7,10,True,-1,0.0,2024-11-01,1.0,1.0,773341.6013943014,0.0,8506757.615337316,925925.0,377491.6013943015,0.0
BR_2.1-2.6,arima,0.95,2.8,10,True,-1,0.0,2024-11-01,1.0,1.0,805844.549944501,0.0,8864290.049389511,925925.0,405444.5499445009,0.0
BR_2.1-2.6,arima,0.95,2.9,10,True,-1,0.0,2024-11-01,1.0,1.0,833797.4984947003,0.0,9171772.483441703,925925.0,433397.4984947003,0.0
BR_2.1-2.6,arima,0.95,3.0,10,True,-1,0.0,2024-11-01,1.0,1.0,864025.4470448997,0.0,9504279.917493897,925925.0,461350.4470448997,0.0
BR_2.1-2.6,arima,0.95,3.5,10,True,-1,0.0,2024-11-01,1.0,1.0,1010615.1897958968,0.0,11116767.087754864,925925.0,601115.1897958969,0.0
BR_2.1-2.6,arima,0.95,4.0,10,True,-1,0.0,2024-11-01,1.0,1.0,1175404.9325468943,0.0,12929454.258015838,925925.0,765904.9325468941,0.0
BR_2.1-2.6,croston,0.95,0.0,10,True,-1,0.0,2024-11-01,0.852960342239287,0.5,67094.49815464528,12377.063192008021,2099516.4308219803,925925.0,29692.434962637257,100100.0
BR_2.1-2.6,croston,0.95,0.1,10,True,-1,0.0,2024-11-01,0.9334223875340432,0.6666666666666666,91943.73261805138,5604.170529321916,1627839.8170239758,925925.0,31739.562088729464,100100.0
BR_2.1-2.6,croston,0.95,0.2,10,True,-1,0.0,2024-11-01,0.955408579760587,0.8333333333333334,114890.17201347412,3753.4827986525856,1676674.9999999998,925925.0,58811.689214821556,75075.0
BR_2.1-2.6,croston,0.95,0.3,10,True,-1,0.0,2024-11-01,0.9846465062946932,0.8333333333333334,134951.19667355798,1292.3803326442032,1626625.0,925925.0,60858.81634091376,75075.0
BR_2.1-2.6,croston,0.95,0.4,10,True,-1,0.0,2024-11-01,0.9868574058017723,0.8333333333333334,164112.22133364182,1106.2778666358208,1926925.0000000002,925925.0,87930.94346700597,50050.0
BR_2.1-2.6,croston,0.95,0.5,10,True,-1,0.0,2024-11-01,1.0,1.0,185528.07059309818,0.0,2040808.77652408,925925.0,89978.07059309818,75075.0
BR_2.1-2.6,croston,0.95,0.6,10,True,-1,0.0,2024-11-01,1.0,1.0,219425.19771919027,0.0,2413677.174911093,925925.0,92025.19771919027,75075.0
BR_2.1-2.6,croston,0.95,0.7,10,True,-1,0.0,2024-11-01,1.0,1.0,241947.32484528245,0.0,2661420.573298107,925925.0,119097.32484528248,50050.0
BR_2.1-2.6,croston,0.95,0.8,10,True,-1,0.0,2024-11-01,1.0,1.0,264469.4519713746,0.0,2909163.971685121,925925.0,121144.45197137468,50050.0
BR_2.1-2.6,croston,0.95,0.9,10,True,-1,0.0,2024-11-01,1.0,1.0,289266.5790974667,0.0,3181932.370072134,925925.0,123191.57909746678,75075.0
BR_2.1-2.6,croston,0.95,1.0,10,True,-1,0.0,2024-11-01,1.0,1.0,316338.70622355904,0.0,3479725.768459149,925925.0,150263.70622355898,50050.0
BR_2.1-2.6,croston,0.95,1.1,10,True,-1,0.0,2024-11-01,1.0,1.0,345685.8333496512,0.0,3802544.166846163,925925.0,152310.8333496512,50050.0
BR_2.1-2.6,croston,0.95,1.2,10,True,-1,0.0,2024-11-01,1.0,1.0,368207.9604757433,0.0,4050287.565233176,925925.0,154357.96047574328,50050.0
BR_2.1-2.6,croston,0.95,1.2816,10,True,-1,0.0,2024-11-01,1.0,1.0,390298.8162106345,0.0,4293286.9783169795,925925.0,176448.81621063454,50050.0
BR_2.1-2.6,croston,0.95,1.3,10,True,-1,0.0,2024-11-01,1.0,1.0,397555.0876018355,0.0,4373105.9636201905,925925.0,181430.0876018355,50050.0
BR_2.1-2.6,croston,0.95,1.4,10,True,-1,0.0,2024-11-01,1.0,1.0,420077.21472792776,0.0,4620849.362007205,925925.0,183477.2147279277,50050.0
BR_2.1-2.6,croston,0.95,1.5,10,True,-1,0.0,2024-11-01,1.0,1.0,456249.34185401985,0.0,5018742.760394218,925925.0,210549.3418540198,25025.0
BR_2.1-2.6,croston,0.95,1.6,10,True,-1,0.0,2024-11-01,1.0,1.0,481046.4689801121,0.0,5291511.158781233,925925.0,212596.4689801121,25025.0
BR_2.1-2.6,croston,0.95,1.6449,10,True,-1,0.0,2024-11-01,1.0,1.0,493201.8540597275,0.0,5425220.394657003,925925.0,224751.8540597274,25025.0
BR_2.1-2.6,croston,0.95,1.7,10,True,-1,0.0,2024-11-01,1.0,1.0,503568.5961062042,0.0,5539254.557168246,925925.0,214643.5961062042,50050.0
BR_2.1-2.6,croston,0.95,1.8,10,True,-1,0.0,2024-11-01,1.0,1.0,537465.7232322963,0.0,5912122.955555259,925925.0,241715.7232322963,25025.0
BR_2.1-2.6,croston,0.95,1.9,10,True,-1,0.0,2024-11-01,1.0,1.0,559987.8503583884,0.0,6159866.353942272,925925.0,243762.8503583884,25025.0
BR_2.1-2.6,croston,0.95,2.0,10,True,-1,0.0,2024-11-01,1.0,1.0,602984.9774844806,0.0,6632834.752329287,925925.0,245809.9774844807,25025.0
BR_2.1-2.6,croston,0.95,2.0537,10,True,-1,0.0,2024-11-01,1.0,1.0,617522.7097511924,0.0,6792749.807263115,925925.0,260347.70975119225,25025.0
BR_2.1-2.6,croston,0.95,2.1,10,True,-1,0.0,2024-11-01,1.0,1.0,630057.1046105732,0.0,6930628.150716305,925925.0,272882.10461057303,25025.0
BR_2.1-2.6,croston,0.95,2.2,10,True,-1,0.0,2024-11-01,1.0,1.0,652579.2317366652,0.0,7178371.549103318,925925.0,274929.2317366651,25025.0
BR_2.1-2.6,croston,0.95,2.3,10,True,-1,0.0,2024-11-01,1.0,1.0,681926.3588627573,0.0,7501189.947490331,925925.0,276976.3588627572,25025.0
BR_2.1-2.6,croston,0.95,2.4,10,True,-1,0.0,2024-11-01,1.0,1.0,708998.4859888494,0.0,7798983.345877344,925925.0,304048.4859888493,0.0
BR_2.1-2.6,croston,0.95,2.5,10,True,-1,0.0,2024-11-01,1.0,1.0,756545.6131149417,0.0,8322001.744264359,925925.0,356145.61311494163,0.0
BR_2.1-2.6,croston,0.95,2.6,10,True,-1,0.0,2024-11-01,1.0,1.0,788167.7402410338,0.0,8669845.142651372,925925.0,383217.7402410337,0.0
BR_2.1-2.6,croston,0.95,2.7,10,True,-1,0.0,2024-11-01,1.0,1.0,815239.867367126,0.0,8967638.541038387,925925.0,410289.86736712605,0.0
BR_2.1-2.6,croston,0.95,2.8,10,True,-1,0.0,2024-11-01,1.0,1.0,844586.9944932181,0.0,9290456.9394254,925925.0,437361.99449321814,0.0
BR_2.1-2.6,croston,0.95,2.9,10,True,-1,0.0,2024-11-01,1.0,1.0,894409.1216193102,0.0,9838500.337812413,925925.0,489459.12161931023,0.0
BR_2.1-2.6,croston,0.95,3.0,10,True,-1,0.0,2024-11-01,1.0,1.0,923756.2487454023,0.0,10161318.736199426,925925.0,516531.2487454023,0.0
BR_2.1-2.6,croston,0.95,3.5,10,True,-1,0.0,2024-11-01,1.0,1.0,1090966.884375863,0.0,12000635.728134494,925925.0,676916.8843758632,0.0
BR_2.1-2.6,croston,0.95,4.0,10,True,-1,0.0,2024-11-01,1.0,1.0,1258177.5200063244,0.0,13839952.720069569,925925.0,837302.5200063242,0.0
BR_2.1-2.6,hybrid,0.95,0.0,10,True,-1,0.0,2024-11-01,0.6680960087210087,0.3333333333333333,69248.96306818182,40496.697443181816,5216375.3125,925925.0,0.0,75075.0
BR_2.1-2.6,hybrid,0.95,0.1,10,True,-1,0.0,2024-11-01,0.6948618093654676,0.3333333333333333,82854.98560667648,34466.67866110294,4702739.494394764,925925.0,0.0,75075.0
BR_2.1-2.6,hybrid,0.95,0.2,10,True,-1,0.0,2024-11-01,0.7513553436102213,0.3333333333333333,109883.67616936633,21384.327903219244,3560996.5072171465,925925.0,0.0,100100.0
BR_2.1-2.6,hybrid,0.95,0.3,10,True,-1,0.0,2024-11-01,0.8024474647084395,0.5,129314.37424488772,16628.984658167104,3251646.4290921465,925925.0,0.0,100100.0
BR_2.1-2.6,hybrid,0.95,0.4,10,True,-1,0.0,2024-11-01,0.9221782129379683,0.6666666666666666,163897.07983324068,6550.648925946517,2523439.2600197643,925925.0,0.0,75075.0
BR_2.1-2.6,hybrid,0.95,0.5,10,True,-1,0.0,2024-11-01,0.9400220800342742,0.6666666666666666,186581.11364098266,5048.641413114965,2607742.8054934554,925925.0,0.0,75075.0
BR_2.1-2.6,hybrid,0.95,0.6,10,True,-1,0.0,2024-11-01,0.9519059465382631,0.6666666666666666,221141.83049858295,4048.3169501417065,2877875.0,925925.0,5518.513548441231,75075.0
BR_2.1-2.6,hybrid,0.95,0.7,10,True,-1,0.0,2024-11-01,0.987854907113443,0.6666666666666666,246851.8680627407,1022.31319372593,2827825.0,925925.0,13779.55486901477,100100.0
BR_2.1-2.6,hybrid,0.95,0.8,10,True,-1,0.0,2024-11-01,1.0,0.8333333333333334,281390.59618958837,0.0,3095296.5580854723,925925.0,47065.596189588425,75075.0
BR_2.1-2.6,hybrid,0.95,0.9,10,True,-1,0.0,2024-11-01,1.0,1.0,310126.6375101619,0.0,3411393.0126117812,925925.0,55326.63751016196,75075.0
BR_2.1-2.6,hybrid,0.95,1.0,10,True,-1,0.0,2024-11-01,1.0,1.0,341137.67883073544,0.0,3752514.46713809,925925.0,63587.6788307355,75075.0
BR_2.1-2.6,hybrid,0.95,1.1,10,True,-1,0.0,2024-11-01,1.0,1.0,388073.7201513091,0.0,4268810.9216644,925925.0,71848.72015130916,75075.0
BR_2.1-2.6,hybrid,0.95,1.2,10,True,-1,0.0,2024-11-01,1.0,1.0,423634.7614718825,0.0,4659982.376190708,925925.0,105134.76147188258,50050.0
BR_2.1-2.6,hybrid,0.95,1.2816,10,True,-1,0.0,2024-11-01,1.0,1.0,446246.17118947057,0.0,4908707.883084176,925925.0,107271.17118947068,75075.0
BR_2.1-2.6,hybrid,0.95,1.3,10,True,-1,0.0,2024-11-01,1.0,1.0,452370.8027924562,0.0,4976078.830717018,925925.0,113395.80279245623,75075.0
BR_2.1-2.6,hybrid,0.95,1.4,10,True,-1,0.0,2024-11-01,1.0,1.0,501581.8441130296,0.0,5517400.285243326,925925.0,121656.84411302966,75075.0
BR_2.1-2.6,hybrid,0.95,1.5,10,True,-1,0.0,2024-11-01,1.0,1.0,530317.8854336032,0.0,5833496.739769636,925925.0,129917.88543360331,75075.0
BR_2.1-2.6,hybrid,0.95,1.6,10,True,-1,0.0,2024-11-01,1.0,1.0,588628.9267541767,0.0,6474918.194295945,925925.0,188228.92675417685,25025.0
BR_2.1-2.6,hybrid,0.95,1.6449,10,True,-1,0.0,2024-11-01,1.0,1.0,603574.3593071144,0.0,6639317.952378258,925925.0,203174.3593071145,25025.0
BR_2.1-2.6,hybrid,0.95,1.7,10,True,-1,0.0,2024-11-01,1.0,1.0,621914.9680747503,0.0,6841064.648822254,925925.0,221514.9680747504,0.0
BR_2.1-2.6,hybrid,0.95,1.8,10,True,-1,0.0,2024-11-01,1.0,1.0,680226.0093953238,0.0,7482486.1033485625,925925.0,279826.0093953239,0.0
BR_2.1-2.6,hybrid,0.95,1.9,10,True,-1,0.0,2024-11-01,1.0,1.0,713512.0507158973,0.0,7848632.557874871,925925.0,313112.05071589747,0.0
BR_2.1-2.6,hybrid,0.95,2.0,10,True,-1,0.0,2024-11-01,1.0,1.0,749073.0920364709,0.0,8239804.01240118,925925.0,346398.092036471,0.0
BR_2.1-2.6,hybrid,0.95,2.0537,10,True,-1,0.0,2024-11-01,1.0,1.0,789697.696225619,0.0,8686674.658481808,925925.0,389297.69622561894,0.0
BR_2.1-2.6,hybrid,0.95,2.1,10,True,-1,0.0,2024-11-01,1.0,1.0,805109.1333570444,0.0,8856200.46692749,925925.0,404709.13335704454,0.0
BR_2.1-2.6,hybrid,0.95,2.2,10,True,-1,0.0,2024-11-01,1.0,1.0,840670.1746776182,0.0,9247371.9214538,925925.0,437995.1746776183,0.0
BR_2.1-2.6,hybrid,0.95,2.3,10,True,-1,0.0,2024-11-01,1.0,1.0,896706.2159981915,0.0,9863768.375980107,925925.0,496306.2159981916,0.0
BR_2.1-2.6,hybrid,0.95,2.4,10,True,-1,0.0,2024-11-01,1.0,1.0,932267.257318765,0.0,10254939.830506416,925925.0,529592.2573187652,0.0
BR_2.1-2.6,hybrid,0.95,2.5,10,True,-1,0.0,2024-11-01,1.0,1.0,965553.2986393386,0.0,10621086.285032725,925925.0,562878.2986393387,0.0
BR_2.1-2.6,hybrid,0.95,2.6,10,True,-1,0.0,2024-11-01,1.0,1.0,1023864.3399599124,0.0,11262507.739559036,925925.0,621189.3399599125,0.0
BR_2.1-2.6,hybrid,0.95,2.7,10,True,-1,0.0,2024-11-01,1.0,1.0,1057150.3812804858,0.0,11628654.194085345,925925.0,654475.381280486,0.0
BR_2.1-2.6,hybrid,0.95,2.8,10,True,-1,0.0,2024-11-01,1.0,1.0,1115461.4226010593,0.0,12270075.648611652,925925.0,712786.4226010593,0.0
BR_2.1-2.6,hybrid,0.95,2.9,10,True,-1,0.0,2024-11-01,1.0,1.0,1148747.4639216329,0.0,12636222.103137963,925925.0,746072.4639216331,0.0
BR_2.1-2.6,hybrid,0.95,3.0,10,True,-1,0.0,2024-11-01,1.0,1.0,1207058.5052422064,0.0,13277643.557664271,925925.0,804383.5052422066,0.0
BR_2.1-2.6,hybrid,0.95,3.5,10,True,-1,0.0,2024-11-01,1.0,1.0,1423538.711845074,0.0,15658925.830295816,925925.0,1020863.7118450743,0.0
BR_2.1-2.6,hybrid,0.95,4.0,10,True,-1,0.0,2024-11-01,1.0,1.0,1642293.9184479418,0.0,18065233.10292736,925925.0,1237343.918447942,0.0
BR_2.1-2.6,mitra,0.95,0.0,10,True,-1,0.0,2024-11-01,0.5315315315315317,0.0,19716.666666666682,50239.58333333331,5743237.499999998,925925.0,0.0,150150.0
BR_2.1-2.6,mitra,0.95,0.1,10,True,-1,0.0,2024-11-01,0.5561255756381412,0.0,21786.870329340538,46047.97692365406,5304933.035224693,925925.0,0.0,150150.0
BR_2.1-2.6,mitra,0.95,0.2,10,True,-1,0.0,2024-11-01,0.607746646771778,0.16666666666666666,29252.59249001802,38151.889011978375,4518486.308707819,925925.0,0.0,150150.0
BR_2.1-2.6,mitra,0.95,0.3,10,True,-1,0.0,2024-11-01,0.713421771959469,0.16666666666666666,31271.59706836037,27084.083517967552,3323236.754728395,925925.0,0.0,150150.0
BR_2.1-2.6,mitra,0.95,0.4,10,True,-1,0.0,2024-11-01,0.7562145647522616,0.5,41601.84230538377,22052.518682637845,2883397.3204493844,925925.0,0.0,150150.0
BR_2.1-2.6,mitra,0.95,0.5,10,True,-1,0.0,2024-11-01,0.7543898275619484,0.5,43518.44871506302,22257.315019963986,2927007.588061732,925925.0,0.0,175175.0
BR_2.1-2.6,mitra,0.95,0.6,10,True,-1,0.0,2024-11-01,0.7795921173986624,0.5,52900.77728541975,18552.833517967596,2622720.237116053,925925.0,0.0,175175.0
BR_2.1-2.6,mitra,0.95,0.7,10,True,-1,0.0,2024-11-01,0.8318214342624033,0.5,63866.18461076746,14156.430770962203,2259735.4155242844,925925.0,0.0,150150.0
BR_2.1-2.6,mitra,0.95,0.8,10,True,-1,0.0,2024-11-01,0.8299966970720906,0.5,70281.59193611526,14310.028023956778,2347200.593932513,925925.0,0.0,175175.0
BR_2.1-2.6,mitra,0.95,0.9,10,True,-1,0.0,2024-11-01,0.8822260139358319,0.5,83521.99926146306,9913.625276951352,2009240.7723407424,925925.0,0.0,175175.0
BR_2.1-2.6,mitra,0.95,1.0,10,True,-1,0.0,2024-11-01,0.8804012767455187,0.5,89937.40658681077,10067.222529945959,2096705.950748974,925925.0,0.0,200200.0
BR_2.1-2.6,mitra,0.95,1.1,10,True,-1,0.0,2024-11-01,0.9234894771490325,0.8333333333333334,101672.26739019812,6440.273260980189,1826825.0,925925.0,4231.994129217928,175175.0
BR_2.1-2.6,mitra,0.95,1.2,10,True,-1,0.0,2024-11-01,0.9499082584459552,0.8333333333333334,112535.27654688276,4216.472345311724,1701700.0,925925.0,3668.804201571038,200200.0
BR_2.1-2.6,mitra,0.95,1.2816,10,True,-1,0.0,2024-11-01,0.9329860220225422,0.6666666666666666,120215.94281686371,5640.90159625251,1942874.5465732769,925925.0,0.0,200200.0
BR_2.1-2.6,mitra,0.95,1.3,10,True,-1,0.0,2024-11-01,0.9493000127158508,0.8333333333333334,118848.28570356741,4267.671429643259,1776775.0,925925.0,3105.6142739241477,200200.0
BR_2.1-2.6,mitra,0.95,1.4,10,True,-1,0.0,2024-11-01,0.9486917669857464,0.8333333333333334,134261.29486025206,4318.870513974794,1951950.0,925925.0,2542.4243462772574,200200.0
BR_2.1-2.6,mitra,0.95,1.5,10,True,-1,0.0,2024-11-01,0.9751105482826693,0.8333333333333334,154224.30401693692,2095.069598306309,1926925.0,925925.0,27004.2344186306,200200.0
BR_2.1-2.6,mitra,0.95,1.6,10,True,-1,0.0,2024-11-01,0.974502302552565,0.8333333333333334,169637.31317362154,2146.2686826378444,2102100.0,925925.0,26441.04449098371,200200.0
BR_2.1-2.6,mitra,0.95,1.6449,10,True,-1,0.0,2024-11-01,0.9714724434629913,0.8333333333333334,173911.92928497298,2401.3070715027015,2177175.0,925925.0,23635.622213470284,200200.0
BR_2.1-2.6,mitra,0.95,1.7,10,True,-1,0.0,2024-11-01,0.9738940568224606,0.8333333333333334,175950.3223303062,2197.46776696938,2177175.0,925925.0,25877.85456333682,225225.0
BR_2.1-2.6,mitra,0.95,1.8,10,True,-1,0.0,2024-11-01,1.0,1.0,200489.66463568993,0.0,2205386.310992589,925925.0,25314.66463568993,225225.0
BR_2.1-2.6,mitra,0.95,1.9,10,True,-1,0.0,2024-11-01,0.9997045923892789,0.8333333333333334,215876.3406436755,24.865935632451013,2377375.0,925925.0,49776.47470804304,200200.0
BR_2.1-2.6,mitra,0.95,2.0,10,True,-1,0.0,2024-11-01,0.9990963466591745,0.8333333333333334,226739.34980036013,76.0650199639865,2502500.0,925925.0,49213.28478039615,225225.0
BR_2.1-2.6,mitra,0.95,2.0537,10,True,-1,0.0,2024-11-01,1.0,1.0,248687.70178924967,0.0,2735564.7196817463,925925.0,50762.701789249666,225225.0
BR_2.1-2.6,mitra,0.95,2.1,10,True,-1,0.0,2024-11-01,1.0,1.0,257950.09485274926,0.0,2837451.043380242,925925.0,48650.09485274926,225225.0
BR_2.1-2.6,mitra,0.95,2.2,10,True,-1,0.0,2024-11-01,1.0,1.0,268761.90492510237,0.0,2956380.954176126,925925.0,48086.90492510237,250250.0
BR_2.1-2.6,mitra,0.95,2.3,10,True,-1,0.0,2024-11-01,1.0,1.0,288673.7149974555,0.0,3175410.8649720103,925925.0,72548.71499745548,225225.0
BR_2.1-2.6,mitra,0.95,2.4,10,True,-1,0.0,2024-11-01,1.0,1.0,324510.5250698086,0.0,3569615.7757678945,925925.0,71985.52506980859,225225.0
BR_2.1-2.6,mitra,0.95,2.5,10,True,-1,0.0,2024-11-01,1.0,1.0,355797.3351421617,0.0,3913770.6865637787,925925.0,71422.3351421617,250250.0
BR_2.1-2.6,mitra,0.95,2.6,10,True,-1,0.0,2024-11-01,1.0,1.0,391634.1452145148,0.0,4307975.597359663,925925.0,70859.1452145148,250250.0
BR_2.1-2.6,mitra,0.95,2.7,10,True,-1,0.0,2024-11-01,1.0,1.0,436570.95528686827,0.0,4802280.508155551,925925.0,95320.95528686838,250250.0
BR_2.1-2.6,mitra,0.95,2.8,10,True,-1,0.0,2024-11-01,1.0,1.0,476957.765359221,0.0,5246535.418951431,925925.0,94757.76535922103,250250.0
BR_2.1-2.6,mitra,0.95,2.9,10,True,-1,0.0,2024-11-01,1.0,1.0,517344.57543157414,0.0,5690790.3297473155,925925.0,94194.57543157414,275275.0
BR_2.1-2.6,mitra,0.95,3.0,10,True,-1,0.0,2024-11-01,1.0,1.0,562281.3855039276,0.0,6185095.240543203,925925.0,118656.38550392771,250250.0
BR_2.1-2.6,mitra,0.95,3.5,10,True,-1,0.0,2024-11-01,1.0,1.0,809715.4358656931,0.0,8906869.794522624,925925.0,366090.43586569326,50050.0
BR_2.1-2.6,mitra,0.95,4.0,10,True,-1,0.0,2024-11-01,1.0,1.0,1057149.4862274586,0.0,11628644.348502045,925925.0,613524.4862274588,0.0
BR_2.1-2.6,naive,0.95,0.0,10,True,-1,0.0,2024-11-01,0.6216216216216216,0.5,191100.0,56875.0,8358350.0,925925.0,450450.0,0.0
BR_2.1-2.6,naive,0.95,0.1,10,True,-1,0.0,2024-11-01,0.6962034850083602,0.5,230495.498454051,36313.286597685124,6529912.008739925,925925.0,494482.2118563659,0.0
BR_2.1-2.6,naive,0.95,0.2,10,True,-1,0.0,2024-11-01,0.7848139400334407,0.6666666666666666,271071.8536092595,26032.42989652769,5845357.6783199,925925.0,513489.4237127318,0.0
BR_2.1-2.6,naive,0.95,0.3,10,True,-1,0.0,2024-11-01,0.8453672117818372,0.6666666666666666,306004.0654656253,16932.429896527712,5228612.008739926,925925.0,557521.6355690976,0.0
BR_2.1-2.6,naive,0.95,0.4,10,True,-1,0.0,2024-11-01,0.8929220481415489,0.8333333333333334,353492.13402314874,9013.286597685126,4879875.0,925925.0,576528.8474254636,0.0
BR_2.1-2.6,naive,0.95,0.5,10,True,-1,0.0,2024-11-01,0.9404768845012602,0.8333333333333334,388971.41752893577,5010.358247106418,4829825.0,925925.0,595536.0592818294,0.0
BR_2.1-2.6,naive,0.95,0.6,10,True,-1,0.0,2024-11-01,1.0,1.0,448468.2711381951,0.0,4933150.982520146,925925.0,639568.2711381952,0.0
BR_2.1-2.6,naive,0.95,0.7,10,True,-1,0.0,2024-11-01,1.0,1.0,487950.4829945611,0.0,5367455.312940172,925925.0,658575.4829945611,0.0
BR_2.1-2.6,naive,0.95,0.8,10,True,-1,0.0,2024-11-01,1.0,1.0,547907.6948509272,0.0,6026984.643360199,925925.0,677582.6948509272,0.0
BR_2.1-2.6,naive,0.95,0.9,10,True,-1,0.0,2024-11-01,1.0,1.0,591939.9067072928,0.0,6511338.97378022,925925.0,721614.9067072929,0.0
BR_2.1-2.6,naive,0.95,1.0,10,True,-1,0.0,2024-11-01,1.0,1.0,651897.1185636587,0.0,7170868.304200246,925925.0,740622.1185636588,0.0
BR_2.1-2.6,naive,0.95,1.1,10,True,-1,0.0,2024-11-01,1.0,1.0,695929.3304200247,0.0,7655222.634620272,925925.0,784654.3304200247,0.0
BR_2.1-2.6,naive,0.95,1.2,10,True,-1,0.0,2024-11-01,1.0,1.0,755886.5422763902,0.0,8314751.965040293,925925.0,803661.5422763904,0.0
BR_2.1-2.6,naive,0.95,1.2816,10,True,-1,0.0,2024-11-01,1.0,1.0,787212.2271511853,0.0,8659334.498663038,925925.0,834987.2271511853,0.0
BR_2.1-2.6,naive,0.95,1.3,10,True,-1,0.0,2024-11-01,1.0,1.0,795368.7541327566,0.0,8749056.295460323,925925.0,822668.7541327565,0.0
BR_2.1-2.6,naive,0.95,1.4,10,True,-1,0.0,2024-11-01,1.0,1.0,859875.9659891222,0.0,9458635.625880344,925925.0,866700.9659891222,0.0
BR_2.1-2.6,naive,0.95,1.5,10,True,-1,0.0,2024-11-01,1.0,1.0,899358.1778454882,0.0,9892939.95630037,925925.0,885708.1778454883,0.0
BR_2.1-2.6,naive,0.95,1.6,10,True,-1,0.0,2024-11-01,1.0,1.0,959315.3897018543,0.0,10552469.286720397,925925.0,904715.3897018542,0.0
BR_2.1-2.6,naive,0.95,1.6449,10,True,-1,0.0,2024-11-01,1.0,1.0,969847.0778253622,0.0,10668317.856078984,925925.0,935722.0778253623,0.0
BR_2.1-2.6,naive,0.95,1.7,10,True,-1,0.0,2024-11-01,1.0,1.0,1003347.6015582198,0.0,11036823.617140418,925925.0,948747.6015582199,0.0
BR_2.1-2.6,naive,0.95,1.8,10,True,-1,0.0,2024-11-01,1.0,1.0,1063304.8134145855,0.0,11696352.94756044,925925.0,967754.8134145858,0.0
BR_2.1-2.6,naive,0.95,1.9,10,True,-1,0.0,2024-11-01,1.0,1.0,1107337.0252709517,0.0,12180707.27798047,925925.0,1011787.0252709517,0.0
BR_2.1-2.6,naive,0.95,2.0,10,True,-1,0.0,2024-11-01,1.0,1.0,1167294.2371273173,0.0,12840236.608400492,925925.0,1030794.2371273176,0.0
BR_2.1-2.6,naive,0.95,2.0537,10,True,-1,0.0,2024-11-01,1.0,1.0,1179352.9598941861,0.0,12972882.558836047,925925.0,1042852.9598941861,0.0
BR_2.1-2.6,naive,0.95,2.1,10,True,-1,0.0,2024-11-01,1.0,1.0,1206776.4489836837,0.0,13274540.93882052,925925.0,1049801.4489836835,0.0
BR_2.1-2.6,naive,0.95,2.2,10,True,-1,0.0,2024-11-01,1.0,1.0,1271283.6608400494,0.0,13984120.269240543,925925.0,1093833.6608400494,0.0
BR_2.1-2.6,naive,0.95,2.3,10,True,-1,0.0,2024-11-01,1.0,1.0,1310765.8726964148,0.0,14418424.599660564,925925.0,1112840.872696415,0.0
BR_2.1-2.6,naive,0.95,2.4,10,True,-1,0.0,2024-11-01,1.0,1.0,1370723.0845527812,0.0,15077953.930080593,925925.0,1131848.084552781,0.0
BR_2.1-2.6,naive,0.95,2.5,10,True,-1,0.0,2024-11-01,1.0,1.0,1414755.2964091469,0.0,15562308.260500615,925925.0,1175880.2964091469,0.0
BR_2.1-2.6,naive,0.95,2.6,10,True,-1,0.0,2024-11-01,1.0,1.0,1474712.5082655132,0.0,16221837.590920646,925925.0,1194887.508265513,0.0
BR_2.1-2.6,naive,0.95,2.7,10,True,-1,0.0,2024-11-01,1.0,1.0,1514194.7201218791,0.0,16656141.92134067,925925.0,1213894.7201218791,0.0
BR_2.1-2.6,naive,0.95,2.8,10,True,-1,0.0,2024-11-01,1.0,1.0,1578701.9319782443,0.0,17365721.251760688,925925.0,1257926.9319782443,0.0
BR_2.1-2.6,naive,0.95,2.9,10,True,-1,0.0,2024-11-01,1.0,1.0,1618184.1438346102,0.0,17800025.582180712,925925.0,1276934.1438346105,0.0
BR_2.1-2.6,naive,0.95,3.0,10,True,-1,0.0,2024-11-01,1.0,1.0,1682691.3556909764,0.0,18509604.91260074,925925.0,1320966.3556909766,0.0
BR_2.1-2.6,naive,0.95,3.5,10,True,-1,0.0,2024-11-01,1.0,1.0,1934702.4149728054,0.0,21281726.56470086,925925.0,1491077.414972806,0.0
BR_2.1-2.6,naive,0.95,4.0,10,True,-1,0.0,2024-11-01,1.0,1.0,2229938.4742546347,0.0,24529323.216800984,925925.0,1786313.4742546352,0.0
BR_2.1-2.6,rf,0.95,0.0,10,True,-1,0.0,2024-11-01,0.8051388611388614,0.3333333333333333,83458.84545454547,16521.795454545434,2735444.799999998,925925.0,0.0,100100.0
BR_2.1-2.6,rf,0.95,0.1,10,True,-1,0.0,2024-11-01,0.8941611891480278,0.6666666666666666,110059.58143440854,8908.981903464766,2190643.4051596182,925925.0,0.0,100100.0
BR_2.1-2.6,rf,0.95,0.2,10,True,-1,0.0,2024-11-01,0.949633230620069,0.8333333333333334,132778.77187444313,4239.62281255569,1926925.0000000002,925925.0,3414.1490618874086,100100.0
BR_2.1-2.6,rf,0.95,0.3,10,True,-1,0.0,2024-11-01,0.9792128936931513,0.8333333333333334,162227.45326621013,1749.7546733789866,1976975.0,925925.0,30802.698592831148,75075.0
BR_2.1-2.6,rf,0.95,0.4,10,True,-1,0.0,2024-11-01,1.0,1.0,190141.24812377477,0.0,2091553.7293615225,925925.0,33166.24812377477,100100.0
BR_2.1-2.6,rf,0.95,0.5,10,True,-1,0.0,2024-11-01,1.0,1.0,217529.79765471854,0.0,2392827.774201904,925925.0,60554.79765471851,75075.0
BR_2.1-2.6,rf,0.95,0.6,10,True,-1,0.0,2024-11-01,1.0,1.0,242643.3471856622,0.0,2669076.819042284,925925.0,62918.34718566225,100100.0
BR_2.1-2.6,rf,0.95,0.7,10,True,-1,0.0,2024-11-01,1.0,1.0,270031.8967166059,0.0,2970350.8638826646,925925.0,90306.89671660587,75075.0
BR_2.1-2.6,rf,0.95,0.8,10,True,-1,0.0,2024-11-01,1.0,1.0,304245.44624754967,0.0,3346699.908723046,925925.0,92670.44624754961,75075.0
BR_2.1-2.6,rf,0.95,0.9,10,True,-1,0.0,2024-11-01,1.0,1.0,331633.9957784934,0.0,3647973.9535634276,925925.0,120058.99577849335,75075.0
BR_2.1-2.6,rf,0.95,1.0,10,True,-1,0.0,2024-11-01,1.0,1.0,359022.545309437,0.0,3949247.9984038067,925925.0,122422.54530943697,75075.0
BR_2.1-2.6,rf,0.95,1.1,10,True,-1,0.0,2024-11-01,1.0,1.0,397786.0948403807,0.0,4375647.043244188,925925.0,149811.0948403807,75075.0
BR_2.1-2.6,rf,0.95,1.2,10,True,-1,0.0,2024-11-01,1.0,1.0,425174.6443713243,0.0,4676921.088084567,925925.0,177199.64437132434,50050.0
BR_2.1-2.6,rf,0.95,1.2816,10,True,-1,0.0,2024-11-01,1.0,1.0,445248.7007885743,0.0,4897735.708674317,925925.0,174523.7007885743,75075.0
BR_2.1-2.6,rf,0.95,1.3,10,True,-1,0.0,2024-11-01,1.0,1.0,450288.1939022681,0.0,4953170.132924949,925925.0,179563.19390226807,75075.0
BR_2.1-2.6,rf,0.95,1.4,10,True,-1,0.0,2024-11-01,1.0,1.0,482226.74343321176,0.0,5304494.177765329,925925.0,206951.7434332117,50050.0
BR_2.1-2.6,rf,0.95,1.5,10,True,-1,0.0,2024-11-01,1.0,1.0,511890.2929641552,0.0,5630793.222605707,925925.0,209315.29296415532,50050.0
BR_2.1-2.6,rf,0.95,1.6,10,True,-1,0.0,2024-11-01,1.0,1.0,543828.8424950991,0.0,5982117.26744609,925925.0,236703.84249509918,50050.0
BR_2.1-2.6,rf,0.95,1.6449,10,True,-1,0.0,2024-11-01,1.0,1.0,556126.3012344929,0.0,6117389.3135794215,925925.0,249001.3012344928,50050.0
BR_2.1-2.6,rf,0.95,1.7,10,True,-1,0.0,2024-11-01,1.0,1.0,566667.3920260427,0.0,6233341.31228647,925925.0,239067.3920260428,50050.0
BR_2.1-2.6,rf,0.95,1.8,10,True,-1,0.0,2024-11-01,1.0,1.0,600880.9415569864,0.0,6609690.357126851,925925.0,266455.9415569864,50050.0
BR_2.1-2.6,rf,0.95,1.9,10,True,-1,0.0,2024-11-01,1.0,1.0,632819.4910879303,0.0,6961014.401967233,925925.0,268819.4910879303,50050.0
BR_2.1-2.6,rf,0.95,2.0,10,True,-1,0.0,2024-11-01,1.0,1.0,657933.040618874,0.0,7237263.446807614,925925.0,296208.0406188739,50050.0
BR_2.1-2.6,rf,0.95,2.0537,10,True,-1,0.0,2024-11-01,1.0,1.0,672640.6917169906,0.0,7399047.608886897,925925.0,310915.69171699067,25025.0
BR_2.1-2.6,rf,0.95,2.1,10,True,-1,0.0,2024-11-01,1.0,1.0,694421.5901498176,0.0,7638637.491647994,925925.0,323596.5901498175,25025.0
BR_2.1-2.6,rf,0.95,2.2,10,True,-1,0.0,2024-11-01,1.0,1.0,717260.1396807615,0.0,7889861.536488377,925925.0,325960.1396807614,50050.0
BR_2.1-2.6,rf,0.95,2.3,10,True,-1,0.0,2024-11-01,1.0,1.0,746923.6892117048,0.0,8216160.581328752,925925.0,353348.68921170477,25025.0
BR_2.1-2.6,rf,0.95,2.4,10,True,-1,0.0,2024-11-01,1.0,1.0,792512.2387426485,0.0,8717634.626169134,925925.0,380737.2387426486,0.0
BR_2.1-2.6,rf,0.95,2.5,10,True,-1,0.0,2024-11-01,1.0,1.0,822175.7882735926,0.0,9043933.671009518,925925.0,408125.7882735925,0.0
BR_2.1-2.6,rf,0.95,2.6,10,True,-1,0.0,2024-11-01,1.0,1.0,849564.3378045359,0.0,9345207.715849895,925925.0,435514.3378045361,0.0
BR_2.1-2.6,rf,0.95,2.7,10,True,-1,0.0,2024-11-01,1.0,1.0,901977.8873354796,0.0,9921756.760690276,925925.0,487927.8873354797,0.0
BR_2.1-2.6,rf,0.95,2.8,10,True,-1,0.0,2024-11-01,1.0,1.0,929366.4368664232,0.0,10223030.805530656,925925.0,515316.43686642335,0.0
BR_2.1-2.6,rf,0.95,2.9,10,True,-1,0.0,2024-11-01,1.0,1.0,979504.986397367,0.0,10774554.850371037,925925.0,567729.986397367,0.0
BR_2.1-2.6,rf,0.95,3.0,10,True,-1,0.0,2024-11-01,1.0,1.0,1009168.5359283108,0.0,11100853.89521142,925925.0,595118.5359283108,0.0
BR_2.1-2.6,rf,0.95,3.5,10,True,-1,0.0,2024-11-01,1.0,1.0,1196161.2835830294,0.0,13157774.119413324,925925.0,782111.2835830292,0.0
BR_2.1-2.6,rf,0.95,4.0,10,True,-1,0.0,2024-11-01,1.0,1.0,1383154.0312377478,0.0,15214694.343615225,925925.0,969104.0312377478,0.0
BR_2.1-2.6,sba,0.95,0.0,10,True,-1,0.0,2024-11-01,0.7542903073769703,0.16666666666666666,54340.4832793206,20786.420064815276,2884251.523202207,925925.0,0.0,100100.0
BR_2.1-2.6,sba,0.95,0.1,10,True,-1,0.0,2024-11-01,0.8661238190786251,0.6666666666666666,73276.8761192447,11269.027529056735,2045638.6655079324,925925.0,25607.84859018796,100100.0
BR_2.1-2.6,sba,0.95,0.2,10,True,-1,0.0,2024-11-01,0.9226700520363326,0.6666666666666666,90145.8823357123,6509.248369841709,1707622.0263754234,925925.0,26761.6339658706,100100.0
BR_2.1-2.6,sba,0.95,0.3,10,True,-1,0.0,2024-11-01,0.9490676019564794,0.8333333333333334,109552.65394686657,4287.234605313342,1676675.0,925925.0,27915.419341553235,100100.0
BR_2.1-2.6,sba,0.95,0.4,10,True,-1,0.0,2024-11-01,0.9773407184353332,0.8333333333333334,135626.54974294172,1907.3450257058298,1701700.0,925925.0,54094.20471723587,75075.0
BR_2.1-2.6,sba,0.95,0.5,10,True,-1,0.0,2024-11-01,0.9785868078871599,0.8333333333333334,152600.44553901683,1802.4554460983172,1876875.0,925925.0,55247.99009291851,100100.0
BR_2.1-2.6,sba,0.95,0.6,10,True,-1,0.0,2024-11-01,1.0,1.0,172426.77546860115,0.0,1896694.5301546126,925925.0,56401.77546860115,100100.0
BR_2.1-2.6,sba,0.95,0.7,10,True,-1,0.0,2024-11-01,1.0,1.0,205430.5608442838,0.0,2259736.169287122,925925.0,82580.56084428378,75075.0
BR_2.1-2.6,sba,0.95,0.8,10,True,-1,0.0,2024-11-01,1.0,1.0,227059.34621996636,0.0,2497652.80841963,925925.0,83734.34621996642,75075.0
BR_2.1-2.6,sba,0.95,0.9,10,True,-1,0.0,2024-11-01,1.0,1.0,244138.131595649,0.0,2685519.447552139,925925.0,84888.13159564906,100100.0
BR_2.1-2.6,sba,0.95,1.0,10,True,-1,0.0,2024-11-01,1.0,1.0,268041.91697133164,0.0,2948461.086684648,925925.0,111066.9169713317,75075.0
BR_2.1-2.6,sba,0.95,1.1,10,True,-1,0.0,2024-11-01,1.0,1.0,294220.7023470143,0.0,3236427.725817157,925925.0,112220.70234701433,75075.0
BR_2.1-2.6,sba,0.95,1.2,10,True,-1,0.0,2024-11-01,1.0,1.0,313574.4877226969,0.0,3449319.364949666,925925.0,113374.48772269697,100100.0
BR_2.1-2.6,sba,0.95,1.2816,10,True,-1,0.0,2024-11-01,1.0,1.0,334936.376589254,0.0,3684300.142481794,925925.0,134736.376589254,75075.0
BR_2.1-2.6,sba,0.95,1.3,10,True,-1,0.0,2024-11-01,1.0,1.0,348853.27309837955,0.0,3837386.004082175,925925.0,139553.2730983796,75075.0
BR_2.1-2.6,sba,0.95,1.4,10,True,-1,0.0,2024-11-01,1.0,1.0,370482.05847406207,0.0,4075302.643214683,925925.0,140707.05847406213,75075.0
BR_2.1-2.6,sba,0.95,1.5,10,True,-1,0.0,2024-11-01,1.0,1.0,394385.8438497447,0.0,4338244.282347192,925925.0,141860.84384974476,75075.0
BR_2.1-2.6,sba,0.95,1.6,10,True,-1,0.0,2024-11-01,1.0,1.0,416014.62922542746,0.0,4576160.921479702,925925.0,168039.62922542752,75075.0
BR_2.1-2.6,sba,0.95,1.6449,10,True,-1,0.0,2024-11-01,1.0,1.0,427768.90385910886,0.0,4705457.942450197,925925.0,179793.90385910892,50050.0
BR_2.1-2.6,sba,0.95,1.7,10,True,-1,0.0,2024-11-01,1.0,1.0,437643.41460111,0.0,4814077.56061221,925925.0,169193.41460111004,75075.0
BR_2.1-2.6,sba,0.95,1.8,10,True,-1,0.0,2024-11-01,1.0,1.0,466097.1999767926,0.0,5127069.199744719,925925.0,170347.19997679268,75075.0
BR_2.1-2.6,sba,0.95,1.9,10,True,-1,0.0,2024-11-01,1.0,1.0,492275.9853524752,0.0,5415035.838877227,925925.0,196525.9853524752,75075.0
BR_2.1-2.6,sba,0.95,2.0,10,True,-1,0.0,2024-11-01,1.0,1.0,527554.7707281578,0.0,5803102.478009736,925925.0,197679.77072815783,75075.0
BR_2.1-2.6,sba,0.95,2.0537,10,True,-1,0.0,2024-11-01,1.0,1.0,543887.7784748994,0.0,5982765.563223893,925925.0,211737.77847489947,50050.0
BR_2.1-2.6,sba,0.95,2.1,10,True,-1,0.0,2024-11-01,1.0,1.0,551458.5561038405,0.0,6066044.117142245,925925.0,198833.55610384047,75075.0
BR_2.1-2.6,sba,0.95,2.2,10,True,-1,0.0,2024-11-01,1.0,1.0,582187.3414795231,0.0,6404060.756274754,925925.0,225012.3414795231,50050.0
BR_2.1-2.6,sba,0.95,2.3,10,True,-1,0.0,2024-11-01,1.0,1.0,603816.1268552057,0.0,6641977.395407263,925925.0,226166.12685520574,75075.0
BR_2.1-2.6,sba,0.95,2.4,10,True,-1,0.0,2024-11-01,1.0,1.0,627719.9122308884,0.0,6904919.034539772,925925.0,227319.91223088838,75075.0
BR_2.1-2.6,sba,0.95,2.5,10,True,-1,0.0,2024-11-01,1.0,1.0,658448.697606571,0.0,7242935.673672281,925925.0,253498.69760657102,50050.0
BR_2.1-2.6,sba,0.95,2.6,10,True,-1,0.0,2024-11-01,1.0,1.0,686902.4829822537,0.0,7555927.31280479,925925.0,279677.48298225366,50050.0
BR_2.1-2.6,sba,0.95,2.7,10,True,-1,0.0,2024-11-01,1.0,1.0,731281.2683579363,0.0,8044093.951937299,925925.0,330881.2683579363,0.0
BR_2.1-2.6,sba,0.95,2.8,10,True,-1,0.0,2024-11-01,1.0,1.0,757460.0537336189,0.0,8332060.591069808,925925.0,357060.05373361893,0.0
BR_2.1-2.6,sba,0.95,2.9,10,True,-1,0.0,2024-11-01,1.0,1.0,790463.8391093016,0.0,8695102.230202317,925925.0,383238.83910930157,0.0
BR_2.1-2.6,sba,0.95,3.0,10,True,-1,0.0,2024-11-01,1.0,1.0,816642.6244849842,0.0,8983068.869334826,925925.0,409417.6244849842,0.0
BR_2.1-2.6,sba,0.95,3.5,10,True,-1,0.0,2024-11-01,1.0,1.0,974836.5513633974,0.0,10723202.064997371,925925.0,565336.5513633974,0.0
BR_2.1-2.6,sba,0.95,4.0,10,True,-1,0.0,2024-11-01,1.0,1.0,1119380.4782418106,0.0,12313185.260659916,925925.0,696230.4782418106,0.0
BR_2.1-2.6,ses,0.95,0.0,10,True,-1,0.0,2024-11-01,0.6881859781721347,0.3333333333333333,46384.1641379183,30354.863218401417,3849260.759541257,925925.0,18304.300919516885,100100.0
BR_2.1-2.6,ses,0.95,0.1,10,True,-1,0.0,2024-11-01,0.7592688113908762,0.5,59713.87253020534,20263.547801172997,2885842.8559612883,925925.0,25800.32472903235,100100.0
BR_2.1-2.6,ses,0.95,0.2,10,True,-1,0.0,2024-11-01,0.837610006874902,0.5,76540.526209853,13669.177671305126,2345555.3321519466,925925.0,33296.34853854787,100100.0
BR_2.1-2.6,ses,0.95,0.3,10,True,-1,0.0,2024-11-01,0.8989224231942401,0.6666666666666666,94800.57737568823,8508.205027624837,1978708.9041713027,925925.0,40792.37234806339,100100.0
BR_2.1-2.6,ses,0.95,0.4,10,True,-1,0.0,2024-11-01,0.9421408778412483,0.6666666666666666,119133.68776529185,4870.291607712925,1846202.642266632,925925.0,73313.39615757891,75075.0
BR_2.1-2.6,ses,0.95,0.5,10,True,-1,0.0,2024-11-01,0.9521391257035877,0.8333333333333334,134888.10906099493,4028.6890939005057,1926925.0,925925.0,80809.41996709444,75075.0
BR_2.1-2.6,ses,0.95,0.6,10,True,-1,0.0,2024-11-01,0.9602348395135782,0.8333333333333334,157627.6761605545,3347.2323839445494,2102100.0,925925.0,88305.44377660996,75075.0
BR_2.1-2.6,ses,0.95,0.7,10,True,-1,0.0,2024-11-01,0.9953575803505958,0.8333333333333334,178092.24326011408,390.7756739885927,2002000.0,925925.0,95801.46758612548,75075.0
BR_2.1-2.6,ses,0.95,0.8,10,True,-1,0.0,2024-11-01,1.0,1.0,201122.49139564103,0.0,2212347.4053520514,925925.0,103297.491395641,75075.0
BR_2.1-2.6,ses,0.95,0.9,10,True,-1,0.0,2024-11-01,1.0,1.0,224543.51520515652,0.0,2469978.6672567218,925925.0,110793.51520515652,75075.0
BR_2.1-2.6,ses,0.95,1.0,10,True,-1,0.0,2024-11-01,1.0,1.0,238864.53901467193,0.0,2627509.929161391,925925.0,118289.53901467193,100100.0
BR_2.1-2.6,ses,0.95,1.1,10,True,-1,0.0,2024-11-01,1.0,1.0,269110.5628241876,0.0,2960216.191066064,925925.0,125785.56282418757,100100.0
BR_2.1-2.6,ses,0.95,1.2,10,True,-1,0.0,2024-11-01,1.0,1.0,292531.5866337029,0.0,3217847.452970732,925925.0,133281.58663370297,100100.0
BR_2.1-2.6,ses,0.95,1.2816,10,True,-1,0.0,2024-11-01,1.0,1.0,309968.7420622677,0.0,3409656.1626849445,925925.0,134793.7420622676,100100.0
BR_2.1-2.6,ses,0.95,1.3,10,True,-1,0.0,2024-11-01,1.0,1.0,315952.6104432186,0.0,3475478.7148754047,925925.0,140777.6104432186,100100.0
BR_2.1-2.6,ses,0.95,1.4,10,True,-1,0.0,2024-11-01,1.0,1.0,339373.634252734,0.0,3733109.976780074,925925.0,148273.63425273402,100100.0
BR_2.1-2.6,ses,0.95,1.5,10,True,-1,0.0,2024-11-01,1.0,1.0,362794.6580622495,0.0,3990741.2386847446,925925.0,155769.65806224954,100100.0
BR_2.1-2.6,ses,0.95,1.6,10,True,-1,0.0,2024-11-01,1.0,1.0,381665.6818717651,0.0,4198322.500589416,925925.0,163265.68187176506,100100.0
BR_2.1-2.6,ses,0.95,1.6449,10,True,-1,0.0,2024-11-01,1.0,1.0,391717.6215622377,0.0,4308893.8371846145,925925.0,177867.62156223762,100100.0
BR_2.1-2.6,ses,0.95,1.7,10,True,-1,0.0,2024-11-01,1.0,1.0,405086.7056812804,0.0,4455953.762494084,925925.0,170761.70568128047,100100.0
BR_2.1-2.6,ses,0.95,1.8,10,True,-1,0.0,2024-11-01,1.0,1.0,435332.7294907961,0.0,4788660.024398757,925925.0,178257.7294907961,100100.0
BR_2.1-2.6,ses,0.95,1.9,10,True,-1,0.0,2024-11-01,1.0,1.0,463303.7533003114,0.0,5096341.286303425,925925.0,185753.7533003115,100100.0
BR_2.1-2.6,ses,0.95,2.0,10,True,-1,0.0,2024-11-01,1.0,1.0,491274.7771098271,0.0,5404022.548208098,925925.0,193249.77710982715,100100.0
BR_2.1-2.6,ses,0.95,2.0537,10,True,-1,0.0,2024-11-01,1.0,1.0,508738.5668955369,0.0,5596124.235850906,925925.0,210713.56689553685,100100.0
BR_2.1-2.6,ses,0.95,2.1,10,True,-1,0.0,2024-11-01,1.0,1.0,505595.8009193426,0.0,5561553.810112769,925925.0,200745.80091934255,100100.0
BR_2.1-2.6,ses,0.95,2.2,10,True,-1,0.0,2024-11-01,1.0,1.0,529016.8247288581,0.0,5819185.072017439,925925.0,208241.8247288582,125125.0
BR_2.1-2.6,ses,0.95,2.3,10,True,-1,0.0,2024-11-01,1.0,1.0,556987.8485383736,0.0,6126866.33392211,925925.0,215737.8485383736,125125.0
BR_2.1-2.6,ses,0.95,2.4,10,True,-1,0.0,2024-11-01,1.0,1.0,591783.8723478891,0.0,6509622.59582678,925925.0,248258.872347889,100100.0
BR_2.1-2.6,ses,0.95,2.5,10,True,-1,0.0,2024-11-01,1.0,1.0,619754.8961574045,0.0,6817303.85773145,925925.0,255754.89615740464,100100.0
BR_2.1-2.6,ses,0.95,2.6,10,True,-1,0.0,2024-11-01,1.0,1.0,647725.9199669203,0.0,7124985.119636123,925925.0,263250.9199669203,100100.0
BR_2.1-2.6,ses,0.95,2.7,10,True,-1,0.0,2024-11-01,1.0,1.0,662046.9437764358,0.0,7282516.381540794,925925.0,270746.9437764357,100100.0
BR_2.1-2.6,ses,0.95,2.8,10,True,-1,0.0,2024-11-01,1.0,1.0,690017.9675859511,0.0,7590197.643445462,925925.0,278242.9675859511,100100.0
BR_2.1-2.6,ses,0.95,2.9,10,True,-1,0.0,2024-11-01,1.0,1.0,722538.9913954668,0.0,7947928.905350135,925925.0,310763.9913954667,75075.0
BR_2.1-2.6,ses,0.95,3.0,10,True,-1,0.0,2024-11-01,1.0,1.0,755060.015204982,0.0,8305660.167254803,925925.0,343285.01520498213,50050.0
BR_2.1-2.6,ses,0.95,3.5,10,True,-1,0.0,2024-11-01,1.0,1.0,901740.1342525597,0.0,9919141.476778157,925925.0,480865.13425255986,0.0
BR_2.1-2.6,ses,0.95,4.0,10,True,-1,0.0,2024-11-01,1.0,1.0,1048420.2533001375,0.0,11532622.786301512,925925.0,618445.2533001374,0.0
BR_2.1-2.6,tsb,0.95,0.0,10,True,-1,0.0,2024-11-01,0.8790612609627492,0.5,72953.28437743844,10180.018358460586,1922288.1475824872,925925.0,37748.266018977854,75075.0
BR_2.1-2.6,tsb,0.95,0.1,10,True,-1,0.0,2024-11-01,0.9249212853291705,0.6666666666666666,92136.12136662319,6319.75080741707,1708669.9238487328,925925.0,40316.370559206116,100100.0
BR_2.1-2.6,tsb,0.95,0.2,10,True,-1,0.0,2024-11-01,0.9652341983415876,0.8333333333333334,123160.88645403138,2926.4113545968644,1676675.0000000002,925925.0,67909.4750994345,75075.0
BR_2.1-2.6,tsb,0.95,0.3,10,True,-1,0.0,2024-11-01,0.9950347810456168,0.8333333333333334,143695.52694514795,417.947305485204,1626625.0,925925.0,70477.57963966276,75075.0
BR_2.1-2.6,tsb,0.95,0.4,10,True,-1,0.0,2024-11-01,0.9978083367226191,0.8333333333333334,168780.16743626466,184.4832563735333,1876875.0,925925.0,73045.68417989113,75075.0
BR_2.1-2.6,tsb,0.95,0.5,10,True,-1,0.0,2024-11-01,1.0,1.0,196188.78872011937,0.0,2158076.675921313,925925.0,100638.7887201194,50050.0
BR_2.1-2.6,tsb,0.95,0.6,10,True,-1,0.0,2024-11-01,1.0,1.0,212406.89326034766,0.0,2336475.825863824,925925.0,103206.89326034766,75075.0
BR_2.1-2.6,tsb,0.95,0.7,10,True,-1,0.0,2024-11-01,1.0,1.0,244549.99780057595,0.0,2690049.9758063355,925925.0,105774.99780057592,75075.0
BR_2.1-2.6,tsb,0.95,0.8,10,True,-1,0.0,2024-11-01,1.0,1.0,263043.10234080435,0.0,2893474.1257488476,925925.0,108343.1023408043,75075.0
BR_2.1-2.6,tsb,0.95,0.9,10,True,-1,0.0,2024-11-01,1.0,1.0,292911.2068810325,0.0,3222023.2756913574,925925.0,135936.20688103256,50050.0
BR_2.1-2.6,tsb,0.95,1.0,10,True,-1,0.0,2024-11-01,1.0,1.0,320504.311421261,0.0,3525547.425633871,925925.0,138504.31142126094,50050.0
BR_2.1-2.6,tsb,0.95,1.1,10,True,-1,0.0,2024-11-01,1.0,1.0,341272.41596148914,0.0,3753996.575576381,925925.0,141072.4159614892,75075.0
BR_2.1-2.6,tsb,0.95,1.2,10,True,-1,0.0,2024-11-01,1.0,1.0,382515.5205017174,0.0,4207670.725518892,925925.0,168665.52050171746,50050.0
BR_2.1-2.6,tsb,0.95,1.2816,10,True,-1,0.0,2024-11-01,1.0,1.0,398206.49380654376,0.0,4380271.431871981,925925.0,166156.49380654376,50050.0
BR_2.1-2.6,tsb,0.95,1.3,10,True,-1,0.0,2024-11-01,1.0,1.0,403283.62504194584,0.0,4436119.875461404,925925.0,171233.62504194584,50050.0
BR_2.1-2.6,tsb,0.95,1.4,10,True,-1,0.0,2024-11-01,1.0,1.0,426326.7295821739,0.0,4689594.025403913,925925.0,173801.72958217398,50050.0
BR_2.1-2.6,tsb,0.95,1.5,10,True,-1,0.0,2024-11-01,1.0,1.0,458469.8341224024,0.0,5043168.175346427,925925.0,201394.83412240236,50050.0
BR_2.1-2.6,tsb,0.95,1.6,10,True,-1,0.0,2024-11-01,1.0,1.0,492887.9386626307,0.0,5421767.325288937,925925.0,203962.93866263074,50050.0
BR_2.1-2.6,tsb,0.95,1.6449,10,True,-1,0.0,2024-11-01,1.0,1.0,505277.2426011933,0.0,5558049.6686131265,925925.0,216352.24260119325,25025.0
BR_2.1-2.6,tsb,0.95,1.7,10,True,-1,0.0,2024-11-01,1.0,1.0,515931.04320285877,0.0,5675241.475231446,925925.0,206531.04320285888,50050.0
BR_2.1-2.6,tsb,0.95,1.8,10,True,-1,0.0,2024-11-01,1.0,1.0,550349.1477430873,0.0,6053840.62517396,925925.0,234124.14774308726,25025.0
BR_2.1-2.6,tsb,0.95,1.9,10,True,-1,0.0,2024-11-01,1.0,1.0,573392.2522833158,0.0,6307314.775116473,925925.0,236692.25228331564,50050.0
BR_2.1-2.6,tsb,0.95,2.0,10,True,-1,0.0,2024-11-01,1.0,1.0,598710.356823544,0.0,6585813.925058984,925925.0,239260.35682354402,50050.0
BR_2.1-2.6,tsb,0.95,2.0537,10,True,-1,0.0,2024-11-01,1.0,1.0,618077.8539616466,0.0,6798856.393578112,925925.0,254077.85396164656,25025.0
BR_2.1-2.6,tsb,0.95,2.1,10,True,-1,0.0,2024-11-01,1.0,1.0,644503.4613637723,0.0,7089538.075001495,925925.0,266853.4613637724,25025.0
BR_2.1-2.6,tsb,0.95,2.2,10,True,-1,0.0,2024-11-01,1.0,1.0,669821.5659040007,0.0,7368037.224944007,925925.0,269421.56590400054,25025.0
BR_2.1-2.6,tsb,0.95,2.3,10,True,-1,0.0,2024-11-01,1.0,1.0,697414.6704442287,0.0,7671561.374886516,925925.0,297014.6704442287,0.0
BR_2.1-2.6,tsb,0.95,2.4,10,True,-1,0.0,2024-11-01,1.0,1.0,729557.774984457,0.0,8025135.524829026,925925.0,324607.77498445706,0.0
BR_2.1-2.6,tsb,0.95,2.5,10,True,-1,0.0,2024-11-01,1.0,1.0,759425.8795246854,0.0,8353684.67477154,925925.0,352200.87952468544,0.0
BR_2.1-2.6,tsb,0.95,2.6,10,True,-1,0.0,2024-11-01,1.0,1.0,809768.9840649139,0.0,8907458.824714053,925925.0,404818.9840649138,0.0
BR_2.1-2.6,tsb,0.95,2.7,10,True,-1,0.0,2024-11-01,1.0,1.0,839637.0886051421,0.0,9236007.974656563,925925.0,432412.0886051422,0.0
BR_2.1-2.6,tsb,0.95,2.8,10,True,-1,0.0,2024-11-01,1.0,1.0,867230.1931453701,0.0,9539532.124599071,925925.0,460005.1931453701,0.0
BR_2.1-2.6,tsb,0.95,2.9,10,True,-1,0.0,2024-11-01,1.0,1.0,901648.2976855986,0.0,9918131.274541585,925925.0,487598.2976855985,0.0
BR_2.1-2.6,tsb,0.95,3.0,10,True,-1,0.0,2024-11-01,1.0,1.0,929241.4022258266,0.0,10221655.424484093,925925.0,515191.40222582687,0.0
BR_2.1-2.6,tsb,0.95,3.5,10,True,-1,0.0,2024-11-01,1.0,1.0,1117256.9249269683,0.0,12289826.174196651,925925.0,703206.9249269683,0.0
BR_2.1-2.6,tsb,0.95,4.0,10,True,-1,0.0,2024-11-01,1.0,1.0,1287072.4476281102,0.0,14157796.923909212,925925.0,866197.44762811,0.0
BR_2.1-2.6,xgb,0.95,0.0,10,True,-1,0.0,2024-11-01,0.0,0.0,0.0,298763.22998046875,32863955.297851562,925925.0,0.0,300300.0
BR_2.1-2.6,xgb,0.95,0.1,10,True,-1,0.0,2024-11-01,0.0,0.0,0.0,274726.74847775145,30219942.332552664,925925.0,0.0,300300.0
BR_2.1-2.6,xgb,0.95,0.2,10,True,-1,0.0,2024-11-01,0.0,0.0,0.0,250690.2669750342,27575929.36725376,925925.0,0.0,325325.0
BR_2.1-2.6,xgb,0.95,0.3,10,True,-1,0.0,2024-11-01,0.0,0.0,0.0,222103.78547231705,24431416.401954874,925925.0,0.0,325325.0
BR_2.1-2.6,xgb,0.95,0.4,10,True,-1,0.0,2024-11-01,0.0,0.0,0.0,193517.30396959977,21286903.436655976,925925.0,0.0,325325.0
BR_2.1-2.6,xgb,0.95,0.5,10,True,-1,0.0,2024-11-01,0.0,0.0,0.0,164930.8224668825,18142390.471357074,925925.0,0.0,325325.0
BR_2.1-2.6,xgb,0.95,0.6,10,True,-1,0.0,2024-11-01,0.027363250880653868,0.0,0.0,140894.34096416528,15498377.50605818,925925.0,0.0,325325.0
BR_2.1-2.6,xgb,0.95,0.7,10,True,-1,0.0,2024-11-01,0.09713914426568873,0.0,337.9218671410874,117195.78132858915,12895253.086683359,925925.0,0.0,350350.0
BR_2.1-2.6,xgb,0.95,0.8,10,True,-1,0.0,2024-11-01,0.22849378751664123,0.0,2936.692912842655,88933.07087157345,9814941.41791435,925925.0,0.0,350350.0
BR_2.1-2.6,xgb,0.95,0.9,10,True,-1,0.0,2024-11-01,0.3945682655332977,0.0,5535.463958544223,62945.36041455777,6984879.749145341,925925.0,0.0,350350.0
BR_2.1-2.6,xgb,0.95,1.0,10,True,-1,0.0,2024-11-01,0.5798088509114908,0.0,10752.705012737371,39576.11996603368,4471652.951403815,925925.0,0.0,350350.0
BR_2.1-2.6,xgb,0.95,1.1,10,True,-1,0.0,2024-11-01,0.7726763320432051,0.16666666666666666,24090.030249736792,22051.963700315853,2690706.3397818482,925925.0,0.0,325325.0
BR_2.1-2.6,xgb,0.95,1.2,10,True,-1,0.0,2024-11-01,0.8573038810964996,0.5,42954.216765191406,12329.668713053223,1828759.94285296,925925.0,21524.548052138183,350350.0
BR_2.1-2.6,xgb,0.95,1.2816,10,True,-1,0.0,2024-11-01,0.8977433743734221,0.6666666666666666,60228.96842047263,8607.451462117193,1609338.3134580902,925925.0,40246.51695835544,350350.0
BR_2.1-2.6,xgb,0.95,1.3,10,True,-1,0.0,2024-11-01,0.9190507428892306,0.6666666666666666,63749.93327215444,6813.903717299013,1450778.6748965904,925925.0,50111.02955485543,350350.0
BR_2.1-2.6,xgb,0.95,1.4,10,True,-1,0.0,2024-11-01,0.9768852888274673,0.8333333333333334,82918.1918705206,1945.6808129479389,1126125.0,925925.0,78697.51105757267,350350.0
BR_2.1-2.6,xgb,0.95,1.5,10,True,-1,0.0,2024-11-01,1.0,1.0,105008.99256028993,0.0,1155098.9181631892,925925.0,107283.99256028992,350350.0
BR_2.1-2.6,xgb,0.95,1.6,10,True,-1,0.0,2024-11-01,1.0,1.0,135870.47406300716,0.0,1494575.2146930788,925925.0,135870.47406300716,350350.0
BR_2.1-2.6,xgb,0.95,1.6449,10,True,-1,0.0,2024-11-01,1.0,1.0,150842.02925772732,0.0,1659262.3218350005,925925.0,159942.02925772732,350350.0
BR_2.1-2.6,xgb,0.95,1.7,10,True,-1,0.0,2024-11-01,1.0,1.0,164456.95556572452,0.0,1809026.5112229697,925925.0,164456.95556572452,375375.0
BR_2.1-2.6,xgb,0.95,1.8,10,True,-1,0.0,2024-11-01,1.0,1.0,195318.43706844162,0.0,2148502.807752858,925925.0,193043.43706844165,375375.0
BR_2.1-2.6,xgb,0.95,1.9,10,True,-1,0.0,2024-11-01,1.0,1.0,219354.91857115878,0.0,2412904.1042827466,925925.0,221629.91857115878,375375.0
BR_2.1-2.6,xgb,0.95,2.0,10,True,-1,0.0,2024-11-01,1.0,1.0,250216.40007387614,0.0,2752380.4008126375,925925.0,250216.40007387614,375375.0
BR_2.1-2.6,xgb,0.95,2.0537,10,True,-1,0.0,2024-11-01,1.0,1.0,267630.7656408353,0.0,2943938.422049188,925925.0,279005.7656408353,375375.0
BR_2.1-2.6,xgb,0.95,2.1,10,True,-1,0.0,2024-11-01,1.0,1.0,274252.8815765935,0.0,3016781.6973425285,925925.0,278802.8815765935,375375.0
BR_2.1-2.6,xgb,0.95,2.2,10,True,-1,0.0,2024-11-01,1.0,1.0,314214.36307931057,0.0,3456357.993872416,925925.0,332414.3630793106,375375.0
BR_2.1-2.6,xgb,0.95,2.3,10,True,-1,0.0,2024-11-01,1.0,1.0,349625.84458202776,0.0,3845884.2904023053,925925.0,361000.84458202776,375375.0
BR_2.1-2.6,xgb,0.95,2.4,10,True,-1,0.0,2024-11-01,1.0,1.0,385037.3260847451,0.0,4235410.586932196,925925.0,389587.3260847451,375375.0
BR_2.1-2.6,xgb,0.95,2.5,10,True,-1,0.0,2024-11-01,1.0,1.0,424998.8075874625,0.0,4674986.883462087,925925.0,418173.8075874625,375375.0
BR_2.1-2.6,xgb,0.95,2.6,10,True,-1,0.0,2024-11-01,1.0,1.0,464960.28909017966,0.0,5114563.179991976,925925.0,446760.2890901796,375375.0
BR_2.1-2.6,xgb,0.95,2.7,10,True,-1,0.0,2024-11-01,1.0,1.0,504921.770592897,0.0,5554139.476521867,925925.0,475346.77059289697,400400.0
BR_2.1-2.6,xgb,0.95,2.8,10,True,-1,0.0,2024-11-01,1.0,1.0,544883.252095614,0.0,5993715.773051754,925925.0,503933.2520956141,400400.0
BR_2.1-2.6,xgb,0.95,2.9,10,True,-1,0.0,2024-11-01,1.0,1.0,584844.7335983311,0.0,6433292.069581643,925925.0,532519.7335983312,400400.0
BR_2.1-2.6,xgb,0.95,3.0,10,True,-1,0.0,2024-11-01,1.0,1.0,624806.2151010485,0.0,6872868.366111534,925925.0,561106.2151010486,400400.0
BR_2.1-2.6,xgb,0.95,3.5,10,True,-1,0.0,2024-11-01,1.0,1.0,847363.6226146348,0.0,9320999.848760983,925925.0,729063.6226146347,400400.0
BR_2.1-2.6,xgb,0.95,4.0,10,True,-1,0.0,2024-11-01,1.0,1.0,1069921.0301282213,0.0,11769131.331410434,925925.0,871996.030128221,425425.0
BR_2.6-3.1,arima,0.95,0.0,10,True,-1,0.0,2024-11-01,1.0,1.0,45099.35617401066,0.0,496092.9179141172,75075.0,51924.35617401065,0.0
BR_2.6-3.1,arima,0.95,0.1,10,True,-1,0.0,2024-11-01,1.0,1.0,48696.68417458004,0.0,535663.5259203805,75075.0,55521.68417458005,0.0
BR_2.6-3.1,arima,0.95,0.2,10,True,-1,0.0,2024-11-01,1.0,1.0,52294.01217514945,0.0,575234.133926644,75075.0,59119.01217514946,0.0
BR_2.6-3.1,arima,0.95,0.3,10,True,-1,0.0,2024-11-01,1.0,1.0,55891.34017571886,0.0,614804.7419329075,75075.0,62716.340175718855,0.0
BR_2.6-3.1,arima,0.95,0.4,10,True,-1,0.0,2024-11-01,1.0,1.0,59488.66817628825,0.0,654375.3499391708,75075.0,66313.66817628825,0.0
BR_2.6-3.1,arima,0.95,0.5,10,True,-1,0.0,2024-11-01,1.0,1.0,63085.99617685764,0.0,693945.957945434,75075.0,69910.99617685765,0.0
BR_2.6-3.1,arima,0.95,0.6,10,True,-1,0.0,2024-11-01,1.0,1.0,66683.32417742703,0.0,733516.5659516973,75075.0,73508.32417742704,0.0
BR_2.6-3.1,arima,0.95,0.7,10,True,-1,0.0,2024-11-01,1.0,1.0,70280.65217799645,0.0,773087.173957961,75075.0,77105.65217799645,0.0
BR_2.6-3.1,arima,0.95,0.8,10,True,-1,0.0,2024-11-01,1.0,1.0,82977.98017856585,0.0,912757.7819642243,75075.0,80702.98017856585,0.0
BR_2.6-3.1,arima,0.95,0.9,10,True,-1,0.0,2024-11-01,1.0,1.0,86575.30817913525,0.0,952328.3899704877,75075.0,84300.30817913526,0.0
BR_2.6-3.1,arima,0.95,1.0,10,True,-1,0.0,2024-11-01,1.0,1.0,103822.63617970467,0.0,1142048.9979767513,75075.0,112922.63617970466,0.0
BR_2.6-3.1,arima,0.95,1.1,10,True,-1,0.0,2024-11-01,1.0,1.0,107419.96418027407,0.0,1181619.6059830147,75075.0,116519.96418027405,0.0
BR_2.6-3.1,arima,0.95,1.2,10,True,-1,0.0,2024-11-01,1.0,1.0,111017.29218084343,0.0,1221190.2139892778,75075.0,120117.29218084345,0.0
BR_2.6-3.1,arima,0.95,1.2816,10,True,-1,0.0,2024-11-01,1.0,1.0,113952.71182930809,0.0,1253479.830122389,75075.0,123052.71182930807,0.0
BR_2.6-3.1,arima,0.95,1.3,10,True,-1,0.0,2024-11-01,1.0,1.0,114614.62018141286,0.0,1260760.8219955415,75075.0,123714.62018141284,0.0
BR_2.6-3.1,arima,0.95,1.4,10,True,-1,0.0,2024-11-01,1.0,1.0,118211.94818198224,0.0,1300331.4300018046,75075.0,127311.94818198224,0.0
BR_2.6-3.1,arima,0.95,1.5,10,True,-1,0.0,2024-11-01,1.0,1.0,121809.27618255164,0.0,1339902.038008068,75075.0,130909.27618255164,0.0
BR_2.6-3.1,arima,0.95,1.6,10,True,-1,0.0,2024-11-01,1.0,1.0,125406.60418312108,0.0,1379472.6460143318,75075.0,134506.60418312106,0.0
BR_2.6-3.1,arima,0.95,1.6449,10,True,-1,0.0,2024-11-01,1.0,1.0,127021.8044553767,0.0,1397239.8490091437,75075.0,136121.8044553767,0.0
BR_2.6-3.1,arima,0.95,1.7,10,True,-1,0.0,2024-11-01,1.0,1.0,129003.93218369041,0.0,1419043.2540205945,75075.0,138103.93218369043,0.0
BR_2.6-3.1,arima,0.95,1.8,10,True,-1,0.0,2024-11-01,1.0,1.0,132601.26018425985,0.0,1458613.8620268584,75075.0,141701.26018425985,0.0
BR_2.6-3.1,arima,0.95,1.9,10,True,-1,0.0,2024-11-01,1.0,1.0,136198.58818482928,0.0,1498184.470033122,75075.0,145298.58818482925,0.0
BR_2.6-3.1,arima,0.95,2.0,10,True,-1,0.0,2024-11-01,1.0,1.0,139795.91618539862,0.0,1537755.078039385,75075.0,148895.91618539864,0.0
BR_2.6-3.1,arima,0.95,2.0537,10,True,-1,0.0,2024-11-01,1.0,1.0,141727.68132170438,0.0,1559004.4945387482,75075.0,150827.6813217044,0.0
BR_2.6-3.1,arima,0.95,2.1,10,True,-1,0.0,2024-11-01,1.0,1.0,143393.24418596804,0.0,1577325.6860456485,75075.0,152493.24418596804,0.0
BR_2.6-3.1,arima,0.95,2.2,10,True,-1,0.0,2024-11-01,1.0,1.0,146990.57218653747,0.0,1616896.2940519121,75075.0,156090.57218653744,0.0
BR_2.6-3.1,arima,0.95,2.3,10,True,-1,0.0,2024-11-01,1.0,1.0,150587.90018710683,0.0,1656466.902058175,75075.0,159687.90018710683,0.0
BR_2.6-3.1,arima,0.95,2.4,10,True,-1,0.0,2024-11-01,1.0,1.0,154185.22818767626,0.0,1696037.5100644387,75075.0,163285.22818767623,0.0
BR_2.6-3.1,arima,0.95,2.5,10,True,-1,0.0,2024-11-01,1.0,1.0,157782.55618824568,0.0,1735608.1180707025,75075.0,166882.55618824565,0.0
BR_2.6-3.1,arima,0.95,2.6,10,True,-1,0.0,2024-11-01,1.0,1.0,161379.88418881505,0.0,1775178.7260769655,75075.0,170479.88418881505,0.0
BR_2.6-3.1,arima,0.95,2.7,10,True,-1,0.0,2024-11-01,1.0,1.0,174077.21218938447,0.0,1914849.334083229,75075.0,199102.21218938445,0.0
BR_2.6-3.1,arima,0.95,2.8,10,True,-1,0.0,2024-11-01,1.0,1.0,177674.5401899538,0.0,1954419.942089492,75075.0,202699.54018995384,0.0
BR_2.6-3.1,arima,0.95,2.9,10,True,-1,0.0,2024-11-01,1.0,1.0,185821.86819052324,0.0,2044040.5500957556,75075.0,206296.86819052324,0.0
BR_2.6-3.1,arima,0.95,3.0,10,True,-1,0.0,2024-11-01,1.0,1.0,189419.1961910927,0.0,2083611.1581020195,75075.0,209894.19619109266,0.0
BR_2.6-3.1,arima,0.95,3.5,10,True,-1,0.0,2024-11-01,1.0,1.0,218780.83619393964,0.0,2406589.198133336,75075.0,227880.83619393964,0.0
BR_2.6-3.1,arima,0.95,4.0,10,True,-1,0.0,2024-11-01,1.0,1.0,236767.47619678656,0.0,2604442.238164652,75075.0,245867.47619678662,0.0
BR_2.6-3.1,croston,0.95,0.0,10,True,-1,0.0,2024-11-01,1.0,1.0,57739.61367641133,0.0,635135.7504405247,75075.0,44089.61367641133,0.0
BR_2.6-3.1,croston,0.95,0.1,10,True,-1,0.0,2024-11-01,1.0,1.0,60643.60537865231,0.0,667079.6591651754,75075.0,46993.6053786523,0.0
BR_2.6-3.1,croston,0.95,0.2,10,True,-1,0.0,2024-11-01,1.0,1.0,68097.59708089325,0.0,749073.5678898257,75075.0,74922.59708089325,0.0
BR_2.6-3.1,croston,0.95,0.3,10,True,-1,0.0,2024-11-01,1.0,1.0,71001.58878313423,0.0,781017.4766144764,75075.0,77826.58878313421,0.0
BR_2.6-3.1,croston,0.95,0.4,10,True,-1,0.0,2024-11-01,1.0,1.0,73905.58048537515,0.0,812961.3853391267,75075.0,80730.58048537516,0.0
BR_2.6-3.1,croston,0.95,0.5,10,True,-1,0.0,2024-11-01,1.0,1.0,76809.57218761614,0.0,844905.2940637775,75075.0,83634.57218761614,0.0
BR_2.6-3.1,croston,0.95,0.6,10,True,-1,0.0,2024-11-01,1.0,1.0,79713.5638898571,0.0,876849.2027884282,75075.0,86538.56388985709,0.0
BR_2.6-3.1,croston,0.95,0.7,10,True,-1,0.0,2024-11-01,1.0,1.0,96267.55559209804,0.0,1058943.1115130784,75075.0,89442.55559209804,0.0
BR_2.6-3.1,croston,0.95,0.8,10,True,-1,0.0,2024-11-01,1.0,1.0,103721.54729433898,0.0,1140937.0202377287,75075.0,92346.54729433899,0.0
BR_2.6-3.1,croston,0.95,0.9,10,True,-1,0.0,2024-11-01,1.0,1.0,111175.53899657993,0.0,1222930.9289623792,75075.0,120275.53899657994,0.0
BR_2.6-3.1,croston,0.95,1.0,10,True,-1,0.0,2024-11-01,1.0,1.0,114079.53069882093,0.0,1254874.8376870302,75075.0,123179.53069882092,0.0
BR_2.6-3.1,croston,0.95,1.1,10,True,-1,0.0,2024-11-01,1.0,1.0,119258.52240106185,0.0,1311843.7464116805,75075.0,126083.52240106187,0.0
BR_2.6-3.1,croston,0.95,1.2,10,True,-1,0.0,2024-11-01,1.0,1.0,122162.51410330279,0.0,1343787.6551363308,75075.0,128987.51410330282,0.0
BR_2.6-3.1,croston,0.95,1.2816,10,True,-1,0.0,2024-11-01,1.0,1.0,124532.17133233143,0.0,1369853.8846556458,75075.0,131357.17133233146,0.0
BR_2.6-3.1,croston,0.95,1.3,10,True,-1,0.0,2024-11-01,1.0,1.0,125066.50580554381,0.0,1375731.563860982,75075.0,131891.5058055438,0.0
BR_2.6-3.1,croston,0.95,1.4,10,True,-1,0.0,2024-11-01,1.0,1.0,132520.49750778475,0.0,1457725.4725856322,75075.0,134795.49750778475,0.0
BR_2.6-3.1,croston,0.95,1.5,10,True,-1,0.0,2024-11-01,1.0,1.0,144524.48921002567,0.0,1589769.3813102825,75075.0,137699.4892100257,0.0
BR_2.6-3.1,croston,0.95,1.6,10,True,-1,0.0,2024-11-01,1.0,1.0,151978.48091226668,0.0,1671763.2900349335,75075.0,165628.48091226665,0.0
BR_2.6-3.1,croston,0.95,1.6449,10,True,-1,0.0,2024-11-01,1.0,1.0,157832.3731865729,0.0,1736156.1050523017,75075.0,166932.37318657286,0.0
BR_2.6-3.1,croston,0.95,1.7,10,True,-1,0.0,2024-11-01,1.0,1.0,159432.47261450763,0.0,1753757.198759584,75075.0,168532.47261450763,0.0
BR_2.6-3.1,croston,0.95,1.8,10,True,-1,0.0,2024-11-01,1.0,1.0,162336.46431674858,0.0,1785701.1074842343,75075.0,171436.46431674858,0.0
BR_2.6-3.1,croston,0.95,1.9,10,True,-1,0.0,2024-11-01,1.0,1.0,165240.4560189895,0.0,1817645.0162088845,75075.0,174340.45601898953,0.0
BR_2.6-3.1,croston,0.95,2.0,10,True,-1,0.0,2024-11-01,1.0,1.0,168144.44772123054,0.0,1849588.9249335357,75075.0,177244.4477212305,0.0
BR_2.6-3.1,croston,0.95,2.0537,10,True,-1,0.0,2024-11-01,1.0,1.0,169703.8912653339,0.0,1866742.8039186727,75075.0,178803.8912653339,0.0
BR_2.6-3.1,croston,0.95,2.1,10,True,-1,0.0,2024-11-01,1.0,1.0,171048.43942347146,0.0,1881532.833658186,75075.0,180148.43942347146,0.0
BR_2.6-3.1,croston,0.95,2.2,10,True,-1,0.0,2024-11-01,1.0,1.0,178502.43112571238,0.0,1963526.7423828363,75075.0,183052.4311257124,0.0
BR_2.6-3.1,croston,0.95,2.3,10,True,-1,0.0,2024-11-01,1.0,1.0,195056.42282795339,0.0,2145620.6511074873,75075.0,210981.42282795336,0.0
BR_2.6-3.1,croston,0.95,2.4,10,True,-1,0.0,2024-11-01,1.0,1.0,197960.41453019434,0.0,2177564.5598321375,75075.0,213885.4145301943,0.0
BR_2.6-3.1,croston,0.95,2.5,10,True,-1,0.0,2024-11-01,1.0,1.0,203139.40623243529,0.0,2234533.4685567883,75075.0,216789.40623243529,0.0
BR_2.6-3.1,croston,0.95,2.6,10,True,-1,0.0,2024-11-01,1.0,1.0,210593.39793467624,0.0,2316527.3772814386,75075.0,219693.39793467624,0.0
BR_2.6-3.1,croston,0.95,2.7,10,True,-1,0.0,2024-11-01,1.0,1.0,213497.3896369172,0.0,2348471.2860060893,75075.0,222597.3896369172,0.0
BR_2.6-3.1,croston,0.95,2.8,10,True,-1,0.0,2024-11-01,1.0,1.0,216401.3813391582,0.0,2380415.19473074,75075.0,225501.38133915816,0.0
BR_2.6-3.1,croston,0.95,2.9,10,True,-1,0.0,2024-11-01,1.0,1.0,223855.3730413991,0.0,2462409.1034553903,75075.0,228405.3730413991,0.0
BR_2.6-3.1,croston,0.95,3.0,10,True,-1,0.0,2024-11-01,1.0,1.0,226759.3647436401,0.0,2494353.012180041,75075.0,231309.36474364006,0.0
BR_2.6-3.1,croston,0.95,3.5,10,True,-1,0.0,2024-11-01,1.0,1.0,259479.32325484493,0.0,2854272.5558032943,75075.0,270854.3232548449,0.0
BR_2.6-3.1,croston,0.95,4.0,10,True,-1,0.0,2024-11-01,1.0,1.0,294474.2817660496,0.0,3239217.099426546,75075.0,310399.2817660497,0.0
BR_2.6-3.1,hybrid,0.95,0.0,10,True,-1,0.0,2024-11-01,0.7792952457698551,0.8333333333333334,24349.520419034092,4518.929842862216,764927.0073242188,75075.0,33480.590576171875,0.0
BR_2.6-3.1,hybrid,0.95,0.1,10,True,-1,0.0,2024-11-01,0.8591043113100754,0.8333333333333334,28707.09539753012,2884.8392259262077,633110.3642247142,75075.0,39472.256171603905,0.0
BR_2.6-3.1,hybrid,0.95,0.2,10,True,-1,0.0,2024-11-01,0.9389133768502955,0.8333333333333334,33064.67037602614,1250.7486089901993,501293.7211252094,75075.0,45463.921767035936,0.0
BR_2.6-3.1,hybrid,0.95,0.3,10,True,-1,0.0,2024-11-01,1.0,1.0,33255.58736246799,0.0,365811.4609871479,75075.0,26430.58736246798,0.0
BR_2.6-3.1,hybrid,0.95,0.4,10,True,-1,0.0,2024-11-01,1.0,1.0,39247.252957900004,0.0,431719.7825369001,75075.0,32422.25295790001,0.0
BR_2.6-3.1,hybrid,0.95,0.5,10,True,-1,0.0,2024-11-01,1.0,1.0,45238.91855333204,0.0,497628.10408665246,75075.0,38413.91855333204,0.0
BR_2.6-3.1,hybrid,0.95,0.6,10,True,-1,0.0,2024-11-01,1.0,1.0,46680.58414876409,0.0,513486.42563640495,75075.0,44405.58414876409,0.0
BR_2.6-3.1,hybrid,0.95,0.7,10,True,-1,0.0,2024-11-01,1.0,1.0,52672.249744196095,0.0,579394.747186157,75075.0,50397.2497441961,0.0
BR_2.6-3.1,hybrid,0.95,0.8,10,True,-1,0.0,2024-11-01,1.0,1.0,58663.91533962814,0.0,645303.0687359095,75075.0,56388.91533962815,0.0
BR_2.6-3.1,hybrid,0.95,0.9,10,True,-1,0.0,2024-11-01,1.0,1.0,64655.580935060185,0.0,711211.390285662,75075.0,62380.58093506019,0.0
BR_2.6-3.1,hybrid,0.95,1.0,10,True,-1,0.0,2024-11-01,1.0,1.0,61547.24653049221,0.0,677019.7118354143,75075.0,68372.24653049221,0.0
BR_2.6-3.1,hybrid,0.95,1.1,10,True,-1,0.0,2024-11-01,1.0,1.0,67538.91212592425,0.0,742928.0333851668,75075.0,74363.91212592425,0.0
BR_2.6-3.1,hybrid,0.95,1.2,10,True,-1,0.0,2024-11-01,1.0,1.0,68980.57772135628,0.0,758786.3549349192,75075.0,55330.57772135628,0.0
BR_2.6-3.1,hybrid,0.95,1.2816,10,True,-1,0.0,2024-11-01,1.0,1.0,73869.77684722883,0.0,812567.5453195171,75075.0,60219.776847228815,0.0
BR_2.6-3.1,hybrid,0.95,1.3,10,True,-1,0.0,2024-11-01,1.0,1.0,74972.24331678833,0.0,824694.6764846715,75075.0,61322.243316788314,0.0
BR_2.6-3.1,hybrid,0.95,1.4,10,True,-1,0.0,2024-11-01,1.0,1.0,80963.90891222031,0.0,890602.9980344235,75075.0,67313.90891222033,0.0
BR_2.6-3.1,hybrid,0.95,1.5,10,True,-1,0.0,2024-11-01,1.0,1.0,86955.57450765236,0.0,956511.319584176,75075.0,73305.57450765237,0.0
BR_2.6-3.1,hybrid,0.95,1.6,10,True,-1,0.0,2024-11-01,1.0,1.0,92947.2401030844,0.0,1022419.6411339284,75075.0,79297.24010308442,0.0
BR_2.6-3.1,hybrid,0.95,1.6449,10,True,-1,0.0,2024-11-01,1.0,1.0,95637.49795543337,0.0,1052012.477509767,75075.0,81987.49795543338,0.0
BR_2.6-3.1,hybrid,0.95,1.7,10,True,-1,0.0,2024-11-01,1.0,1.0,98938.90569851645,0.0,1088327.962683681,75075.0,85288.90569851646,0.0
BR_2.6-3.1,hybrid,0.95,1.8,10,True,-1,0.0,2024-11-01,1.0,1.0,104930.5712939485,0.0,1154236.2842334334,75075.0,91280.57129394851,0.0
BR_2.6-3.1,hybrid,0.95,1.9,10,True,-1,0.0,2024-11-01,1.0,1.0,110922.2368893805,0.0,1220144.6057831855,75075.0,97272.2368893805,0.0
BR_2.6-3.1,hybrid,0.95,2.0,10,True,-1,0.0,2024-11-01,1.0,1.0,116913.90248481254,0.0,1286052.927332938,75075.0,103263.90248481254,0.0
BR_2.6-3.1,hybrid,0.95,2.0537,10,True,-1,0.0,2024-11-01,1.0,1.0,120131.4269095596,0.0,1321445.6960051556,75075.0,106481.42690955958,0.0
BR_2.6-3.1,hybrid,0.95,2.1,10,True,-1,0.0,2024-11-01,1.0,1.0,122905.56808024459,0.0,1351961.2488826904,75075.0,109255.56808024459,0.0
BR_2.6-3.1,hybrid,0.95,2.2,10,True,-1,0.0,2024-11-01,1.0,1.0,128897.23367567663,0.0,1417869.570432443,75075.0,115247.23367567663,0.0
BR_2.6-3.1,hybrid,0.95,2.3,10,True,-1,0.0,2024-11-01,1.0,1.0,134888.89927110865,0.0,1483777.8919821952,75075.0,121238.89927110865,0.0
BR_2.6-3.1,hybrid,0.95,2.4,10,True,-1,0.0,2024-11-01,1.0,1.0,147705.5648665407,0.0,1624761.2135319477,75075.0,127230.56486654069,0.0
BR_2.6-3.1,hybrid,0.95,2.5,10,True,-1,0.0,2024-11-01,1.0,1.0,153697.23046197274,0.0,1690669.5350817002,75075.0,133222.23046197274,0.0
BR_2.6-3.1,hybrid,0.95,2.6,10,True,-1,0.0,2024-11-01,1.0,1.0,159688.89605740478,0.0,1756577.8566314525,75075.0,139213.89605740475,0.0
BR_2.6-3.1,hybrid,0.95,2.7,10,True,-1,0.0,2024-11-01,1.0,1.0,152030.56165283683,0.0,1672336.178181205,75075.0,120180.5616528368,0.0
BR_2.6-3.1,hybrid,0.95,2.8,10,True,-1,0.0,2024-11-01,1.0,1.0,158022.22724826884,0.0,1738244.4997309572,75075.0,126172.22724826881,0.0
BR_2.6-3.1,hybrid,0.95,2.9,10,True,-1,0.0,2024-11-01,1.0,1.0,164013.8928437009,0.0,1804152.8212807097,75075.0,132163.89284370086,0.0
BR_2.6-3.1,hybrid,0.95,3.0,10,True,-1,0.0,2024-11-01,1.0,1.0,170005.55843913284,0.0,1870061.1428304613,75075.0,138155.55843913287,0.0
BR_2.6-3.1,hybrid,0.95,3.5,10,True,-1,0.0,2024-11-01,1.0,1.0,199963.88641629313,0.0,2199602.7505792244,75075.0,168113.8864162931,0.0
BR_2.6-3.1,hybrid,0.95,4.0,10,True,-1,0.0,2024-11-01,1.0,1.0,229922.2143934532,0.0,2529144.3583279853,75075.0,198072.2143934532,0.0
BR_2.6-3.1,mitra,0.95,0.0,10,True,-1,0.0,2024-11-01,0.8888888888888888,0.8333333333333334,33366.66666666666,758.3333333333338,450450.0,75075.0,41708.33333333333,0.0
BR_2.6-3.1,mitra,0.95,0.1,10,True,-1,0.0,2024-11-01,0.9211637501072839,0.8333333333333334,35569.425944822135,538.0574055177872,450450.0,75075.0,44131.36853930434,0.0
BR_2.6-3.1,mitra,0.95,0.2,10,True,-1,0.0,2024-11-01,0.9534386113256792,0.8333333333333334,37772.185222977605,317.78147770223916,450449.99999999994,75075.0,46554.40374527537,0.0
BR_2.6-3.1,mitra,0.95,0.3,10,True,-1,0.0,2024-11-01,0.9857134725440744,0.8333333333333334,39974.944501133075,97.50554988669252,450450.0,75075.0,48977.43895124638,0.0
BR_2.6-3.1,mitra,0.95,0.4,10,True,-1,0.0,2024-11-01,1.0,1.0,42300.4741572174,0.0,465305.21572939144,75075.0,51400.474157217395,0.0
BR_2.6-3.1,mitra,0.95,0.5,10,True,-1,0.0,2024-11-01,1.0,1.0,44723.50936318841,0.0,491958.6029950725,75075.0,53823.50936318841,0.0
BR_2.6-3.1,mitra,0.95,0.6,10,True,-1,0.0,2024-11-01,1.0,1.0,47146.544569159414,0.0,518611.99026075355,75075.0,56246.54456915942,0.0
BR_2.6-3.1,mitra,0.95,0.7,10,True,-1,0.0,2024-11-01,1.0,1.0,49569.57977513044,0.0,545265.3775264348,75075.0,58669.579775130434,0.0
BR_2.6-3.1,mitra,0.95,0.8,10,True,-1,0.0,2024-11-01,1.0,1.0,51992.614981101455,0.0,571918.764792116,75075.0,61092.61498110145,0.0
BR_2.6-3.1,mitra,0.95,0.9,10,True,-1,0.0,2024-11-01,1.0,1.0,54415.65018707246,0.0,598572.1520577971,75075.0,63515.65018707246,0.0
BR_2.6-3.1,mitra,0.95,1.0,10,True,-1,0.0,2024-11-01,1.0,1.0,56838.685393043466,0.0,625225.5393234781,75075.0,65938.68539304347,0.0
BR_2.6-3.1,mitra,0.95,1.1,10,True,-1,0.0,2024-11-01,1.0,1.0,59261.7205990145,0.0,651878.9265891595,75075.0,68361.7205990145,0.0
BR_2.6-3.1,mitra,0.95,1.2,10,True,-1,0.0,2024-11-01,1.0,1.0,61684.75580498552,0.0,678532.3138548407,75075.0,70784.75580498551,0.0
BR_2.6-3.1,mitra,0.95,1.2816,10,True,-1,0.0,2024-11-01,1.0,1.0,63661.95253305787,0.0,700281.4778636366,75075.0,72761.95253305786,0.0
BR_2.6-3.1,mitra,0.95,1.3,10,True,-1,0.0,2024-11-01,1.0,1.0,64107.79101095652,0.0,705185.7011205218,75075.0,73207.79101095653,0.0
BR_2.6-3.1,mitra,0.95,1.4,10,True,-1,0.0,2024-11-01,1.0,1.0,66530.82621692753,0.0,731839.0883862028,75075.0,75630.82621692754,0.0
BR_2.6-3.1,mitra,0.95,1.5,10,True,-1,0.0,2024-11-01,1.0,1.0,68953.86142289857,0.0,758492.4756518842,75075.0,78053.86142289855,0.0
BR_2.6-3.1,mitra,0.95,1.6,10,True,-1,0.0,2024-11-01,1.0,1.0,71376.89662886958,0.0,785145.8629175654,75075.0,80476.89662886958,0.0
BR_2.6-3.1,mitra,0.95,1.6449,10,True,-1,0.0,2024-11-01,1.0,1.0,72464.83943635058,0.0,797113.2337998564,75075.0,81564.83943635056,0.0
BR_2.6-3.1,mitra,0.95,1.7,10,True,-1,0.0,2024-11-01,1.0,1.0,73799.93183484058,0.0,811799.2501832464,75075.0,82899.9318348406,0.0
BR_2.6-3.1,mitra,0.95,1.8,10,True,-1,0.0,2024-11-01,1.0,1.0,76222.96704081162,0.0,838452.6374489279,75075.0,85322.9670408116,0.0
BR_2.6-3.1,mitra,0.95,1.9,10,True,-1,0.0,2024-11-01,1.0,1.0,78646.00224678263,0.0,865106.0247146089,75075.0,87746.00224678262,0.0
BR_2.6-3.1,mitra,0.95,2.0,10,True,-1,0.0,2024-11-01,1.0,1.0,81069.03745275363,0.0,891759.41198029,75075.0,90169.03745275363,0.0
BR_2.6-3.1,mitra,0.95,2.0537,10,True,-1,0.0,2024-11-01,1.0,1.0,82370.20735836007,0.0,906072.2809419608,75075.0,91470.20735836007,0.0
BR_2.6-3.1,mitra,0.95,2.1,10,True,-1,0.0,2024-11-01,1.0,1.0,88042.07265872463,0.0,968462.799245971,75075.0,92592.07265872465,0.0
BR_2.6-3.1,mitra,0.95,2.2,10,True,-1,0.0,2024-11-01,1.0,1.0,90465.10786469564,0.0,995116.1865116521,75075.0,95015.10786469566,0.0
BR_2.6-3.1,mitra,0.95,2.3,10,True,-1,0.0,2024-11-01,1.0,1.0,92888.14307066669,0.0,1021769.5737773335,75075.0,97438.14307066667,0.0
BR_2.6-3.1,mitra,0.95,2.4,10,True,-1,0.0,2024-11-01,1.0,1.0,95311.17827663769,0.0,1048422.9610430145,75075.0,99861.17827663769,0.0
BR_2.6-3.1,mitra,0.95,2.5,10,True,-1,0.0,2024-11-01,1.0,1.0,102284.2134826087,0.0,1125126.3483086957,75075.0,102284.21348260871,0.0
BR_2.6-3.1,mitra,0.95,2.6,10,True,-1,0.0,2024-11-01,1.0,1.0,104707.24868857973,0.0,1151779.735574377,75075.0,104707.24868857973,0.0
BR_2.6-3.1,mitra,0.95,2.7,10,True,-1,0.0,2024-11-01,1.0,1.0,116230.28389455075,0.0,1278533.1228400583,75075.0,107130.28389455075,0.0
BR_2.6-3.1,mitra,0.95,2.8,10,True,-1,0.0,2024-11-01,1.0,1.0,118653.31910052174,0.0,1305186.510105739,75075.0,109553.31910052174,0.0
BR_2.6-3.1,mitra,0.95,2.9,10,True,-1,0.0,2024-11-01,1.0,1.0,121076.35430649277,0.0,1331839.8973714204,75075.0,111976.35430649278,0.0
BR_2.6-3.1,mitra,0.95,3.0,10,True,-1,0.0,2024-11-01,1.0,1.0,125774.38951246375,0.0,1383518.2846371012,75075.0,114399.38951246376,0.0
BR_2.6-3.1,mitra,0.95,3.5,10,True,-1,0.0,2024-11-01,1.0,1.0,137889.56554231886,0.0,1516785.2209655074,75075.0,126514.56554231886,0.0
BR_2.6-3.1,mitra,0.95,4.0,10,True,-1,0.0,2024-11-01,1.0,1.0,154554.74157217398,0.0,1700102.1572939137,75075.0,163654.74157217395,0.0
BR_2.6-3.1,naive,0.95,0.0,10,True,-1,0.0,2024-11-01,1.0,1.0,156975.0,0.0,1726725.0,75075.0,125125.0,0.0
BR_2.6-3.1,naive,0.95,0.1,10,True,-1,0.0,2024-11-01,1.0,1.0,169948.23612167567,0.0,1869430.5973384322,75075.0,138098.23612167564,0.0
BR_2.6-3.1,naive,0.95,0.2,10,True,-1,0.0,2024-11-01,1.0,1.0,182921.4722433513,0.0,2012136.1946768644,75075.0,151071.47224335128,0.0
BR_2.6-3.1,naive,0.95,0.3,10,True,-1,0.0,2024-11-01,1.0,1.0,195894.70836502695,0.0,2154841.7920152964,75075.0,164044.70836502698,0.0
BR_2.6-3.1,naive,0.95,0.4,10,True,-1,0.0,2024-11-01,1.0,1.0,208867.94448670262,0.0,2297547.389353729,75075.0,177017.94448670262,0.0
BR_2.6-3.1,naive,0.95,0.5,10,True,-1,0.0,2024-11-01,1.0,1.0,221841.18060837826,0.0,2440252.986692161,75075.0,189991.18060837826,0.0
BR_2.6-3.1,naive,0.95,0.6,10,True,-1,0.0,2024-11-01,1.0,1.0,234814.4167300539,0.0,2582958.584030593,75075.0,202964.41673005396,0.0
BR_2.6-3.1,naive,0.95,0.7,10,True,-1,0.0,2024-11-01,1.0,1.0,247787.65285172962,0.0,2725664.1813690257,75075.0,215937.6528517296,0.0
BR_2.6-3.1,naive,0.95,0.8,10,True,-1,0.0,2024-11-01,1.0,1.0,260760.8889734052,0.0,2868369.7787074572,75075.0,228910.88897340524,0.0
BR_2.6-3.1,naive,0.95,0.9,10,True,-1,0.0,2024-11-01,1.0,1.0,273734.125095081,0.0,3011075.3760458906,75075.0,241884.12509508093,0.0
BR_2.6-3.1,naive,0.95,1.0,10,True,-1,0.0,2024-11-01,1.0,1.0,286707.3612167566,0.0,3153780.973384322,75075.0,254857.36121675657,0.0
BR_2.6-3.1,naive,0.95,1.1,10,True,-1,0.0,2024-11-01,1.0,1.0,299680.5973384323,0.0,3296486.570722755,75075.0,267830.5973384322,0.0
BR_2.6-3.1,naive,0.95,1.2,10,True,-1,0.0,2024-11-01,1.0,1.0,312653.83346010785,0.0,3439192.1680611866,75075.0,280803.83346010785,0.0
BR_2.6-3.1,naive,0.95,1.2816,10,True,-1,0.0,2024-11-01,1.0,1.0,323239.9941353952,0.0,3555639.935489347,75075.0,291389.9941353952,0.0
BR_2.6-3.1,naive,0.95,1.3,10,True,-1,0.0,2024-11-01,1.0,1.0,325627.06958178343,0.0,3581897.765399618,75075.0,293777.0695817835,0.0
BR_2.6-3.1,naive,0.95,1.4,10,True,-1,0.0,2024-11-01,1.0,1.0,338600.30570345925,0.0,3724603.3627380515,75075.0,306750.3057034592,0.0
BR_2.6-3.1,naive,0.95,1.5,10,True,-1,0.0,2024-11-01,1.0,1.0,351573.54182513483,0.0,3867308.960076483,75075.0,319723.54182513483,0.0
BR_2.6-3.1,naive,0.95,1.6,10,True,-1,0.0,2024-11-01,1.0,1.0,364546.7779468104,0.0,4010014.5574149145,75075.0,332696.77794681047,0.0
BR_2.6-3.1,naive,0.95,1.6449,10,True,-1,0.0,2024-11-01,1.0,1.0,370371.7609654428,0.0,4074089.370619871,75075.0,338521.76096544287,0.0
BR_2.6-3.1,naive,0.95,1.7,10,True,-1,0.0,2024-11-01,1.0,1.0,377520.01406848617,0.0,4152720.154753348,75075.0,345670.01406848617,0.0
BR_2.6-3.1,naive,0.95,1.8,10,True,-1,0.0,2024-11-01,1.0,1.0,390493.25019016175,0.0,4295425.752091779,75075.0,358643.2501901618,0.0
BR_2.6-3.1,naive,0.95,1.9,10,True,-1,0.0,2024-11-01,1.0,1.0,403466.48631183745,0.0,4438131.349430212,75075.0,371616.48631183745,0.0
BR_2.6-3.1,naive,0.95,2.0,10,True,-1,0.0,2024-11-01,1.0,1.0,416439.7224335131,0.0,4580836.946768644,75075.0,384589.72243351315,0.0
BR_2.6-3.1,naive,0.95,2.0537,10,True,-1,0.0,2024-11-01,1.0,1.0,423406.350230853,0.0,4657469.852539383,75075.0,391556.35023085296,0.0
BR_2.6-3.1,naive,0.95,2.1,10,True,-1,0.0,2024-11-01,1.0,1.0,429412.9585551888,0.0,4723542.544107077,75075.0,397562.9585551888,0.0
BR_2.6-3.1,naive,0.95,2.2,10,True,-1,0.0,2024-11-01,1.0,1.0,442386.19467686437,0.0,4866248.141445508,75075.0,410536.1946768644,0.0
BR_2.6-3.1,naive,0.95,2.3,10,True,-1,0.0,2024-11-01,1.0,1.0,455359.43079854007,0.0,5008953.738783941,75075.0,423509.4307985401,0.0
BR_2.6-3.1,naive,0.95,2.4,10,True,-1,0.0,2024-11-01,1.0,1.0,468332.66692021576,0.0,5151659.336122373,75075.0,436482.6669202157,0.0
BR_2.6-3.1,naive,0.95,2.5,10,True,-1,0.0,2024-11-01,1.0,1.0,481305.9030418915,0.0,5294364.9334608065,75075.0,449455.9030418914,0.0
BR_2.6-3.1,naive,0.95,2.6,10,True,-1,0.0,2024-11-01,1.0,1.0,494279.1391635669,0.0,5437070.530799236,75075.0,462429.139163567,0.0
BR_2.6-3.1,naive,0.95,2.7,10,True,-1,0.0,2024-11-01,1.0,1.0,482227.3752852427,0.0,5304501.1281376695,75075.0,450377.3752852427,0.0
BR_2.6-3.1,naive,0.95,2.8,10,True,-1,0.0,2024-11-01,1.0,1.0,495200.61140691844,0.0,5447206.725476103,75075.0,463350.6114069184,0.0
BR_2.6-3.1,naive,0.95,2.9,10,True,-1,0.0,2024-11-01,1.0,1.0,508173.84752859396,0.0,5589912.3228145335,75075.0,476323.8475285941,0.0
BR_2.6-3.1,naive,0.95,3.0,10,True,-1,0.0,2024-11-01,1.0,1.0,521147.0836502696,0.0,5732617.920152966,75075.0,489297.08365026966,0.0
BR_2.6-3.1,naive,0.95,3.5,10,True,-1,0.0,2024-11-01,1.0,1.0,586013.2642586482,0.0,6446145.906845129,75075.0,554163.264258648,0.0
BR_2.6-3.1,naive,0.95,4.0,10,True,-1,0.0,2024-11-01,1.0,1.0,650879.4448670262,0.0,7159673.8935372885,75075.0,619029.4448670263,0.0
BR_2.6-3.1,rf,0.95,0.0,10,True,-1,0.0,2024-11-01,1.0,1.0,71547.07000000002,0.0,787017.7700000003,75075.0,60172.07000000001,0.0
BR_2.6-3.1,rf,0.95,0.1,10,True,-1,0.0,2024-11-01,1.0,1.0,77969.63465960902,0.0,857665.9812556992,75075.0,66594.634659609,0.0
BR_2.6-3.1,rf,0.95,0.2,10,True,-1,0.0,2024-11-01,1.0,1.0,84392.19931921804,0.0,928314.1925113983,75075.0,73017.19931921802,0.0
BR_2.6-3.1,rf,0.95,0.3,10,True,-1,0.0,2024-11-01,1.0,1.0,95364.76397882705,0.0,1049012.4037670975,75075.0,104464.76397882705,0.0
BR_2.6-3.1,rf,0.95,0.4,10,True,-1,0.0,2024-11-01,1.0,1.0,101787.32863843604,0.0,1119660.6150227964,75075.0,110887.32863843604,0.0
BR_2.6-3.1,rf,0.95,0.5,10,True,-1,0.0,2024-11-01,1.0,1.0,108209.89329804505,0.0,1190308.8262784956,75075.0,117309.89329804506,0.0
BR_2.6-3.1,rf,0.95,0.6,10,True,-1,0.0,2024-11-01,1.0,1.0,114632.45795765407,0.0,1260957.0375341948,75075.0,123732.45795765409,0.0
BR_2.6-3.1,rf,0.95,0.7,10,True,-1,0.0,2024-11-01,1.0,1.0,121055.02261726306,0.0,1331605.2487898937,75075.0,130155.02261726308,0.0
BR_2.6-3.1,rf,0.95,0.8,10,True,-1,0.0,2024-11-01,1.0,1.0,127477.58727687207,0.0,1402253.4600455929,75075.0,136577.5872768721,0.0
BR_2.6-3.1,rf,0.95,0.9,10,True,-1,0.0,2024-11-01,1.0,1.0,133900.15193648115,0.0,1472901.6713012927,75075.0,143000.15193648112,0.0
BR_2.6-3.1,rf,0.95,1.0,10,True,-1,0.0,2024-11-01,1.0,1.0,140322.71659609015,0.0,1543549.8825569917,75075.0,149422.71659609012,0.0
BR_2.6-3.1,rf,0.95,1.1,10,True,-1,0.0,2024-11-01,1.0,1.0,151295.28125569917,0.0,1664248.0938126908,75075.0,155845.28125569914,0.0
BR_2.6-3.1,rf,0.95,1.2,10,True,-1,0.0,2024-11-01,1.0,1.0,157717.8459153082,0.0,1734896.30506839,75075.0,162267.84591530816,0.0
BR_2.6-3.1,rf,0.95,1.2816,10,True,-1,0.0,2024-11-01,1.0,1.0,162958.6586775491,0.0,1792545.24545304,75075.0,167508.6586775491,0.0
BR_2.6-3.1,rf,0.95,1.3,10,True,-1,0.0,2024-11-01,1.0,1.0,164140.4105749172,0.0,1805544.516324089,75075.0,168690.41057491716,0.0
BR_2.6-3.1,rf,0.95,1.4,10,True,-1,0.0,2024-11-01,1.0,1.0,170562.97523452618,0.0,1876192.7275797878,75075.0,175112.97523452615,0.0
BR_2.6-3.1,rf,0.95,1.5,10,True,-1,0.0,2024-11-01,1.0,1.0,176985.5398941352,0.0,1946840.9388354872,75075.0,181535.5398941352,0.0
BR_2.6-3.1,rf,0.95,1.6,10,True,-1,0.0,2024-11-01,1.0,1.0,187958.1045537442,0.0,2067539.1500911862,75075.0,187958.1045537442,0.0
BR_2.6-3.1,rf,0.95,1.6449,10,True,-1,0.0,2024-11-01,1.0,1.0,190841.8360859086,0.0,2099260.196944995,75075.0,190841.83608590864,0.0
BR_2.6-3.1,rf,0.95,1.7,10,True,-1,0.0,2024-11-01,1.0,1.0,194380.6692133532,0.0,2138187.361346885,75075.0,194380.6692133532,0.0
BR_2.6-3.1,rf,0.95,1.8,10,True,-1,0.0,2024-11-01,1.0,1.0,200803.2338729622,0.0,2208835.5726025845,75075.0,200803.23387296224,0.0
BR_2.6-3.1,rf,0.95,1.9,10,True,-1,0.0,2024-11-01,1.0,1.0,207225.7985325712,0.0,2279483.7838582834,75075.0,207225.79853257124,0.0
BR_2.6-3.1,rf,0.95,2.0,10,True,-1,0.0,2024-11-01,1.0,1.0,213648.3631921802,0.0,2350131.9951139824,75075.0,213648.36319218023,0.0
BR_2.6-3.1,rf,0.95,2.0537,10,True,-1,0.0,2024-11-01,1.0,1.0,221647.2804143903,0.0,2438120.084558293,75075.0,242122.28041439026,0.0
BR_2.6-3.1,rf,0.95,2.1,10,True,-1,0.0,2024-11-01,1.0,1.0,224620.92785178925,0.0,2470830.2063696817,75075.0,245095.92785178928,0.0
BR_2.6-3.1,rf,0.95,2.2,10,True,-1,0.0,2024-11-01,1.0,1.0,231043.49251139825,0.0,2541478.4176253807,75075.0,251518.49251139828,0.0
BR_2.6-3.1,rf,0.95,2.3,10,True,-1,0.0,2024-11-01,1.0,1.0,237466.05717100724,0.0,2612126.6288810796,75075.0,257941.05717100727,0.0
BR_2.6-3.1,rf,0.95,2.4,10,True,-1,0.0,2024-11-01,1.0,1.0,243888.62183061623,0.0,2682774.8401367785,75075.0,264363.62183061626,0.0
BR_2.6-3.1,rf,0.95,2.5,10,True,-1,0.0,2024-11-01,1.0,1.0,250311.18649022526,0.0,2753423.051392478,75075.0,270786.1864902253,0.0
BR_2.6-3.1,rf,0.95,2.6,10,True,-1,0.0,2024-11-01,1.0,1.0,256733.75114983425,0.0,2824071.262648177,75075.0,277208.7511498343,0.0
BR_2.6-3.1,rf,0.95,2.7,10,True,-1,0.0,2024-11-01,1.0,1.0,267706.3158094434,0.0,2944769.4739038777,75075.0,283631.31580944336,0.0
BR_2.6-3.1,rf,0.95,2.8,10,True,-1,0.0,2024-11-01,1.0,1.0,274128.8804690523,0.0,3015417.685159575,75075.0,290053.88046905235,0.0
BR_2.6-3.1,rf,0.95,2.9,10,True,-1,0.0,2024-11-01,1.0,1.0,280551.4451286614,0.0,3086065.8964152755,75075.0,296476.44512866135,0.0
BR_2.6-3.1,rf,0.95,3.0,10,True,-1,0.0,2024-11-01,1.0,1.0,280149.0097882703,0.0,3081639.107670973,75075.0,302899.00978827034,0.0
BR_2.6-3.1,rf,0.95,3.5,10,True,-1,0.0,2024-11-01,1.0,1.0,321361.8330863155,0.0,3534980.16394947,75075.0,335011.8330863154,0.0
BR_2.6-3.1,rf,0.95,4.0,10,True,-1,0.0,2024-11-01,1.0,1.0,362574.6563843605,0.0,3988321.2202279656,75075.0,392149.6563843605,0.0
BR_2.6-3.1,sba,0.95,0.0,10,True,-1,0.0,2024-11-01,1.0,1.0,53032.63299259078,0.0,583358.9629184986,75075.0,39382.63299259078,0.0
BR_2.6-3.1,sba,0.95,0.1,10,True,-1,0.0,2024-11-01,1.0,1.0,55903.89430978384,0.0,614942.8374076223,75075.0,42253.89430978385,0.0
BR_2.6-3.1,sba,0.95,0.2,10,True,-1,0.0,2024-11-01,1.0,1.0,63325.155626976906,0.0,696576.711896746,75075.0,70150.15562697692,0.0
BR_2.6-3.1,sba,0.95,0.3,10,True,-1,0.0,2024-11-01,1.0,1.0,66196.41694417,0.0,728160.58638587,75075.0,73021.41694416999,0.0
BR_2.6-3.1,sba,0.95,0.4,10,True,-1,0.0,2024-11-01,1.0,1.0,69067.67826136306,0.0,759744.4608749937,75075.0,75892.67826136306,0.0
BR_2.6-3.1,sba,0.95,0.5,10,True,-1,0.0,2024-11-01,1.0,1.0,71938.93957855612,0.0,791328.3353641174,75075.0,78763.93957855614,0.0
BR_2.6-3.1,sba,0.95,0.6,10,True,-1,0.0,2024-11-01,1.0,1.0,74810.20089574922,0.0,822912.2098532415,75075.0,81635.2008957492,0.0
BR_2.6-3.1,sba,0.95,0.7,10,True,-1,0.0,2024-11-01,1.0,1.0,86781.4622129423,0.0,954596.0843423652,75075.0,84506.46221294228,0.0
BR_2.6-3.1,sba,0.95,0.8,10,True,-1,0.0,2024-11-01,1.0,1.0,98752.72353013535,0.0,1086279.9588314889,75075.0,87377.72353013535,0.0
BR_2.6-3.1,sba,0.95,0.9,10,True,-1,0.0,2024-11-01,1.0,1.0,101623.98484732841,0.0,1117863.8333206126,75075.0,90248.98484732842,0.0
BR_2.6-3.1,sba,0.95,1.0,10,True,-1,0.0,2024-11-01,1.0,1.0,109045.24616452148,0.0,1199497.7078097363,75075.0,118145.2461645215,0.0
BR_2.6-3.1,sba,0.95,1.1,10,True,-1,0.0,2024-11-01,1.0,1.0,111916.50748171458,0.0,1231081.5822988604,75075.0,121016.5074817146,0.0
BR_2.6-3.1,sba,0.95,1.2,10,True,-1,0.0,2024-11-01,1.0,1.0,117062.76879890762,0.0,1287690.456787984,75075.0,123887.76879890764,0.0
BR_2.6-3.1,sba,0.95,1.2816,10,True,-1,0.0,2024-11-01,1.0,1.0,119405.71803373723,0.0,1313462.8983711095,75075.0,126230.71803373721,0.0
BR_2.6-3.1,sba,0.95,1.3,10,True,-1,0.0,2024-11-01,1.0,1.0,119934.03011610074,0.0,1319274.331277108,75075.0,126759.03011610071,0.0
BR_2.6-3.1,sba,0.95,1.4,10,True,-1,0.0,2024-11-01,1.0,1.0,122805.2914332938,0.0,1350858.2057662318,75075.0,129630.29143329378,0.0
BR_2.6-3.1,sba,0.95,1.5,10,True,-1,0.0,2024-11-01,1.0,1.0,125676.55275048688,0.0,1382442.0802553557,75075.0,132501.55275048688,0.0
BR_2.6-3.1,sba,0.95,1.6,10,True,-1,0.0,2024-11-01,1.0,1.0,137647.81406767992,0.0,1514125.9547444792,75075.0,135372.81406767992,0.0
BR_2.6-3.1,sba,0.95,1.6449,10,True,-1,0.0,2024-11-01,1.0,1.0,143487.01039909964,0.0,1578357.114390096,75075.0,136662.0103990996,0.0
BR_2.6-3.1,sba,0.95,1.7,10,True,-1,0.0,2024-11-01,1.0,1.0,145069.075384873,0.0,1595759.829233603,75075.0,138244.07538487302,0.0
BR_2.6-3.1,sba,0.95,1.8,10,True,-1,0.0,2024-11-01,1.0,1.0,157040.33670206604,0.0,1727443.7037227266,75075.0,166140.33670206607,0.0
BR_2.6-3.1,sba,0.95,1.9,10,True,-1,0.0,2024-11-01,1.0,1.0,159911.59801925914,0.0,1759027.5782118505,75075.0,169011.59801925917,0.0
BR_2.6-3.1,sba,0.95,2.0,10,True,-1,0.0,2024-11-01,1.0,1.0,162782.85933645218,0.0,1790611.452700974,75075.0,171882.8593364522,0.0
BR_2.6-3.1,sba,0.95,2.0537,10,True,-1,0.0,2024-11-01,1.0,1.0,164324.72666378488,0.0,1807571.9933016337,75075.0,173424.7266637849,0.0
BR_2.6-3.1,sba,0.95,2.1,10,True,-1,0.0,2024-11-01,1.0,1.0,165654.12065364534,0.0,1822195.3271900986,75075.0,174754.1206536453,0.0
BR_2.6-3.1,sba,0.95,2.2,10,True,-1,0.0,2024-11-01,1.0,1.0,168525.38197083838,0.0,1853779.2016792223,75075.0,177625.38197083838,0.0
BR_2.6-3.1,sba,0.95,2.3,10,True,-1,0.0,2024-11-01,1.0,1.0,171396.64328803145,0.0,1885363.076168346,75075.0,180496.64328803145,0.0
BR_2.6-3.1,sba,0.95,2.4,10,True,-1,0.0,2024-11-01,1.0,1.0,178817.9046052245,0.0,1966996.9506574695,75075.0,183367.9046052245,0.0
BR_2.6-3.1,sba,0.95,2.5,10,True,-1,0.0,2024-11-01,1.0,1.0,186239.16592241757,0.0,2048630.8251465934,75075.0,186239.1659224176,0.0
BR_2.6-3.1,sba,0.95,2.6,10,True,-1,0.0,2024-11-01,1.0,1.0,198210.42723961064,0.0,2180314.699635717,75075.0,214135.42723961064,0.0
BR_2.6-3.1,sba,0.95,2.7,10,True,-1,0.0,2024-11-01,1.0,1.0,203356.68855680377,0.0,2236923.5741248415,75075.0,217006.68855680374,0.0
BR_2.6-3.1,sba,0.95,2.8,10,True,-1,0.0,2024-11-01,1.0,1.0,210777.9498739968,0.0,2318557.448613965,75075.0,219877.94987399678,0.0
BR_2.6-3.1,sba,0.95,2.9,10,True,-1,0.0,2024-11-01,1.0,1.0,213649.2111911899,0.0,2350141.323103089,75075.0,222749.21119118988,0.0
BR_2.6-3.1,sba,0.95,3.0,10,True,-1,0.0,2024-11-01,1.0,1.0,216520.47250838295,0.0,2381725.1975922124,75075.0,225620.47250838295,0.0
BR_2.6-3.1,sba,0.95,3.5,10,True,-1,0.0,2024-11-01,1.0,1.0,249076.77909434828,0.0,2739844.570037831,75075.0,265001.7790943483,0.0
BR_2.6-3.1,sba,0.95,4.0,10,True,-1,0.0,2024-11-01,1.0,1.0,267983.0856803136,0.0,2947813.9424834494,75075.0,279358.08568031364,0.0
BR_2.6-3.1,ses,0.95,0.0,10,True,-1,0.0,2024-11-01,1.0,1.0,40606.9088015775,0.0,446675.9968173525,75075.0,40606.90880157749,0.0
BR_2.6-3.1,ses,0.95,0.1,10,True,-1,0.0,2024-11-01,1.0,1.0,45577.89709311477,0.0,501356.8680242625,75075.0,45577.89709311476,0.0
BR_2.6-3.1,ses,0.95,0.2,10,True,-1,0.0,2024-11-01,1.0,1.0,50548.88538465204,0.0,556037.7392311725,75075.0,50548.885384652036,0.0
BR_2.6-3.1,ses,0.95,0.3,10,True,-1,0.0,2024-11-01,1.0,1.0,55519.873676189316,0.0,610718.6104380825,75075.0,55519.87367618931,0.0
BR_2.6-3.1,ses,0.95,0.4,10,True,-1,0.0,2024-11-01,1.0,1.0,60490.86196772661,0.0,665399.4816449927,75075.0,60490.86196772661,0.0
BR_2.6-3.1,ses,0.95,0.5,10,True,-1,0.0,2024-11-01,1.0,1.0,65461.85025926388,0.0,720080.3528519027,75075.0,65461.85025926388,0.0
BR_2.6-3.1,ses,0.95,0.6,10,True,-1,0.0,2024-11-01,1.0,1.0,70432.83855080116,0.0,774761.2240588127,75075.0,70432.83855080116,0.0
BR_2.6-3.1,ses,0.95,0.7,10,True,-1,0.0,2024-11-01,1.0,1.0,75403.82684233843,0.0,829442.0952657227,75075.0,75403.82684233843,0.0
BR_2.6-3.1,ses,0.95,0.8,10,True,-1,0.0,2024-11-01,1.0,1.0,80374.8151338757,0.0,884122.9664726327,75075.0,80374.8151338757,0.0
BR_2.6-3.1,ses,0.95,0.9,10,True,-1,0.0,2024-11-01,1.0,1.0,85345.80342541297,0.0,938803.8376795427,75075.0,85345.80342541297,0.0
BR_2.6-3.1,ses,0.95,1.0,10,True,-1,0.0,2024-11-01,1.0,1.0,90316.79171695025,0.0,993484.7088864527,75075.0,90316.79171695025,0.0
BR_2.6-3.1,ses,0.95,1.1,10,True,-1,0.0,2024-11-01,1.0,1.0,95287.78000848752,0.0,1048165.5800933627,75075.0,95287.78000848752,0.0
BR_2.6-3.1,ses,0.95,1.2,10,True,-1,0.0,2024-11-01,1.0,1.0,100258.76830002479,0.0,1102846.4513002727,75075.0,100258.76830002479,0.0
BR_2.6-3.1,ses,0.95,1.2816,10,True,-1,0.0,2024-11-01,1.0,1.0,104315.09474591924,0.0,1147466.0422051116,75075.0,104315.09474591922,0.0
BR_2.6-3.1,ses,0.95,1.3,10,True,-1,0.0,2024-11-01,1.0,1.0,105229.75659156205,0.0,1157527.3225071826,75075.0,105229.75659156207,0.0
BR_2.6-3.1,ses,0.95,1.4,10,True,-1,0.0,2024-11-01,1.0,1.0,110200.74488309934,0.0,1212208.1937140927,75075.0,110200.74488309934,0.0
BR_2.6-3.1,ses,0.95,1.5,10,True,-1,0.0,2024-11-01,1.0,1.0,115171.73317463663,0.0,1266889.0649210028,75075.0,115171.73317463661,0.0
BR_2.6-3.1,ses,0.95,1.6,10,True,-1,0.0,2024-11-01,1.0,1.0,120142.72146617388,0.0,1321569.9361279127,75075.0,120142.72146617388,0.0
BR_2.6-3.1,ses,0.95,1.6449,10,True,-1,0.0,2024-11-01,1.0,1.0,122374.69520907411,0.0,1346121.6472998152,75075.0,122374.69520907413,0.0
BR_2.6-3.1,ses,0.95,1.7,10,True,-1,0.0,2024-11-01,1.0,1.0,125113.70975771119,0.0,1376250.807334823,75075.0,125113.70975771116,0.0
BR_2.6-3.1,ses,0.95,1.8,10,True,-1,0.0,2024-11-01,1.0,1.0,130084.69804924843,0.0,1430931.6785417327,75075.0,130084.69804924843,0.0
BR_2.6-3.1,ses,0.95,1.9,10,True,-1,0.0,2024-11-01,1.0,1.0,135055.68634078567,0.0,1485612.5497486424,75075.0,135055.6863407857,0.0
BR_2.6-3.1,ses,0.95,2.0,10,True,-1,0.0,2024-11-01,1.0,1.0,140026.67463232297,0.0,1540293.4209555527,75075.0,140026.67463232297,0.0
BR_2.6-3.1,ses,0.95,2.0537,10,True,-1,0.0,2024-11-01,1.0,1.0,142696.0953448785,0.0,1569657.0487936635,75075.0,142696.0953448785,0.0
BR_2.6-3.1,ses,0.95,2.1,10,True,-1,0.0,2024-11-01,1.0,1.0,144997.66292386028,0.0,1594974.292162463,75075.0,144997.66292386025,0.0
BR_2.6-3.1,ses,0.95,2.2,10,True,-1,0.0,2024-11-01,1.0,1.0,149968.65121539755,0.0,1649655.163369373,75075.0,149968.65121539755,0.0
BR_2.6-3.1,ses,0.95,2.3,10,True,-1,0.0,2024-11-01,1.0,1.0,154939.63950693476,0.0,1704336.0345762824,75075.0,154939.6395069348,0.0
BR_2.6-3.1,ses,0.95,2.4,10,True,-1,0.0,2024-11-01,1.0,1.0,159910.62779847207,0.0,1759016.9057831927,75075.0,159910.62779847207,0.0
BR_2.6-3.1,ses,0.95,2.5,10,True,-1,0.0,2024-11-01,1.0,1.0,164881.6160900094,0.0,1813697.7769901033,75075.0,164881.61609000937,0.0
BR_2.6-3.1,ses,0.95,2.6,10,True,-1,0.0,2024-11-01,1.0,1.0,169852.60438154664,0.0,1868378.648197013,75075.0,169852.60438154664,0.0
BR_2.6-3.1,ses,0.95,2.7,10,True,-1,0.0,2024-11-01,1.0,1.0,174823.59267308394,0.0,1923059.5194039233,75075.0,174823.5926730839,0.0
BR_2.6-3.1,ses,0.95,2.8,10,True,-1,0.0,2024-11-01,1.0,1.0,179794.5809646212,0.0,1977740.390610833,75075.0,179794.5809646212,0.0
BR_2.6-3.1,ses,0.95,2.9,10,True,-1,0.0,2024-11-01,1.0,1.0,184765.5692561585,0.0,2032421.2618177433,75075.0,184765.56925615846,0.0
BR_2.6-3.1,ses,0.95,3.0,10,True,-1,0.0,2024-11-01,1.0,1.0,189736.5575476957,0.0,2087102.1330246527,75075.0,189736.5575476957,0.0
BR_2.6-3.1,ses,0.95,3.5,10,True,-1,0.0,2024-11-01,1.0,1.0,214591.49900538212,0.0,2360506.4890592033,75075.0,214591.49900538212,0.0
BR_2.6-3.1,ses,0.95,4.0,10,True,-1,0.0,2024-11-01,1.0,1.0,239446.44046306846,0.0,2633910.845093753,75075.0,239446.4404630685,0.0
BR_2.6-3.1,tsb,0.95,0.0,10,True,-1,0.0,2024-11-01,1.0,1.0,47665.11142447498,0.0,524316.2256692247,75075.0,54490.11142447498,0.0
BR_2.6-3.1,tsb,0.95,0.1,10,True,-1,0.0,2024-11-01,1.0,1.0,52762.79396038561,0.0,580390.7335642417,75075.0,59587.79396038561,0.0
BR_2.6-3.1,tsb,0.95,0.2,10,True,-1,0.0,2024-11-01,1.0,1.0,57860.476496296236,0.0,636465.2414592586,75075.0,64685.476496296236,0.0
BR_2.6-3.1,tsb,0.95,0.3,10,True,-1,0.0,2024-11-01,1.0,1.0,62958.159032206866,0.0,692539.7493542755,75075.0,69783.15903220687,0.0
BR_2.6-3.1,tsb,0.95,0.4,10,True,-1,0.0,2024-11-01,1.0,1.0,68055.8415681175,0.0,748614.2572492925,75075.0,74880.8415681175,0.0
BR_2.6-3.1,tsb,0.95,0.5,10,True,-1,0.0,2024-11-01,1.0,1.0,73153.52410402813,0.0,804688.7651443094,75075.0,79978.52410402813,0.0
BR_2.6-3.1,tsb,0.95,0.6,10,True,-1,0.0,2024-11-01,1.0,1.0,78251.20663993875,0.0,860763.2730393263,75075.0,85076.20663993875,0.0
BR_2.6-3.1,tsb,0.95,0.7,10,True,-1,0.0,2024-11-01,1.0,1.0,83348.88917584938,0.0,916837.7809343432,75075.0,90173.88917584938,0.0
BR_2.6-3.1,tsb,0.95,0.8,10,True,-1,0.0,2024-11-01,1.0,1.0,88446.57171176001,0.0,972912.2888293602,75075.0,95271.57171176001,0.0
BR_2.6-3.1,tsb,0.95,0.9,10,True,-1,0.0,2024-11-01,1.0,1.0,93544.25424767064,0.0,1028986.7967243771,75075.0,100369.25424767064,0.0
BR_2.6-3.1,tsb,0.95,1.0,10,True,-1,0.0,2024-11-01,1.0,1.0,98641.93678358127,0.0,1085061.304619394,75075.0,105466.93678358127,0.0
BR_2.6-3.1,tsb,0.95,1.1,10,True,-1,0.0,2024-11-01,1.0,1.0,103739.61931949189,0.0,1141135.8125144108,75075.0,110564.6193194919,0.0
BR_2.6-3.1,tsb,0.95,1.2,10,True,-1,0.0,2024-11-01,1.0,1.0,108837.30185540253,0.0,1197210.3204094279,75075.0,115662.30185540253,0.0
BR_2.6-3.1,tsb,0.95,1.2816,10,True,-1,0.0,2024-11-01,1.0,1.0,112997.0108047056,0.0,1242967.1188517616,75075.0,119822.01080470561,0.0
BR_2.6-3.1,tsb,0.95,1.3,10,True,-1,0.0,2024-11-01,1.0,1.0,113934.98439131318,0.0,1253284.828304445,75075.0,120759.98439131316,0.0
BR_2.6-3.1,tsb,0.95,1.4,10,True,-1,0.0,2024-11-01,1.0,1.0,119032.66692722379,0.0,1309359.3361994617,75075.0,125857.66692722379,0.0
BR_2.6-3.1,tsb,0.95,1.5,10,True,-1,0.0,2024-11-01,1.0,1.0,124130.34946313445,0.0,1365433.844094479,75075.0,130955.34946313442,0.0
BR_2.6-3.1,tsb,0.95,1.6,10,True,-1,0.0,2024-11-01,1.0,1.0,129228.03199904505,0.0,1421508.3519894956,75075.0,136053.03199904505,0.0
BR_2.6-3.1,tsb,0.95,1.6449,10,True,-1,0.0,2024-11-01,1.0,1.0,131516.89145766894,0.0,1446685.8060343585,75075.0,138341.89145766894,0.0
BR_2.6-3.1,tsb,0.95,1.7,10,True,-1,0.0,2024-11-01,1.0,1.0,134325.71453495565,0.0,1477582.8598845121,75075.0,141150.71453495568,0.0
BR_2.6-3.1,tsb,0.95,1.8,10,True,-1,0.0,2024-11-01,1.0,1.0,139423.3970708663,0.0,1533657.3677795294,75075.0,146248.3970708663,0.0
BR_2.6-3.1,tsb,0.95,1.9,10,True,-1,0.0,2024-11-01,1.0,1.0,144521.07960677697,0.0,1589731.8756745467,75075.0,151346.07960677694,0.0
BR_2.6-3.1,tsb,0.95,2.0,10,True,-1,0.0,2024-11-01,1.0,1.0,149618.76214268757,0.0,1645806.3835695633,75075.0,156443.76214268757,0.0
BR_2.6-3.1,tsb,0.95,2.0537,10,True,-1,0.0,2024-11-01,1.0,1.0,152356.2176644716,0.0,1675918.3943091875,75075.0,159181.2176644716,0.0
BR_2.6-3.1,tsb,0.95,2.1,10,True,-1,0.0,2024-11-01,1.0,1.0,154716.44467859817,0.0,1701880.8914645799,75075.0,161541.4446785982,0.0
BR_2.6-3.1,tsb,0.95,2.2,10,True,-1,0.0,2024-11-01,1.0,1.0,159814.12721450886,0.0,1757955.3993595974,75075.0,166639.12721450886,0.0
BR_2.6-3.1,tsb,0.95,2.3,10,True,-1,0.0,2024-11-01,1.0,1.0,164911.8097504195,0.0,1814029.9072546144,75075.0,171736.80975041946,0.0
BR_2.6-3.1,tsb,0.95,2.4,10,True,-1,0.0,2024-11-01,1.0,1.0,170009.4922863301,0.0,1870104.415149631,75075.0,176834.4922863301,0.0
BR_2.6-3.1,tsb,0.95,2.5,10,True,-1,0.0,2024-11-01,1.0,1.0,175107.1748222407,0.0,1926178.9230446476,75075.0,181932.17482224072,0.0
BR_2.6-3.1,tsb,0.95,2.6,10,True,-1,0.0,2024-11-01,1.0,1.0,180204.85735815138,0.0,1982253.430939665,75075.0,187029.85735815138,0.0
BR_2.6-3.1,tsb,0.95,2.7,10,True,-1,0.0,2024-11-01,1.0,1.0,185302.53989406204,0.0,2038327.9388346823,75075.0,192127.539894062,0.0
BR_2.6-3.1,tsb,0.95,2.8,10,True,-1,0.0,2024-11-01,1.0,1.0,190400.2224299726,0.0,2094402.4467296987,75075.0,197225.2224299726,0.0
BR_2.6-3.1,tsb,0.95,2.9,10,True,-1,0.0,2024-11-01,1.0,1.0,195497.9049658833,0.0,2150476.954624716,75075.0,202322.90496588327,0.0
BR_2.6-3.1,tsb,0.95,3.0,10,True,-1,0.0,2024-11-01,1.0,1.0,200595.5875017939,0.0,2206551.462519733,75075.0,207420.5875017939,0.0
BR_2.6-3.1,tsb,0.95,3.5,10,True,-1,0.0,2024-11-01,1.0,1.0,226084.00018134704,0.0,2486924.0019948175,75075.0,232909.00018134702,0.0
BR_2.6-3.1,tsb,0.95,4.0,10,True,-1,0.0,2024-11-01,1.0,1.0,251572.41286090016,0.0,2767296.541469902,75075.0,258397.41286090016,0.0
BR_2.6-3.1,xgb,0.95,0.0,10,True,-1,0.0,2024-11-01,0.6666666666666666,0.8333333333333334,318.9242657748136,8980.403400334444,991352.5409603119,75075.0,438.52086544036865,25025.0
BR_2.6-3.1,xgb,0.95,0.1,10,True,-1,0.0,2024-11-01,0.6666666666666666,0.8333333333333334,7366.548112638485,10887.544457760569,1278661.9195926858,75075.0,10129.003654877917,0.0
BR_2.6-3.1,xgb,0.95,0.2,10,True,-1,0.0,2024-11-01,0.6666666666666666,0.8333333333333334,14414.171959502157,8244.685515186691,1065471.2982250596,75075.0,19819.486444315466,0.0
BR_2.6-3.1,xgb,0.95,0.3,10,True,-1,0.0,2024-11-01,0.7264065166001068,0.8333333333333334,7811.795806365829,5601.826572612815,702130.6768574337,75075.0,4484.969233753014,25025.0
BR_2.6-3.1,xgb,0.95,0.4,10,True,-1,0.0,2024-11-01,0.8554838764327747,0.8333333333333334,10309.419653229497,2958.9676300389397,438890.05548980786,75075.0,14175.452023190555,25025.0
BR_2.6-3.1,xgb,0.95,0.5,10,True,-1,0.0,2024-11-01,0.9845612362654427,0.8333333333333334,17357.043500093172,316.1086874650606,225699.43412218156,75075.0,23865.93481262811,0.0
BR_2.6-3.1,xgb,0.95,0.6,10,True,-1,0.0,2024-11-01,1.0,1.0,26731.41760206566,0.0,294045.59362272226,75075.0,33556.41760206566,0.0
BR_2.6-3.1,xgb,0.95,0.7,10,True,-1,0.0,2024-11-01,1.0,1.0,31871.90039150319,0.0,350590.9043065351,75075.0,18221.900391503194,25025.0
BR_2.6-3.1,xgb,0.95,0.8,10,True,-1,0.0,2024-11-01,1.0,1.0,41562.38318094075,0.0,457186.2149903482,75075.0,27912.383180940742,25025.0
BR_2.6-3.1,xgb,0.95,0.9,10,True,-1,0.0,2024-11-01,1.0,1.0,42152.86597037828,0.0,463681.52567416115,75075.0,37602.86597037829,25025.0
BR_2.6-3.1,xgb,0.95,1.0,10,True,-1,0.0,2024-11-01,1.0,1.0,51843.34875981584,0.0,570276.8363579742,75075.0,47293.34875981584,0.0
BR_2.6-3.1,xgb,0.95,1.1,10,True,-1,0.0,2024-11-01,1.0,1.0,61533.83154925336,0.0,676872.1470417869,75075.0,56983.83154925337,0.0
BR_2.6-3.1,xgb,0.95,1.2,10,True,-1,0.0,2024-11-01,1.0,1.0,62124.31433869095,0.0,683367.4577256005,75075.0,41649.31433869095,25025.0
BR_2.6-3.1,xgb,0.95,1.2816,10,True,-1,0.0,2024-11-01,1.0,1.0,70031.748294872,0.0,770349.231243592,75075.0,49556.748294872,25025.0
BR_2.6-3.1,xgb,0.95,1.3,10,True,-1,0.0,2024-11-01,1.0,1.0,71814.79712812847,0.0,789962.7684094132,75075.0,51339.79712812847,25025.0
BR_2.6-3.1,xgb,0.95,1.4,10,True,-1,0.0,2024-11-01,1.0,1.0,81505.279917566,0.0,896558.0790932261,75075.0,61030.27991756602,25025.0
BR_2.6-3.1,xgb,0.95,1.5,10,True,-1,0.0,2024-11-01,1.0,1.0,91195.76270700358,0.0,1003153.3897770394,75075.0,70720.76270700357,0.0
BR_2.6-3.1,xgb,0.95,1.6,10,True,-1,0.0,2024-11-01,1.0,1.0,87236.24549644113,0.0,959598.7004608524,75075.0,55386.245496441115,25025.0
BR_2.6-3.1,xgb,0.95,1.6449,10,True,-1,0.0,2024-11-01,1.0,1.0,91587.27226889857,0.0,1007459.9949578843,75075.0,59737.27226889858,25025.0
BR_2.6-3.1,xgb,0.95,1.7,10,True,-1,0.0,2024-11-01,1.0,1.0,96926.72828587866,0.0,1066194.0111446653,75075.0,65076.728285878664,25025.0
BR_2.6-3.1,xgb,0.95,1.8,10,True,-1,0.0,2024-11-01,1.0,1.0,106617.2110753162,0.0,1172789.3218284782,75075.0,74767.21107531621,25025.0
BR_2.6-3.1,xgb,0.95,1.9,10,True,-1,0.0,2024-11-01,1.0,1.0,116307.69386475375,0.0,1279384.6325122912,75075.0,84457.69386475376,0.0
BR_2.6-3.1,xgb,0.95,2.0,10,True,-1,0.0,2024-11-01,1.0,1.0,125998.17665419128,0.0,1385979.9431961041,75075.0,94148.17665419131,0.0
BR_2.6-3.1,xgb,0.95,2.0537,10,True,-1,0.0,2024-11-01,1.0,1.0,131201.96591211928,0.0,1443221.625033312,75075.0,99351.96591211928,0.0
BR_2.6-3.1,xgb,0.95,2.1,10,True,-1,0.0,2024-11-01,1.0,1.0,135688.6594436289,0.0,1492575.2538799178,75075.0,103838.65944362886,0.0
BR_2.6-3.1,xgb,0.95,2.2,10,True,-1,0.0,2024-11-01,1.0,1.0,145379.14223306644,0.0,1599170.5645637307,75075.0,113529.1422330664,0.0
BR_2.6-3.1,xgb,0.95,2.3,10,True,-1,0.0,2024-11-01,1.0,1.0,155069.62502250395,0.0,1705765.8752475434,75075.0,123219.62502250393,0.0
BR_2.6-3.1,xgb,0.95,2.4,10,True,-1,0.0,2024-11-01,1.0,1.0,164760.1078119415,0.0,1812361.1859313566,75075.0,132910.1078119415,0.0
BR_2.6-3.1,xgb,0.95,2.5,10,True,-1,0.0,2024-11-01,1.0,1.0,174450.59060137905,0.0,1918956.4966151696,75075.0,142600.59060137905,0.0
BR_2.6-3.1,xgb,0.95,2.6,10,True,-1,0.0,2024-11-01,1.0,1.0,184141.07339081657,0.0,2025551.8072989823,75075.0,152291.07339081657,0.0
BR_2.6-3.1,xgb,0.95,2.7,10,True,-1,0.0,2024-11-01,1.0,1.0,193831.55618025412,0.0,2132147.1179827955,75075.0,161981.55618025415,0.0
BR_2.6-3.1,xgb,0.95,2.8,10,True,-1,0.0,2024-11-01,1.0,1.0,203522.03896969167,0.0,2238742.4286666084,75075.0,171672.03896969167,0.0
BR_2.6-3.1,xgb,0.95,2.9,10,True,-1,0.0,2024-11-01,1.0,1.0,213212.52175912922,0.0,2345337.7393504214,75075.0,181362.52175912925,0.0
BR_2.6-3.1,xgb,0.95,3.0,10,True,-1,0.0,2024-11-01,1.0,1.0,222903.0045485668,0.0,2451933.0500342348,75075.0,191053.00454856677,0.0
BR_2.6-3.1,xgb,0.95,3.5,10,True,-1,0.0,2024-11-01,1.0,1.0,271355.4184957546,0.0,2984909.6034533004,75075.0,239505.41849575454,0.0
BR_2.6-3.1,xgb,0.95,4.0,10,True,-1,0.0,2024-11-01,1.0,1.0,319807.8324429422,0.0,3517886.156872364,75075.0,287957.83244294225,0.0
BR_3.1-3.6,arima,0.95,0.0,10,True,-1,0.0,2024-11-01,1.0,1.0,43371.662524007974,0.0,477088.2877640877,25025.0,29721.66252400798,0.0
BR_3.1-3.6,arima,0.95,0.1,10,True,-1,0.0,2024-11-01,1.0,1.0,52635.02187533821,0.0,578985.2406287203,25025.0,38985.021875338214,0.0
BR_3.1-3.6,arima,0.95,0.2,10,True,-1,0.0,2024-11-01,1.0,1.0,61898.381226668454,0.0,680882.193493353,25025.0,48248.38122666844,0.0
BR_3.1-3.6,arima,0.95,0.3,10,True,-1,0.0,2024-11-01,1.0,1.0,71161.74057799867,0.0,782779.1463579854,25025.0,57511.74057799867,0.0
BR_3.1-3.6,arima,0.95,0.4,10,True,-1,0.0,2024-11-01,1.0,1.0,57675.0999293289,0.0,634426.0992226179,25025.0,41750.099929328906,0.0
BR_3.1-3.6,arima,0.95,0.5,10,True,-1,0.0,2024-11-01,1.0,1.0,66938.45928065912,0.0,736323.0520872504,25025.0,51013.45928065914,0.0
BR_3.1-3.6,arima,0.95,0.6,10,True,-1,0.0,2024-11-01,1.0,1.0,76201.81863198939,0.0,838220.0049518832,25025.0,60276.81863198937,0.0
BR_3.1-3.6,arima,0.95,0.7,10,True,-1,0.0,2024-11-01,1.0,1.0,85465.1779833196,0.0,940116.9578165156,25025.0,69540.17798331959,0.0
BR_3.1-3.6,arima,0.95,0.8,10,True,-1,0.0,2024-11-01,1.0,1.0,71978.53733464982,0.0,791763.9106811481,25025.0,53778.53733464982,0.0
BR_3.1-3.6,arima,0.95,0.9,10,True,-1,0.0,2024-11-01,1.0,1.0,81241.89668598004,0.0,893660.8635457805,25025.0,63041.89668598006,0.0
BR_3.1-3.6,arima,0.95,1.0,10,True,-1,0.0,2024-11-01,1.0,1.0,90505.25603731028,0.0,995557.816410413,25025.0,72305.25603731029,0.0
BR_3.1-3.6,arima,0.95,1.1,10,True,-1,0.0,2024-11-01,1.0,1.0,99768.61538864052,0.0,1097454.7692750457,25025.0,81568.61538864052,0.0
BR_3.1-3.6,arima,0.95,1.2,10,True,-1,0.0,2024-11-01,1.0,1.0,109031.97473997077,0.0,1199351.7221396784,25025.0,90831.97473997076,0.0
BR_3.1-3.6,arima,0.95,1.2816,10,True,-1,0.0,2024-11-01,1.0,1.0,116590.87597065624,0.0,1282499.6356772187,25025.0,98390.87597065623,0.0
BR_3.1-3.6,arima,0.95,1.3,10,True,-1,0.0,2024-11-01,1.0,1.0,118295.33409130102,0.0,1301248.6750043111,25025.0,100095.33409130099,0.0
BR_3.1-3.6,arima,0.95,1.4,10,True,-1,0.0,2024-11-01,1.0,1.0,127558.69344263124,0.0,1403145.6278689436,25025.0,109358.69344263122,0.0
BR_3.1-3.6,arima,0.95,1.5,10,True,-1,0.0,2024-11-01,1.0,1.0,136822.05279396145,0.0,1505042.580733576,25025.0,118622.05279396145,0.0
BR_3.1-3.6,arima,0.95,1.6,10,True,-1,0.0,2024-11-01,1.0,1.0,146085.4121452917,0.0,1606939.5335982086,25025.0,127885.41214529169,0.0
BR_3.1-3.6,arima,0.95,1.6449,10,True,-1,0.0,2024-11-01,1.0,1.0,150244.660494039,0.0,1652691.265434429,25025.0,132044.66049403898,0.0
BR_3.1-3.6,arima,0.95,1.7,10,True,-1,0.0,2024-11-01,1.0,1.0,155348.77149662192,0.0,1708836.486462841,25025.0,137148.77149662192,0.0
BR_3.1-3.6,arima,0.95,1.8,10,True,-1,0.0,2024-11-01,1.0,1.0,164612.13084795212,0.0,1810733.4393274735,25025.0,146412.13084795215,0.0
BR_3.1-3.6,arima,0.95,1.9,10,True,-1,0.0,2024-11-01,1.0,1.0,173875.49019928236,0.0,1912630.392192106,25025.0,155675.4901992824,0.0
BR_3.1-3.6,arima,0.95,2.0,10,True,-1,0.0,2024-11-01,1.0,1.0,183138.84955061265,0.0,2014527.3450567392,25025.0,164938.84955061262,0.0
BR_3.1-3.6,arima,0.95,2.0537,10,True,-1,0.0,2024-11-01,1.0,1.0,188113.27352227693,0.0,2069246.0087450463,25025.0,169913.27352227696,0.0
BR_3.1-3.6,arima,0.95,2.1,10,True,-1,0.0,2024-11-01,1.0,1.0,192402.20890194288,0.0,2116424.2979213716,25025.0,174202.20890194285,0.0
BR_3.1-3.6,arima,0.95,2.2,10,True,-1,0.0,2024-11-01,1.0,1.0,201665.56825327312,0.0,2218321.250786004,25025.0,183465.5682532731,0.0
BR_3.1-3.6,arima,0.95,2.3,10,True,-1,0.0,2024-11-01,1.0,1.0,210928.9276046033,0.0,2320218.203650636,25025.0,192728.9276046033,0.0
BR_3.1-3.6,arima,0.95,2.4,10,True,-1,0.0,2024-11-01,1.0,1.0,220192.28695593355,0.0,2422115.156515269,25025.0,201992.28695593355,0.0
BR_3.1-3.6,arima,0.95,2.5,10,True,-1,0.0,2024-11-01,1.0,1.0,229455.6463072637,0.0,2524012.1093799006,25025.0,211255.64630726376,0.0
BR_3.1-3.6,arima,0.95,2.6,10,True,-1,0.0,2024-11-01,1.0,1.0,238719.005658594,0.0,2625909.062244534,25025.0,220519.00565859402,0.0
BR_3.1-3.6,arima,0.95,2.7,10,True,-1,0.0,2024-11-01,1.0,1.0,247982.36500992428,0.0,2727806.015109167,25025.0,229782.36500992422,0.0
BR_3.1-3.6,arima,0.95,2.8,10,True,-1,0.0,2024-11-01,1.0,1.0,257245.7243612544,0.0,2829702.9679737985,25025.0,239045.72436125443,0.0
BR_3.1-3.6,arima,0.95,2.9,10,True,-1,0.0,2024-11-01,1.0,1.0,266509.08371258475,0.0,2931599.920838432,25025.0,248309.0837125847,0.0
BR_3.1-3.6,arima,0.95,3.0,10,True,-1,0.0,2024-11-01,1.0,1.0,275772.44306391483,0.0,3033496.8737030635,25025.0,257572.4430639149,0.0
BR_3.1-3.6,arima,0.95,3.5,10,True,-1,0.0,2024-11-01,1.0,1.0,322089.2398205661,0.0,3542981.638026227,25025.0,303889.2398205661,0.0
BR_3.1-3.6,arima,0.95,4.0,10,True,-1,0.0,2024-11-01,1.0,1.0,368406.0365772172,0.0,4052466.4023493896,25025.0,350206.0365772172,0.0
BR_3.1-3.6,croston,0.95,0.0,10,True,-1,0.0,2024-11-01,1.0,1.0,52785.99018335182,0.0,580645.8920168701,25025.0,39135.99018335183,0.0
BR_3.1-3.6,croston,0.95,0.1,10,True,-1,0.0,2024-11-01,1.0,1.0,59580.99286229352,0.0,655390.9214852287,25025.0,43655.992862293526,0.0
BR_3.1-3.6,croston,0.95,0.2,10,True,-1,0.0,2024-11-01,1.0,1.0,64100.99554123521,0.0,705110.9509535873,25025.0,48175.995541235214,0.0
BR_3.1-3.6,croston,0.95,0.3,10,True,-1,0.0,2024-11-01,1.0,1.0,68620.9982201769,0.0,754830.9804219459,25025.0,52695.9982201769,0.0
BR_3.1-3.6,croston,0.95,0.4,10,True,-1,0.0,2024-11-01,1.0,1.0,73141.0008991186,0.0,804551.0098903046,25025.0,57216.000899118604,0.0
BR_3.1-3.6,croston,0.95,0.5,10,True,-1,0.0,2024-11-01,1.0,1.0,77661.00357806029,0.0,854271.0393586633,25025.0,61736.00357806029,0.0
BR_3.1-3.6,croston,0.95,0.6,10,True,-1,0.0,2024-11-01,1.0,1.0,82181.006257002,0.0,903991.0688270219,25025.0,66256.00625700198,0.0
BR_3.1-3.6,croston,0.95,0.7,10,True,-1,0.0,2024-11-01,1.0,1.0,86701.0089359437,0.0,953711.0982953806,25025.0,70776.00893594368,0.0
BR_3.1-3.6,croston,0.95,0.8,10,True,-1,0.0,2024-11-01,1.0,1.0,91221.0116148854,0.0,1003431.1277637393,25025.0,75296.01161488538,0.0
BR_3.1-3.6,croston,0.95,0.9,10,True,-1,0.0,2024-11-01,1.0,1.0,95741.01429382707,0.0,1053151.1572320978,25025.0,79816.01429382706,0.0
BR_3.1-3.6,croston,0.95,1.0,10,True,-1,0.0,2024-11-01,1.0,1.0,100261.01697276878,0.0,1102871.1867004565,25025.0,84336.01697276876,0.0
BR_3.1-3.6,croston,0.95,1.1,10,True,-1,0.0,2024-11-01,1.0,1.0,104781.01965171048,0.0,1152591.2161688153,25025.0,88856.01965171046,0.0
BR_3.1-3.6,croston,0.95,1.2,10,True,-1,0.0,2024-11-01,1.0,1.0,109301.02233065214,0.0,1202311.2456371735,25025.0,93376.02233065214,0.0
BR_3.1-3.6,croston,0.95,1.2816,10,True,-1,0.0,2024-11-01,1.0,1.0,112989.34451666856,0.0,1242882.789683354,25025.0,97064.34451666859,0.0
BR_3.1-3.6,croston,0.95,1.3,10,True,-1,0.0,2024-11-01,1.0,1.0,113821.02500959387,0.0,1252031.2751055325,25025.0,97896.02500959384,0.0
BR_3.1-3.6,croston,0.95,1.4,10,True,-1,0.0,2024-11-01,1.0,1.0,118341.02768853548,0.0,1301751.3045738903,25025.0,102416.02768853551,0.0
BR_3.1-3.6,croston,0.95,1.5,10,True,-1,0.0,2024-11-01,1.0,1.0,122861.03036747724,0.0,1351471.3340422497,25025.0,106936.03036747721,0.0
BR_3.1-3.6,croston,0.95,1.6,10,True,-1,0.0,2024-11-01,1.0,1.0,127381.03304641889,0.0,1401191.3635106077,25025.0,111456.03304641892,0.0
BR_3.1-3.6,croston,0.95,1.6449,10,True,-1,0.0,2024-11-01,1.0,1.0,129410.51424926375,0.0,1423515.6567419013,25025.0,113485.51424926374,0.0
BR_3.1-3.6,croston,0.95,1.7,10,True,-1,0.0,2024-11-01,1.0,1.0,131901.03572536065,0.0,1450911.3929789672,25025.0,115976.03572536062,0.0
BR_3.1-3.6,croston,0.95,1.8,10,True,-1,0.0,2024-11-01,1.0,1.0,136421.03840430226,0.0,1500631.422447325,25025.0,120496.0384043023,0.0
BR_3.1-3.6,croston,0.95,1.9,10,True,-1,0.0,2024-11-01,1.0,1.0,140941.04108324397,0.0,1550351.4519156837,25025.0,125016.041083244,0.0
BR_3.1-3.6,croston,0.95,2.0,10,True,-1,0.0,2024-11-01,1.0,1.0,145461.04376218567,0.0,1600071.4813840424,25025.0,129536.0437621857,0.0
BR_3.1-3.6,croston,0.95,2.0537,10,True,-1,0.0,2024-11-01,1.0,1.0,147888.2852007774,0.0,1626771.1372085514,25025.0,131963.28520077738,0.0
BR_3.1-3.6,croston,0.95,2.1,10,True,-1,0.0,2024-11-01,1.0,1.0,149981.04644112737,0.0,1649791.5108524011,25025.0,134056.0464411274,0.0
BR_3.1-3.6,croston,0.95,2.2,10,True,-1,0.0,2024-11-01,1.0,1.0,154501.04912006904,0.0,1699511.5403207596,25025.0,138576.04912006907,0.0
BR_3.1-3.6,croston,0.95,2.3,10,True,-1,0.0,2024-11-01,1.0,1.0,159021.05179901075,0.0,1749231.5697891181,25025.0,143096.05179901075,0.0
BR_3.1-3.6,croston,0.95,2.4,10,True,-1,0.0,2024-11-01,1.0,1.0,163541.05447795245,0.0,1798951.5992574769,25025.0,147616.05447795245,0.0
BR_3.1-3.6,croston,0.95,2.5,10,True,-1,0.0,2024-11-01,1.0,1.0,168061.05715689415,0.0,1848671.6287258356,25025.0,152136.05715689415,0.0
BR_3.1-3.6,croston,0.95,2.6,10,True,-1,0.0,2024-11-01,1.0,1.0,172581.05983583585,0.0,1898391.6581941943,25025.0,156656.05983583585,0.0
BR_3.1-3.6,croston,0.95,2.7,10,True,-1,0.0,2024-11-01,1.0,1.0,177101.06251477756,0.0,1948111.687662553,25025.0,161176.06251477756,0.0
BR_3.1-3.6,croston,0.95,2.8,10,True,-1,0.0,2024-11-01,1.0,1.0,181621.06519371923,0.0,1997831.7171309115,25025.0,165696.06519371923,0.0
BR_3.1-3.6,croston,0.95,2.9,10,True,-1,0.0,2024-11-01,1.0,1.0,186141.0678726609,0.0,2047551.74659927,25025.0,170216.0678726609,0.0
BR_3.1-3.6,croston,0.95,3.0,10,True,-1,0.0,2024-11-01,1.0,1.0,190661.0705516026,0.0,2097271.7760676285,25025.0,174736.0705516026,0.0
BR_3.1-3.6,croston,0.95,3.5,10,True,-1,0.0,2024-11-01,1.0,1.0,213261.0839463111,0.0,2345871.923409422,25025.0,197336.0839463111,0.0
BR_3.1-3.6,croston,0.95,4.0,10,True,-1,0.0,2024-11-01,1.0,1.0,235861.09734101957,0.0,2594472.0707512153,25025.0,219936.09734101954,0.0
BR_3.1-3.6,hybrid,0.95,0.0,10,True,-1,0.0,2024-11-01,1.0,1.0,46510.5126953125,126.44873046875,525525.0,25025.0,48659.06396484375,0.0
BR_3.1-3.6,hybrid,0.95,0.1,10,True,-1,0.0,2024-11-01,1.0,1.0,42619.405907607805,0.0,468813.4649836859,25025.0,28969.405907607805,0.0
BR_3.1-3.6,hybrid,0.95,0.2,10,True,-1,0.0,2024-11-01,1.0,1.0,47954.74785037187,0.0,527502.2263540905,25025.0,34304.74785037186,0.0
BR_3.1-3.6,hybrid,0.95,0.3,10,True,-1,0.0,2024-11-01,1.0,1.0,53290.0897931359,0.0,586190.9877244949,25025.0,39640.08979313591,0.0
BR_3.1-3.6,hybrid,0.95,0.4,10,True,-1,0.0,2024-11-01,1.0,1.0,44975.431735899976,0.0,494729.74909489974,25025.0,44975.43173589997,0.0
BR_3.1-3.6,hybrid,0.95,0.5,10,True,-1,0.0,2024-11-01,1.0,1.0,50310.77367866401,0.0,553418.5104653041,25025.0,50310.773678664016,0.0
BR_3.1-3.6,hybrid,0.95,0.6,10,True,-1,0.0,2024-11-01,1.0,1.0,55646.11562142807,0.0,612107.2718357088,25025.0,55646.11562142806,0.0
BR_3.1-3.6,hybrid,0.95,0.7,10,True,-1,0.0,2024-11-01,1.0,1.0,60981.457564192126,0.0,670796.0332061134,25025.0,60981.457564192126,0.0
BR_3.1-3.6,hybrid,0.95,0.8,10,True,-1,0.0,2024-11-01,1.0,1.0,64041.7995069562,0.0,704459.7945765182,25025.0,66316.79950695619,0.0
BR_3.1-3.6,hybrid,0.95,0.9,10,True,-1,0.0,2024-11-01,1.0,1.0,69377.14144972023,0.0,763148.5559469225,25025.0,71652.14144972022,0.0
BR_3.1-3.6,hybrid,0.95,1.0,10,True,-1,0.0,2024-11-01,1.0,1.0,65612.48339248427,0.0,721737.317317327,25025.0,51962.48339248428,0.0
BR_3.1-3.6,hybrid,0.95,1.1,10,True,-1,0.0,2024-11-01,1.0,1.0,70947.82533524836,0.0,780426.0786877319,25025.0,57297.825335248344,0.0
BR_3.1-3.6,hybrid,0.95,1.2,10,True,-1,0.0,2024-11-01,1.0,1.0,76283.16727801238,0.0,839114.8400581361,25025.0,62633.16727801238,0.0
BR_3.1-3.6,hybrid,0.95,1.2816,10,True,-1,0.0,2024-11-01,1.0,1.0,66986.80630330787,0.0,736854.8693363866,25025.0,66986.80630330787,0.0
BR_3.1-3.6,hybrid,0.95,1.3,10,True,-1,0.0,2024-11-01,1.0,1.0,67968.50922077642,0.0,747653.6014285407,25025.0,67968.50922077644,0.0
BR_3.1-3.6,hybrid,0.95,1.4,10,True,-1,0.0,2024-11-01,1.0,1.0,73303.85116354049,0.0,806342.3627989454,25025.0,73303.85116354049,0.0
BR_3.1-3.6,hybrid,0.95,1.5,10,True,-1,0.0,2024-11-01,1.0,1.0,78639.19310630453,0.0,865031.1241693499,25025.0,78639.19310630455,0.0
BR_3.1-3.6,hybrid,0.95,1.6,10,True,-1,0.0,2024-11-01,1.0,1.0,83974.53504906861,0.0,923719.8855397548,25025.0,83974.53504906861,0.0
BR_3.1-3.6,hybrid,0.95,1.6449,10,True,-1,0.0,2024-11-01,1.0,1.0,86370.10358136965,0.0,950071.1393950662,25025.0,86370.10358136967,0.0
BR_3.1-3.6,hybrid,0.95,1.7,10,True,-1,0.0,2024-11-01,1.0,1.0,89309.87699183264,0.0,982408.6469101592,25025.0,89309.87699183266,0.0
BR_3.1-3.6,hybrid,0.95,1.8,10,True,-1,0.0,2024-11-01,1.0,1.0,85545.21893459672,0.0,940997.4082805639,25025.0,69620.2189345967,0.0
BR_3.1-3.6,hybrid,0.95,1.9,10,True,-1,0.0,2024-11-01,1.0,1.0,90880.56087736075,0.0,999686.1696509683,25025.0,74955.56087736075,0.0
BR_3.1-3.6,hybrid,0.95,2.0,10,True,-1,0.0,2024-11-01,1.0,1.0,96215.9028201248,0.0,1058374.9310213728,25025.0,80290.90282012481,0.0
BR_3.1-3.6,hybrid,0.95,2.0537,10,True,-1,0.0,2024-11-01,1.0,1.0,99080.9814433891,0.0,1089890.7958772802,25025.0,83155.98144338912,0.0
BR_3.1-3.6,hybrid,0.95,2.1,10,True,-1,0.0,2024-11-01,1.0,1.0,101551.24476288888,0.0,1117063.6923917776,25025.0,85626.24476288888,0.0
BR_3.1-3.6,hybrid,0.95,2.2,10,True,-1,0.0,2024-11-01,1.0,1.0,93236.58670565295,0.0,1025602.4537621825,25025.0,90961.58670565294,0.0
BR_3.1-3.6,hybrid,0.95,2.3,10,True,-1,0.0,2024-11-01,1.0,1.0,98571.92864841697,0.0,1084291.2151325867,25025.0,96296.92864841697,0.0
BR_3.1-3.6,hybrid,0.95,2.4,10,True,-1,0.0,2024-11-01,1.0,1.0,103907.270591181,0.0,1142979.976502991,25025.0,101632.270591181,0.0
BR_3.1-3.6,hybrid,0.95,2.5,10,True,-1,0.0,2024-11-01,1.0,1.0,109242.61253394508,0.0,1201668.737873396,25025.0,106967.61253394507,0.0
BR_3.1-3.6,hybrid,0.95,2.6,10,True,-1,0.0,2024-11-01,1.0,1.0,114577.95447670914,0.0,1260357.4992438005,25025.0,112302.95447670913,0.0
BR_3.1-3.6,hybrid,0.95,2.7,10,True,-1,0.0,2024-11-01,1.0,1.0,110813.29641947318,0.0,1218946.260614205,25025.0,92613.29641947319,0.0
BR_3.1-3.6,hybrid,0.95,2.8,10,True,-1,0.0,2024-11-01,1.0,1.0,116148.63836223724,0.0,1277635.0219846095,25025.0,97948.63836223722,0.0
BR_3.1-3.6,hybrid,0.95,2.9,10,True,-1,0.0,2024-11-01,1.0,1.0,121483.98030500131,0.0,1336323.7833550144,25025.0,103283.98030500129,0.0
BR_3.1-3.6,hybrid,0.95,3.0,10,True,-1,0.0,2024-11-01,1.0,1.0,126819.32224776532,0.0,1395012.5447254186,25025.0,108619.32224776535,0.0
BR_3.1-3.6,hybrid,0.95,3.5,10,True,-1,0.0,2024-11-01,1.0,1.0,153496.03196158563,0.0,1688456.351577442,25025.0,135296.03196158563,0.0
BR_3.1-3.6,hybrid,0.95,4.0,10,True,-1,0.0,2024-11-01,1.0,1.0,180172.74167540585,0.0,1981900.1584294643,25025.0,161972.74167540588,0.0
BR_3.1-3.6,mitra,0.95,0.0,10,True,-1,0.0,2024-11-01,1.0,1.0,21612.5,1706.25,425425.0,25025.0,6256.25,25025.0
BR_3.1-3.6,mitra,0.95,0.1,10,True,-1,0.0,2024-11-01,1.0,1.0,24346.70971722686,1432.829028277314,425425.0,25025.0,9263.880688949546,25025.0
BR_3.1-3.6,mitra,0.95,0.2,10,True,-1,0.0,2024-11-01,1.0,1.0,27080.91943445372,1159.408056554628,425425.0,25025.0,12271.511377899093,25025.0
BR_3.1-3.6,mitra,0.95,0.3,10,True,-1,0.0,2024-11-01,1.0,1.0,29815.129151680576,885.9870848319425,425425.0,25025.0,15279.142066848632,0.0
BR_3.1-3.6,mitra,0.95,0.4,10,True,-1,0.0,2024-11-01,1.0,1.0,32549.338868907435,612.5661131092565,425425.0,25025.0,18286.772755798178,0.0
BR_3.1-3.6,mitra,0.95,0.5,10,True,-1,0.0,2024-11-01,1.0,1.0,35283.5485861343,339.1451413865705,425425.0,25025.0,21294.403444747724,0.0
BR_3.1-3.6,mitra,0.95,0.6,10,True,-1,0.0,2024-11-01,1.0,1.0,38017.75830336115,65.72416966388515,425425.0,25025.0,24302.034133697263,0.0
BR_3.1-3.6,mitra,0.95,0.7,10,True,-1,0.0,2024-11-01,1.0,1.0,40959.66482264682,0.0,450556.31304911495,25025.0,27309.66482264681,0.0
BR_3.1-3.6,mitra,0.95,0.8,10,True,-1,0.0,2024-11-01,1.0,1.0,43967.29551159636,0.0,483640.25062755996,25025.0,30317.295511596356,0.0
BR_3.1-3.6,mitra,0.95,0.9,10,True,-1,0.0,2024-11-01,1.0,1.0,46974.92620054591,0.0,516724.18820600497,25025.0,33324.9262005459,0.0
BR_3.1-3.6,mitra,0.95,1.0,10,True,-1,0.0,2024-11-01,1.0,1.0,49982.556889495456,0.0,549808.12578445,25025.0,36332.55688949545,0.0
BR_3.1-3.6,mitra,0.95,1.1,10,True,-1,0.0,2024-11-01,1.0,1.0,52990.187578444995,0.0,582892.0633628949,25025.0,39340.187578444995,0.0
BR_3.1-3.6,mitra,0.95,1.2,10,True,-1,0.0,2024-11-01,1.0,1.0,55997.818267394534,0.0,615976.0009413399,25025.0,42347.81826739453,0.0
BR_3.1-3.6,mitra,0.95,1.2816,10,True,-1,0.0,2024-11-01,1.0,1.0,58452.04490957736,0.0,642972.494005351,25025.0,44802.044909577366,0.0
BR_3.1-3.6,mitra,0.95,1.3,10,True,-1,0.0,2024-11-01,1.0,1.0,59005.448956344066,0.0,649059.9385197847,25025.0,45355.44895634407,0.0
BR_3.1-3.6,mitra,0.95,1.4,10,True,-1,0.0,2024-11-01,1.0,1.0,62013.07964529363,0.0,682143.8760982299,25025.0,48363.07964529362,0.0
BR_3.1-3.6,mitra,0.95,1.5,10,True,-1,0.0,2024-11-01,1.0,1.0,65020.71033424316,0.0,715227.8136766747,25025.0,51370.710334243166,0.0
BR_3.1-3.6,mitra,0.95,1.6,10,True,-1,0.0,2024-11-01,1.0,1.0,68028.34102319273,0.0,748311.7512551199,25025.0,54378.34102319271,0.0
BR_3.1-3.6,mitra,0.95,1.6449,10,True,-1,0.0,2024-11-01,1.0,1.0,69378.76720253107,0.0,763166.4392278418,25025.0,55728.76720253106,0.0
BR_3.1-3.6,mitra,0.95,1.7,10,True,-1,0.0,2024-11-01,1.0,1.0,71035.97171214224,0.0,781395.6888335648,25025.0,57385.97171214226,0.0
BR_3.1-3.6,mitra,0.95,1.8,10,True,-1,0.0,2024-11-01,1.0,1.0,74043.60240109182,0.0,814479.6264120099,25025.0,60393.602401091804,0.0
BR_3.1-3.6,mitra,0.95,1.9,10,True,-1,0.0,2024-11-01,1.0,1.0,77051.23309004134,0.0,847563.5639904548,25025.0,63401.23309004135,0.0
BR_3.1-3.6,mitra,0.95,2.0,10,True,-1,0.0,2024-11-01,1.0,1.0,80058.86377899091,0.0,880647.5015689,25025.0,66408.8637789909,0.0
BR_3.1-3.6,mitra,0.95,2.0537,10,True,-1,0.0,2024-11-01,1.0,1.0,81673.96145895681,0.0,898413.5760485248,25025.0,68023.9614589568,0.0
BR_3.1-3.6,mitra,0.95,2.1,10,True,-1,0.0,2024-11-01,1.0,1.0,83066.49446794043,0.0,913731.4391473448,25025.0,69416.49446794044,0.0
BR_3.1-3.6,mitra,0.95,2.2,10,True,-1,0.0,2024-11-01,1.0,1.0,86074.12515689,0.0,946815.37672579,25025.0,72424.12515688999,0.0
BR_3.1-3.6,mitra,0.95,2.3,10,True,-1,0.0,2024-11-01,1.0,1.0,89081.75584583952,0.0,979899.3143042347,25025.0,75431.75584583952,0.0
BR_3.1-3.6,mitra,0.95,2.4,10,True,-1,0.0,2024-11-01,1.0,1.0,92089.38653478908,0.0,1012983.2518826799,25025.0,78439.38653478907,0.0
BR_3.1-3.6,mitra,0.95,2.5,10,True,-1,0.0,2024-11-01,1.0,1.0,95097.01722373861,0.0,1046067.1894611247,25025.0,81447.01722373861,0.0
BR_3.1-3.6,mitra,0.95,2.6,10,True,-1,0.0,2024-11-01,1.0,1.0,98104.64791268817,0.0,1079151.12703957,25025.0,84454.64791268816,0.0
BR_3.1-3.6,mitra,0.95,2.7,10,True,-1,0.0,2024-11-01,1.0,1.0,101112.2786016377,0.0,1112235.0646180147,25025.0,87462.2786016377,0.0
BR_3.1-3.6,mitra,0.95,2.8,10,True,-1,0.0,2024-11-01,1.0,1.0,104119.90929058725,0.0,1145319.0021964598,25025.0,90469.90929058724,0.0
BR_3.1-3.6,mitra,0.95,2.9,10,True,-1,0.0,2024-11-01,1.0,1.0,107127.53997953678,0.0,1178402.9397749046,25025.0,93477.53997953678,0.0
BR_3.1-3.6,mitra,0.95,3.0,10,True,-1,0.0,2024-11-01,1.0,1.0,110135.17066848632,0.0,1211486.8773533495,25025.0,96485.17066848633,0.0
BR_3.1-3.6,mitra,0.95,3.5,10,True,-1,0.0,2024-11-01,1.0,1.0,125173.32411323403,0.0,1376906.5652455743,25025.0,111523.32411323406,0.0
BR_3.1-3.6,mitra,0.95,4.0,10,True,-1,0.0,2024-11-01,1.0,1.0,140211.47755798182,0.0,1542326.2531378,25025.0,126561.4775579818,0.0
BR_3.1-3.6,naive,0.95,0.0,10,True,-1,0.0,2024-11-01,0.0,0.8333333333333334,0.0,11375.0,1251250.0,25025.0,0.0,25025.0
BR_3.1-3.6,naive,0.95,0.1,10,True,-1,0.0,2024-11-01,0.5656854249492379,0.8333333333333334,9008.540392316614,6227.262632961935,784092.8339412956,25025.0,0.0,25025.0
BR_3.1-3.6,naive,0.95,0.2,10,True,-1,0.0,2024-11-01,1.0,1.0,18913.68683519033,1976.131316480967,425425.0,25025.0,3287.5555187093632,25025.0
BR_3.1-3.6,naive,0.95,0.3,10,True,-1,0.0,2024-11-01,1.0,1.0,31783.03025278549,689.1969747214508,425425.0,25025.0,17443.83327806404,25025.0
BR_3.1-3.6,naive,0.95,0.4,10,True,-1,0.0,2024-11-01,1.0,1.0,36150.11103741872,0.0,397651.22141160595,25025.0,31600.111037418726,0.0
BR_3.1-3.6,naive,0.95,0.5,10,True,-1,0.0,2024-11-01,1.0,1.0,36656.3887967734,0.0,403220.2767645074,25025.0,20731.388796773404,25025.0
BR_3.1-3.6,naive,0.95,0.6,10,True,-1,0.0,2024-11-01,1.0,1.0,50812.666556128075,0.0,558939.3321174089,25025.0,34887.66655612808,25025.0
BR_3.1-3.6,naive,0.95,0.7,10,True,-1,0.0,2024-11-01,1.0,1.0,55868.94431548275,0.0,614558.3874703103,25025.0,49043.94431548276,25025.0
BR_3.1-3.6,naive,0.95,0.8,10,True,-1,0.0,2024-11-01,1.0,1.0,70025.22207483744,0.0,770277.4428232119,25025.0,63200.22207483745,0.0
BR_3.1-3.6,naive,0.95,0.9,10,True,-1,0.0,2024-11-01,1.0,1.0,84181.49983419212,0.0,925996.4981761134,25025.0,77356.49983419213,0.0
BR_3.1-3.6,naive,0.95,1.0,10,True,-1,0.0,2024-11-01,1.0,1.0,84687.7775935468,0.0,931565.5535290148,25025.0,66487.77759354681,25025.0
BR_3.1-3.6,naive,0.95,1.1,10,True,-1,0.0,2024-11-01,1.0,1.0,98844.05535290153,0.0,1087284.6088819169,25025.0,80644.05535290152,25025.0
BR_3.1-3.6,naive,0.95,1.2,10,True,-1,0.0,2024-11-01,1.0,1.0,113000.33311225615,0.0,1243003.6642348177,25025.0,94800.33311225616,0.0
BR_3.1-3.6,naive,0.95,1.2816,10,True,-1,0.0,2024-11-01,1.0,1.0,124551.8557638896,0.0,1370070.4134027855,25025.0,106351.85576388959,0.0
BR_3.1-3.6,naive,0.95,1.3,10,True,-1,0.0,2024-11-01,1.0,1.0,127156.61087161089,0.0,1398722.7195877198,25025.0,108956.61087161087,0.0
BR_3.1-3.6,naive,0.95,1.4,10,True,-1,0.0,2024-11-01,1.0,1.0,141312.88863096552,0.0,1554441.7749406206,25025.0,123112.88863096552,0.0
BR_3.1-3.6,naive,0.95,1.5,10,True,-1,0.0,2024-11-01,1.0,1.0,155469.16639032026,0.0,1710160.8302935227,25025.0,137269.16639032023,0.0
BR_3.1-3.6,naive,0.95,1.6,10,True,-1,0.0,2024-11-01,1.0,1.0,169625.44414967488,0.0,1865879.8856464238,25025.0,151425.4441496749,0.0
BR_3.1-3.6,naive,0.95,1.6449,10,True,-1,0.0,2024-11-01,1.0,1.0,175981.61286362514,0.0,1935797.7414998766,25025.0,157781.61286362514,0.0
BR_3.1-3.6,naive,0.95,1.7,10,True,-1,0.0,2024-11-01,1.0,1.0,183781.72190902958,0.0,2021598.9409993254,25025.0,165581.72190902955,0.0
BR_3.1-3.6,naive,0.95,1.8,10,True,-1,0.0,2024-11-01,1.0,1.0,197937.99966838426,0.0,2177317.996352227,25025.0,179737.99966838426,0.0
BR_3.1-3.6,naive,0.95,1.9,10,True,-1,0.0,2024-11-01,1.0,1.0,212094.27742773897,0.0,2333037.0517051285,25025.0,193894.27742773894,0.0
BR_3.1-3.6,naive,0.95,2.0,10,True,-1,0.0,2024-11-01,1.0,1.0,226250.5551870936,0.0,2488756.1070580296,25025.0,208050.55518709362,0.0
BR_3.1-3.6,naive,0.95,2.0537,10,True,-1,0.0,2024-11-01,1.0,1.0,233852.47634386702,0.0,2572377.2397825373,25025.0,215652.47634386708,0.0
BR_3.1-3.6,naive,0.95,2.1,10,True,-1,0.0,2024-11-01,1.0,1.0,240406.83294644824,0.0,2644475.1624109307,25025.0,222206.8329464483,0.0
BR_3.1-3.6,naive,0.95,2.2,10,True,-1,0.0,2024-11-01,1.0,1.0,254563.11070580306,0.0,2800194.2177638337,25025.0,236363.11070580303,0.0
BR_3.1-3.6,naive,0.95,2.3,10,True,-1,0.0,2024-11-01,1.0,1.0,268719.38846515765,0.0,2955913.2731167343,25025.0,250519.38846515765,0.0
BR_3.1-3.6,naive,0.95,2.4,10,True,-1,0.0,2024-11-01,1.0,1.0,282875.66622451233,0.0,3111632.3284696355,25025.0,264675.66622451233,0.0
BR_3.1-3.6,naive,0.95,2.5,10,True,-1,0.0,2024-11-01,1.0,1.0,297031.94398386695,0.0,3267351.3838225366,25025.0,278831.943983867,0.0
BR_3.1-3.6,naive,0.95,2.6,10,True,-1,0.0,2024-11-01,1.0,1.0,311188.2217432218,0.0,3423070.4391754395,25025.0,292988.22174322174,0.0
BR_3.1-3.6,naive,0.95,2.7,10,True,-1,0.0,2024-11-01,1.0,1.0,325344.4995025764,0.0,3578789.4945283406,25025.0,307144.4995025764,0.0
BR_3.1-3.6,naive,0.95,2.8,10,True,-1,0.0,2024-11-01,1.0,1.0,339500.77726193104,0.0,3734508.5498812413,25025.0,321300.77726193104,0.0
BR_3.1-3.6,naive,0.95,2.9,10,True,-1,0.0,2024-11-01,1.0,1.0,353657.05502128566,0.0,3890227.6052341424,25025.0,335457.0550212857,0.0
BR_3.1-3.6,naive,0.95,3.0,10,True,-1,0.0,2024-11-01,1.0,1.0,367813.3327806405,0.0,4045946.6605870454,25025.0,349613.33278064046,0.0
BR_3.1-3.6,naive,0.95,3.5,10,True,-1,0.0,2024-11-01,1.0,1.0,438594.7215774139,0.0,4824541.937351553,25025.0,420394.72157741385,0.0
BR_3.1-3.6,naive,0.95,4.0,10,True,-1,0.0,2024-11-01,1.0,1.0,509376.1103741872,0.0,5603137.214116059,25025.0,491176.11037418724,0.0
BR_3.1-3.6,rf,0.95,0.0,10,True,-1,0.0,2024-11-01,1.0,1.0,86082.64,0.0,946909.04,25025.0,67882.64,0.0
BR_3.1-3.6,rf,0.95,0.1,10,True,-1,0.0,2024-11-01,1.0,1.0,89754.55192144365,0.0,987300.0711358801,25025.0,73829.55192144364,0.0
BR_3.1-3.6,rf,0.95,0.2,10,True,-1,0.0,2024-11-01,1.0,1.0,95701.46384288729,0.0,1052716.10227176,25025.0,79776.46384288729,0.0
BR_3.1-3.6,rf,0.95,0.3,10,True,-1,0.0,2024-11-01,1.0,1.0,78898.37576433094,0.0,867882.1334076403,25025.0,60698.37576433092,0.0
BR_3.1-3.6,rf,0.95,0.4,10,True,-1,0.0,2024-11-01,1.0,1.0,84845.28768577454,0.0,933298.16454352,25025.0,66645.28768577456,0.0
BR_3.1-3.6,rf,0.95,0.5,10,True,-1,0.0,2024-11-01,1.0,1.0,90792.1996072182,0.0,998714.1956794001,25025.0,72592.19960721821,0.0
BR_3.1-3.6,rf,0.95,0.6,10,True,-1,0.0,2024-11-01,1.0,1.0,96739.11152866184,0.0,1064130.2268152803,25025.0,78539.11152866184,0.0
BR_3.1-3.6,rf,0.95,0.7,10,True,-1,0.0,2024-11-01,1.0,1.0,102686.02345010547,0.0,1129546.2579511602,25025.0,84486.02345010548,0.0
BR_3.1-3.6,rf,0.95,0.8,10,True,-1,0.0,2024-11-01,1.0,1.0,108632.93537154912,0.0,1194962.2890870403,25025.0,90432.93537154913,0.0
BR_3.1-3.6,rf,0.95,0.9,10,True,-1,0.0,2024-11-01,1.0,1.0,114579.84729299277,0.0,1260378.3202229205,25025.0,96379.84729299277,0.0
BR_3.1-3.6,rf,0.95,1.0,10,True,-1,0.0,2024-11-01,1.0,1.0,120526.7592144364,0.0,1325794.3513588004,25025.0,102326.7592144364,0.0
BR_3.1-3.6,rf,0.95,1.1,10,True,-1,0.0,2024-11-01,1.0,1.0,126473.67113588005,0.0,1391210.3824946806,25025.0,108273.67113588005,0.0
BR_3.1-3.6,rf,0.95,1.2,10,True,-1,0.0,2024-11-01,1.0,1.0,132420.5830573237,0.0,1456626.4136305607,25025.0,114220.5830573237,0.0
BR_3.1-3.6,rf,0.95,1.2816,10,True,-1,0.0,2024-11-01,1.0,1.0,134998.2631852217,0.0,1484980.8950374387,25025.0,119073.2631852217,0.0
BR_3.1-3.6,rf,0.95,1.3,10,True,-1,0.0,2024-11-01,1.0,1.0,136092.49497876735,0.0,1497017.444766441,25025.0,120167.49497876735,0.0
BR_3.1-3.6,rf,0.95,1.4,10,True,-1,0.0,2024-11-01,1.0,1.0,128389.40690021099,0.0,1412283.4759023208,25025.0,126114.40690021098,0.0
BR_3.1-3.6,rf,0.95,1.5,10,True,-1,0.0,2024-11-01,1.0,1.0,134336.31882165463,0.0,1477699.5070382007,25025.0,132061.3188216546,0.0
BR_3.1-3.6,rf,0.95,1.6,10,True,-1,0.0,2024-11-01,1.0,1.0,140283.23074309828,0.0,1543115.538174081,25025.0,138008.23074309825,0.0
BR_3.1-3.6,rf,0.95,1.6449,10,True,-1,0.0,2024-11-01,1.0,1.0,142953.39419582646,0.0,1572487.336154091,25025.0,140678.39419582643,0.0
BR_3.1-3.6,rf,0.95,1.7,10,True,-1,0.0,2024-11-01,1.0,1.0,146230.14266454193,0.0,1608531.569309961,25025.0,143955.1426645419,0.0
BR_3.1-3.6,rf,0.95,1.8,10,True,-1,0.0,2024-11-01,1.0,1.0,152177.05458598558,0.0,1673947.6004458412,25025.0,149902.05458598555,0.0
BR_3.1-3.6,rf,0.95,1.9,10,True,-1,0.0,2024-11-01,1.0,1.0,158123.9665074292,0.0,1739363.6315817211,25025.0,155848.96650742917,0.0
BR_3.1-3.6,rf,0.95,2.0,10,True,-1,0.0,2024-11-01,1.0,1.0,164070.87842887285,0.0,1804779.6627176013,25025.0,161795.87842887282,0.0
BR_3.1-3.6,rf,0.95,2.0537,10,True,-1,0.0,2024-11-01,1.0,1.0,167264.37013068804,0.0,1839908.0714375684,25025.0,164989.37013068807,0.0
BR_3.1-3.6,rf,0.95,2.1,10,True,-1,0.0,2024-11-01,1.0,1.0,170017.7903503165,0.0,1870195.6938534814,25025.0,167742.79035031647,0.0
BR_3.1-3.6,rf,0.95,2.2,10,True,-1,0.0,2024-11-01,1.0,1.0,175964.70227176006,0.0,1935611.7249893607,25025.0,173689.7022717601,0.0
BR_3.1-3.6,rf,0.95,2.3,10,True,-1,0.0,2024-11-01,1.0,1.0,181911.61419320377,0.0,2001027.7561252415,25025.0,179636.61419320374,0.0
BR_3.1-3.6,rf,0.95,2.4,10,True,-1,0.0,2024-11-01,1.0,1.0,187858.52611464736,0.0,2066443.787261121,25025.0,185583.5261146474,0.0
BR_3.1-3.6,rf,0.95,2.5,10,True,-1,0.0,2024-11-01,1.0,1.0,177880.43803609107,0.0,1956684.8183970018,25025.0,191530.43803609104,0.0
BR_3.1-3.6,rf,0.95,2.6,10,True,-1,0.0,2024-11-01,1.0,1.0,183827.34995753467,0.0,2022100.8495328813,25025.0,197477.3499575347,0.0
BR_3.1-3.6,rf,0.95,2.7,10,True,-1,0.0,2024-11-01,1.0,1.0,189774.26187897837,0.0,2087516.8806687621,25025.0,203424.26187897834,0.0
BR_3.1-3.6,rf,0.95,2.8,10,True,-1,0.0,2024-11-01,1.0,1.0,195721.1738004219,0.0,2152932.911804641,25025.0,209371.17380042194,0.0
BR_3.1-3.6,rf,0.95,2.9,10,True,-1,0.0,2024-11-01,1.0,1.0,201668.0857218656,0.0,2218348.9429405215,25025.0,215318.0857218656,0.0
BR_3.1-3.6,rf,0.95,3.0,10,True,-1,0.0,2024-11-01,1.0,1.0,198514.9976433092,0.0,2183664.9740764014,25025.0,196239.99764330924,0.0
BR_3.1-3.6,rf,0.95,3.5,10,True,-1,0.0,2024-11-01,1.0,1.0,228249.5572505274,0.0,2510745.1297558015,25025.0,225974.55725052743,0.0
BR_3.1-3.6,rf,0.95,4.0,10,True,-1,0.0,2024-11-01,1.0,1.0,242059.11685774566,0.0,2662650.285435202,25025.0,255709.11685774563,0.0
BR_3.1-3.6,sba,0.95,0.0,10,True,-1,0.0,2024-11-01,1.0,1.0,49577.94067418424,0.0,545357.3474160266,25025.0,35927.94067418424,0.0
BR_3.1-3.6,sba,0.95,0.1,10,True,-1,0.0,2024-11-01,1.0,1.0,56069.874115264785,0.0,616768.6152679126,25025.0,40144.8741152648,0.0
BR_3.1-3.6,sba,0.95,0.2,10,True,-1,0.0,2024-11-01,1.0,1.0,60286.80755634535,0.0,663154.8831197988,25025.0,44361.807556345346,0.0
BR_3.1-3.6,sba,0.95,0.3,10,True,-1,0.0,2024-11-01,1.0,1.0,64503.74099742589,0.0,709541.1509716848,25025.0,48578.740997425906,0.0
BR_3.1-3.6,sba,0.95,0.4,10,True,-1,0.0,2024-11-01,1.0,1.0,68720.67443850647,0.0,755927.4188235711,25025.0,52795.67443850645,0.0
BR_3.1-3.6,sba,0.95,0.5,10,True,-1,0.0,2024-11-01,1.0,1.0,72937.607879587,0.0,802313.686675457,25025.0,57012.60787958701,0.0
BR_3.1-3.6,sba,0.95,0.6,10,True,-1,0.0,2024-11-01,1.0,1.0,77154.54132066759,0.0,848699.9545273434,25025.0,61229.54132066757,0.0
BR_3.1-3.6,sba,0.95,0.7,10,True,-1,0.0,2024-11-01,1.0,1.0,81371.47476174812,0.0,895086.2223792293,25025.0,65446.47476174812,0.0
BR_3.1-3.6,sba,0.95,0.8,10,True,-1,0.0,2024-11-01,1.0,1.0,85588.4082028287,0.0,941472.4902311156,25025.0,69663.40820282868,0.0
BR_3.1-3.6,sba,0.95,0.9,10,True,-1,0.0,2024-11-01,1.0,1.0,89805.34164390923,0.0,987858.7580830015,25025.0,73880.34164390923,0.0
BR_3.1-3.6,sba,0.95,1.0,10,True,-1,0.0,2024-11-01,1.0,1.0,94022.2750849898,0.0,1034245.0259348878,25025.0,78097.27508498979,0.0
BR_3.1-3.6,sba,0.95,1.1,10,True,-1,0.0,2024-11-01,1.0,1.0,98239.20852607036,0.0,1080631.293786774,25025.0,82314.20852607035,0.0
BR_3.1-3.6,sba,0.95,1.2,10,True,-1,0.0,2024-11-01,1.0,1.0,102456.14196715089,0.0,1127017.5616386598,25025.0,86531.1419671509,0.0
BR_3.1-3.6,sba,0.95,1.2816,10,True,-1,0.0,2024-11-01,1.0,1.0,105897.15965507264,0.0,1164868.756205799,25025.0,89972.15965507264,0.0
BR_3.1-3.6,sba,0.95,1.3,10,True,-1,0.0,2024-11-01,1.0,1.0,106673.07540823147,0.0,1173403.8294905461,25025.0,90748.07540823147,0.0
BR_3.1-3.6,sba,0.95,1.4,10,True,-1,0.0,2024-11-01,1.0,1.0,110890.008849312,0.0,1219790.097342432,25025.0,94965.008849312,0.0
BR_3.1-3.6,sba,0.95,1.5,10,True,-1,0.0,2024-11-01,1.0,1.0,115106.94229039253,0.0,1266176.365194318,25025.0,99181.94229039256,0.0
BR_3.1-3.6,sba,0.95,1.6,10,True,-1,0.0,2024-11-01,1.0,1.0,119323.8757314731,0.0,1312562.6330462042,25025.0,103398.87573147312,0.0
BR_3.1-3.6,sba,0.95,1.6449,10,True,-1,0.0,2024-11-01,1.0,1.0,121217.27884651831,0.0,1333390.0673117014,25025.0,105292.27884651828,0.0
BR_3.1-3.6,sba,0.95,1.7,10,True,-1,0.0,2024-11-01,1.0,1.0,123540.80917255367,0.0,1358948.9008980903,25025.0,107615.80917255365,0.0
BR_3.1-3.6,sba,0.95,1.8,10,True,-1,0.0,2024-11-01,1.0,1.0,127757.74261363418,0.0,1405335.168749976,25025.0,111832.74261363421,0.0
BR_3.1-3.6,sba,0.95,1.9,10,True,-1,0.0,2024-11-01,1.0,1.0,131974.67605471474,0.0,1451721.4366018623,25025.0,116049.67605471477,0.0
BR_3.1-3.6,sba,0.95,2.0,10,True,-1,0.0,2024-11-01,1.0,1.0,136191.60949579533,0.0,1498107.7044537487,25025.0,120266.60949579533,0.0
BR_3.1-3.6,sba,0.95,2.0537,10,True,-1,0.0,2024-11-01,1.0,1.0,138456.10275365555,0.0,1523017.1302902112,25025.0,122531.10275365558,0.0
BR_3.1-3.6,sba,0.95,2.1,10,True,-1,0.0,2024-11-01,1.0,1.0,140408.54293687592,0.0,1544493.972305635,25025.0,124483.54293687589,0.0
BR_3.1-3.6,sba,0.95,2.2,10,True,-1,0.0,2024-11-01,1.0,1.0,144625.47637795648,0.0,1590880.2401575213,25025.0,128700.47637795645,0.0
BR_3.1-3.6,sba,0.95,2.3,10,True,-1,0.0,2024-11-01,1.0,1.0,148842.40981903698,0.0,1637266.5080094067,25025.0,132917.40981903698,0.0
BR_3.1-3.6,sba,0.95,2.4,10,True,-1,0.0,2024-11-01,1.0,1.0,153059.34326011754,0.0,1683652.775861293,25025.0,137134.34326011754,0.0
BR_3.1-3.6,sba,0.95,2.5,10,True,-1,0.0,2024-11-01,1.0,1.0,157276.27670119813,0.0,1730039.0437131794,25025.0,141351.2767011981,0.0
BR_3.1-3.6,sba,0.95,2.6,10,True,-1,0.0,2024-11-01,1.0,1.0,161493.21014227864,0.0,1776425.311565065,25025.0,145568.21014227867,0.0
BR_3.1-3.6,sba,0.95,2.7,10,True,-1,0.0,2024-11-01,1.0,1.0,165710.14358335923,0.0,1822811.5794169514,25025.0,149785.14358335923,0.0
BR_3.1-3.6,sba,0.95,2.8,10,True,-1,0.0,2024-11-01,1.0,1.0,169927.0770244398,0.0,1869197.8472688375,25025.0,154002.07702443976,0.0
BR_3.1-3.6,sba,0.95,2.9,10,True,-1,0.0,2024-11-01,1.0,1.0,174144.01046552035,0.0,1915584.1151207238,25025.0,158219.01046552032,0.0
BR_3.1-3.6,sba,0.95,3.0,10,True,-1,0.0,2024-11-01,1.0,1.0,178360.94390660085,0.0,1961970.3829726095,25025.0,162435.94390660088,0.0
BR_3.1-3.6,sba,0.95,3.5,10,True,-1,0.0,2024-11-01,1.0,1.0,199445.61111200365,0.0,2193901.72223204,25025.0,183520.61111200365,0.0
BR_3.1-3.6,sba,0.95,4.0,10,True,-1,0.0,2024-11-01,1.0,1.0,220530.2783174064,0.0,2425833.0614914703,25025.0,204605.27831740642,0.0
BR_3.1-3.6,ses,0.95,0.0,10,True,-1,0.0,2024-11-01,1.0,1.0,55829.48077588086,559.5519224119145,675675.0,25025.0,43894.92885346894,0.0
BR_3.1-3.6,ses,0.95,0.1,10,True,-1,0.0,2024-11-01,1.0,1.0,64642.00190142942,0.0,711062.0209157236,25025.0,53267.00190142944,0.0
BR_3.1-3.6,ses,0.95,0.2,10,True,-1,0.0,2024-11-01,1.0,1.0,51264.07494938995,0.0,563904.8244432894,25025.0,37614.07494938995,0.0
BR_3.1-3.6,ses,0.95,0.3,10,True,-1,0.0,2024-11-01,1.0,1.0,60636.147997350454,0.0,666997.627970855,25025.0,46986.14799735046,0.0
BR_3.1-3.6,ses,0.95,0.4,10,True,-1,0.0,2024-11-01,1.0,1.0,70008.22104531096,0.0,770090.4314984205,25025.0,56358.22104531096,0.0
BR_3.1-3.6,ses,0.95,0.5,10,True,-1,0.0,2024-11-01,1.0,1.0,79380.29409327147,0.0,873183.2350259862,25025.0,65730.29409327147,0.0
BR_3.1-3.6,ses,0.95,0.6,10,True,-1,0.0,2024-11-01,1.0,1.0,88752.367141232,0.0,976276.0385535519,25025.0,75102.36714123198,0.0
BR_3.1-3.6,ses,0.95,0.7,10,True,-1,0.0,2024-11-01,1.0,1.0,75374.4401891925,0.0,829118.8420811174,25025.0,59449.44018919248,0.0
BR_3.1-3.6,ses,0.95,0.8,10,True,-1,0.0,2024-11-01,1.0,1.0,84746.51323715298,0.0,932211.6456086828,25025.0,68821.51323715299,0.0
BR_3.1-3.6,ses,0.95,0.9,10,True,-1,0.0,2024-11-01,1.0,1.0,94118.58628511349,0.0,1035304.4491362484,25025.0,78193.5862851135,0.0
BR_3.1-3.6,ses,0.95,1.0,10,True,-1,0.0,2024-11-01,1.0,1.0,103490.659333074,0.0,1138397.252663814,25025.0,87565.659333074,0.0
BR_3.1-3.6,ses,0.95,1.1,10,True,-1,0.0,2024-11-01,1.0,1.0,90112.73238103453,0.0,991240.0561913798,25025.0,71912.73238103453,0.0
BR_3.1-3.6,ses,0.95,1.2,10,True,-1,0.0,2024-11-01,1.0,1.0,99484.80542899501,0.0,1094332.859718945,25025.0,81284.805428995,0.0
BR_3.1-3.6,ses,0.95,1.2816,10,True,-1,0.0,2024-11-01,1.0,1.0,107132.41703613079,0.0,1178456.5873974387,25025.0,88932.41703613079,0.0
BR_3.1-3.6,ses,0.95,1.3,10,True,-1,0.0,2024-11-01,1.0,1.0,108856.8784769555,0.0,1197425.6632465106,25025.0,90656.87847695552,0.0
BR_3.1-3.6,ses,0.95,1.4,10,True,-1,0.0,2024-11-01,1.0,1.0,118228.95152491605,0.0,1300518.4667740765,25025.0,100028.95152491602,0.0
BR_3.1-3.6,ses,0.95,1.5,10,True,-1,0.0,2024-11-01,1.0,1.0,127601.02457287653,0.0,1403611.270301642,25025.0,109401.02457287654,0.0
BR_3.1-3.6,ses,0.95,1.6,10,True,-1,0.0,2024-11-01,1.0,1.0,136973.097620837,0.0,1506704.073829207,25025.0,118773.09762083704,0.0
BR_3.1-3.6,ses,0.95,1.6449,10,True,-1,0.0,2024-11-01,1.0,1.0,141181.15841937132,0.0,1552992.7426130844,25025.0,122981.15841937129,0.0
BR_3.1-3.6,ses,0.95,1.7,10,True,-1,0.0,2024-11-01,1.0,1.0,146345.17066879754,0.0,1609796.877356773,25025.0,128145.17066879754,0.0
BR_3.1-3.6,ses,0.95,1.8,10,True,-1,0.0,2024-11-01,1.0,1.0,155717.24371675804,0.0,1712889.6808843384,25025.0,137517.24371675806,0.0
BR_3.1-3.6,ses,0.95,1.9,10,True,-1,0.0,2024-11-01,1.0,1.0,165089.31676471856,0.0,1815982.4844119041,25025.0,146889.31676471853,0.0
BR_3.1-3.6,ses,0.95,2.0,10,True,-1,0.0,2024-11-01,1.0,1.0,174461.38981267906,0.0,1919075.2879394696,25025.0,156261.38981267906,0.0
BR_3.1-3.6,ses,0.95,2.0537,10,True,-1,0.0,2024-11-01,1.0,1.0,179494.19303943383,0.0,1974436.1234337722,25025.0,161294.19303943386,0.0
BR_3.1-3.6,ses,0.95,2.1,10,True,-1,0.0,2024-11-01,1.0,1.0,183833.4628606396,0.0,2022168.0914670357,25025.0,165633.46286063959,0.0
BR_3.1-3.6,ses,0.95,2.2,10,True,-1,0.0,2024-11-01,1.0,1.0,193205.53590860005,0.0,2125260.8949946007,25025.0,175005.53590860008,0.0
BR_3.1-3.6,ses,0.95,2.3,10,True,-1,0.0,2024-11-01,1.0,1.0,202577.60895656052,0.0,2228353.698522166,25025.0,184377.60895656055,0.0
BR_3.1-3.6,ses,0.95,2.4,10,True,-1,0.0,2024-11-01,1.0,1.0,211949.6820045211,0.0,2331446.502049732,25025.0,193749.68200452108,0.0
BR_3.1-3.6,ses,0.95,2.5,10,True,-1,0.0,2024-11-01,1.0,1.0,221321.75505248152,0.0,2434539.3055772968,25025.0,203121.75505248155,0.0
BR_3.1-3.6,ses,0.95,2.6,10,True,-1,0.0,2024-11-01,1.0,1.0,230693.82810044204,0.0,2537632.1091048624,25025.0,212493.82810044207,0.0
BR_3.1-3.6,ses,0.95,2.7,10,True,-1,0.0,2024-11-01,1.0,1.0,240065.9011484026,0.0,2640724.9126324286,25025.0,221865.9011484026,0.0
BR_3.1-3.6,ses,0.95,2.8,10,True,-1,0.0,2024-11-01,1.0,1.0,249437.97419636315,0.0,2743817.7161599947,25025.0,231237.97419636312,0.0
BR_3.1-3.6,ses,0.95,2.9,10,True,-1,0.0,2024-11-01,1.0,1.0,258810.0472443236,0.0,2846910.5196875595,25025.0,240610.04724432365,0.0
BR_3.1-3.6,ses,0.95,3.0,10,True,-1,0.0,2024-11-01,1.0,1.0,268182.1202922841,0.0,2950003.3232151256,25025.0,249982.12029228418,0.0
BR_3.1-3.6,ses,0.95,3.5,10,True,-1,0.0,2024-11-01,1.0,1.0,315042.48553208675,0.0,3465467.340852954,25025.0,296842.4855320867,0.0
BR_3.1-3.6,ses,0.95,4.0,10,True,-1,0.0,2024-11-01,1.0,1.0,361902.85077188915,0.0,3980931.358490781,25025.0,343702.8507718892,0.0
BR_3.1-3.6,tsb,0.95,0.0,10,True,-1,0.0,2024-11-01,1.0,1.0,38613.68692103715,0.0,424750.55613140867,25025.0,22688.68692103715,0.0
BR_3.1-3.6,tsb,0.95,0.1,10,True,-1,0.0,2024-11-01,1.0,1.0,44680.69454887484,0.0,491487.64003762323,25025.0,28755.69454887483,0.0
BR_3.1-3.6,tsb,0.95,0.2,10,True,-1,0.0,2024-11-01,1.0,1.0,50747.702176712526,0.0,558224.7239438378,25025.0,34822.702176712526,0.0
BR_3.1-3.6,tsb,0.95,0.3,10,True,-1,0.0,2024-11-01,1.0,1.0,56814.70980455019,0.0,624961.8078500521,25025.0,40889.709804550206,0.0
BR_3.1-3.6,tsb,0.95,0.4,10,True,-1,0.0,2024-11-01,1.0,1.0,62881.71743238789,0.0,691698.8917562668,25025.0,46956.7174323879,0.0
BR_3.1-3.6,tsb,0.95,0.5,10,True,-1,0.0,2024-11-01,1.0,1.0,68948.72506022558,0.0,758435.9756624814,25025.0,53023.72506022558,0.0
BR_3.1-3.6,tsb,0.95,0.6,10,True,-1,0.0,2024-11-01,1.0,1.0,75015.73268806328,0.0,825173.059568696,25025.0,59090.73268806326,0.0
BR_3.1-3.6,tsb,0.95,0.7,10,True,-1,0.0,2024-11-01,1.0,1.0,81082.74031590097,0.0,891910.1434749106,25025.0,65157.740315900955,0.0
BR_3.1-3.6,tsb,0.95,0.8,10,True,-1,0.0,2024-11-01,1.0,1.0,87149.74794373866,0.0,958647.2273811253,25025.0,71224.74794373865,0.0
BR_3.1-3.6,tsb,0.95,0.9,10,True,-1,0.0,2024-11-01,1.0,1.0,93216.75557157632,0.0,1025384.3112873395,25025.0,77291.75557157633,0.0
BR_3.1-3.6,tsb,0.95,1.0,10,True,-1,0.0,2024-11-01,1.0,1.0,99283.763199414,0.0,1092121.395193554,25025.0,83358.76319941401,0.0
BR_3.1-3.6,tsb,0.95,1.1,10,True,-1,0.0,2024-11-01,1.0,1.0,105350.77082725172,0.0,1158858.479099769,25025.0,89425.77082725172,0.0
BR_3.1-3.6,tsb,0.95,1.2,10,True,-1,0.0,2024-11-01,1.0,1.0,111417.77845508936,0.0,1225595.563005983,25025.0,95492.77845508937,0.0
BR_3.1-3.6,tsb,0.95,1.2816,10,True,-1,0.0,2024-11-01,1.0,1.0,116368.45667940495,0.0,1280053.0234734544,25025.0,100443.45667940495,0.0
BR_3.1-3.6,tsb,0.95,1.3,10,True,-1,0.0,2024-11-01,1.0,1.0,117484.7860829271,0.0,1292332.646912198,25025.0,101559.78608292708,0.0
BR_3.1-3.6,tsb,0.95,1.4,10,True,-1,0.0,2024-11-01,1.0,1.0,123551.79371076474,0.0,1359069.7308184123,25025.0,107626.79371076476,0.0
BR_3.1-3.6,tsb,0.95,1.5,10,True,-1,0.0,2024-11-01,1.0,1.0,129618.80133860241,0.0,1425806.8147246265,25025.0,113693.80133860244,0.0
BR_3.1-3.6,tsb,0.95,1.6,10,True,-1,0.0,2024-11-01,1.0,1.0,135685.80896644015,0.0,1492543.8986308416,25025.0,119760.80896644015,0.0
BR_3.1-3.6,tsb,0.95,1.6449,10,True,-1,0.0,2024-11-01,1.0,1.0,138409.89539133923,0.0,1522508.8493047317,25025.0,122484.89539133926,0.0
BR_3.1-3.6,tsb,0.95,1.7,10,True,-1,0.0,2024-11-01,1.0,1.0,141752.81659427777,0.0,1559280.9825370556,25025.0,125827.8165942778,0.0
BR_3.1-3.6,tsb,0.95,1.8,10,True,-1,0.0,2024-11-01,1.0,1.0,147819.82422211554,0.0,1626018.0664432708,25025.0,131894.8242221155,0.0
BR_3.1-3.6,tsb,0.95,1.9,10,True,-1,0.0,2024-11-01,1.0,1.0,153886.8318499532,0.0,1692755.150349485,25025.0,137961.8318499532,0.0
BR_3.1-3.6,tsb,0.95,2.0,10,True,-1,0.0,2024-11-01,1.0,1.0,159953.8394777909,0.0,1759492.2342557,25025.0,144028.83947779087,0.0
BR_3.1-3.6,tsb,0.95,2.0537,10,True,-1,0.0,2024-11-01,1.0,1.0,163211.82257393977,0.0,1795330.0483133374,25025.0,147286.82257393975,0.0
BR_3.1-3.6,tsb,0.95,2.1,10,True,-1,0.0,2024-11-01,1.0,1.0,166020.84710562858,0.0,1826229.3181619144,25025.0,150095.84710562858,0.0
BR_3.1-3.6,tsb,0.95,2.2,10,True,-1,0.0,2024-11-01,1.0,1.0,172087.85473346623,0.0,1892966.4020681286,25025.0,156162.85473346626,0.0
BR_3.1-3.6,tsb,0.95,2.3,10,True,-1,0.0,2024-11-01,1.0,1.0,178154.86236130397,0.0,1959703.4859743435,25025.0,162229.86236130394,0.0
BR_3.1-3.6,tsb,0.95,2.4,10,True,-1,0.0,2024-11-01,1.0,1.0,184221.86998914162,0.0,2026440.5698805577,25025.0,168296.86998914162,0.0
BR_3.1-3.6,tsb,0.95,2.5,10,True,-1,0.0,2024-11-01,1.0,1.0,167538.87761697936,0.0,1842927.6537867729,25025.0,149338.87761697933,0.0
BR_3.1-3.6,tsb,0.95,2.6,10,True,-1,0.0,2024-11-01,1.0,1.0,173605.885244817,0.0,1909664.737692987,25025.0,155405.885244817,0.0
BR_3.1-3.6,tsb,0.95,2.7,10,True,-1,0.0,2024-11-01,1.0,1.0,179672.89287265466,0.0,1976401.8215992013,25025.0,161472.8928726547,0.0
BR_3.1-3.6,tsb,0.95,2.8,10,True,-1,0.0,2024-11-01,1.0,1.0,185739.9005004924,0.0,2043138.9055054162,25025.0,167539.90050049237,0.0
BR_3.1-3.6,tsb,0.95,2.9,10,True,-1,0.0,2024-11-01,1.0,1.0,191806.90812833005,0.0,2109875.9894116307,25025.0,173606.90812833005,0.0
BR_3.1-3.6,tsb,0.95,3.0,10,True,-1,0.0,2024-11-01,1.0,1.0,197873.91575616776,0.0,2176613.0733178454,25025.0,179673.91575616776,0.0
BR_3.1-3.6,tsb,0.95,3.5,10,True,-1,0.0,2024-11-01,1.0,1.0,228208.95389535613,0.0,2510298.4928489174,25025.0,210008.95389535616,0.0
BR_3.1-3.6,tsb,0.95,4.0,10,True,-1,0.0,2024-11-01,1.0,1.0,258543.99203454462,0.0,2843983.912379991,25025.0,240343.9920345446,0.0
BR_3.1-3.6,xgb,0.95,0.0,10,True,-1,0.0,2024-11-01,1.0,1.0,15935.738797384229,2273.926120261577,425425.0,25025.0,11.81267712265253,25025.0
BR_3.1-3.6,xgb,0.95,0.1,10,True,-1,0.0,2024-11-01,1.0,1.0,19911.755834003558,1876.324416599644,425425.0,25025.0,4385.431417403914,0.0
BR_3.1-3.6,xgb,0.95,0.2,10,True,-1,0.0,2024-11-01,0.3500119943130939,0.8333333333333334,5573.94100943602,5914.890851750845,711951.3447963892,25025.0,0.0,25025.0
BR_3.1-3.6,xgb,0.95,0.3,10,True,-1,0.0,2024-11-01,0.5247819739447128,0.8333333333333334,8357.152935069551,4324.484037103113,567621.9263671075,25025.0,0.0,25025.0
BR_3.1-3.6,xgb,0.95,0.4,10,True,-1,0.0,2024-11-01,0.6995519535763317,0.8333333333333334,11140.364860703083,5009.077222455381,673542.5079378259,25025.0,0.0,25025.0
BR_3.1-3.6,xgb,0.95,0.5,10,True,-1,0.0,2024-11-01,0.8743219332079505,0.8333333333333334,13923.57678633661,3418.6704078076505,529213.0895085442,25025.0,0.0,25025.0
BR_3.1-3.6,xgb,0.95,0.6,10,True,-1,0.0,2024-11-01,1.0,1.0,17041.8410171002,2163.31589828998,425425.0,25025.0,1228.525118810223,25025.0
BR_3.1-3.6,xgb,0.95,0.7,10,True,-1,0.0,2024-11-01,1.0,1.0,21017.85805371953,1765.714194628047,425425.0,25025.0,5602.143859091484,25025.0
BR_3.1-3.6,xgb,0.95,0.8,10,True,-1,0.0,2024-11-01,1.0,1.0,24993.875090338868,1368.1124909661137,425425.00000000006,25025.0,9975.762599372749,25025.0
BR_3.1-3.6,xgb,0.95,0.9,10,True,-1,0.0,2024-11-01,1.0,1.0,28969.8921269582,970.5107873041806,425425.00000000006,25025.0,14349.381339654014,25025.0
BR_3.1-3.6,xgb,0.95,1.0,10,True,-1,0.0,2024-11-01,1.0,1.0,32945.909163577526,572.9090836422481,425425.00000000006,25025.0,18723.00007993527,25025.0
BR_3.1-3.6,xgb,0.95,1.1,10,True,-1,0.0,2024-11-01,1.0,1.0,36921.926200196845,175.30737998031492,425424.99999999994,25025.0,23096.618820216536,25025.0
BR_3.1-3.6,xgb,0.95,1.2,10,True,-1,0.0,2024-11-01,1.0,1.0,41120.237560497786,0.0,452322.61316547566,25025.0,27470.237560497793,25025.0
BR_3.1-3.6,xgb,0.95,1.2816,10,True,-1,0.0,2024-11-01,1.0,1.0,44689.1104525673,0.0,491580.2149782403,25025.0,31039.110452567307,25025.0
BR_3.1-3.6,xgb,0.95,1.3,10,True,-1,0.0,2024-11-01,1.0,1.0,45493.85630077905,0.0,500432.4193085696,25025.0,31843.856300779058,25025.0
BR_3.1-3.6,xgb,0.95,1.4,10,True,-1,0.0,2024-11-01,1.0,1.0,49867.475041060316,0.0,548542.2254516635,25025.0,36217.475041060316,25025.0
BR_3.1-3.6,xgb,0.95,1.5,10,True,-1,0.0,2024-11-01,1.0,1.0,54241.09378134157,0.0,596652.0315947573,25025.0,40591.09378134158,0.0
BR_3.1-3.6,xgb,0.95,1.6,10,True,-1,0.0,2024-11-01,1.0,1.0,58614.71252162286,0.0,644761.8377378514,25025.0,44964.712521622845,0.0
BR_3.1-3.6,xgb,0.95,1.6449,10,True,-1,0.0,2024-11-01,1.0,1.0,60578.46733600913,0.0,666363.1406961004,25025.0,46928.467336009126,0.0
BR_3.1-3.6,xgb,0.95,1.7,10,True,-1,0.0,2024-11-01,1.0,1.0,62988.331261904095,0.0,692871.643880945,25025.0,49338.331261904095,0.0
BR_3.1-3.6,xgb,0.95,1.8,10,True,-1,0.0,2024-11-01,1.0,1.0,67361.95000218539,0.0,740981.4500240393,25025.0,53711.950002185375,0.0
BR_3.1-3.6,xgb,0.95,1.9,10,True,-1,0.0,2024-11-01,1.0,1.0,71735.56874246662,0.0,789091.2561671329,25025.0,58085.568742466625,0.0
BR_3.1-3.6,xgb,0.95,2.0,10,True,-1,0.0,2024-11-01,1.0,1.0,76109.1874827479,0.0,837201.062310227,25025.0,62459.18748274789,0.0
BR_3.1-3.6,xgb,0.95,2.0537,10,True,-1,0.0,2024-11-01,1.0,1.0,78457.82074627894,0.0,863036.0282090683,25025.0,64807.82074627893,0.0
BR_3.1-3.6,xgb,0.95,2.1,10,True,-1,0.0,2024-11-01,1.0,1.0,80482.80622302915,0.0,885310.8684533207,25025.0,66832.80622302915,0.0
BR_3.1-3.6,xgb,0.95,2.2,10,True,-1,0.0,2024-11-01,1.0,1.0,84856.4249633104,0.0,933420.6745964144,25025.0,71206.42496331042,0.0
BR_3.1-3.6,xgb,0.95,2.3,10,True,-1,0.0,2024-11-01,1.0,1.0,89230.04370359167,0.0,981530.4807395084,25025.0,75580.04370359167,0.0
BR_3.1-3.6,xgb,0.95,2.4,10,True,-1,0.0,2024-11-01,1.0,1.0,93603.66244387292,0.0,1029640.2868826021,25025.0,79953.66244387293,0.0
BR_3.1-3.6,xgb,0.95,2.5,10,True,-1,0.0,2024-11-01,1.0,1.0,97977.2811841542,0.0,1077750.0930256962,25025.0,84327.2811841542,0.0
BR_3.1-3.6,xgb,0.95,2.6,10,True,-1,0.0,2024-11-01,1.0,1.0,102350.89992443546,0.0,1125859.89916879,25025.0,88700.89992443546,0.0
BR_3.1-3.6,xgb,0.95,2.7,10,True,-1,0.0,2024-11-01,1.0,1.0,83974.51866471673,0.0,923719.705311884,25025.0,68049.51866471673,25025.0
BR_3.1-3.6,xgb,0.95,2.8,10,True,-1,0.0,2024-11-01,1.0,1.0,88348.13740499796,0.0,971829.5114549777,25025.0,72423.13740499798,25025.0
BR_3.1-3.6,xgb,0.95,2.9,10,True,-1,0.0,2024-11-01,1.0,1.0,92721.75614527926,0.0,1019939.3175980718,25025.0,76796.75614527924,0.0
BR_3.1-3.6,xgb,0.95,3.0,10,True,-1,0.0,2024-11-01,1.0,1.0,97095.3748855605,0.0,1068049.1237411655,25025.0,81170.37488556051,0.0
BR_3.1-3.6,xgb,0.95,3.5,10,True,-1,0.0,2024-11-01,1.0,1.0,118963.46858696682,0.0,1308598.154456635,25025.0,103038.4685869668,0.0
BR_3.1-3.6,xgb,0.95,4.0,10,True,-1,0.0,2024-11-01,1.0,1.0,140831.56228837316,0.0,1549147.1851721047,25025.0,124906.56228837313,0.0
BR_3.5,arima,0.95,0.0,10,True,-1,0.0,2024-11-01,1.0,1.0,18224.930370519647,0.0,200474.23407571611,75075.0,4574.930370519651,0.0
BR_3.5,arima,0.95,0.1,10,True,-1,0.0,2024-11-01,1.0,1.0,20112.194738181995,0.0,221234.14212000195,75075.0,6462.194738181992,0.0
BR_3.5,arima,0.95,0.2,10,True,-1,0.0,2024-11-01,1.0,1.0,21999.45910584433,0.0,241994.05016428762,75075.0,8349.459105844333,25025.0
BR_3.5,arima,0.95,0.3,10,True,-1,0.0,2024-11-01,1.0,1.0,23886.723473506678,0.0,262753.95820857346,75075.0,10236.723473506674,25025.0
BR_3.5,arima,0.95,0.4,10,True,-1,0.0,2024-11-01,1.0,1.0,25773.98784116901,0.0,283513.8662528591,75075.0,12123.987841169015,25025.0
BR_3.5,arima,0.95,0.5,10,True,-1,0.0,2024-11-01,1.0,1.0,27661.25220883136,0.0,304273.77429714496,75075.0,14011.252208831356,25025.0
BR_3.5,arima,0.95,0.6,10,True,-1,0.0,2024-11-01,1.0,1.0,34098.51657649369,0.0,375083.6823414306,75075.0,40923.5165764937,0.0
BR_3.5,arima,0.95,0.7,10,True,-1,0.0,2024-11-01,1.0,1.0,40535.780944156046,0.0,445893.59038571647,75075.0,42810.78094415604,0.0
BR_3.5,arima,0.95,0.8,10,True,-1,0.0,2024-11-01,1.0,1.0,42423.04531181837,0.0,466653.49843000213,75075.0,44698.04531181838,0.0
BR_3.5,arima,0.95,0.9,10,True,-1,0.0,2024-11-01,1.0,1.0,44310.30967948073,0.0,487413.406474288,75075.0,46585.30967948072,0.0
BR_3.5,arima,0.95,1.0,10,True,-1,0.0,2024-11-01,1.0,1.0,46197.574047143054,0.0,508173.31451857364,75075.0,48472.57404714306,0.0
BR_3.5,arima,0.95,1.1,10,True,-1,0.0,2024-11-01,1.0,1.0,48084.8384148054,0.0,528933.2225628594,75075.0,50359.8384148054,0.0
BR_3.5,arima,0.95,1.2,10,True,-1,0.0,2024-11-01,1.0,1.0,49972.10278246774,0.0,549693.1306071451,75075.0,52247.102782467744,0.0
BR_3.5,arima,0.95,1.2816,10,True,-1,0.0,2024-11-01,1.0,1.0,51512.11050648021,0.0,566633.2155712823,75075.0,53787.11050648021,0.0
BR_3.5,arima,0.95,1.3,10,True,-1,0.0,2024-11-01,1.0,1.0,51859.36715013009,0.0,570453.038651431,75075.0,54134.367150130085,0.0
BR_3.5,arima,0.95,1.4,10,True,-1,0.0,2024-11-01,1.0,1.0,53746.63151779242,0.0,591212.9466957166,75075.0,56021.63151779241,0.0
BR_3.5,arima,0.95,1.5,10,True,-1,0.0,2024-11-01,1.0,1.0,55633.895885454745,0.0,611972.8547400022,75075.0,57908.89588545475,0.0
BR_3.5,arima,0.95,1.6,10,True,-1,0.0,2024-11-01,1.0,1.0,57521.1602531171,0.0,632732.7627842881,75075.0,59796.16025311711,0.0
BR_3.5,arima,0.95,1.6449,10,True,-1,0.0,2024-11-01,1.0,1.0,58368.5419541975,0.0,642053.9614961725,75075.0,60643.5419541975,0.0
BR_3.5,arima,0.95,1.7,10,True,-1,0.0,2024-11-01,1.0,1.0,59408.42462077944,0.0,653492.6708285739,75075.0,61683.424620779435,0.0
BR_3.5,arima,0.95,1.8,10,True,-1,0.0,2024-11-01,1.0,1.0,61295.68898844177,0.0,674252.5788728595,75075.0,63570.688988441776,0.0
BR_3.5,arima,0.95,1.9,10,True,-1,0.0,2024-11-01,1.0,1.0,63182.95335610411,0.0,695012.4869171452,75075.0,65457.95335610412,0.0
BR_3.5,arima,0.95,2.0,10,True,-1,0.0,2024-11-01,1.0,1.0,65070.21772376646,0.0,715772.394961431,75075.0,67345.21772376646,0.0
BR_3.5,arima,0.95,2.0537,10,True,-1,0.0,2024-11-01,1.0,1.0,66083.67868920114,0.0,726920.4655812125,75075.0,68358.67868920114,0.0
BR_3.5,arima,0.95,2.1,10,True,-1,0.0,2024-11-01,1.0,1.0,66957.48209142881,0.0,736532.3030057169,75075.0,69232.4820914288,0.0
BR_3.5,arima,0.95,2.2,10,True,-1,0.0,2024-11-01,1.0,1.0,68844.74645909113,0.0,757292.2110500024,75075.0,71119.74645909114,0.0
BR_3.5,arima,0.95,2.3,10,True,-1,0.0,2024-11-01,1.0,1.0,70732.01082675347,0.0,778052.1190942882,75075.0,73007.01082675348,0.0
BR_3.5,arima,0.95,2.4,10,True,-1,0.0,2024-11-01,1.0,1.0,72619.27519441582,0.0,798812.027138574,75075.0,74894.27519441582,0.0
BR_3.5,arima,0.95,2.5,10,True,-1,0.0,2024-11-01,1.0,1.0,79056.53956207818,0.0,869621.9351828599,75075.0,76781.53956207816,0.0
BR_3.5,arima,0.95,2.6,10,True,-1,0.0,2024-11-01,1.0,1.0,80943.80392974052,0.0,890381.8432271457,75075.0,78668.8039297405,0.0
BR_3.5,arima,0.95,2.7,10,True,-1,0.0,2024-11-01,1.0,1.0,82831.06829740283,0.0,911141.7512714312,75075.0,80556.06829740285,0.0
BR_3.5,arima,0.95,2.8,10,True,-1,0.0,2024-11-01,1.0,1.0,84718.33266506519,0.0,931901.659315717,75075.0,82443.33266506519,0.0
BR_3.5,arima,0.95,2.9,10,True,-1,0.0,2024-11-01,1.0,1.0,86605.59703272754,0.0,952661.5673600029,75075.0,84330.59703272753,0.0
BR_3.5,arima,0.95,3.0,10,True,-1,0.0,2024-11-01,1.0,1.0,88492.86140038985,0.0,973421.4754042884,75075.0,86217.86140038987,0.0
BR_3.5,arima,0.95,3.5,10,True,-1,0.0,2024-11-01,1.0,1.0,107029.18323870157,0.0,1177321.0156257174,75075.0,95654.18323870157,0.0
BR_3.5,arima,0.95,4.0,10,True,-1,0.0,2024-11-01,1.0,1.0,116465.50507701328,0.0,1281120.555847146,75075.0,105090.50507701328,0.0
BR_3.5,croston,0.95,0.0,10,True,-1,0.0,2024-11-01,0.7697749618881314,0.8333333333333334,8608.427033978474,3142.5717702270053,440375.5920987339,75075.0,7740.8552637514695,0.0
BR_3.5,croston,0.95,0.1,10,True,-1,0.0,2024-11-01,0.7966945998967507,0.8333333333333334,17086.965798657915,2775.1187114093523,493219.6820402658,75075.0,9761.847087248563,0.0
BR_3.5,croston,0.95,0.2,10,True,-1,0.0,2024-11-01,0.8236142379053701,0.8333333333333334,18740.50456333736,2407.6656525916983,470988.77198179776,75075.0,11782.83891074566,0.0
BR_3.5,croston,0.95,0.3,10,True,-1,0.0,2024-11-01,0.8505338759139893,0.8333333333333334,20394.043328016796,2040.2125937740454,448757.86192332976,75075.0,13803.83073424275,0.0
BR_3.5,croston,0.95,0.4,10,True,-1,0.0,2024-11-01,0.8774535139226088,0.8333333333333334,22047.582092696244,1672.7595349563899,426526.9518648616,75075.0,15824.822557739855,0.0
BR_3.5,croston,0.95,0.5,10,True,-1,0.0,2024-11-01,0.9043731519312279,0.8333333333333334,23701.120857375678,1305.3064761387386,404296.04180639365,75075.0,17845.814381236938,0.0
BR_3.5,croston,0.95,0.6,10,True,-1,0.0,2024-11-01,0.9312927899398473,0.8333333333333334,25354.65962205512,937.8534173210845,382065.1317479256,75075.0,19866.806204734035,0.0
BR_3.5,croston,0.95,0.7,10,True,-1,0.0,2024-11-01,0.9582124279484666,0.8333333333333334,27008.198386734563,570.4003585034304,359834.22168945754,75075.0,21887.798028231133,0.0
BR_3.5,croston,0.95,0.8,10,True,-1,0.0,2024-11-01,0.985132065957086,0.8333333333333334,28661.737151414007,202.94729968577633,337603.3116309895,75075.0,23908.78985172823,0.0
BR_3.5,croston,0.95,0.9,10,True,-1,0.0,2024-11-01,1.0,1.0,30479.781675225324,0.0,335277.5984274786,75075.0,25929.781675225327,0.0
BR_3.5,croston,0.95,1.0,10,True,-1,0.0,2024-11-01,1.0,1.0,32500.77349872241,0.0,357508.5084859465,75075.0,27950.77349872241,0.0
BR_3.5,croston,0.95,1.1,10,True,-1,0.0,2024-11-01,1.0,1.0,34521.76532221952,0.0,379739.41854441474,75075.0,29971.765322219522,0.0
BR_3.5,croston,0.95,1.2,10,True,-1,0.0,2024-11-01,1.0,1.0,36542.7571457166,0.0,401970.32860288257,75075.0,31992.757145716605,0.0
BR_3.5,croston,0.95,1.2816,10,True,-1,0.0,2024-11-01,1.0,1.0,38191.886473690254,0.0,420110.7512105928,75075.0,33641.88647369025,0.0
BR_3.5,croston,0.95,1.3,10,True,-1,0.0,2024-11-01,1.0,1.0,38563.748969213695,0.0,424201.2386613507,75075.0,34013.7489692137,0.0
BR_3.5,croston,0.95,1.4,10,True,-1,0.0,2024-11-01,1.0,1.0,40584.7407927108,0.0,446432.1487198188,75075.0,36034.7407927108,0.0
BR_3.5,croston,0.95,1.5,10,True,-1,0.0,2024-11-01,1.0,1.0,42605.732616207904,0.0,468663.0587782869,75075.0,38055.7326162079,0.0
BR_3.5,croston,0.95,1.6,10,True,-1,0.0,2024-11-01,1.0,1.0,44626.724439705,0.0,490893.968836755,75075.0,40076.724439704994,0.0
BR_3.5,croston,0.95,1.6449,10,True,-1,0.0,2024-11-01,1.0,1.0,45534.14976845519,0.0,500875.64745300706,75075.0,40984.14976845519,0.0
BR_3.5,croston,0.95,1.7,10,True,-1,0.0,2024-11-01,1.0,1.0,46647.71626320208,0.0,513124.87889522285,75075.0,42097.71626320208,0.0
BR_3.5,croston,0.95,1.8,10,True,-1,0.0,2024-11-01,1.0,1.0,48668.708086699175,0.0,535355.7889536909,75075.0,44118.708086699175,0.0
BR_3.5,croston,0.95,1.9,10,True,-1,0.0,2024-11-01,1.0,1.0,50689.699910196265,0.0,557586.6990121589,75075.0,46139.69991019627,0.0
BR_3.5,croston,0.95,2.0,10,True,-1,0.0,2024-11-01,1.0,1.0,52710.69173369336,0.0,579817.609070627,75075.0,48160.69173369337,0.0
BR_3.5,croston,0.95,2.0537,10,True,-1,0.0,2024-11-01,1.0,1.0,53795.964342911306,0.0,591755.6077720243,75075.0,49245.964342911306,0.0
BR_3.5,croston,0.95,2.1,10,True,-1,0.0,2024-11-01,1.0,1.0,54731.68355719047,0.0,602048.5191290951,75075.0,50181.68355719047,0.0
BR_3.5,croston,0.95,2.2,10,True,-1,0.0,2024-11-01,1.0,1.0,65852.67538068756,0.0,724379.4291875632,75075.0,52202.675380687564,0.0
BR_3.5,croston,0.95,2.3,10,True,-1,0.0,2024-11-01,1.0,1.0,67873.66720418466,0.0,746610.3392460312,75075.0,54223.66720418465,0.0
BR_3.5,croston,0.95,2.4,10,True,-1,0.0,2024-11-01,1.0,1.0,69894.65902768173,0.0,768841.249304499,75075.0,56244.659027681744,0.0
BR_3.5,croston,0.95,2.5,10,True,-1,0.0,2024-11-01,1.0,1.0,71915.65085117883,0.0,791072.1593629671,75075.0,58265.65085117884,0.0
BR_3.5,croston,0.95,2.6,10,True,-1,0.0,2024-11-01,1.0,1.0,73936.64267467592,0.0,813303.0694214352,75075.0,60286.64267467594,0.0
BR_3.5,croston,0.95,2.7,10,True,-1,0.0,2024-11-01,1.0,1.0,75957.63449817304,0.0,835533.9794799034,75075.0,62307.634498173036,0.0
BR_3.5,croston,0.95,2.8,10,True,-1,0.0,2024-11-01,1.0,1.0,77978.62632167012,0.0,857764.8895383714,75075.0,64328.62632167012,0.0
BR_3.5,croston,0.95,2.9,10,True,-1,0.0,2024-11-01,1.0,1.0,79999.61814516723,0.0,879995.7995968395,75075.0,66349.61814516722,0.0
BR_3.5,croston,0.95,3.0,10,True,-1,0.0,2024-11-01,1.0,1.0,82020.60996866433,0.0,902226.7096553076,75075.0,68370.60996866431,0.0
BR_3.5,croston,0.95,3.5,10,True,-1,0.0,2024-11-01,1.0,1.0,92125.56908614979,0.0,1013381.2599476477,75075.0,78475.56908614979,0.0
BR_3.5,croston,0.95,4.0,10,True,-1,0.0,2024-11-01,1.0,1.0,102230.52820363524,0.0,1124535.8102399877,75075.0,88580.52820363524,0.0
BR_3.5,hybrid,0.95,0.0,10,True,-1,0.0,2024-11-01,0.7400578482390006,0.8333333333333334,11333.05332808061,3548.210371537642,514966.72747802734,75075.0,30534.84295654297,25025.0
BR_3.5,hybrid,0.95,0.1,10,True,-1,0.0,2024-11-01,0.7824337753686934,0.8333333333333334,13935.994652021995,2969.778966217335,479971.62745614874,75075.0,33716.21568580466,25025.0
BR_3.5,hybrid,0.95,0.2,10,True,-1,0.0,2024-11-01,0.8248097024983863,0.8333333333333334,16538.935975963377,2391.3475608970275,444976.5274342702,75075.0,36897.58841506635,25025.0
BR_3.5,hybrid,0.95,0.3,10,True,-1,0.0,2024-11-01,0.8671856296280791,0.8333333333333334,19141.877299904758,1812.9161555767205,409981.4274123916,75075.0,40078.96114432804,25025.0
BR_3.5,hybrid,0.95,0.4,10,True,-1,0.0,2024-11-01,0.909561556757772,0.8333333333333334,21744.81862384614,1234.4847502564132,374986.32739051303,75075.0,43260.33387358973,25025.0
BR_3.5,hybrid,0.95,0.5,10,True,-1,0.0,2024-11-01,0.9519374838874647,0.8333333333333334,24347.759947787516,656.0533449361075,339991.2273686345,75075.0,46441.70660285141,0.0
BR_3.5,hybrid,0.95,0.6,10,True,-1,0.0,2024-11-01,0.9943134110171575,0.8333333333333334,26950.701271728904,77.62193961579892,304996.1273467558,75075.0,49623.079332113106,0.0
BR_3.5,hybrid,0.95,0.7,10,True,-1,0.0,2024-11-01,1.0,1.0,25504.452061374788,0.0,280548.97267512267,75075.0,52804.45206137479,0.0
BR_3.5,hybrid,0.95,0.8,10,True,-1,0.0,2024-11-01,1.0,1.0,28685.824790636485,0.0,315544.07269700133,75075.0,55985.824790636485,0.0
BR_3.5,hybrid,0.95,0.9,10,True,-1,0.0,2024-11-01,1.0,1.0,31867.19751989817,0.0,350539.1727188799,75075.0,59167.19751989817,0.0
BR_3.5,hybrid,0.95,1.0,10,True,-1,0.0,2024-11-01,1.0,1.0,35048.57024915985,0.0,385534.2727407584,75075.0,62348.57024915985,0.0
BR_3.5,hybrid,0.95,1.1,10,True,-1,0.0,2024-11-01,1.0,1.0,38229.94297842155,0.0,420529.3727626371,75075.0,65529.942978421546,0.0
BR_3.5,hybrid,0.95,1.2,10,True,-1,0.0,2024-11-01,1.0,1.0,41411.315707683236,0.0,455524.4727845156,75075.0,68711.31570768324,0.0
BR_3.5,hybrid,0.95,1.2816,10,True,-1,0.0,2024-11-01,1.0,1.0,44007.31585476077,0.0,484080.4744023685,75075.0,71307.31585476077,0.0
BR_3.5,hybrid,0.95,1.3,10,True,-1,0.0,2024-11-01,1.0,1.0,44592.68843694492,0.0,490519.57280639414,75075.0,71892.68843694493,0.0
BR_3.5,hybrid,0.95,1.4,10,True,-1,0.0,2024-11-01,1.0,1.0,47774.06116620661,0.0,525514.6728282727,75075.0,75074.06116620661,0.0
BR_3.5,hybrid,0.95,1.5,10,True,-1,0.0,2024-11-01,1.0,1.0,50955.43389546831,0.0,560509.7728501514,75075.0,78255.4338954683,0.0
BR_3.5,hybrid,0.95,1.6,10,True,-1,0.0,2024-11-01,1.0,1.0,49586.80662473,0.0,545454.87287203,75075.0,56411.80662473,25025.0
BR_3.5,hybrid,0.95,1.6449,10,True,-1,0.0,2024-11-01,1.0,1.0,51015.2429801685,0.0,561167.6727818535,75075.0,57840.24298016849,25025.0
BR_3.5,hybrid,0.95,1.7,10,True,-1,0.0,2024-11-01,1.0,1.0,52768.17935399166,0.0,580449.9728939083,75075.0,59593.17935399167,25025.0
BR_3.5,hybrid,0.95,1.8,10,True,-1,0.0,2024-11-01,1.0,1.0,55949.55208325337,0.0,615445.0729157871,75075.0,62774.552083253366,25025.0
BR_3.5,hybrid,0.95,1.9,10,True,-1,0.0,2024-11-01,1.0,1.0,59130.924812515055,0.0,650440.1729376656,75075.0,65955.92481251506,25025.0
BR_3.5,hybrid,0.95,2.0,10,True,-1,0.0,2024-11-01,1.0,1.0,62312.297541776745,0.0,685435.2729595442,75075.0,69137.29754177674,25025.0
BR_3.5,hybrid,0.95,2.0537,10,True,-1,0.0,2024-11-01,1.0,1.0,64020.69469739029,0.0,704227.6416712932,75075.0,70845.69469739028,25025.0
BR_3.5,hybrid,0.95,2.1,10,True,-1,0.0,2024-11-01,1.0,1.0,65493.670271038434,0.0,720430.3729814228,75075.0,72318.67027103844,25025.0
BR_3.5,hybrid,0.95,2.2,10,True,-1,0.0,2024-11-01,1.0,1.0,68675.04300030014,0.0,755425.4730033015,75075.0,75500.04300030012,25025.0
BR_3.5,hybrid,0.95,2.3,10,True,-1,0.0,2024-11-01,1.0,1.0,71856.4157295618,0.0,790420.5730251799,75075.0,78681.4157295618,25025.0
BR_3.5,hybrid,0.95,2.4,10,True,-1,0.0,2024-11-01,1.0,1.0,75037.78845882349,0.0,825415.6730470584,75075.0,81862.7884588235,25025.0
BR_3.5,hybrid,0.95,2.5,10,True,-1,0.0,2024-11-01,1.0,1.0,64569.16118808519,0.0,710260.7730689371,75075.0,85044.16118808519,25025.0
BR_3.5,hybrid,0.95,2.6,10,True,-1,0.0,2024-11-01,1.0,1.0,67750.53391734687,0.0,745255.8730908156,75075.0,88225.53391734688,25025.0
BR_3.5,hybrid,0.95,2.7,10,True,-1,0.0,2024-11-01,1.0,1.0,70931.9066466086,0.0,780250.9731126945,75075.0,91406.90664660858,25025.0
BR_3.5,hybrid,0.95,2.8,10,True,-1,0.0,2024-11-01,1.0,1.0,74113.27937587025,0.0,815246.0731345727,75075.0,94588.27937587025,25025.0
BR_3.5,hybrid,0.95,2.9,10,True,-1,0.0,2024-11-01,1.0,1.0,77294.65210513193,0.0,850241.1731564512,75075.0,97769.65210513194,25025.0
BR_3.5,hybrid,0.95,3.0,10,True,-1,0.0,2024-11-01,1.0,1.0,80476.02483439364,0.0,885236.27317833,75075.0,100951.02483439364,0.0
BR_3.5,hybrid,0.95,3.5,10,True,-1,0.0,2024-11-01,1.0,1.0,112307.88848070208,0.0,1235386.7732877228,75075.0,91832.88848070207,25025.0
BR_3.5,hybrid,0.95,4.0,10,True,-1,0.0,2024-11-01,1.0,1.0,128214.75212701055,0.0,1410362.273397116,75075.0,107739.75212701052,25025.0
BR_3.5,mitra,0.95,0.0,10,True,-1,0.0,2024-11-01,0.8888888888888888,0.8333333333333334,15924.999999999995,1516.6666666666677,342008.3333333334,75075.0,16683.33333333333,0.0
BR_3.5,mitra,0.95,0.1,10,True,-1,0.0,2024-11-01,0.9194444444444443,0.8333333333333334,17801.874999999996,1099.5833333333337,316774.7916666667,75075.0,18977.291666666664,0.0
BR_3.5,mitra,0.95,0.2,10,True,-1,0.0,2024-11-01,0.95,0.8333333333333334,19678.75,682.5,291541.25,75075.0,21271.25,0.0
BR_3.5,mitra,0.95,0.3,10,True,-1,0.0,2024-11-01,0.9805555555555555,0.8333333333333334,21555.624999999996,265.41666666666754,266307.7083333334,75075.0,23565.20833333333,0.0
BR_3.5,mitra,0.95,0.4,10,True,-1,0.0,2024-11-01,1.0,1.0,23584.16666666666,0.0,259425.83333333328,75075.0,25859.166666666664,0.0
BR_3.5,mitra,0.95,0.5,10,True,-1,0.0,2024-11-01,1.0,1.0,25878.125,0.0,284659.375,75075.0,28153.125,0.0
BR_3.5,mitra,0.95,0.6,10,True,-1,0.0,2024-11-01,1.0,1.0,28172.083333333325,0.0,309892.91666666657,75075.0,30447.08333333333,0.0
BR_3.5,mitra,0.95,0.7,10,True,-1,0.0,2024-11-01,1.0,1.0,30466.041666666664,0.0,335126.4583333333,75075.0,32741.041666666664,0.0
BR_3.5,mitra,0.95,0.8,10,True,-1,0.0,2024-11-01,1.0,1.0,32760.0,0.0,360360.0,75075.0,35035.0,0.0
BR_3.5,mitra,0.95,0.9,10,True,-1,0.0,2024-11-01,1.0,1.0,35053.95833333333,0.0,385593.5416666666,75075.0,37328.958333333336,0.0
BR_3.5,mitra,0.95,1.0,10,True,-1,0.0,2024-11-01,1.0,1.0,37347.91666666668,0.0,410827.08333333343,75075.0,39622.91666666667,0.0
BR_3.5,mitra,0.95,1.1,10,True,-1,0.0,2024-11-01,1.0,1.0,39641.875,0.0,436060.625,75075.0,41916.875,0.0
BR_3.5,mitra,0.95,1.2,10,True,-1,0.0,2024-11-01,1.0,1.0,41935.83333333335,0.0,461294.16666666686,75075.0,44210.83333333334,0.0
BR_3.5,mitra,0.95,1.2816,10,True,-1,0.0,2024-11-01,1.0,1.0,43807.703333333346,0.0,481884.7366666668,75075.0,46082.70333333334,0.0
BR_3.5,mitra,0.95,1.3,10,True,-1,0.0,2024-11-01,1.0,1.0,44229.79166666668,0.0,486527.70833333343,75075.0,46504.79166666667,0.0
BR_3.5,mitra,0.95,1.4,10,True,-1,0.0,2024-11-01,1.0,1.0,46523.75,0.0,511761.25,75075.0,48798.75,0.0
BR_3.5,mitra,0.95,1.5,10,True,-1,0.0,2024-11-01,1.0,1.0,48817.70833333335,0.0,536994.7916666669,75075.0,51092.70833333334,0.0
BR_3.5,mitra,0.95,1.6,10,True,-1,0.0,2024-11-01,1.0,1.0,51111.66666666667,0.0,562228.3333333334,75075.0,53386.66666666667,0.0
BR_3.5,mitra,0.95,1.6449,10,True,-1,0.0,2024-11-01,1.0,1.0,52141.65395833333,0.0,573558.1935416666,75075.0,54416.653958333336,0.0
BR_3.5,mitra,0.95,1.7,10,True,-1,0.0,2024-11-01,1.0,1.0,53405.625,0.0,587461.875,75075.0,55680.625,0.0
BR_3.5,mitra,0.95,1.8,10,True,-1,0.0,2024-11-01,1.0,1.0,55699.58333333335,0.0,612695.4166666669,75075.0,57974.58333333334,0.0
BR_3.5,mitra,0.95,1.9,10,True,-1,0.0,2024-11-01,1.0,1.0,57993.54166666667,0.0,637928.9583333334,75075.0,60268.54166666667,0.0
BR_3.5,mitra,0.95,2.0,10,True,-1,0.0,2024-11-01,1.0,1.0,60287.5,0.0,663162.5,75075.0,62562.5,0.0
BR_3.5,mitra,0.95,2.0537,10,True,-1,0.0,2024-11-01,1.0,1.0,61519.35562500001,0.0,676712.9118750001,75075.0,63794.35562500001,0.0
BR_3.5,mitra,0.95,2.1,10,True,-1,0.0,2024-11-01,1.0,1.0,62581.45833333335,0.0,688396.0416666669,75075.0,64856.45833333334,0.0
BR_3.5,mitra,0.95,2.2,10,True,-1,0.0,2024-11-01,1.0,1.0,64875.4166666667,0.0,713629.5833333337,75075.0,67150.41666666669,0.0
BR_3.5,mitra,0.95,2.3,10,True,-1,0.0,2024-11-01,1.0,1.0,67169.375,0.0,738863.125,75075.0,69444.375,0.0
BR_3.5,mitra,0.95,2.4,10,True,-1,0.0,2024-11-01,1.0,1.0,64913.33333333335,0.0,714046.6666666669,75075.0,71738.33333333334,0.0
BR_3.5,mitra,0.95,2.5,10,True,-1,0.0,2024-11-01,1.0,1.0,67207.2916666667,0.0,739280.2083333337,75075.0,74032.29166666669,0.0
BR_3.5,mitra,0.95,2.6,10,True,-1,0.0,2024-11-01,1.0,1.0,69501.25000000001,0.0,764513.7500000001,75075.0,76326.25000000001,0.0
BR_3.5,mitra,0.95,2.7,10,True,-1,0.0,2024-11-01,1.0,1.0,71795.20833333336,0.0,789747.2916666669,75075.0,78620.20833333334,0.0
BR_3.5,mitra,0.95,2.8,10,True,-1,0.0,2024-11-01,1.0,1.0,74089.16666666666,0.0,814980.8333333333,75075.0,80914.16666666667,0.0
BR_3.5,mitra,0.95,2.9,10,True,-1,0.0,2024-11-01,1.0,1.0,76383.12500000001,0.0,840214.3750000001,75075.0,83208.12500000001,0.0
BR_3.5,mitra,0.95,3.0,10,True,-1,0.0,2024-11-01,1.0,1.0,78677.08333333336,0.0,865447.9166666669,75075.0,85502.08333333334,0.0
BR_3.5,mitra,0.95,3.5,10,True,-1,0.0,2024-11-01,1.0,1.0,90146.87500000001,0.0,991615.6250000001,75075.0,96971.87500000001,0.0
BR_3.5,mitra,0.95,4.0,10,True,-1,0.0,2024-11-01,1.0,1.0,101616.6666666667,0.0,1117783.3333333337,75075.0,83416.66666666669,25025.0
BR_3.5,naive,0.95,0.0,10,True,-1,0.0,2024-11-01,1.0,1.0,166075.0,0.0,1826825.0,75075.0,125125.0,0.0
BR_3.5,naive,0.95,0.1,10,True,-1,0.0,2024-11-01,1.0,1.0,173317.13296230813,0.0,1906488.4625853894,75075.0,132367.13296230813,0.0
BR_3.5,naive,0.95,0.2,10,True,-1,0.0,2024-11-01,1.0,1.0,180559.26592461625,0.0,1986151.9251707788,75075.0,139609.26592461625,0.0
BR_3.5,naive,0.95,0.3,10,True,-1,0.0,2024-11-01,1.0,1.0,187801.39888692438,0.0,2065815.3877561681,75075.0,146851.39888692438,0.0
BR_3.5,naive,0.95,0.4,10,True,-1,0.0,2024-11-01,1.0,1.0,195043.53184923253,0.0,2145478.850341558,75075.0,154093.53184923256,0.0
BR_3.5,naive,0.95,0.5,10,True,-1,0.0,2024-11-01,1.0,1.0,202285.6648115407,0.0,2225142.3129269476,75075.0,161335.6648115407,0.0
BR_3.5,naive,0.95,0.6,10,True,-1,0.0,2024-11-01,1.0,1.0,209527.79777384878,0.0,2304805.7755123368,75075.0,168577.7977738488,0.0
BR_3.5,naive,0.95,0.7,10,True,-1,0.0,2024-11-01,1.0,1.0,216769.93073615694,0.0,2384469.2380977264,75075.0,175819.93073615694,0.0
BR_3.5,naive,0.95,0.8,10,True,-1,0.0,2024-11-01,1.0,1.0,224012.06369846503,0.0,2464132.7006831155,75075.0,183062.06369846506,0.0
BR_3.5,naive,0.95,0.9,10,True,-1,0.0,2024-11-01,1.0,1.0,231254.19666077325,0.0,2543796.1632685056,75075.0,190304.1966607732,0.0
BR_3.5,naive,0.95,1.0,10,True,-1,0.0,2024-11-01,1.0,1.0,238496.32962308134,0.0,2623459.6258538947,75075.0,197546.32962308137,0.0
BR_3.5,naive,0.95,1.1,10,True,-1,0.0,2024-11-01,1.0,1.0,245738.46258538953,0.0,2703123.088439285,75075.0,204788.4625853895,0.0
BR_3.5,naive,0.95,1.2,10,True,-1,0.0,2024-11-01,1.0,1.0,252980.5955476976,0.0,2782786.5510246735,75075.0,212030.59554769762,0.0
BR_3.5,naive,0.95,1.2816,10,True,-1,0.0,2024-11-01,1.0,1.0,258890.17604494104,0.0,2847791.9364943514,75075.0,217940.17604494106,0.0
BR_3.5,naive,0.95,1.3,10,True,-1,0.0,2024-11-01,1.0,1.0,260222.72851000578,0.0,2862450.0136100636,75075.0,219272.72851000575,0.0
BR_3.5,naive,0.95,1.4,10,True,-1,0.0,2024-11-01,1.0,1.0,267464.8614723138,0.0,2942113.4761954523,75075.0,226514.86147231387,0.0
BR_3.5,naive,0.95,1.5,10,True,-1,0.0,2024-11-01,1.0,1.0,274706.99443462206,0.0,3021776.9387808423,75075.0,233756.994434622,0.0
BR_3.5,naive,0.95,1.6,10,True,-1,0.0,2024-11-01,1.0,1.0,281949.12739693007,0.0,3101440.401366231,75075.0,240999.12739693013,0.0
BR_3.5,naive,0.95,1.6449,10,True,-1,0.0,2024-11-01,1.0,1.0,285200.8450970065,0.0,3137209.296067071,75075.0,244250.84509700653,0.0
BR_3.5,naive,0.95,1.7,10,True,-1,0.0,2024-11-01,1.0,1.0,289191.2603592383,0.0,3181103.863951621,75075.0,248241.26035923825,0.0
BR_3.5,naive,0.95,1.8,10,True,-1,0.0,2024-11-01,1.0,1.0,296433.3933215464,0.0,3260767.3265370103,75075.0,255483.39332154643,0.0
BR_3.5,naive,0.95,1.9,10,True,-1,0.0,2024-11-01,1.0,1.0,303675.52628385456,0.0,3340430.7891224,75075.0,262725.5262838545,0.0
BR_3.5,naive,0.95,2.0,10,True,-1,0.0,2024-11-01,1.0,1.0,310917.6592461626,0.0,3420094.251707789,75075.0,269967.6592461627,0.0
BR_3.5,naive,0.95,2.0537,10,True,-1,0.0,2024-11-01,1.0,1.0,314806.68464692216,0.0,3462873.531116144,75075.0,273856.68464692216,0.0
BR_3.5,naive,0.95,2.1,10,True,-1,0.0,2024-11-01,1.0,1.0,318159.79220847087,0.0,3499757.7142931796,75075.0,277209.79220847087,0.0
BR_3.5,naive,0.95,2.2,10,True,-1,0.0,2024-11-01,1.0,1.0,325401.92517077905,0.0,3579421.1768785696,75075.0,284451.925170779,0.0
BR_3.5,naive,0.95,2.3,10,True,-1,0.0,2024-11-01,1.0,1.0,332644.05813308706,0.0,3659084.639463958,75075.0,291694.05813308706,0.0
BR_3.5,naive,0.95,2.4,10,True,-1,0.0,2024-11-01,1.0,1.0,339886.1910953952,0.0,3738748.102049347,75075.0,298936.19109539525,0.0
BR_3.5,naive,0.95,2.5,10,True,-1,0.0,2024-11-01,1.0,1.0,347128.3240577034,0.0,3818411.564634737,75075.0,306178.3240577034,0.0
BR_3.5,naive,0.95,2.6,10,True,-1,0.0,2024-11-01,1.0,1.0,354370.45702001156,0.0,3898075.027220127,75075.0,313420.4570200115,0.0
BR_3.5,naive,0.95,2.7,10,True,-1,0.0,2024-11-01,1.0,1.0,361612.5899823196,0.0,3977738.489805516,75075.0,320662.5899823196,0.0
BR_3.5,naive,0.95,2.8,10,True,-1,0.0,2024-11-01,1.0,1.0,368854.7229446277,0.0,4057401.9523909045,75075.0,327904.72294462775,0.0
BR_3.5,naive,0.95,2.9,10,True,-1,0.0,2024-11-01,1.0,1.0,376096.8559069359,0.0,4137065.4149762946,75075.0,335146.8559069359,0.0
BR_3.5,naive,0.95,3.0,10,True,-1,0.0,2024-11-01,1.0,1.0,383338.98886924406,0.0,4216728.877561685,75075.0,342388.988869244,0.0
BR_3.5,naive,0.95,3.5,10,True,-1,0.0,2024-11-01,1.0,1.0,419549.6536807847,0.0,4615046.190488632,75075.0,378599.6536807847,0.0
BR_3.5,naive,0.95,4.0,10,True,-1,0.0,2024-11-01,1.0,1.0,455760.3184923254,0.0,5013363.503415579,75075.0,414810.3184923254,0.0
BR_3.5,rf,0.95,0.0,10,True,-1,0.0,2024-11-01,1.0,1.0,40475.200000000004,0.0,445227.2,75075.0,42750.2,0.0
BR_3.5,rf,0.95,0.1,10,True,-1,0.0,2024-11-01,1.0,1.0,42896.13359540562,0.0,471857.46954946185,75075.0,45171.13359540563,0.0
BR_3.5,rf,0.95,0.2,10,True,-1,0.0,2024-11-01,1.0,1.0,45317.06719081126,0.0,498487.73909892386,75075.0,47592.067190811256,0.0
BR_3.5,rf,0.95,0.3,10,True,-1,0.0,2024-11-01,1.0,1.0,47738.000786216886,0.0,525118.0086483858,75075.0,50013.000786216886,0.0
BR_3.5,rf,0.95,0.4,10,True,-1,0.0,2024-11-01,1.0,1.0,50158.934381622516,0.0,551748.2781978477,75075.0,52433.934381622516,0.0
BR_3.5,rf,0.95,0.5,10,True,-1,0.0,2024-11-01,1.0,1.0,52579.86797702814,0.0,578378.5477473096,75075.0,54854.867977028145,0.0
BR_3.5,rf,0.95,0.6,10,True,-1,0.0,2024-11-01,1.0,1.0,55000.80157243377,0.0,605008.8172967714,75075.0,57275.80157243376,0.0
BR_3.5,rf,0.95,0.7,10,True,-1,0.0,2024-11-01,1.0,1.0,57421.7351678394,0.0,631639.0868462333,75075.0,59696.73516783939,0.0
BR_3.5,rf,0.95,0.8,10,True,-1,0.0,2024-11-01,1.0,1.0,59842.668763245034,0.0,658269.3563956954,75075.0,62117.668763245034,0.0
BR_3.5,rf,0.95,0.9,10,True,-1,0.0,2024-11-01,1.0,1.0,66813.60235865065,0.0,734949.6259451571,75075.0,64538.60235865065,0.0
BR_3.5,rf,0.95,1.0,10,True,-1,0.0,2024-11-01,1.0,1.0,69234.5359540563,0.0,761579.8954946192,75075.0,66959.53595405628,0.0
BR_3.5,rf,0.95,1.1,10,True,-1,0.0,2024-11-01,1.0,1.0,71655.46954946192,0.0,788210.1650440812,75075.0,69380.46954946191,0.0
BR_3.5,rf,0.95,1.2,10,True,-1,0.0,2024-11-01,1.0,1.0,76351.40314486752,0.0,839865.4345935428,75075.0,71801.40314486754,25025.0
BR_3.5,rf,0.95,1.2816,10,True,-1,0.0,2024-11-01,1.0,1.0,82876.88495871854,0.0,911645.734545904,75075.0,98801.88495871854,0.0
BR_3.5,rf,0.95,1.3,10,True,-1,0.0,2024-11-01,1.0,1.0,83322.33674027317,0.0,916545.7041430048,75075.0,99247.33674027317,0.0
BR_3.5,rf,0.95,1.4,10,True,-1,0.0,2024-11-01,1.0,1.0,85743.27033567881,0.0,943175.9736924669,75075.0,101668.2703356788,0.0
BR_3.5,rf,0.95,1.5,10,True,-1,0.0,2024-11-01,1.0,1.0,88164.20393108441,0.0,969806.2432419285,75075.0,104089.20393108443,0.0
BR_3.5,rf,0.95,1.6,10,True,-1,0.0,2024-11-01,1.0,1.0,104235.13752649004,0.0,1146586.5127913905,75075.0,106510.13752649006,0.0
BR_3.5,rf,0.95,1.6449,10,True,-1,0.0,2024-11-01,1.0,1.0,105322.1367108272,0.0,1158543.5038190992,75075.0,107597.13671082718,0.0
BR_3.5,rf,0.95,1.7,10,True,-1,0.0,2024-11-01,1.0,1.0,106656.07112189569,0.0,1173216.7823408525,75075.0,108931.07112189569,0.0
BR_3.5,rf,0.95,1.8,10,True,-1,0.0,2024-11-01,1.0,1.0,109077.00471730133,0.0,1199847.0518903146,75075.0,111352.00471730132,0.0
BR_3.5,rf,0.95,1.9,10,True,-1,0.0,2024-11-01,1.0,1.0,111497.93831270696,0.0,1226477.3214397766,75075.0,113772.93831270694,0.0
BR_3.5,rf,0.95,2.0,10,True,-1,0.0,2024-11-01,1.0,1.0,113918.87190811257,0.0,1253107.5909892383,75075.0,116193.87190811257,0.0
BR_3.5,rf,0.95,2.0537,10,True,-1,0.0,2024-11-01,1.0,1.0,115218.91324884539,0.0,1267408.0457372994,75075.0,117493.9132488454,0.0
BR_3.5,rf,0.95,2.1,10,True,-1,0.0,2024-11-01,1.0,1.0,116339.80550351819,0.0,1279737.8605387001,75075.0,118614.8055035182,0.0
BR_3.5,rf,0.95,2.2,10,True,-1,0.0,2024-11-01,1.0,1.0,118760.73909892383,0.0,1306368.1300881621,75075.0,121035.73909892383,0.0
BR_3.5,rf,0.95,2.3,10,True,-1,0.0,2024-11-01,1.0,1.0,121181.67269432945,0.0,1332998.399637624,75075.0,123456.67269432946,0.0
BR_3.5,rf,0.95,2.4,10,True,-1,0.0,2024-11-01,1.0,1.0,123602.60628973508,0.0,1359628.669187086,75075.0,125877.6062897351,0.0
BR_3.5,rf,0.95,2.5,10,True,-1,0.0,2024-11-01,1.0,1.0,130573.53988514072,0.0,1436308.938736548,75075.0,128298.53988514072,0.0
BR_3.5,rf,0.95,2.6,10,True,-1,0.0,2024-11-01,1.0,1.0,132994.47348054635,0.0,1462939.20828601,75075.0,130719.47348054635,0.0
BR_3.5,rf,0.95,2.7,10,True,-1,0.0,2024-11-01,1.0,1.0,135415.407075952,0.0,1489569.477835472,75075.0,133140.40707595198,0.0
BR_3.5,rf,0.95,2.8,10,True,-1,0.0,2024-11-01,1.0,1.0,137836.3406713576,0.0,1516199.7473849338,75075.0,135561.34067135758,0.0
BR_3.5,rf,0.95,2.9,10,True,-1,0.0,2024-11-01,1.0,1.0,140257.2742667632,0.0,1542830.0169343953,75075.0,137982.27426676324,0.0
BR_3.5,rf,0.95,3.0,10,True,-1,0.0,2024-11-01,1.0,1.0,142678.2078621688,0.0,1569460.286483857,75075.0,140403.20786216884,0.0
BR_3.5,rf,0.95,3.5,10,True,-1,0.0,2024-11-01,1.0,1.0,159332.87583919705,0.0,1752661.6342311674,75075.0,177532.87583919702,0.0
BR_3.5,rf,0.95,4.0,10,True,-1,0.0,2024-11-01,1.0,1.0,185087.54381622514,0.0,2035962.9819784765,75075.0,189637.54381622514,0.0
BR_3.5,sba,0.95,0.0,10,True,-1,0.0,2024-11-01,0.7479528804603915,0.8333333333333334,7268.005682279549,3440.4431817156556,458396.81249379716,75075.0,6102.562500563894,0.0
BR_3.5,sba,0.95,0.1,10,True,-1,0.0,2024-11-01,0.7756718364597852,0.8333333333333334,15795.642554542304,3062.079432323932,510580.8056555979,75075.0,8183.563122218373,0.0
BR_3.5,sba,0.95,0.2,10,True,-1,0.0,2024-11-01,0.8033907924591788,0.8333333333333334,17498.279426805057,2683.7156829322103,487689.7988173987,75075.0,10264.563743872844,0.0
BR_3.5,sba,0.95,0.3,10,True,-1,0.0,2024-11-01,0.8311097484585723,0.8333333333333334,19200.9162990678,2305.351933540488,464798.7919791995,75075.0,12345.564365527316,0.0
BR_3.5,sba,0.95,0.4,10,True,-1,0.0,2024-11-01,0.858828704457966,0.8333333333333334,20903.55317133056,1926.9881841487645,441907.7851410003,75075.0,14426.564987181795,0.0
BR_3.5,sba,0.95,0.5,10,True,-1,0.0,2024-11-01,0.8865476604573597,0.8333333333333334,22606.190043593317,1548.6244347570412,419016.77830280096,75075.0,16507.565608836274,0.0
BR_3.5,sba,0.95,0.6,10,True,-1,0.0,2024-11-01,0.9142666164567532,0.8333333333333334,24308.826915856065,1170.260685365319,396125.7714646018,75075.0,18588.566230490746,0.0
BR_3.5,sba,0.95,0.7,10,True,-1,0.0,2024-11-01,0.9419855724561468,0.8333333333333334,26011.463788118817,791.8969359735969,373234.76462640264,75075.0,20669.566852145217,0.0
BR_3.5,sba,0.95,0.8,10,True,-1,0.0,2024-11-01,0.9697045284555403,0.8333333333333334,27714.100660381562,413.53318658187476,350343.7577882034,75075.0,22750.56747379969,0.0
BR_3.5,sba,0.95,0.9,10,True,-1,0.0,2024-11-01,0.9974234844549341,0.8333333333333334,29416.737532644325,35.16943719015001,327452.7509500041,75075.0,24831.568095454175,0.0
BR_3.5,sba,0.95,1.0,10,True,-1,0.0,2024-11-01,1.0,1.0,31462.568717108643,0.0,346088.25588819507,75075.0,26912.568717108647,0.0
BR_3.5,sba,0.95,1.1,10,True,-1,0.0,2024-11-01,1.0,1.0,33543.56933876313,0.0,368979.26272639446,75075.0,28993.569338763133,0.0
BR_3.5,sba,0.95,1.2,10,True,-1,0.0,2024-11-01,1.0,1.0,35624.5699604176,0.0,391870.26956459356,75075.0,31074.569960417604,0.0
BR_3.5,sba,0.95,1.2816,10,True,-1,0.0,2024-11-01,1.0,1.0,37322.666467687646,0.0,410549.33114456414,75075.0,32772.66646768765,0.0
BR_3.5,sba,0.95,1.3,10,True,-1,0.0,2024-11-01,1.0,1.0,37705.570582072076,0.0,414761.27640279284,75075.0,33155.570582072076,0.0
BR_3.5,sba,0.95,1.4,10,True,-1,0.0,2024-11-01,1.0,1.0,39786.571203726555,0.0,437652.2832409921,75075.0,35236.57120372655,0.0
BR_3.5,sba,0.95,1.5,10,True,-1,0.0,2024-11-01,1.0,1.0,41867.57182538102,0.0,460543.2900791912,75075.0,37317.57182538102,0.0
BR_3.5,sba,0.95,1.6,10,True,-1,0.0,2024-11-01,1.0,1.0,43948.57244703548,0.0,483434.2969173903,75075.0,39398.57244703549,0.0
BR_3.5,sba,0.95,1.6449,10,True,-1,0.0,2024-11-01,1.0,1.0,44882.941726158366,0.0,493712.358987742,75075.0,40332.94172615836,0.0
BR_3.5,sba,0.95,1.7,10,True,-1,0.0,2024-11-01,1.0,1.0,46029.57306868996,0.0,506325.3037555896,75075.0,41479.57306868996,0.0
BR_3.5,sba,0.95,1.8,10,True,-1,0.0,2024-11-01,1.0,1.0,48110.573690344456,0.0,529216.310593789,75075.0,43560.57369034445,0.0
BR_3.5,sba,0.95,1.9,10,True,-1,0.0,2024-11-01,1.0,1.0,50191.57431199891,0.0,552107.3174319881,75075.0,45641.57431199892,0.0
BR_3.5,sba,0.95,2.0,10,True,-1,0.0,2024-11-01,1.0,1.0,52272.5749336534,0.0,574998.3242701874,75075.0,47722.574933653406,0.0
BR_3.5,sba,0.95,2.0537,10,True,-1,0.0,2024-11-01,1.0,1.0,53390.072267481846,0.0,587290.7949423003,75075.0,48840.07226748185,0.0
BR_3.5,sba,0.95,2.1,10,True,-1,0.0,2024-11-01,1.0,1.0,54353.575555307885,0.0,597889.3311083867,75075.0,49803.57555530788,0.0
BR_3.5,sba,0.95,2.2,10,True,-1,0.0,2024-11-01,1.0,1.0,56434.57617696235,0.0,620780.3379465858,75075.0,51884.57617696235,0.0
BR_3.5,sba,0.95,2.3,10,True,-1,0.0,2024-11-01,1.0,1.0,58515.576798616814,0.0,643671.344784785,75075.0,53965.57679861682,0.0
BR_3.5,sba,0.95,2.4,10,True,-1,0.0,2024-11-01,1.0,1.0,60596.57742027128,0.0,666562.351622984,75075.0,56046.57742027129,0.0
BR_3.5,sba,0.95,2.5,10,True,-1,0.0,2024-11-01,1.0,1.0,62677.57804192577,0.0,689453.3584611835,75075.0,58127.578041925764,0.0
BR_3.5,sba,0.95,2.6,10,True,-1,0.0,2024-11-01,1.0,1.0,64758.57866358024,0.0,712344.3652993827,75075.0,60208.57866358025,0.0
BR_3.5,sba,0.95,2.7,10,True,-1,0.0,2024-11-01,1.0,1.0,66839.57928523472,0.0,735235.3721375819,75075.0,62289.57928523474,0.0
BR_3.5,sba,0.95,2.8,10,True,-1,0.0,2024-11-01,1.0,1.0,68920.57990688921,0.0,758126.3789757813,75075.0,64370.579906889194,0.0
BR_3.5,sba,0.95,2.9,10,True,-1,0.0,2024-11-01,1.0,1.0,71001.58052854368,0.0,781017.3858139805,75075.0,66451.58052854368,0.0
BR_3.5,sba,0.95,3.0,10,True,-1,0.0,2024-11-01,1.0,1.0,73082.58115019814,0.0,803908.3926521796,75075.0,68532.58115019815,0.0
BR_3.5,sba,0.95,3.5,10,True,-1,0.0,2024-11-01,1.0,1.0,78937.58425847055,0.0,868313.426843176,75075.0,78937.58425847054,0.0
BR_3.5,sba,0.95,4.0,10,True,-1,0.0,2024-11-01,1.0,1.0,84792.5873667429,0.0,932718.4610341719,75075.0,64317.5873667429,25025.0
BR_3.5,ses,0.95,0.0,10,True,-1,0.0,2024-11-01,0.9956065952109833,0.8333333333333334,22480.13511083465,59.96997537007767,253878.1835098897,75075.0,24695.165135464573,0.0
BR_3.5,ses,0.95,0.1,10,True,-1,0.0,2024-11-01,1.0,1.0,24548.790542852403,0.0,270036.69597137644,75075.0,26823.790542852403,0.0
BR_3.5,ses,0.95,0.2,10,True,-1,0.0,2024-11-01,1.0,1.0,26677.41595024022,0.0,293451.57545264246,75075.0,28952.415950240225,0.0
BR_3.5,ses,0.95,0.3,10,True,-1,0.0,2024-11-01,1.0,1.0,28806.04135762806,0.0,316866.45493390865,75075.0,31081.041357628055,0.0
BR_3.5,ses,0.95,0.4,10,True,-1,0.0,2024-11-01,1.0,1.0,30934.666765015885,0.0,340281.33441517473,75075.0,33209.666765015885,0.0
BR_3.5,ses,0.95,0.5,10,True,-1,0.0,2024-11-01,1.0,1.0,33063.29217240371,0.0,363696.2138964408,75075.0,35338.29217240371,0.0
BR_3.5,ses,0.95,0.6,10,True,-1,0.0,2024-11-01,1.0,1.0,35191.91757979153,0.0,387111.0933777068,75075.0,37466.91757979154,0.0
BR_3.5,ses,0.95,0.7,10,True,-1,0.0,2024-11-01,1.0,1.0,37320.54298717936,0.0,410525.97285897296,75075.0,39595.54298717936,0.0
BR_3.5,ses,0.95,0.8,10,True,-1,0.0,2024-11-01,1.0,1.0,39449.168394567205,0.0,433940.8523402392,75075.0,41724.1683945672,0.0
BR_3.5,ses,0.95,0.9,10,True,-1,0.0,2024-11-01,1.0,1.0,41577.79380195501,0.0,457355.7318215052,75075.0,43852.79380195502,0.0
BR_3.5,ses,0.95,1.0,10,True,-1,0.0,2024-11-01,1.0,1.0,43706.41920934285,0.0,480770.6113027713,75075.0,45981.41920934284,0.0
BR_3.5,ses,0.95,1.1,10,True,-1,0.0,2024-11-01,1.0,1.0,45835.04461673067,0.0,504185.4907840374,75075.0,48110.04461673068,0.0
BR_3.5,ses,0.95,1.2,10,True,-1,0.0,2024-11-01,1.0,1.0,47963.6700241185,0.0,527600.3702653035,75075.0,50238.6700241185,0.0
BR_3.5,ses,0.95,1.2816,10,True,-1,0.0,2024-11-01,1.0,1.0,49700.62835654698,0.0,546706.9119220168,75075.0,51975.62835654698,0.0
BR_3.5,ses,0.95,1.3,10,True,-1,0.0,2024-11-01,1.0,1.0,50092.29543150633,0.0,551015.2497465697,75075.0,52367.295431506325,0.0
BR_3.5,ses,0.95,1.4,10,True,-1,0.0,2024-11-01,1.0,1.0,52220.920838894155,0.0,574430.1292278357,75075.0,54495.92083889415,0.0
BR_3.5,ses,0.95,1.5,10,True,-1,0.0,2024-11-01,1.0,1.0,54349.546246281985,0.0,597845.0087091018,75075.0,56624.546246281985,0.0
BR_3.5,ses,0.95,1.6,10,True,-1,0.0,2024-11-01,1.0,1.0,56478.171653669815,0.0,621259.888190368,75075.0,58753.17165366982,0.0
BR_3.5,ses,0.95,1.6449,10,True,-1,0.0,2024-11-01,1.0,1.0,57433.92446158696,0.0,631773.1690774566,75075.0,59708.924461586954,0.0
BR_3.5,ses,0.95,1.7,10,True,-1,0.0,2024-11-01,1.0,1.0,58606.797061057645,0.0,644674.7676716341,75075.0,60881.797061057645,0.0
BR_3.5,ses,0.95,1.8,10,True,-1,0.0,2024-11-01,1.0,1.0,60735.422468445475,0.0,668089.6471529002,75075.0,63010.42246844547,0.0
BR_3.5,ses,0.95,1.9,10,True,-1,0.0,2024-11-01,1.0,1.0,62864.047875833276,0.0,691504.526634166,75075.0,65139.04787583329,0.0
BR_3.5,ses,0.95,2.0,10,True,-1,0.0,2024-11-01,1.0,1.0,71817.6732832211,0.0,789994.4061154322,75075.0,67267.67328322111,0.0
BR_3.5,ses,0.95,2.0537,10,True,-1,0.0,2024-11-01,1.0,1.0,72960.74512698839,0.0,802568.1963968723,75075.0,68410.74512698839,0.0
BR_3.5,ses,0.95,2.1,10,True,-1,0.0,2024-11-01,1.0,1.0,73946.29869060895,0.0,813409.2855966984,75075.0,69396.29869060895,0.0
BR_3.5,ses,0.95,2.2,10,True,-1,0.0,2024-11-01,1.0,1.0,76074.92409799679,0.0,836824.1650779647,75075.0,71524.92409799679,0.0
BR_3.5,ses,0.95,2.3,10,True,-1,0.0,2024-11-01,1.0,1.0,78203.54950538461,0.0,860239.0445592307,75075.0,73653.5495053846,0.0
BR_3.5,ses,0.95,2.4,10,True,-1,0.0,2024-11-01,1.0,1.0,80332.17491277242,0.0,883653.9240404966,75075.0,75782.17491277243,0.0
BR_3.5,ses,0.95,2.5,10,True,-1,0.0,2024-11-01,1.0,1.0,82460.80032016024,0.0,907068.8035217627,75075.0,77910.80032016026,0.0
BR_3.5,ses,0.95,2.6,10,True,-1,0.0,2024-11-01,1.0,1.0,84589.42572754808,0.0,930483.6830030289,75075.0,80039.42572754808,0.0
BR_3.5,ses,0.95,2.7,10,True,-1,0.0,2024-11-01,1.0,1.0,86718.05113493593,0.0,953898.5624842952,75075.0,82168.05113493593,0.0
BR_3.5,ses,0.95,2.8,10,True,-1,0.0,2024-11-01,1.0,1.0,88846.67654232374,0.0,977313.4419655611,75075.0,84296.67654232372,0.0
BR_3.5,ses,0.95,2.9,10,True,-1,0.0,2024-11-01,1.0,1.0,90975.30194971156,0.0,1000728.3214468271,75075.0,86425.30194971157,0.0
BR_3.5,ses,0.95,3.0,10,True,-1,0.0,2024-11-01,1.0,1.0,93103.92735709938,0.0,1024143.2009280933,75075.0,88553.9273570994,0.0
BR_3.5,ses,0.95,3.5,10,True,-1,0.0,2024-11-01,1.0,1.0,94647.05439403851,0.0,1041117.5983344236,75075.0,74172.05439403851,0.0
BR_3.5,ses,0.95,4.0,10,True,-1,0.0,2024-11-01,1.0,1.0,105290.18143097764,0.0,1158191.995740754,75075.0,84815.18143097765,0.0
BR_3.5,tsb,0.95,0.0,10,True,-1,0.0,2024-11-01,0.8785005880654151,0.8333333333333334,15286.89862191812,1658.4669729070845,350587.2518608786,75075.0,15903.431649011036,0.0
BR_3.5,tsb,0.95,0.1,10,True,-1,0.0,2024-11-01,0.9068539068451397,0.8333333333333334,17028.501227962708,1271.4441715638425,327172.37237961247,75075.0,18032.057056398866,0.0
BR_3.5,tsb,0.95,0.2,10,True,-1,0.0,2024-11-01,0.9352072256248642,0.8333333333333334,18770.10383400729,884.4213702206021,303757.4928983464,75075.0,20160.68246378669,0.0
BR_3.5,tsb,0.95,0.3,10,True,-1,0.0,2024-11-01,0.9635605444045889,0.8333333333333334,27336.70644005188,497.3985688773603,355417.6134170803,75075.0,22289.30787117452,0.0
BR_3.5,tsb,0.95,0.4,10,True,-1,0.0,2024-11-01,0.9919138631843135,0.8333333333333334,29078.30904609646,110.37576753411982,332002.73393581423,75075.0,24417.93327856234,0.0
BR_3.5,tsb,0.95,0.5,10,True,-1,0.0,2024-11-01,1.0,1.0,31096.55868595018,0.0,342062.14554545196,75075.0,26546.55868595018,0.0
BR_3.5,tsb,0.95,0.6,10,True,-1,0.0,2024-11-01,1.0,1.0,33225.18409333799,0.0,365477.0250267179,75075.0,28675.184093338,0.0
BR_3.5,tsb,0.95,0.7,10,True,-1,0.0,2024-11-01,1.0,1.0,35353.80950072582,0.0,388891.90450798406,75075.0,30803.809500725823,0.0
BR_3.5,tsb,0.95,0.8,10,True,-1,0.0,2024-11-01,1.0,1.0,37482.43490811365,0.0,412306.7839892502,75075.0,32932.434908113646,0.0
BR_3.5,tsb,0.95,0.9,10,True,-1,0.0,2024-11-01,1.0,1.0,39611.060315501476,0.0,435721.6634705163,75075.0,35061.06031550148,0.0
BR_3.5,tsb,0.95,1.0,10,True,-1,0.0,2024-11-01,1.0,1.0,41739.68572288931,0.0,459136.5429517824,75075.0,37189.685722889306,0.0
BR_3.5,tsb,0.95,1.1,10,True,-1,0.0,2024-11-01,1.0,1.0,43868.311130277136,0.0,482551.4224330485,75075.0,39318.31113027714,0.0
BR_3.5,tsb,0.95,1.2,10,True,-1,0.0,2024-11-01,1.0,1.0,45996.936537664966,0.0,505966.3019143146,75075.0,41446.936537664966,0.0
BR_3.5,tsb,0.95,1.2816,10,True,-1,0.0,2024-11-01,1.0,1.0,47733.894870093434,0.0,525072.8435710277,75075.0,43183.89487009343,0.0
BR_3.5,tsb,0.95,1.3,10,True,-1,0.0,2024-11-01,1.0,1.0,48125.561945052796,0.0,529381.1813955808,75075.0,43575.56194505279,0.0
BR_3.5,tsb,0.95,1.4,10,True,-1,0.0,2024-11-01,1.0,1.0,50254.18735244062,0.0,552796.0608768468,75075.0,45704.18735244061,0.0
BR_3.5,tsb,0.95,1.5,10,True,-1,0.0,2024-11-01,1.0,1.0,52382.812759828426,0.0,576210.9403581127,75075.0,47832.81275982843,0.0
BR_3.5,tsb,0.95,1.6,10,True,-1,0.0,2024-11-01,1.0,1.0,54511.43816721626,0.0,599625.8198393789,75075.0,49961.43816721627,0.0
BR_3.5,tsb,0.95,1.6449,10,True,-1,0.0,2024-11-01,1.0,1.0,55467.1909751334,0.0,610139.1007264674,75075.0,50917.1909751334,0.0
BR_3.5,tsb,0.95,1.7,10,True,-1,0.0,2024-11-01,1.0,1.0,56640.0635746041,0.0,623040.6993206451,75075.0,52090.06357460409,0.0
BR_3.5,tsb,0.95,1.8,10,True,-1,0.0,2024-11-01,1.0,1.0,58768.68898199194,0.0,646455.5788019113,75075.0,54218.68898199193,0.0
BR_3.5,tsb,0.95,1.9,10,True,-1,0.0,2024-11-01,1.0,1.0,60897.31438937974,0.0,669870.4582831771,75075.0,56347.31438937975,0.0
BR_3.5,tsb,0.95,2.0,10,True,-1,0.0,2024-11-01,1.0,1.0,63025.93979676757,0.0,693285.3377644432,75075.0,58475.939796767576,0.0
BR_3.5,tsb,0.95,2.0537,10,True,-1,0.0,2024-11-01,1.0,1.0,64169.011640534845,0.0,705859.1280458833,75075.0,59619.01164053484,0.0
BR_3.5,tsb,0.95,2.1,10,True,-1,0.0,2024-11-01,1.0,1.0,65154.5652041554,0.0,716700.2172457094,75075.0,60604.5652041554,0.0
BR_3.5,tsb,0.95,2.2,10,True,-1,0.0,2024-11-01,1.0,1.0,67283.19061154324,0.0,740115.0967269756,75075.0,62733.190611543236,0.0
BR_3.5,tsb,0.95,2.3,10,True,-1,0.0,2024-11-01,1.0,1.0,69411.81601893106,0.0,763529.9762082417,75075.0,64861.816018931044,0.0
BR_3.5,tsb,0.95,2.4,10,True,-1,0.0,2024-11-01,1.0,1.0,71540.44142631887,0.0,786944.8556895076,75075.0,66990.44142631888,0.0
BR_3.5,tsb,0.95,2.5,10,True,-1,0.0,2024-11-01,1.0,1.0,73669.0668337067,0.0,810359.7351707738,75075.0,69119.06683370672,0.0
BR_3.5,tsb,0.95,2.6,10,True,-1,0.0,2024-11-01,1.0,1.0,75797.69224109454,0.0,833774.61465204,75075.0,71247.69224109454,0.0
BR_3.5,tsb,0.95,2.7,10,True,-1,0.0,2024-11-01,1.0,1.0,77926.31764848238,0.0,857189.4941333061,75075.0,73376.31764848236,0.0
BR_3.5,tsb,0.95,2.8,10,True,-1,0.0,2024-11-01,1.0,1.0,80054.9430558702,0.0,880604.3736145722,75075.0,75504.94305587019,0.0
BR_3.5,tsb,0.95,2.9,10,True,-1,0.0,2024-11-01,1.0,1.0,82183.568463258,0.0,904019.253095838,75075.0,77633.56846325801,0.0
BR_3.5,tsb,0.95,3.0,10,True,-1,0.0,2024-11-01,1.0,1.0,84312.19387064585,0.0,927434.1325771043,75075.0,79762.19387064585,0.0
BR_3.5,tsb,0.95,3.5,10,True,-1,0.0,2024-11-01,1.0,1.0,94955.32090758497,0.0,1044508.5299834347,75075.0,90405.32090758497,0.0
BR_3.5,tsb,0.95,4.0,10,True,-1,0.0,2024-11-01,1.0,1.0,105598.4479445241,0.0,1161582.9273897652,75075.0,101048.44794452412,0.0
BR_3.5,xgb,0.95,0.0,10,True,-1,0.0,2024-11-01,0.6671618055433899,0.8333333333333334,2305.4139055027204,4543.241354332728,525116.1019371301,75075.0,37.17255116999149,0.0
BR_3.5,xgb,0.95,0.1,10,True,-1,0.0,2024-11-01,0.7210995727701917,0.8333333333333334,5618.541257409023,3806.9908316868837,480572.94531705644,75075.0,4086.55042572214,0.0
BR_3.5,xgb,0.95,0.2,10,True,-1,0.0,2024-11-01,0.5500746799939871,0.6666666666666666,4437.779072876885,7676.850772602596,893269.1547879312,75075.0,0.0,0.0
BR_3.5,xgb,0.95,0.3,10,True,-1,0.0,2024-11-01,0.6579502144475905,0.6666666666666666,6646.530640814416,5836.224465987986,715096.528307637,75075.0,0.0,0.0
BR_3.5,xgb,0.95,0.4,10,True,-1,0.0,2024-11-01,0.7658257489011943,0.6666666666666666,8855.282208751953,3995.5981593733736,536923.9018273426,75075.0,0.0,0.0
BR_3.5,xgb,0.95,0.5,10,True,-1,0.0,2024-11-01,0.8737012833547979,0.6666666666666666,11064.033776689488,2154.9718527587606,358751.275347048,75075.0,0.0,0.0
BR_3.5,xgb,0.95,0.6,10,True,-1,0.0,2024-11-01,0.6482434844750681,0.5,8848.52356308468,4990.083764601811,646242.9733001307,75075.0,0.0,0.0
BR_3.5,xgb,0.95,0.7,10,True,-1,0.0,2024-11-01,0.7113928427976693,0.8333333333333334,11847.305368846837,3939.487695811814,563664.0055966147,75075.0,3357.817673035024,0.0
BR_3.5,xgb,0.95,0.8,10,True,-1,0.0,2024-11-01,0.7653306100244711,0.8333333333333334,15160.432720753137,3203.23717316597,519120.8489765412,75075.0,7407.1955475871655,0.0
BR_3.5,xgb,0.95,0.9,10,True,-1,0.0,2024-11-01,0.8192683772512729,0.8333333333333334,18473.56007265944,2466.986650520125,474577.6923564676,75075.0,11456.573422139314,0.0
BR_3.5,xgb,0.95,1.0,10,True,-1,0.0,2024-11-01,0.8732061444780748,0.8333333333333334,21786.687424565742,1730.7361278742794,430034.5357363939,75075.0,15505.951296691463,0.0
BR_3.5,xgb,0.95,1.1,10,True,-1,0.0,2024-11-01,0.9271439117048768,0.8333333333333334,25099.81477647205,994.485605228433,385491.37911632017,75075.0,19555.32917124362,0.0
BR_3.5,xgb,0.95,1.2,10,True,-1,0.0,2024-11-01,0.9810816789316783,0.8333333333333334,28412.942128378338,258.23508258259176,340948.2224962468,75075.0,23604.707045795745,0.0
BR_3.5,xgb,0.95,1.2816,10,True,-1,0.0,2024-11-01,1.0,1.0,31458.999391430312,0.0,346048.9933057334,75075.0,26908.99939143032,0.0
BR_3.5,xgb,0.95,1.3,10,True,-1,0.0,2024-11-01,1.0,1.0,32204.0849203479,0.0,354244.9341238269,75075.0,27654.0849203479,0.0
BR_3.5,xgb,0.95,1.4,10,True,-1,0.0,2024-11-01,1.0,1.0,36253.46279490006,0.0,398788.0907439006,75075.0,31703.462794900057,0.0
BR_3.5,xgb,0.95,1.5,10,True,-1,0.0,2024-11-01,1.0,1.0,35752.840669452205,0.0,393281.2473639742,75075.0,35752.8406694522,0.0
BR_3.5,xgb,0.95,1.6,10,True,-1,0.0,2024-11-01,1.0,1.0,39802.21854400435,0.0,437824.4039840478,75075.0,39802.21854400434,0.0
BR_3.5,xgb,0.95,1.6449,10,True,-1,0.0,2024-11-01,1.0,1.0,41620.38920967827,0.0,457824.28130646097,75075.0,41620.389209678266,0.0
BR_3.5,xgb,0.95,1.7,10,True,-1,0.0,2024-11-01,1.0,1.0,43851.5964185565,0.0,482367.56060412154,75075.0,43851.596418556495,0.0
BR_3.5,xgb,0.95,1.8,10,True,-1,0.0,2024-11-01,1.0,1.0,47900.97429310864,0.0,526910.717224195,75075.0,47900.97429310864,0.0
BR_3.5,xgb,0.95,1.9,10,True,-1,0.0,2024-11-01,1.0,1.0,47400.35216766078,0.0,521403.87384426856,75075.0,26925.352167660778,25025.0
BR_3.5,xgb,0.95,2.0,10,True,-1,0.0,2024-11-01,1.0,1.0,51449.73004221294,0.0,565947.0304643423,75075.0,30974.730042212934,25025.0
BR_3.5,xgb,0.95,2.0537,10,True,-1,0.0,2024-11-01,1.0,1.0,53624.24596084745,0.0,589866.705569322,75075.0,33149.245960847446,25025.0
BR_3.5,xgb,0.95,2.1,10,True,-1,0.0,2024-11-01,1.0,1.0,55499.10791676508,0.0,610490.1870844159,75075.0,35024.10791676509,25025.0
BR_3.5,xgb,0.95,2.2,10,True,-1,0.0,2024-11-01,1.0,1.0,59548.485791317216,0.0,655033.3437044894,75075.0,39073.48579131723,25025.0
BR_3.5,xgb,0.95,2.3,10,True,-1,0.0,2024-11-01,1.0,1.0,63597.863665869365,0.0,699576.500324563,75075.0,43122.86366586937,25025.0
BR_3.5,xgb,0.95,2.4,10,True,-1,0.0,2024-11-01,1.0,1.0,67647.24154042151,0.0,744119.6569446366,75075.0,47172.24154042151,25025.0
BR_3.5,xgb,0.95,2.5,10,True,-1,0.0,2024-11-01,1.0,1.0,71696.61941497367,0.0,788662.8135647103,75075.0,51221.61941497367,25025.0
BR_3.5,xgb,0.95,2.6,10,True,-1,0.0,2024-11-01,1.0,1.0,75745.99728952583,0.0,833205.970184784,75075.0,55270.997289525825,25025.0
BR_3.5,xgb,0.95,2.7,10,True,-1,0.0,2024-11-01,1.0,1.0,79795.37516407797,0.0,877749.1268048576,75075.0,59320.37516407797,25025.0
BR_3.5,xgb,0.95,2.8,10,True,-1,0.0,2024-11-01,1.0,1.0,83844.75303863012,0.0,922292.2834249313,75075.0,63369.75303863012,25025.0
BR_3.5,xgb,0.95,2.9,10,True,-1,0.0,2024-11-01,1.0,1.0,87894.13091318226,0.0,966835.4400450048,75075.0,67419.13091318225,25025.0
BR_3.5,xgb,0.95,3.0,10,True,-1,0.0,2024-11-01,1.0,1.0,91943.50878773442,0.0,1011378.5966650785,75075.0,71468.5087877344,0.0
BR_3.5,xgb,0.95,3.5,10,True,-1,0.0,2024-11-01,1.0,1.0,107640.39816049514,0.0,1184044.3797654465,75075.0,66690.39816049516,25025.0
BR_3.5,xgb,0.95,4.0,10,True,-1,0.0,2024-11-01,1.0,1.0,152912.28753325585,0.0,1682035.1628658143,75075.0,111962.28753325588,0.0
ST_A3.50in,arima,0.95,0.0,10,True,-1,0.0,2024-11-01,0.33725818642625394,0.5,547.6014656048275,1962.6065261006427,221910.33399272378,13200.0,0.0,3920.0
ST_A3.50in,arima,0.95,0.1,10,True,-1,0.0,2024-11-01,0.37170595122446104,0.5,630.2761011205247,1810.6531866754456,206104.8876466248,13200.0,0.0,4000.0
ST_A3.50in,arima,0.95,0.2,10,True,-1,0.0,2024-11-01,0.40766886753781983,0.5,716.5871002725858,1658.6998472502476,190339.44130052568,13200.0,0.0,4080.0
ST_A3.50in,arima,0.95,0.3,10,True,-1,0.0,2024-11-01,0.44363178385117863,0.5,802.8980994246468,1503.110144188686,174173.9949544266,13200.0,0.0,4180.0
ST_A3.50in,arima,0.95,0.4,10,True,-1,0.0,2024-11-01,0.47959470016453726,0.5,889.2090985767077,1347.5204411271252,158008.54860832758,13200.0,0.0,4240.0
ST_A3.50in,arima,0.95,0.5,10,True,-1,0.0,2024-11-01,0.5155576164778961,0.5,975.5200977287687,1195.5671017019276,142243.1022622285,13200.0,0.0,4320.0
ST_A3.50in,arima,0.95,0.6,10,True,-1,0.0,2024-11-01,0.5515205327912548,0.5,1076.3797801919463,1054.5260819514826,127838.0465967745,13200.0,0.0,4420.0
ST_A3.50in,arima,0.95,0.7,10,True,-1,0.0,2024-11-01,0.5874834491046135,0.5,1183.3594382229314,923.2414014052097,114573.5079750253,13200.0,0.0,4500.0
ST_A3.50in,arima,0.95,0.8,10,True,-1,0.0,2024-11-01,0.6279918199634269,0.5,1286.7027326175537,777.4112663134812,99668.96935327601,13200.0,0.0,4540.0
ST_A3.50in,arima,0.95,0.9,10,True,-1,0.0,2024-11-01,0.6654698877919372,0.5,1397.3187542849023,642.4902221308446,86044.43073152682,13200.0,0.0,4620.0
ST_A3.50in,arima,0.95,1.0,10,True,-1,0.0,2024-11-01,0.6916254929617388,0.6666666666666666,1533.29050451497,531.1067246927447,75287.93526586659,13200.0,169.45650709495203,4680.0
ST_A3.50in,arima,0.95,1.1,10,True,-1,0.0,2024-11-01,0.7252745082974426,0.6666666666666666,1703.1358216459062,459.05133961005794,69230.14139521134,13200.0,436.8117547631209,4760.0
ST_A3.50in,arima,0.95,1.2,10,True,-1,0.0,2024-11-01,0.7642677276411043,0.6666666666666666,1895.7578199500276,389.7726357005578,63728.325946511664,13200.0,724.167002431288,4800.0
ST_A3.50in,arima,0.95,1.2816,10,True,-1,0.0,2024-11-01,0.7945346794740172,0.6666666666666666,2050.130097838919,335.29212240131443,59433.564540372696,13200.0,943.9288845285137,4860.0
ST_A3.50in,arima,0.95,1.3,10,True,-1,0.0,2024-11-01,0.8017457954696144,0.6666666666666666,2086.561636435968,322.31211360923953,58406.510497812,13200.0,991.522250099455,4860.0
ST_A3.50in,arima,0.95,1.4,10,True,-1,0.0,2024-11-01,0.8392238632981246,0.6666666666666666,2275.547271103725,256.66977333610305,53264.69504911231,13200.0,1258.8774977676221,4940.0
ST_A3.50in,arima,0.95,1.5,10,True,-1,0.0,2024-11-01,0.876701931126635,0.6666666666666666,2469.98745122603,189.20925124478427,47982.8796004126,13200.0,1526.232745435791,5000.0
ST_A3.50in,arima,0.95,1.6,10,True,-1,0.0,2024-11-01,0.9156951504702969,0.6666666666666666,2662.6094495301527,119.93054733528366,42481.06415171288,13200.0,1793.58799310396,5060.0
ST_A3.50in,arima,0.95,1.6449,10,True,-1,0.0,2024-11-01,0.9331106817131767,0.6666666666666666,2749.8403631323386,89.49168200719114,40092.32901524675,13200.0,1918.5304993069658,5100.0
ST_A3.50in,arima,0.95,1.7,10,True,-1,0.0,2024-11-01,0.9515866091494035,0.8333333333333334,2866.3120370655697,58.09606902071573,37920.0,13200.0,2080.943240772127,5120.0
ST_A3.50in,arima,0.95,1.8,10,True,-1,0.0,2024-11-01,0.9703256430636586,0.8333333333333334,3098.4531713093584,35.609228323609635,38000.0,13200.0,2348.298488440294,5180.0
ST_A3.50in,arima,0.95,1.9,10,True,-1,0.0,2024-11-01,0.9905798284930653,0.8333333333333334,3332.4124873713286,11.304205808321719,37900.0,13200.0,2615.653736108461,5240.0
ST_A3.50in,arima,0.95,2.0,10,True,-1,0.0,2024-11-01,1.0,1.0,3579.372620140266,0.0,39373.098821542924,13200.0,2883.00898377663,5320.0
ST_A3.50in,arima,0.95,2.0537,10,True,-1,0.0,2024-11-01,1.0,1.0,3722.0969335926184,0.0,40943.0662695188,13200.0,3040.2787517744364,5340.0
ST_A3.50in,arima,0.95,2.1,10,True,-1,0.0,2024-11-01,1.0,1.0,3844.9096859902506,0.0,42294.00654589276,13200.0,3170.364231444797,5360.0
ST_A3.50in,arima,0.95,2.2,10,True,-1,0.0,2024-11-01,1.0,1.0,4103.174024567511,0.0,45134.914270242625,13200.0,3437.719479112966,5420.0
ST_A3.50in,arima,0.95,2.3,10,True,-1,0.0,2024-11-01,1.0,1.0,4365.074726781132,0.0,48015.82199459246,13200.0,3705.074726781133,5500.0
ST_A3.50in,arima,0.95,2.4,10,True,-1,0.0,2024-11-01,1.0,1.0,4616.066338085665,0.0,50776.72971894231,13200.0,3972.4299744493,5560.0
ST_A3.50in,arima,0.95,2.5,10,True,-1,0.0,2024-11-01,1.0,1.0,4881.603403935651,0.0,53697.63744329216,13200.0,4259.785222117469,5620.0
ST_A3.50in,arima,0.95,2.6,10,True,-1,0.0,2024-11-01,1.0,1.0,5143.504106149272,0.0,56578.54516764199,13200.0,4527.140469785636,5680.0
ST_A3.50in,arima,0.95,2.7,10,True,-1,0.0,2024-11-01,1.0,1.0,5401.768444726533,0.0,59419.45289199186,13200.0,4794.495717453805,5740.0
ST_A3.50in,arima,0.95,2.8,10,True,-1,0.0,2024-11-01,1.0,1.0,5660.032783303789,0.0,62260.36061634168,13200.0,5061.85096512197,5820.0
ST_A3.50in,arima,0.95,2.9,10,True,-1,0.0,2024-11-01,1.0,1.0,5918.297121881048,0.0,65101.268340691524,13200.0,5329.206212790139,5880.0
ST_A3.50in,arima,0.95,3.0,10,True,-1,0.0,2024-11-01,1.0,1.0,6180.197824094671,0.0,67982.17606504138,13200.0,5616.561460458306,5920.0
ST_A3.50in,arima,0.95,3.5,10,True,-1,0.0,2024-11-01,1.0,1.0,7478.792244253692,0.0,82266.71468679061,13200.0,6973.337698799145,6240.0
ST_A3.50in,arima,0.95,4.0,10,True,-1,0.0,2024-11-01,1.0,1.0,8781.023028049072,0.0,96591.2533085398,13200.0,8330.113937139984,6560.0
ST_A3.50in,croston,0.95,0.0,10,True,-1,0.0,2024-11-01,0.5535222109571554,0.5,1121.4757237805572,1060.0473132815132,128941.43742255258,13200.0,0.0,3060.0
ST_A3.50in,croston,0.95,0.1,10,True,-1,0.0,2024-11-01,0.6028007135402964,0.5,1291.129413348162,879.0083403458422,110893.34098487243,13200.0,0.0,3000.0
ST_A3.50in,croston,0.95,0.2,10,True,-1,0.0,2024-11-01,0.6520792161234374,0.5,1602.6012847339487,697.9693674101708,94405.24454719221,13200.0,0.0,2940.0
ST_A3.50in,croston,0.95,0.3,10,True,-1,0.0,2024-11-01,0.7028728702217298,0.5,1917.7095197560986,516.9303944745,77957.14810951208,13200.0,0.0,2880.0
ST_A3.50in,croston,0.95,0.4,10,True,-1,0.0,2024-11-01,0.8442575045842536,0.8333333333333334,2574.726418647407,186.89099449889562,48880.0,13200.0,84.19906051214821,2820.0
ST_A3.50in,croston,0.95,0.5,10,True,-1,0.0,2024-11-01,1.0,1.0,3851.2553593790585,0.0,42363.808953169646,13200.0,389.4371775608779,2740.0
ST_A3.50in,croston,0.95,0.6,10,True,-1,0.0,2024-11-01,1.0,1.0,5307.402567336882,0.0,58381.4282407057,13200.0,674.6752946096094,2680.0
ST_A3.50in,croston,0.95,0.7,10,True,-1,0.0,2024-11-01,1.0,1.0,6763.549775294703,0.0,74399.04752824173,13200.0,959.9134116583373,2640.0
ST_A3.50in,croston,0.95,0.8,10,True,-1,0.0,2024-11-01,1.0,1.0,8801.515165070707,0.0,96816.66681577777,13200.0,2845.1515287070724,980.0
ST_A3.50in,croston,0.95,0.9,10,True,-1,0.0,2024-11-01,1.0,1.0,10926.753282119436,0.0,120194.2861033138,13200.0,4970.3896457558,0.0
ST_A3.50in,croston,0.95,1.0,10,True,-1,0.0,2024-11-01,1.0,1.0,13051.991399168166,0.0,143571.90539084983,13200.0,7095.627762804528,0.0
ST_A3.50in,croston,0.95,1.1,10,True,-1,0.0,2024-11-01,1.0,1.0,15177.229516216898,0.0,166949.52467838587,13200.0,9220.865879853263,0.0
ST_A3.50in,croston,0.95,1.2,10,True,-1,0.0,2024-11-01,1.0,1.0,17302.46763326563,0.0,190327.14396592195,13200.0,11346.103996901991,0.0
ST_A3.50in,croston,0.95,1.2816,10,True,-1,0.0,2024-11-01,1.0,1.0,19036.661936777396,0.0,209403.28130455135,13200.0,13080.298300413757,0.0
ST_A3.50in,croston,0.95,1.3,10,True,-1,0.0,2024-11-01,1.0,1.0,19427.70575031436,0.0,213704.76325345793,13200.0,13471.342113950719,0.0
ST_A3.50in,croston,0.95,1.4,10,True,-1,0.0,2024-11-01,1.0,1.0,21552.943867363083,0.0,237082.38254099392,13200.0,15596.580230999447,0.0
ST_A3.50in,croston,0.95,1.5,10,True,-1,0.0,2024-11-01,1.0,1.0,23678.18198441182,0.0,260460.00182853005,13200.0,17721.818348048182,0.0
ST_A3.50in,croston,0.95,1.6,10,True,-1,0.0,2024-11-01,1.0,1.0,25803.420101460557,0.0,283837.6211160661,13200.0,19847.056465096917,0.0
ST_A3.50in,croston,0.95,1.6449,10,True,-1,0.0,2024-11-01,1.0,1.0,26757.65201601543,0.0,294334.1721761697,13200.0,20801.288379651793,0.0
ST_A3.50in,croston,0.95,1.7,10,True,-1,0.0,2024-11-01,1.0,1.0,27928.65821850928,0.0,307215.2404036021,13200.0,21972.294582145645,0.0
ST_A3.50in,croston,0.95,1.8,10,True,-1,0.0,2024-11-01,1.0,1.0,30053.896335558013,0.0,330592.85969113815,13200.0,24097.532699194373,0.0
ST_A3.50in,croston,0.95,1.9,10,True,-1,0.0,2024-11-01,1.0,1.0,32179.13445260673,0.0,353970.47897867404,13200.0,26222.7708162431,0.0
ST_A3.50in,croston,0.95,2.0,10,True,-1,0.0,2024-11-01,1.0,1.0,34304.37256965547,0.0,377348.0982662102,13200.0,28348.008933291836,0.0
ST_A3.50in,croston,0.95,2.0537,10,True,-1,0.0,2024-11-01,1.0,1.0,35445.625438510644,0.0,389901.8798236171,13200.0,29489.261802147004,0.0
ST_A3.50in,croston,0.95,2.1,10,True,-1,0.0,2024-11-01,1.0,1.0,36429.61068670421,0.0,400725.7175537463,13200.0,30473.24705034057,0.0
ST_A3.50in,croston,0.95,2.2,10,True,-1,0.0,2024-11-01,1.0,1.0,38554.848803752924,0.0,424103.3368412822,13200.0,32598.4851673893,0.0
ST_A3.50in,croston,0.95,2.3,10,True,-1,0.0,2024-11-01,1.0,1.0,40680.08692080166,0.0,447480.9561288183,13200.0,34723.72328443803,0.0
ST_A3.50in,croston,0.95,2.4,10,True,-1,0.0,2024-11-01,1.0,1.0,42805.325037850394,0.0,470858.57541635435,13200.0,36848.961401486755,0.0
ST_A3.50in,croston,0.95,2.5,10,True,-1,0.0,2024-11-01,1.0,1.0,44930.56315489914,0.0,494236.1947038905,13200.0,38974.19951853549,0.0
ST_A3.50in,croston,0.95,2.6,10,True,-1,0.0,2024-11-01,1.0,1.0,47055.80127194785,0.0,517613.8139914264,13200.0,41099.43763558422,0.0
ST_A3.50in,croston,0.95,2.7,10,True,-1,0.0,2024-11-01,1.0,1.0,49181.03938899659,0.0,540991.4332789625,13200.0,43224.67575263295,0.0
ST_A3.50in,croston,0.95,2.8,10,True,-1,0.0,2024-11-01,1.0,1.0,51306.277506045306,0.0,564369.0525664984,13200.0,45349.91386968167,0.0
ST_A3.50in,croston,0.95,2.9,10,True,-1,0.0,2024-11-01,1.0,1.0,53431.51562309404,0.0,587746.6718540344,13200.0,47475.1519867304,0.0
ST_A3.50in,croston,0.95,3.0,10,True,-1,0.0,2024-11-01,1.0,1.0,55556.753740142776,0.0,611124.2911415705,13200.0,49600.39010377914,0.0
ST_A3.50in,croston,0.95,3.5,10,True,-1,0.0,2024-11-01,1.0,1.0,66182.94432538643,0.0,728012.3875792507,13200.0,60226.5806890228,0.0
ST_A3.50in,croston,0.95,4.0,10,True,-1,0.0,2024-11-01,1.0,1.0,76809.13491063008,0.0,844900.4840169308,13200.0,70852.77127426644,0.0
ST_A3.50in,hybrid,0.95,0.0,10,True,-1,0.0,2024-11-01,1.0,1.0,7446.262116865678,0.0,81908.88328552246,13200.0,1960.8075714111328,0.0
ST_A3.50in,hybrid,0.95,0.1,10,True,-1,0.0,2024-11-01,1.0,1.0,7647.426581552644,0.0,84121.69239707908,13200.0,2161.9720360980973,0.0
ST_A3.50in,hybrid,0.95,0.2,10,True,-1,0.0,2024-11-01,1.0,1.0,7868.591046239604,0.0,86554.50150863564,13200.0,2383.13650078506,0.0
ST_A3.50in,hybrid,0.95,0.3,10,True,-1,0.0,2024-11-01,1.0,1.0,8069.755510926568,0.0,88767.31062019225,13200.0,2584.3009654720227,120.0
ST_A3.50in,hybrid,0.95,0.4,10,True,-1,0.0,2024-11-01,1.0,1.0,8289.101793795351,0.0,91180.11973174887,13200.0,2805.465430158987,520.0
ST_A3.50in,hybrid,0.95,0.5,10,True,-1,0.0,2024-11-01,1.0,1.0,8492.084440300496,0.0,93412.92884330545,13200.0,3006.6298948459516,960.0
ST_A3.50in,hybrid,0.95,0.6,10,True,-1,0.0,2024-11-01,1.0,1.0,8711.430723169276,0.0,95825.73795486204,13200.0,3227.7943595329125,1360.0
ST_A3.50in,hybrid,0.95,0.7,10,True,-1,0.0,2024-11-01,1.0,1.0,8912.595187856245,0.0,98038.54706641869,13200.0,3428.9588242198806,1800.0
ST_A3.50in,hybrid,0.95,0.8,10,True,-1,0.0,2024-11-01,1.0,1.0,9133.759652543207,0.0,100471.35617797528,13200.0,3650.1232889068415,2220.0
ST_A3.50in,hybrid,0.95,0.9,10,True,-1,0.0,2024-11-01,1.0,1.0,9444.015026321078,0.0,103884.16528953185,13200.0,4151.287753593806,2340.0
ST_A3.50in,hybrid,0.95,1.0,10,True,-1,0.0,2024-11-01,1.0,1.0,9812.45221828077,0.0,107936.97440108848,13200.0,4812.4522182807705,2320.0
ST_A3.50in,hybrid,0.95,1.1,10,True,-1,0.0,2024-11-01,1.0,1.0,10186.343955695002,0.0,112049.78351264502,13200.0,5453.616682967731,2320.0
ST_A3.50in,hybrid,0.95,1.2,10,True,-1,0.0,2024-11-01,1.0,1.0,10547.508420381968,0.0,116022.59262420164,13200.0,6094.781147654696,2300.0
ST_A3.50in,hybrid,0.95,1.2816,10,True,-1,0.0,2024-11-01,1.0,1.0,10845.854987202898,0.0,119304.40485923187,13200.0,6609.49135083926,2320.0
ST_A3.50in,hybrid,0.95,1.3,10,True,-1,0.0,2024-11-01,1.0,1.0,10919.581975978024,0.0,120115.40173575826,13200.0,6735.94561234166,2300.0
ST_A3.50in,hybrid,0.95,1.4,10,True,-1,0.0,2024-11-01,1.0,1.0,11282.56462248317,0.0,124108.21084731488,13200.0,7377.110077028625,2300.0
ST_A3.50in,hybrid,0.95,1.5,10,True,-1,0.0,2024-11-01,1.0,1.0,11654.638178079227,0.0,128201.0199588715,13200.0,8018.274541715589,2280.0
ST_A3.50in,hybrid,0.95,1.6,10,True,-1,0.0,2024-11-01,1.0,1.0,12015.802642766184,0.0,132173.82907042804,13200.0,8659.43900640255,2280.0
ST_A3.50in,hybrid,0.95,1.6449,10,True,-1,0.0,2024-11-01,1.0,1.0,12190.692760137907,0.0,134097.62036151698,13200.0,8961.601851046998,2260.0
ST_A3.50in,hybrid,0.95,1.7,10,True,-1,0.0,2024-11-01,1.0,1.0,12386.05801654406,0.0,136246.63818198466,13200.0,9320.603471089515,2260.0
ST_A3.50in,hybrid,0.95,1.8,10,True,-1,0.0,2024-11-01,1.0,1.0,12758.131572140113,0.0,140339.44729354125,13200.0,9961.76793577648,2240.0
ST_A3.50in,hybrid,0.95,1.9,10,True,-1,0.0,2024-11-01,1.0,1.0,13119.29603682708,0.0,144312.25640509787,13200.0,10602.932400463444,2240.0
ST_A3.50in,hybrid,0.95,2.0,10,True,-1,0.0,2024-11-01,1.0,1.0,13493.187774241318,0.0,148425.0655166545,13200.0,11244.096865150408,2240.0
ST_A3.50in,hybrid,0.95,2.0537,10,True,-1,0.0,2024-11-01,1.0,1.0,13692.58763723276,0.0,150618.46400956035,13200.0,11598.042182687306,2220.0
ST_A3.50in,hybrid,0.95,2.1,10,True,-1,0.0,2024-11-01,1.0,1.0,13854.35223892828,0.0,152397.87462821108,13200.0,11885.261329837369,2220.0
ST_A3.50in,hybrid,0.95,2.2,10,True,-1,0.0,2024-11-01,1.0,1.0,14226.425794524337,0.0,156490.6837397677,13200.0,12526.425794524333,2220.0
ST_A3.50in,hybrid,0.95,2.3,10,True,-1,0.0,2024-11-01,1.0,1.0,14589.408441029484,0.0,160483.49285132432,13200.0,13167.590259211298,2200.0
ST_A3.50in,hybrid,0.95,2.4,10,True,-1,0.0,2024-11-01,1.0,1.0,14968.754723898257,0.0,164656.30196288083,13200.0,13828.754723898259,2180.0
ST_A3.50in,hybrid,0.95,2.5,10,True,-1,0.0,2024-11-01,1.0,1.0,15329.919188585225,0.0,168629.11107443747,13200.0,14469.919188585227,2180.0
ST_A3.50in,hybrid,0.95,2.6,10,True,-1,0.0,2024-11-01,1.0,1.0,15692.90183509037,0.0,172621.92018599407,13200.0,15111.083653272188,2160.0
ST_A3.50in,hybrid,0.95,2.7,10,True,-1,0.0,2024-11-01,1.0,1.0,16064.975390686426,0.0,176714.7292975507,13200.0,15752.248117959152,2160.0
ST_A3.50in,hybrid,0.95,2.8,10,True,-1,0.0,2024-11-01,1.0,1.0,16426.139855373392,0.0,180687.5384091073,13200.0,16393.412582646117,2160.0
ST_A3.50in,hybrid,0.95,2.9,10,True,-1,0.0,2024-11-01,1.0,1.0,16800.031592787618,0.0,184800.3475206638,13200.0,17034.577047333078,2140.0
ST_A3.50in,hybrid,0.95,3.0,10,True,-1,0.0,2024-11-01,1.0,1.0,17186.65060292913,0.0,189053.15663222043,13200.0,17675.741512020042,2140.0
ST_A3.50in,hybrid,0.95,3.5,10,True,-1,0.0,2024-11-01,1.0,1.0,19236.109290000317,0.0,211597.2021900035,13200.0,20901.56383545486,2080.0
ST_A3.50in,hybrid,0.95,4.0,10,True,-1,0.0,2024-11-01,1.0,1.0,21291.022522526044,0.0,234201.2477477865,13200.0,24127.38615888968,2020.0
ST_A3.50in,mitra,0.95,0.0,10,True,-1,0.0,2024-11-01,0.44949494949494956,0.5,823.0303030303032,1392.7272727272723,162253.3333333333,13200.0,0.0,3500.0
ST_A3.50in,mitra,0.95,0.1,10,True,-1,0.0,2024-11-01,0.4909668850247521,0.5,949.2642914378928,1239.7919411836194,146819.02073601497,13200.0,0.0,3520.0
ST_A3.50in,mitra,0.95,0.2,10,True,-1,0.0,2024-11-01,0.5309236690394032,0.5,1071.861916209119,1094.1293369126936,132144.70813869662,13200.0,0.0,3520.0
ST_A3.50in,mitra,0.95,0.3,10,True,-1,0.0,2024-11-01,0.5708804530540543,0.5,1194.4595409803449,948.466732641768,117470.39554137827,13200.0,0.0,3520.0
ST_A3.50in,mitra,0.95,0.4,10,True,-1,0.0,2024-11-01,0.6108372370687054,0.5,1317.0571657515707,802.8041283708425,102796.08294405995,13200.0,0.0,3520.0
ST_A3.50in,mitra,0.95,0.5,10,True,-1,0.0,2024-11-01,0.6507940210833565,0.5,1436.018426886433,653.5051604635532,87681.77034674161,13200.0,0.0,3540.0
ST_A3.50in,mitra,0.95,0.6,10,True,-1,0.0,2024-11-01,0.6974898440106476,0.5,1564.8847165346451,515.9294028877957,73965.96619953863,13200.0,0.0,3540.0
ST_A3.50in,mitra,0.95,0.7,10,True,-1,0.0,2024-11-01,0.7581825957901999,0.5,1712.3655026237525,395.1499599347517,62302.51612168396,13200.0,0.0,3560.0
ST_A3.50in,mitra,0.95,0.8,10,True,-1,0.0,2024-11-01,0.8055128579757945,0.6666666666666666,1891.916263738359,306.44049200720616,54519.53302191463,13200.0,176.38486264024414,3560.0
ST_A3.50in,mitra,0.95,0.9,10,True,-1,0.0,2024-11-01,0.8500150965359003,0.6666666666666666,2087.345190645048,226.33646259901582,47857.80798298727,13200.0,430.09963713694196,3560.0
ST_A3.50in,mitra,0.95,1.0,10,True,-1,0.0,2024-11-01,0.8914870320657029,0.6666666666666666,2273.683208460829,151.68697864537123,41696.08294405995,13200.0,663.8144116336389,3580.0
ST_A3.50in,mitra,0.95,1.1,10,True,-1,0.0,2024-11-01,0.9301158474341163,0.8333333333333334,2472.299260118487,83.86098307906038,36420.0,13200.0,917.5291861303358,3580.0
ST_A3.50in,mitra,0.95,1.2,10,True,-1,0.0,2024-11-01,0.9508518151990176,0.8333333333333334,2719.312691479121,58.977821761178845,36400.0,13200.0,1171.2439606270327,3580.0
ST_A3.50in,mitra,0.95,1.2816,10,True,-1,0.0,2024-11-01,0.967772364895177,0.8333333333333334,2916.9047423784887,38.673162125787464,36340.0,13200.0,1374.595216616338,3600.0
ST_A3.50in,mitra,0.95,1.3,10,True,-1,0.0,2024-11-01,0.9715877829639189,0.8333333333333334,2962.68975920339,34.09466044329731,36340.0,13200.0,1424.9587351237296,3580.0
ST_A3.50in,mitra,0.95,1.4,10,True,-1,0.0,2024-11-01,0.9938389022439718,0.8333333333333334,3211.521372382206,7.393317307233949,36140.0,13200.0,1678.6735096204266,3600.0
ST_A3.50in,mitra,0.95,1.5,10,True,-1,0.0,2024-11-01,1.0,1.0,3465.115556844399,0.0,38116.27112528839,13200.0,1912.3882841171253,3620.0
ST_A3.50in,mitra,0.95,1.6,10,True,-1,0.0,2024-11-01,1.0,1.0,3731.5576040683677,0.0,41047.133644752044,13200.0,2166.103058613822,3620.0
ST_A3.50in,mitra,0.95,1.6449,10,True,-1,0.0,2024-11-01,1.0,1.0,3856.273719635566,0.0,42419.010915991224,13200.0,2289.0009923628386,3600.0
ST_A3.50in,mitra,0.95,1.7,10,True,-1,0.0,2024-11-01,1.0,1.0,3999.817833110518,0.0,43997.9961642157,13200.0,2419.817833110519,3620.0
ST_A3.50in,mitra,0.95,1.8,10,True,-1,0.0,2024-11-01,1.0,1.0,4275.350789425398,0.0,47028.85868367938,13200.0,2673.532607607216,3620.0
ST_A3.50in,mitra,0.95,1.9,10,True,-1,0.0,2024-11-01,1.0,1.0,4543.61101846755,0.0,49979.72120314305,13200.0,2927.247382103913,3620.0
ST_A3.50in,mitra,0.95,2.0,10,True,-1,0.0,2024-11-01,1.0,1.0,4804.598520236974,0.0,52850.58372260671,13200.0,3160.96215660061,3640.0
ST_A3.50in,mitra,0.95,2.0537,10,True,-1,0.0,2024-11-01,1.0,1.0,4951.583354141702,0.0,54467.41689555872,13200.0,3307.9469905053375,3640.0
ST_A3.50in,mitra,0.95,2.1,10,True,-1,0.0,2024-11-01,1.0,1.0,5072.858749279124,0.0,55801.446242070364,13200.0,3414.676931097307,3660.0
ST_A3.50in,mitra,0.95,2.2,10,True,-1,0.0,2024-11-01,1.0,1.0,5339.300796503095,0.0,58732.30876153404,13200.0,3668.3917055940037,3660.0
ST_A3.50in,mitra,0.95,2.3,10,True,-1,0.0,2024-11-01,1.0,1.0,5614.8337528179745,0.0,61763.17128099772,13200.0,3922.1064800907006,3660.0
ST_A3.50in,mitra,0.95,2.4,10,True,-1,0.0,2024-11-01,1.0,1.0,5886.730345496489,0.0,64754.03380046137,13200.0,4175.821254587398,3660.0
ST_A3.50in,mitra,0.95,2.5,10,True,-1,0.0,2024-11-01,1.0,1.0,6147.717847265912,0.0,67624.89631992503,13200.0,4409.5360290840945,3680.0
ST_A3.50in,mitra,0.95,2.6,10,True,-1,0.0,2024-11-01,1.0,1.0,6415.978076308066,0.0,70575.75883938873,13200.0,4663.250803580793,3680.0
ST_A3.50in,mitra,0.95,2.7,10,True,-1,0.0,2024-11-01,1.0,1.0,6689.692850804763,0.0,73586.6213588524,13200.0,4916.96557807749,3680.0
ST_A3.50in,mitra,0.95,2.8,10,True,-1,0.0,2024-11-01,1.0,1.0,6957.953079846912,0.0,76537.48387831604,13200.0,5170.680352574185,3700.0
ST_A3.50in,mitra,0.95,2.9,10,True,-1,0.0,2024-11-01,1.0,1.0,7226.213308889064,0.0,79488.34639777971,13200.0,5424.395127070884,3700.0
ST_A3.50in,mitra,0.95,3.0,10,True,-1,0.0,2024-11-01,1.0,1.0,7487.200810658493,0.0,82359.20891724342,13200.0,5658.109901567583,3720.0
ST_A3.50in,mitra,0.95,3.5,10,True,-1,0.0,2024-11-01,1.0,1.0,8826.683774051067,0.0,97093.52151456174,13200.0,6906.683774051067,3760.0
ST_A3.50in,mitra,0.95,4.0,10,True,-1,0.0,2024-11-01,1.0,1.0,10173.43946471637,0.0,111907.83411188006,13200.0,8155.257646534552,3780.0
ST_A3.50in,naive,0.95,0.0,10,True,-1,0.0,2024-11-01,1.0,1.0,17029.090909090908,372.72727272727275,228320.0,13200.0,22800.0,0.0
ST_A3.50in,naive,0.95,0.1,10,True,-1,0.0,2024-11-01,1.0,1.0,17577.36142853937,270.99112987333535,223159.99999999997,13200.0,23499.09757139331,0.0
ST_A3.50in,naive,0.95,0.2,10,True,-1,0.0,2024-11-01,1.0,1.0,18125.63194798784,171.07316883757974,218200.0,13200.0,24198.195142786622,0.0
ST_A3.50in,naive,0.95,0.3,10,True,-1,0.0,2024-11-01,1.0,1.0,18673.902467436303,71.15520780182418,213240.0,13200.0,24897.292714179934,0.0
ST_A3.50in,naive,0.95,0.4,10,True,-1,0.0,2024-11-01,1.0,1.0,19252.753921936885,0.0,211780.29314130574,13200.0,25596.390285573245,0.0
ST_A3.50in,naive,0.95,0.5,10,True,-1,0.0,2024-11-01,1.0,1.0,19900.942402421104,0.0,218910.36642663213,13200.0,26295.487856966556,0.0
ST_A3.50in,naive,0.95,0.6,10,True,-1,0.0,2024-11-01,1.0,1.0,20549.13088290532,0.0,226040.43971195852,13200.0,26994.585428359867,0.0
ST_A3.50in,naive,0.95,0.7,10,True,-1,0.0,2024-11-01,1.0,1.0,21197.319363389546,0.0,233170.512997285,13200.0,27693.68299975318,0.0
ST_A3.50in,naive,0.95,0.8,10,True,-1,0.0,2024-11-01,1.0,1.0,21847.326025691946,0.0,240320.5862826114,13200.0,28392.78057114649,0.0
ST_A3.50in,naive,0.95,0.9,10,True,-1,0.0,2024-11-01,1.0,1.0,22495.514506176172,0.0,247450.6595679379,13200.0,29091.878142539805,0.0
ST_A3.50in,naive,0.95,1.0,10,True,-1,0.0,2024-11-01,1.0,1.0,23143.702986660388,0.0,254580.73285326426,13200.0,29790.975713933112,0.0
ST_A3.50in,naive,0.95,1.1,10,True,-1,0.0,2024-11-01,1.0,1.0,23793.709648962787,0.0,261730.80613859068,13200.0,30490.073285326427,0.0
ST_A3.50in,naive,0.95,1.2,10,True,-1,0.0,2024-11-01,1.0,1.0,24460.079947628823,0.0,269060.87942391704,13200.0,31189.170856719735,0.0
ST_A3.50in,naive,0.95,1.2816,10,True,-1,0.0,2024-11-01,1.0,1.0,25000.143565885766,0.0,275001.5792247434,13200.0,31749.234474976678,0.0
ST_A3.50in,naive,0.95,1.3,10,True,-1,0.0,2024-11-01,1.0,1.0,25119.177519022138,0.0,276310.9527092435,13200.0,31868.26842811305,0.0
ST_A3.50in,naive,0.95,1.4,10,True,-1,0.0,2024-11-01,1.0,1.0,25785.547817688177,0.0,283641.02599456994,13200.0,32567.365999506357,0.0
ST_A3.50in,naive,0.95,1.5,10,True,-1,0.0,2024-11-01,1.0,1.0,26451.91811635422,0.0,290971.0992798964,13200.0,33266.46357089967,0.0
ST_A3.50in,naive,0.95,1.6,10,True,-1,0.0,2024-11-01,1.0,1.0,27118.28841502025,0.0,298301.1725652228,13200.0,33965.56114229298,0.0
ST_A3.50in,naive,0.95,1.6449,10,True,-1,0.0,2024-11-01,1.0,1.0,27421.58322457585,0.0,301637.41547033435,13200.0,34288.85595184858,0.0
ST_A3.50in,naive,0.95,1.7,10,True,-1,0.0,2024-11-01,1.0,1.0,27784.65871368629,0.0,305631.2458505492,13200.0,34664.658713686295,0.0
ST_A3.50in,naive,0.95,1.8,10,True,-1,0.0,2024-11-01,1.0,1.0,28451.029012352334,0.0,312961.3191358757,13200.0,35363.75628507961,0.0
ST_A3.50in,naive,0.95,1.9,10,True,-1,0.0,2024-11-01,1.0,1.0,29117.399311018373,0.0,320291.3924212021,13200.0,36062.85385647292,0.0
ST_A3.50in,naive,0.95,2.0,10,True,-1,0.0,2024-11-01,1.0,1.0,29783.769609684412,0.0,327621.4657065285,13200.0,36761.951427866225,0.0
ST_A3.50in,naive,0.95,2.0537,10,True,-1,0.0,2024-11-01,1.0,1.0,30135.930460068073,0.0,331495.2350607488,13200.0,37139.56682370444,0.0
ST_A3.50in,naive,0.95,2.1,10,True,-1,0.0,2024-11-01,1.0,1.0,30439.23081744136,0.0,334831.53899185493,13200.0,37461.04899925954,0.0
ST_A3.50in,naive,0.95,2.2,10,True,-1,0.0,2024-11-01,1.0,1.0,31105.601116107395,0.0,342161.61227718135,13200.0,38160.146570652854,0.0
ST_A3.50in,naive,0.95,2.3,10,True,-1,0.0,2024-11-01,1.0,1.0,31771.97141477343,0.0,349491.6855625077,13200.0,38859.24414204616,0.0
ST_A3.50in,naive,0.95,2.4,10,True,-1,0.0,2024-11-01,1.0,1.0,32438.341713439462,0.0,356821.7588478341,13200.0,39558.34171343947,0.0
ST_A3.50in,naive,0.95,2.5,10,True,-1,0.0,2024-11-01,1.0,1.0,33104.71201210551,0.0,364151.8321331607,13200.0,40257.439284832784,0.0
ST_A3.50in,naive,0.95,2.6,10,True,-1,0.0,2024-11-01,1.0,1.0,33763.80958349883,0.0,371401.9054184871,13200.0,40936.5368562261,0.0
ST_A3.50in,naive,0.95,2.7,10,True,-1,0.0,2024-11-01,1.0,1.0,34430.17988216486,0.0,378731.97870381345,13200.0,41635.63442761941,0.0
ST_A3.50in,naive,0.95,2.8,10,True,-1,0.0,2024-11-01,1.0,1.0,35096.55018083089,0.0,386062.0519891398,13200.0,42334.731999012714,0.0
ST_A3.50in,naive,0.95,2.9,10,True,-1,0.0,2024-11-01,1.0,1.0,35762.920479496934,0.0,393392.12527446623,13200.0,43033.82957040603,0.0
ST_A3.50in,naive,0.95,3.0,10,True,-1,0.0,2024-11-01,1.0,1.0,36429.290778162984,0.0,400722.1985597928,13200.0,43732.927141799344,0.0
ST_A3.50in,naive,0.95,3.5,10,True,-1,0.0,2024-11-01,1.0,1.0,39782.96045331136,0.0,437612.5649864249,13200.0,47228.4149987659,0.0
ST_A3.50in,naive,0.95,4.0,10,True,-1,0.0,2024-11-01,1.0,1.0,45180.266492096096,0.0,496982.9314130571,13200.0,50703.90285573246,300.0
ST_A3.50in,rf,0.95,0.0,10,True,-1,0.0,2024-11-01,1.0,1.0,3360.5418181818186,0.0,36965.96000000001,13200.0,2902.3600000000006,2760.0
ST_A3.50in,rf,0.95,0.1,10,True,-1,0.0,2024-11-01,1.0,1.0,3759.751439786982,0.0,41357.2658376568,13200.0,3265.2059852415277,2720.0
ST_A3.50in,rf,0.95,0.2,10,True,-1,0.0,2024-11-01,1.0,1.0,4166.233788664872,0.0,45828.57167531359,13200.0,3628.051970483055,2700.0
ST_A3.50in,rf,0.95,0.3,10,True,-1,0.0,2024-11-01,1.0,1.0,4561.80704663367,0.0,50179.87751297037,13200.0,3990.8979557245802,2660.0
ST_A3.50in,rf,0.95,0.4,10,True,-1,0.0,2024-11-01,1.0,1.0,4968.289395511562,0.0,54651.18335062719,13200.0,4353.743940966107,2640.0
ST_A3.50in,rf,0.95,0.5,10,True,-1,0.0,2024-11-01,1.0,1.0,5374.771744389453,0.0,59122.48918828398,13200.0,4716.589926207635,2600.0
ST_A3.50in,rf,0.95,0.6,10,True,-1,0.0,2024-11-01,1.0,1.0,5773.981365994616,0.0,63513.79502594077,13200.0,5079.435911449162,2580.0
ST_A3.50in,rf,0.95,0.7,10,True,-1,0.0,2024-11-01,1.0,1.0,6180.463714872508,0.0,67985.10086359759,13200.0,5442.281896690689,2540.0
ST_A3.50in,rf,0.95,0.8,10,True,-1,0.0,2024-11-01,1.0,1.0,6579.67333647767,0.0,72376.40670125437,13200.0,5805.127881932214,2520.0
ST_A3.50in,rf,0.95,0.9,10,True,-1,0.0,2024-11-01,1.0,1.0,6989.792048991923,0.0,76887.71253891116,13200.0,6167.973867173741,2480.0
ST_A3.50in,rf,0.95,1.0,10,True,-1,0.0,2024-11-01,1.0,1.0,7392.6380342334505,0.0,81319.01837656795,13200.0,6530.8198524152685,2460.0
ST_A3.50in,rf,0.95,1.1,10,True,-1,0.0,2024-11-01,1.0,1.0,7799.120383111341,0.0,85790.32421422475,13200.0,6893.665837656796,2420.0
ST_A3.50in,rf,0.95,1.2,10,True,-1,0.0,2024-11-01,1.0,1.0,8209.239095625595,0.0,90301.63005188154,13200.0,7256.511822898323,2400.0
ST_A3.50in,rf,0.95,1.2816,10,True,-1,0.0,2024-11-01,1.0,1.0,8538.2232377645,0.0,93920.45561540949,13200.0,7567.314146855408,2360.0
ST_A3.50in,rf,0.95,1.3,10,True,-1,0.0,2024-11-01,1.0,1.0,8608.448717230756,0.0,94692.93588953832,13200.0,7619.357808139848,2360.0
ST_A3.50in,rf,0.95,1.4,10,True,-1,0.0,2024-11-01,1.0,1.0,9018.56742974501,0.0,99204.24172719511,13200.0,7982.203793381375,2340.0
ST_A3.50in,rf,0.95,1.5,10,True,-1,0.0,2024-11-01,1.0,1.0,9432.322505895629,0.0,103755.5475648519,13200.0,8365.049778622903,2280.0
ST_A3.50in,rf,0.95,1.6,10,True,-1,0.0,2024-11-01,1.0,1.0,9835.168491137154,0.0,108186.85340250868,13200.0,8727.895763864428,2260.0
ST_A3.50in,rf,0.95,1.6449,10,True,-1,0.0,2024-11-01,1.0,1.0,10013.075429419694,0.0,110143.82972361663,13200.0,8874.893611237876,2260.0
ST_A3.50in,rf,0.95,1.7,10,True,-1,0.0,2024-11-01,1.0,1.0,10241.650840015049,0.0,112658.15924016554,13200.0,9090.741749105957,2220.0
ST_A3.50in,rf,0.95,1.8,10,True,-1,0.0,2024-11-01,1.0,1.0,10648.133188892938,0.0,117129.46507782231,13200.0,9453.587734347482,2200.0
ST_A3.50in,rf,0.95,1.9,10,True,-1,0.0,2024-11-01,1.0,1.0,11054.61553777083,0.0,121600.77091547912,13200.0,9816.433719589011,2180.0
ST_A3.50in,rf,0.95,2.0,10,True,-1,0.0,2024-11-01,1.0,1.0,11457.461523012355,0.0,126032.0767531359,13200.0,10179.279704830537,2140.0
ST_A3.50in,rf,0.95,2.0537,10,True,-1,0.0,2024-11-01,1.0,1.0,11682.077089814326,0.0,128502.84798795759,13200.0,10371.167998905235,2120.0
ST_A3.50in,rf,0.95,2.1,10,True,-1,0.0,2024-11-01,1.0,1.0,11867.580235526608,0.0,130543.38259079268,13200.0,10542.125690072062,2120.0
ST_A3.50in,rf,0.95,2.2,10,True,-1,0.0,2024-11-01,1.0,1.0,12277.698948040865,0.0,135054.6884284495,13200.0,10904.97167531359,2080.0
ST_A3.50in,rf,0.95,2.3,10,True,-1,0.0,2024-11-01,1.0,1.0,12684.181296918752,0.0,139525.99426610628,13200.0,11287.817660555116,2040.0
ST_A3.50in,rf,0.95,2.4,10,True,-1,0.0,2024-11-01,1.0,1.0,13108.845463978465,0.0,144197.30010376312,13200.0,11730.663645796645,1920.0
ST_A3.50in,rf,0.95,2.5,10,True,-1,0.0,2024-11-01,1.0,1.0,13526.236903765444,0.0,148788.6059414199,13200.0,12173.50963103817,1820.0
ST_A3.50in,rf,0.95,2.6,10,True,-1,0.0,2024-11-01,1.0,1.0,13950.901070825152,0.0,153459.91177907668,13200.0,12616.355616279696,1700.0
ST_A3.50in,rf,0.95,2.7,10,True,-1,0.0,2024-11-01,1.0,1.0,14371.928874248499,0.0,158091.21761673348,13200.0,13059.201601521225,1600.0
ST_A3.50in,rf,0.95,2.8,10,True,-1,0.0,2024-11-01,1.0,1.0,14789.320314035478,0.0,162682.52345439026,13200.0,13502.04758676275,1480.0
ST_A3.50in,rf,0.95,2.9,10,True,-1,0.0,2024-11-01,1.0,1.0,15213.984481095189,0.0,167353.82929204707,13200.0,13944.89357200428,1380.0
ST_A3.50in,rf,0.95,3.0,10,True,-1,0.0,2024-11-01,1.0,1.0,15631.375920882168,0.0,171945.13512970385,13200.0,14387.739557245804,1260.0
ST_A3.50in,rf,0.95,3.5,10,True,-1,0.0,2024-11-01,1.0,1.0,17736.51493799889,0.0,195101.6643179878,13200.0,16601.96948345344,720.0
ST_A3.50in,rf,0.95,4.0,10,True,-1,0.0,2024-11-01,1.0,1.0,19863.472136933797,0.0,218498.19350627175,13200.0,18836.199409661072,140.0
ST_A3.50in,sba,0.95,0.0,10,True,-1,0.0,2024-11-01,0.5160733731365702,0.5,1010.0383012278925,1189.4085839810746,141945.36555142503,13200.0,0.0,3220.0
ST_A3.50in,sba,0.95,0.1,10,True,-1,0.0,2024-11-01,0.5630184197004015,0.5,1160.873440919386,1018.5882345331004,124814.3136487543,13200.0,0.0,3180.0
ST_A3.50in,sba,0.95,0.2,10,True,-1,0.0,2024-11-01,0.6099634662642326,0.5,1455.3449442472431,847.7678850851265,109263.26174608359,13200.0,0.0,3140.0
ST_A3.50in,sba,0.95,0.3,10,True,-1,0.0,2024-11-01,0.6569085128280637,0.5,1749.8164475751003,676.9475356371523,93712.20984341286,13200.0,0.0,3100.0
ST_A3.50in,sba,0.95,0.4,10,True,-1,0.0,2024-11-01,0.7705202260585616,0.5,2204.2879509029576,346.1271861891781,62321.15794074212,13200.0,0.0,3060.0
ST_A3.50in,sba,0.95,0.5,10,True,-1,0.0,2024-11-01,0.9382780908566509,0.8333333333333334,3244.791635734357,74.06629097201882,43840.0,13200.0,65.27079930779291,3020.0
ST_A3.50in,sba,0.95,0.6,10,True,-1,0.0,2024-11-01,1.0,1.0,4545.108106629079,0.0,49996.18917291987,13200.0,345.108106629079,2980.0
ST_A3.50in,sba,0.95,0.7,10,True,-1,0.0,2024-11-01,1.0,1.0,5919.49086849582,0.0,65114.399553454015,13200.0,624.945413950365,2940.0
ST_A3.50in,sba,0.95,0.8,10,True,-1,0.0,2024-11-01,1.0,1.0,7541.146357635287,0.0,82952.60993398816,13200.0,1584.782721271651,2220.0
ST_A3.50in,sba,0.95,0.9,10,True,-1,0.0,2024-11-01,1.0,1.0,9540.983664956573,0.0,104950.82031452231,13200.0,3584.620028592937,460.0
ST_A3.50in,sba,0.95,1.0,10,True,-1,0.0,2024-11-01,1.0,1.0,11540.82097227786,0.0,126949.03069505646,13200.0,5584.457335914223,0.0
ST_A3.50in,sba,0.95,1.1,10,True,-1,0.0,2024-11-01,1.0,1.0,13540.658279599145,0.0,148947.2410755906,13200.0,7584.294643235509,0.0
ST_A3.50in,sba,0.95,1.2,10,True,-1,0.0,2024-11-01,1.0,1.0,15540.495586920431,0.0,170945.45145612475,13200.0,9584.131950556795,0.0
ST_A3.50in,sba,0.95,1.2816,10,True,-1,0.0,2024-11-01,1.0,1.0,17172.3628296946,0.0,188895.9911266406,13200.0,11215.999193330965,0.0
ST_A3.50in,sba,0.95,1.3,10,True,-1,0.0,2024-11-01,1.0,1.0,17540.332894241717,0.0,192943.6618366589,13200.0,11583.969257878081,0.0
ST_A3.50in,sba,0.95,1.4,10,True,-1,0.0,2024-11-01,1.0,1.0,19540.170201563004,0.0,214941.87221719304,13200.0,13583.806565199367,0.0
ST_A3.50in,sba,0.95,1.5,10,True,-1,0.0,2024-11-01,1.0,1.0,21540.00750888429,0.0,236940.0825977272,13200.0,15583.643872520654,0.0
ST_A3.50in,sba,0.95,1.6,10,True,-1,0.0,2024-11-01,1.0,1.0,23539.844816205576,0.0,258938.29297826134,13200.0,17583.48117984194,0.0
ST_A3.50in,sba,0.95,1.6449,10,True,-1,0.0,2024-11-01,1.0,1.0,24437.771767192837,0.0,268815.4894391212,13200.0,18481.4081308292,0.0
ST_A3.50in,sba,0.95,1.7,10,True,-1,0.0,2024-11-01,1.0,1.0,25539.68212352686,0.0,280936.5033587955,13200.0,19583.318487163226,0.0
ST_A3.50in,sba,0.95,1.8,10,True,-1,0.0,2024-11-01,1.0,1.0,27539.519430848144,0.0,302934.7137393296,13200.0,21583.15579448451,0.0
ST_A3.50in,sba,0.95,1.9,10,True,-1,0.0,2024-11-01,1.0,1.0,29539.356738169434,0.0,324932.9241198638,13200.0,23582.993101805798,0.0
ST_A3.50in,sba,0.95,2.0,10,True,-1,0.0,2024-11-01,1.0,1.0,31539.194045490713,0.0,346931.13450039783,13200.0,25582.830409127084,0.0
ST_A3.50in,sba,0.95,2.0537,10,True,-1,0.0,2024-11-01,1.0,1.0,32613.106679522254,0.0,358744.1734747448,13200.0,26656.743043158618,0.0
ST_A3.50in,sba,0.95,2.1,10,True,-1,0.0,2024-11-01,1.0,1.0,33539.03135281201,0.0,368929.34488093207,13200.0,27582.66771644837,0.0
ST_A3.50in,sba,0.95,2.2,10,True,-1,0.0,2024-11-01,1.0,1.0,35538.8686601333,0.0,390927.5552614663,13200.0,29582.505023769656,0.0
ST_A3.50in,sba,0.95,2.3,10,True,-1,0.0,2024-11-01,1.0,1.0,37538.70596745458,0.0,412925.76564200036,13200.0,31582.342331090942,0.0
ST_A3.50in,sba,0.95,2.4,10,True,-1,0.0,2024-11-01,1.0,1.0,39538.54327477585,0.0,434923.9760225344,13200.0,33582.17963841223,0.0
ST_A3.50in,sba,0.95,2.5,10,True,-1,0.0,2024-11-01,1.0,1.0,41538.380582097154,0.0,456922.18640306866,13200.0,35582.016945733514,0.0
ST_A3.50in,sba,0.95,2.6,10,True,-1,0.0,2024-11-01,1.0,1.0,43538.21788941845,0.0,478920.3967836029,13200.0,37581.8542530548,0.0
ST_A3.50in,sba,0.95,2.7,10,True,-1,0.0,2024-11-01,1.0,1.0,45538.055196739726,0.0,500918.60716413695,13200.0,39581.691560376086,0.0
ST_A3.50in,sba,0.95,2.8,10,True,-1,0.0,2024-11-01,1.0,1.0,47537.892504061,0.0,522916.817544671,13200.0,41581.52886769737,0.0
ST_A3.50in,sba,0.95,2.9,10,True,-1,0.0,2024-11-01,1.0,1.0,49537.72981138229,0.0,544915.0279252052,13200.0,43581.36617501866,0.0
ST_A3.50in,sba,0.95,3.0,10,True,-1,0.0,2024-11-01,1.0,1.0,51537.56711870359,0.0,566913.2383057395,13200.0,45581.203482339944,0.0
ST_A3.50in,sba,0.95,3.5,10,True,-1,0.0,2024-11-01,1.0,1.0,61536.753655310014,0.0,676904.2902084101,13200.0,55580.390018946375,0.0
ST_A3.50in,sba,0.95,4.0,10,True,-1,0.0,2024-11-01,1.0,1.0,71535.94019191644,0.0,786895.3421110808,13200.0,65579.5765555528,0.0
ST_A3.50in,ses,0.95,0.0,10,True,-1,0.0,2024-11-01,0.37569179881557924,0.5,639.8421353392084,1936.6398995200216,220068.65243593365,13200.0,0.0,3640.0
ST_A3.50in,ses,0.95,0.1,10,True,-1,0.0,2024-11-01,0.41222304486369193,0.5,727.5171258546787,1782.2995752088575,204055.64165737582,13200.0,0.0,3740.0
ST_A3.50in,ses,0.95,0.2,10,True,-1,0.0,2024-11-01,0.44723913939665316,0.5,811.5557527337859,1629.7774327158747,188202.63087881787,13200.0,0.0,3840.0
ST_A3.50in,ses,0.95,0.3,10,True,-1,0.0,2024-11-01,0.4837703854447657,0.5,899.2307432492559,1477.255290222893,172389.62010026007,13200.0,0.0,3920.0
ST_A3.50in,ses,0.95,0.4,10,True,-1,0.0,2024-11-01,0.518786479977727,0.5,983.2693701283629,1326.551329548092,156736.60932170213,13200.0,0.0,4040.0
ST_A3.50in,ses,0.95,0.5,10,True,-1,0.0,2024-11-01,0.5553177260258396,0.5,1070.9443606438333,1174.0291870551098,140923.59854314427,13200.0,0.0,4120.0
ST_A3.50in,ses,0.95,0.6,10,True,-1,0.0,2024-11-01,0.5918489720739523,0.5,1158.6193511593037,1019.6888627439458,124910.5877645864,13200.0,0.0,4200.0
ST_A3.50in,ses,0.95,0.7,10,True,-1,0.0,2024-11-01,0.6268650666069134,0.5,1242.6579780384104,867.1667202509634,109057.57698602849,13200.0,0.0,4300.0
ST_A3.50in,ses,0.95,0.8,10,True,-1,0.0,2024-11-01,0.6445769442063011,0.6666666666666666,1387.1736040602011,756.9397587188462,98522.28310373529,13200.0,248.41566352317295,4400.0
ST_A3.50in,ses,0.95,0.9,10,True,-1,0.0,2024-11-01,0.6605698399576301,0.6666666666666666,1561.5139283713652,669.2647682033759,90795.77771445636,13200.0,519.5218874407165,4480.0
ST_A3.50in,ses,0.95,1.0,10,True,-1,0.0,2024-11-01,0.676562735708959,0.6666666666666666,1728.5815254098015,581.5897776879054,82989.27232517742,13200.0,770.62811135826,4580.0
ST_A3.50in,ses,0.95,1.1,10,True,-1,0.0,2024-11-01,0.7048082326175461,0.6666666666666666,1913.9886074733122,501.345181288417,76201.8446239323,13200.0,1041.7343352758044,4660.0
ST_A3.50in,ses,0.95,1.2,10,True,-1,0.0,2024-11-01,0.7428546301808101,0.6666666666666666,2102.065861231525,434.6798474927236,70937.50769774636,13200.0,1292.840559193347,4780.0
ST_A3.50in,ses,0.95,1.2816,10,True,-1,0.0,2024-11-01,0.7755004905924336,0.6666666666666666,2266.038718480045,375.9172987518012,66277.32876597863,13200.0,1528.3032379100623,4820.0
ST_A3.50in,ses,0.95,1.3,10,True,-1,0.0,2024-11-01,0.7809010277440745,0.6666666666666666,2302.8703877170124,366.19633187884756,65613.17077156037,13200.0,1583.9467831108923,4840.0
ST_A3.50in,ses,0.95,1.4,10,True,-1,0.0,2024-11-01,0.8204625768224899,0.6666666666666666,2505.4930960206784,295.894634446791,60108.83384537447,13200.0,1875.053007028433,4900.0
ST_A3.50in,ses,0.95,1.5,10,True,-1,0.0,2024-11-01,0.8585089743857541,0.6666666666666666,2708.115804324347,229.22930065109705,55004.496919188496,13200.0,2186.1592309459775,4940.0
ST_A3.50in,ses,0.95,1.6,10,True,-1,0.0,2024-11-01,0.8965553719490185,0.6666666666666666,2908.920330809834,160.7457850372213,49680.15999300252,13200.0,2477.265454863522,5020.0
ST_A3.50in,ses,0.95,1.6449,10,True,-1,0.0,2024-11-01,0.9139169923337119,0.6666666666666666,3001.3470177472714,130.40395925386392,47359.25271314502,13200.0,2601.852149402499,5040.0
ST_A3.50in,ses,0.95,1.7,10,True,-1,0.0,2024-11-01,0.9346017695122828,0.6666666666666666,3111.543039113503,94.08045124152737,44575.82306681654,13200.0,2768.3716787810663,5080.0
ST_A3.50in,ses,0.95,1.8,10,True,-1,0.0,2024-11-01,0.9681422653559554,0.8333333333333334,3324.979911544191,38.22928157285357,40779.99999999999,13200.0,3059.4779026986107,5140.0
ST_A3.50in,ses,0.95,1.9,10,True,-1,0.0,2024-11-01,0.9871654641375872,0.8333333333333334,3571.440115105592,15.40144303489532,40980.0,13200.0,3370.5841266161515,5180.0
ST_A3.50in,ses,0.95,2.0,10,True,-1,0.0,2024-11-01,1.0,1.0,3825.3267141700594,0.0,42078.593855870655,13200.0,3661.690350533696,5260.0
ST_A3.50in,ses,0.95,2.0537,10,True,-1,0.0,2024-11-01,1.0,1.0,3976.999847322873,0.0,43746.998320551604,13200.0,3822.4543927774175,5280.0
ST_A3.50in,ses,0.95,2.1,10,True,-1,0.0,2024-11-01,1.0,1.0,4094.6147562694223,0.0,45040.76231896364,13200.0,3952.7965744512403,5320.0
ST_A3.50in,ses,0.95,2.2,10,True,-1,0.0,2024-11-01,1.0,1.0,4363.902798368785,0.0,48002.93078205663,13200.0,4243.902798368785,5380.0
ST_A3.50in,ses,0.95,2.3,10,True,-1,0.0,2024-11-01,1.0,1.0,4636.827204104507,0.0,51005.09924514957,13200.0,4555.0090222863255,5420.0
ST_A3.50in,ses,0.95,2.4,10,True,-1,0.0,2024-11-01,1.0,1.0,4902.478882567507,0.0,53927.26770824258,13200.0,4846.11524620387,5500.0
ST_A3.50in,ses,0.95,2.5,10,True,-1,0.0,2024-11-01,1.0,1.0,5175.403288303231,0.0,56929.43617133555,13200.0,5137.221470121414,5560.0
ST_A3.50in,ses,0.95,2.6,10,True,-1,0.0,2024-11-01,1.0,1.0,5437.418603129869,0.0,59811.60463442856,13200.0,5428.327694038959,5620.0
ST_A3.50in,ses,0.95,2.7,10,True,-1,0.0,2024-11-01,1.0,1.0,5713.979372501956,0.0,62853.77309752152,13200.0,5739.433917956503,5680.0
ST_A3.50in,ses,0.95,2.8,10,True,-1,0.0,2024-11-01,1.0,1.0,5983.267414601316,0.0,65815.94156061448,13200.0,6030.540141874044,5740.0
ST_A3.50in,ses,0.95,2.9,10,True,-1,0.0,2024-11-01,1.0,1.0,6245.282729427952,0.0,68698.11002370747,13200.0,6321.646365791588,5800.0
ST_A3.50in,ses,0.95,3.0,10,True,-1,0.0,2024-11-01,1.0,1.0,6518.207135163679,0.0,71700.27848680047,13200.0,6612.752589709133,5860.0
ST_A3.50in,ses,0.95,3.5,10,True,-1,0.0,2024-11-01,1.0,1.0,7988.283709296852,0.0,87871.12080226537,13200.0,8108.283709296851,6160.0
ST_A3.50in,ses,0.95,4.0,10,True,-1,0.0,2024-11-01,1.0,1.0,9636.542101611842,0.0,106001.96311773027,13200.0,9583.81482888457,6460.0
ST_A3.50in,tsb,0.95,0.0,10,True,-1,0.0,2024-11-01,1.0,1.0,4169.319721969688,0.0,45862.51694166657,13200.0,4116.592449242415,0.0
ST_A3.50in,tsb,0.95,0.1,10,True,-1,0.0,2024-11-01,1.0,1.0,4643.708642417137,0.0,51080.7950665885,13200.0,4510.981369689864,0.0
ST_A3.50in,tsb,0.95,0.2,10,True,-1,0.0,2024-11-01,1.0,1.0,5121.733926500949,0.0,56339.07319151043,13200.0,4925.370290137313,0.0
ST_A3.50in,tsb,0.95,0.3,10,True,-1,0.0,2024-11-01,1.0,1.0,5601.577392402943,0.0,61617.35131643237,13200.0,5339.759210584762,0.0
ST_A3.50in,tsb,0.95,0.4,10,True,-1,0.0,2024-11-01,1.0,1.0,6075.966312850392,0.0,66835.62944135431,13200.0,5734.148131032209,0.0
ST_A3.50in,tsb,0.95,0.5,10,True,-1,0.0,2024-11-01,1.0,1.0,6557.627960570567,0.0,72133.90756627623,13200.0,6148.537051479658,0.0
ST_A3.50in,tsb,0.95,0.6,10,True,-1,0.0,2024-11-01,1.0,1.0,7032.016881018016,0.0,77352.18569119817,13200.0,6542.925971927107,0.0
ST_A3.50in,tsb,0.95,0.7,10,True,-1,0.0,2024-11-01,1.0,1.0,7510.04216510183,0.0,82610.46381612013,13200.0,6957.314892374556,0.0
ST_A3.50in,tsb,0.95,0.8,10,True,-1,0.0,2024-11-01,1.0,1.0,7984.431085549277,0.0,87828.74194104204,13200.0,7351.703812822005,0.0
ST_A3.50in,tsb,0.95,0.9,10,True,-1,0.0,2024-11-01,1.0,1.0,8466.092733269454,0.0,93127.02006596398,13200.0,7766.092733269452,0.0
ST_A3.50in,tsb,0.95,1.0,10,True,-1,0.0,2024-11-01,1.0,1.0,8940.481653716904,0.0,98345.29819088595,13200.0,8160.481653716903,0.0
ST_A3.50in,tsb,0.95,1.1,10,True,-1,0.0,2024-11-01,1.0,1.0,9418.506937800714,0.0,103603.57631580785,13200.0,8574.87057416435,0.0
ST_A3.50in,tsb,0.95,1.2,10,True,-1,0.0,2024-11-01,1.0,1.0,9892.895858248165,0.0,108821.8544407298,13200.0,8969.259494611799,0.0
ST_A3.50in,tsb,0.95,1.2816,10,True,-1,0.0,2024-11-01,1.0,1.0,10278.09176278783,0.0,113059.00939066612,13200.0,9309.000853696918,0.0
ST_A3.50in,tsb,0.95,1.3,10,True,-1,0.0,2024-11-01,1.0,1.0,10367.28477869561,0.0,114040.13256565171,13200.0,9383.648415059248,0.0
ST_A3.50in,tsb,0.95,1.4,10,True,-1,0.0,2024-11-01,1.0,1.0,10848.946426415787,0.0,119338.41069057366,13200.0,9798.037335506695,0.0
ST_A3.50in,tsb,0.95,1.5,10,True,-1,0.0,2024-11-01,1.0,1.0,11323.335346863234,0.0,124556.68881549558,13200.0,10192.426255954146,0.0
ST_A3.50in,tsb,0.95,1.6,10,True,-1,0.0,2024-11-01,1.0,1.0,11801.360630947047,0.0,129814.96694041752,13200.0,10606.815176401593,0.0
ST_A3.50in,tsb,0.95,1.6449,10,True,-1,0.0,2024-11-01,1.0,1.0,12014.139438046135,0.0,132155.53381850748,13200.0,10777.7758016825,0.0
ST_A3.50in,tsb,0.95,1.7,10,True,-1,0.0,2024-11-01,1.0,1.0,12275.749551394496,0.0,135033.24506533946,13200.0,11001.20409684904,0.0
ST_A3.50in,tsb,0.95,1.8,10,True,-1,0.0,2024-11-01,1.0,1.0,12757.411199114671,0.0,140331.5231902614,13200.0,11415.59301729649,0.0
ST_A3.50in,tsb,0.95,1.9,10,True,-1,0.0,2024-11-01,1.0,1.0,13231.800119562122,0.0,145549.80131518334,13200.0,11809.981937743942,0.0
ST_A3.50in,tsb,0.95,2.0,10,True,-1,0.0,2024-11-01,1.0,1.0,13709.825403645937,0.0,150808.0794401053,13200.0,12224.370858191389,0.0
ST_A3.50in,tsb,0.95,2.0537,10,True,-1,0.0,2024-11-01,1.0,1.0,13967.870435744397,0.0,153646.57479318837,13200.0,12440.597708471669,0.0
ST_A3.50in,tsb,0.95,2.1,10,True,-1,0.0,2024-11-01,1.0,1.0,14184.214324093382,0.0,156026.3575650272,13200.0,12618.759778638836,0.0
ST_A3.50in,tsb,0.95,2.2,10,True,-1,0.0,2024-11-01,1.0,1.0,14665.875971813557,0.0,161324.63568994912,13200.0,13033.148699086287,0.0
ST_A3.50in,tsb,0.95,2.3,10,True,-1,0.0,2024-11-01,1.0,1.0,15147.537619533738,0.0,166622.9138148711,13200.0,13447.537619533734,0.0
ST_A3.50in,tsb,0.95,2.4,10,True,-1,0.0,2024-11-01,1.0,1.0,15621.926539981185,0.0,171841.19193979303,13200.0,13841.926539981185,0.0
ST_A3.50in,tsb,0.95,2.5,10,True,-1,0.0,2024-11-01,1.0,1.0,16099.951824064994,0.0,177099.47006471493,13200.0,14256.315460428632,0.0
ST_A3.50in,tsb,0.95,2.6,10,True,-1,0.0,2024-11-01,1.0,1.0,16574.340744512447,0.0,182317.7481896369,13200.0,14650.704380876079,0.0
ST_A3.50in,tsb,0.95,2.7,10,True,-1,0.0,2024-11-01,1.0,1.0,17054.18421041444,0.0,187596.02631455884,13200.0,15065.09330132353,0.0
ST_A3.50in,tsb,0.95,2.8,10,True,-1,0.0,2024-11-01,1.0,1.0,17528.573130861885,0.0,192814.30443948074,13200.0,15459.482221770977,0.0
ST_A3.50in,tsb,0.95,2.9,10,True,-1,0.0,2024-11-01,1.0,1.0,18010.23477858206,0.0,198112.58256440266,13200.0,15873.871142218428,0.0
ST_A3.50in,tsb,0.95,3.0,10,True,-1,0.0,2024-11-01,1.0,1.0,18480.98733539315,0.0,203290.86068932465,13200.0,16268.260062665875,0.0
ST_A3.50in,tsb,0.95,3.5,10,True,-1,0.0,2024-11-01,1.0,1.0,20871.113755812206,0.0,229582.25131393428,13200.0,18300.204664903118,0.0
ST_A3.50in,tsb,0.95,4.0,10,True,-1,0.0,2024-11-01,1.0,1.0,23261.240176231273,0.0,255873.641938544,13200.0,20332.14926714036,0.0
ST_A3.50in,xgb,0.95,0.0,10,True,-1,0.0,2024-11-01,0.0020666337859901514,0.3333333333333333,0.0,4396.356797661294,483599.2477427423,13200.0,0.0,5580.0
ST_A3.50in,xgb,0.95,0.1,10,True,-1,0.0,2024-11-01,0.02363560896667161,0.3333333333333333,0.0,4038.9190525490267,444281.09578039293,13200.0,0.0,5660.0
ST_A3.50in,xgb,0.95,0.2,10,True,-1,0.0,2024-11-01,0.04368943263220155,0.3333333333333333,0.0,3683.2994892549395,405162.94381804334,13200.0,0.0,5760.0
ST_A3.50in,xgb,0.95,0.3,10,True,-1,0.0,2024-11-01,0.06374325629773149,0.3333333333333333,0.0,3331.3162895972173,366444.7918556939,13200.0,0.0,5820.0
ST_A3.50in,xgb,0.95,0.4,10,True,-1,0.0,2024-11-01,0.10593669443523891,0.3333333333333333,0.0,2972.060362666767,326926.63989334437,13200.0,0.0,5920.0
ST_A3.50in,xgb,0.95,0.5,10,True,-1,0.0,2024-11-01,0.18882543815910147,0.3333333333333333,16.51489598182657,2632.9556953545075,289806.79034479597,13200.0,0.0,6000.0
ST_A3.50in,xgb,0.95,0.6,10,True,-1,0.0,2024-11-01,0.2523549091340972,0.5,132.92450919456059,2393.7457452731555,264774.2015811873,13200.0,0.0,6080.0
ST_A3.50in,xgb,0.95,0.7,10,True,-1,0.0,2024-11-01,0.31518982919242977,0.5,258.2737718800134,2156.202717391795,240023.3104037776,13200.0,0.0,6160.0
ST_A3.50in,xgb,0.95,0.8,10,True,-1,0.0,2024-11-01,0.37650959773561105,0.5,379.9866709291028,1900.4778713286155,213232.41922636784,13200.0,0.0,6240.0
ST_A3.50in,xgb,0.95,0.9,10,True,-1,0.0,2024-11-01,0.4393445177939436,0.5,508.97229725091927,1637.4802979927094,185721.52804895816,13200.0,0.0,6320.0
ST_A3.50in,xgb,0.95,1.0,10,True,-1,0.0,2024-11-01,0.4991491348219732,0.5,630.6851963000084,1385.3918155658941,159330.63687154846,13200.0,0.0,6400.0
ST_A3.50in,xgb,0.95,1.1,10,True,-1,0.0,2024-11-01,0.561984054880306,0.5,752.398095349098,1122.3942422299876,131739.74569413872,13200.0,0.0,6480.0
ST_A3.50in,xgb,0.95,1.2,10,True,-1,0.0,2024-11-01,0.5957428208026525,0.6666666666666666,947.8760583786448,936.7980965109041,113474.42725836455,13200.0,363.80523459501364,6560.0
ST_A3.50in,xgb,0.95,1.2816,10,True,-1,0.0,2024-11-01,0.6148218924288765,0.6666666666666666,1159.0493509480177,837.9458254323016,104923.58365798136,13200.0,775.6489800611707,6620.0
ST_A3.50in,xgb,0.95,1.3,10,True,-1,0.0,2024-11-01,0.6203420990136371,0.6666666666666666,1210.8736317145517,815.0851974618146,102978.98166965968,13200.0,868.5157069800098,6640.0
ST_A3.50in,xgb,0.95,1.4,10,True,-1,0.0,2024-11-01,0.64342622570947,0.6666666666666666,1470.2348414140934,693.3722984127257,92443.53608095487,13200.0,1353.226179365004,6720.0
ST_A3.50in,xgb,0.95,1.5,10,True,-1,0.0,2024-11-01,0.670899492689394,0.6666666666666666,1733.0448376363638,575.1081858863636,82325.3936615,13200.0,1857.9366517500002,6800.0
ST_A3.50in,xgb,0.95,1.6,10,True,-1,0.0,2024-11-01,0.7231283521416659,0.6666666666666666,2021.9251811890877,482.91442069045576,75361.7632690301,13200.0,2342.6471241349955,6880.0
ST_A3.50in,xgb,0.95,1.6449,10,True,-1,0.0,2024-11-01,0.7453427463993726,0.6666666666666666,2154.0088190806246,442.9285110265839,72416.2332228111,13200.0,2569.262126235859,6920.0
ST_A3.50in,xgb,0.95,1.7,10,True,-1,0.0,2024-11-01,0.7738420600787864,0.6666666666666666,2319.8964338327205,392.5388373127298,68698.13287656021,13200.0,2847.3575965199907,6960.0
ST_A3.50in,xgb,0.95,1.8,10,True,-1,0.0,2024-11-01,0.8230406165007554,0.6666666666666666,2606.958595567262,305.7996175713675,62314.5024840903,13200.0,3332.068068904986,7040.0
ST_A3.50in,xgb,0.95,1.9,10,True,-1,0.0,2024-11-01,0.8752694759530274,0.6666666666666666,2899.4753027563506,213.60585237545968,55390.87209162042,13200.0,3816.778541289981,7140.0
ST_A3.50in,xgb,0.95,2.0,10,True,-1,0.0,2024-11-01,0.9259831838901479,0.6666666666666666,3193.8101917636186,123.23026899773372,48687.241699150516,13200.0,4321.489013674976,7200.0
ST_A3.50in,xgb,0.95,2.0537,10,True,-1,0.0,2024-11-01,0.9534118995978362,0.6666666666666666,3350.922572615069,74.76767163298577,45084.59217839419,13200.0,4592.518537345719,7240.0
ST_A3.50in,xgb,0.95,2.1,10,True,-1,0.0,2024-11-01,0.97821204334242,0.6666666666666666,3482.690535316344,31.036503801825926,41723.61130668063,13200.0,4806.199486059972,7300.0
ST_A3.50in,xgb,0.95,2.2,10,True,-1,0.0,2024-11-01,1.0,1.0,3832.72814026315,0.0,42160.00954289465,13200.0,5310.909958444969,7360.0
ST_A3.50in,xgb,0.95,2.3,10,True,-1,0.0,2024-11-01,1.0,1.0,4213.802249011781,0.0,46351.82473912959,13200.0,5795.620430829962,7460.0
ST_A3.50in,xgb,0.95,2.4,10,True,-1,0.0,2024-11-01,1.0,1.0,4598.512721396775,0.0,50583.639935364525,13200.0,6300.330903214957,7520.0
ST_A3.50in,xgb,0.95,2.5,10,True,-1,0.0,2024-11-01,1.0,1.0,4979.5868301454075,0.0,54775.45513159948,13200.0,6785.0413755999525,7620.0
ST_A3.50in,xgb,0.95,2.6,10,True,-1,0.0,2024-11-01,1.0,1.0,5360.6609388940415,0.0,58967.270327834456,13200.0,7289.75184798495,7700.0
ST_A3.50in,xgb,0.95,2.7,10,True,-1,0.0,2024-11-01,1.0,1.0,5781.735047642672,0.0,63599.08552406939,13200.0,7774.462320369945,7780.0
ST_A3.50in,xgb,0.95,2.8,10,True,-1,0.0,2024-11-01,1.0,1.0,6213.718247300392,0.0,68350.90072030431,13200.0,8279.172792754938,7860.0
ST_A3.50in,xgb,0.95,2.9,10,True,-1,0.0,2024-11-01,1.0,1.0,6634.792356049024,0.0,72982.71591653927,13200.0,8763.883265139933,7940.0
ST_A3.50in,xgb,0.95,3.0,10,True,-1,0.0,2024-11-01,1.0,1.0,7055.866464797658,0.0,77614.53111277425,13200.0,9268.59373752493,8020.0
ST_A3.50in,xgb,0.95,3.5,10,True,-1,0.0,2024-11-01,1.0,1.0,9186.69155399536,0.0,101053.60709394897,13200.0,11732.146099449907,8420.0
ST_A3.50in,xgb,0.95,4.0,10,True,-1,0.0,2024-11-01,1.0,1.0,11477.516643193063,0.0,126252.6830751237,13200.0,14215.698461374883,8820.0
ST_A4-6cm,arima,0.95,0.0,10,True,-1,0.0,2024-11-01,0.4439424348929424,0.8333333333333334,2377.867826688777,2527.534386850262,304185.3286471053,10000.0,4359.424348929424,0.0
ST_A4-6cm,arima,0.95,0.1,10,True,-1,0.0,2024-11-01,0.5987518696792571,0.8333333333333334,2709.5556527959475,1823.8551378215589,230429.1773411269,10000.0,4967.518696792571,0.0
ST_A4-6cm,arima,0.95,0.2,10,True,-1,0.0,2024-11-01,0.7535613044655717,0.8333333333333334,3030.3343879940267,1120.1758887928563,156553.02603514848,10000.0,5555.613044655716,0.0
ST_A4-6cm,arima,0.95,0.3,10,True,-1,0.0,2024-11-01,0.9063707392518862,0.8333333333333334,3362.022214101197,425.58754885506295,83796.87472917009,10000.0,6163.7073925188615,0.0
ST_A4-6cm,arima,0.95,0.4,10,True,-1,0.0,2024-11-01,1.0,1.0,3960.892649472917,0.0,43569.81914420209,10000.0,6751.801740382009,0.0
ST_A4-6cm,arima,0.95,0.5,10,True,-1,0.0,2024-11-01,1.0,1.0,4996.259724608789,0.0,54958.85697069668,10000.0,7359.896088245154,0.0
ST_A4-6cm,arima,0.95,0.6,10,True,-1,0.0,2024-11-01,1.0,1.0,6020.717708835573,0.0,66227.8947971913,10000.0,7947.990436108299,0.0
ST_A4-6cm,arima,0.95,0.7,10,True,-1,0.0,2024-11-01,1.0,1.0,7045.175693062352,0.0,77496.93262368588,10000.0,8536.084783971444,0.0
ST_A4-6cm,arima,0.95,0.8,10,True,-1,0.0,2024-11-01,1.0,1.0,8080.542768198229,0.0,88885.97045018052,10000.0,9144.179131834593,0.0
ST_A4-6cm,arima,0.95,0.9,10,True,-1,0.0,2024-11-01,1.0,1.0,9105.000752425009,0.0,100155.0082766751,10000.0,9732.273479697738,0.0
ST_A4-6cm,arima,0.95,1.0,10,True,-1,0.0,2024-11-01,1.0,1.0,10140.367827560884,0.0,111544.04610316972,10000.0,10340.367827560884,0.0
ST_A4-6cm,arima,0.95,1.1,10,True,-1,0.0,2024-11-01,1.0,1.0,11448.46217542403,0.0,125933.08392966434,10000.0,11448.462175424029,0.0
ST_A4-6cm,arima,0.95,1.2,10,True,-1,0.0,2024-11-01,1.0,1.0,12996.556523287174,0.0,142962.12175615891,10000.0,12996.556523287174,0.0
ST_A4-6cm,arima,0.95,1.2816,10,True,-1,0.0,2024-11-01,1.0,1.0,14258.0415111435,0.0,156838.4566225785,10000.0,14258.0415111435,0.0
ST_A4-6cm,arima,0.95,1.3,10,True,-1,0.0,2024-11-01,1.0,1.0,14524.650871150317,0.0,159771.1595826535,10000.0,14524.65087115032,0.0
ST_A4-6cm,arima,0.95,1.4,10,True,-1,0.0,2024-11-01,1.0,1.0,16072.745219013468,0.0,176800.19740914815,10000.0,16072.745219013465,0.0
ST_A4-6cm,arima,0.95,1.5,10,True,-1,0.0,2024-11-01,1.0,1.0,17620.839566876613,0.0,193829.23523564273,10000.0,17620.83956687661,0.0
ST_A4-6cm,arima,0.95,1.6,10,True,-1,0.0,2024-11-01,1.0,1.0,19168.933914739755,0.0,210858.2730621373,10000.0,19168.933914739755,0.0
ST_A4-6cm,arima,0.95,1.6449,10,True,-1,0.0,2024-11-01,1.0,1.0,19857.888276930313,0.0,218436.77104623342,10000.0,19857.88827693031,0.0
ST_A4-6cm,arima,0.95,1.7,10,True,-1,0.0,2024-11-01,1.0,1.0,20717.028262602897,0.0,227887.31088863188,10000.0,20717.0282626029,0.0
ST_A4-6cm,arima,0.95,1.8,10,True,-1,0.0,2024-11-01,1.0,1.0,22265.122610466053,0.0,244916.34871512657,10000.0,22265.12261046605,0.0
ST_A4-6cm,arima,0.95,1.9,10,True,-1,0.0,2024-11-01,1.0,1.0,23813.216958329194,0.0,261945.38654162112,10000.0,23813.21695832919,0.0
ST_A4-6cm,arima,0.95,2.0,10,True,-1,0.0,2024-11-01,1.0,1.0,25361.31130619234,0.0,278974.4243681157,10000.0,25361.311306192336,0.0
ST_A4-6cm,arima,0.95,2.0537,10,True,-1,0.0,2024-11-01,1.0,1.0,26190.81797099485,0.0,288098.99768094334,10000.0,26190.817970994845,0.0
ST_A4-6cm,arima,0.95,2.1,10,True,-1,0.0,2024-11-01,1.0,1.0,26909.405654055485,0.0,296003.4621946103,10000.0,26909.40565405549,0.0
ST_A4-6cm,arima,0.95,2.2,10,True,-1,0.0,2024-11-01,1.0,1.0,28437.500001918637,0.0,312812.500021105,10000.0,28437.500001918634,0.0
ST_A4-6cm,arima,0.95,2.3,10,True,-1,0.0,2024-11-01,1.0,1.0,29985.59434978177,0.0,329841.5378475995,10000.0,29985.59434978178,0.0
ST_A4-6cm,arima,0.95,2.4,10,True,-1,0.0,2024-11-01,1.0,1.0,31533.688697644917,0.0,346870.5756740941,10000.0,31533.688697644917,0.0
ST_A4-6cm,arima,0.95,2.5,10,True,-1,0.0,2024-11-01,1.0,1.0,33081.78304550808,0.0,363899.6135005888,10000.0,33081.78304550807,0.0
ST_A4-6cm,arima,0.95,2.6,10,True,-1,0.0,2024-11-01,1.0,1.0,34629.87739337121,0.0,380928.6513270833,10000.0,34629.877393371215,0.0
ST_A4-6cm,arima,0.95,2.7,10,True,-1,0.0,2024-11-01,1.0,1.0,36177.97174123436,0.0,397957.68915357796,10000.0,36177.97174123436,0.0
ST_A4-6cm,arima,0.95,2.8,10,True,-1,0.0,2024-11-01,1.0,1.0,37726.06608909751,0.0,414986.7269800726,10000.0,37726.066089097505,0.0
ST_A4-6cm,arima,0.95,2.9,10,True,-1,0.0,2024-11-01,1.0,1.0,39274.16043696064,0.0,432015.7648065671,10000.0,39274.16043696065,0.0
ST_A4-6cm,arima,0.95,3.0,10,True,-1,0.0,2024-11-01,1.0,1.0,40822.254784823795,0.0,449044.8026330618,10000.0,40822.254784823795,0.0
ST_A4-6cm,arima,0.95,3.5,10,True,-1,0.0,2024-11-01,1.0,1.0,48542.72652413952,0.0,533969.9917655347,10000.0,48542.72652413952,0.0
ST_A4-6cm,arima,0.95,4.0,10,True,-1,0.0,2024-11-01,1.0,1.0,56283.198263455255,0.0,619115.1808980078,10000.0,56283.198263455255,0.0
ST_A4-6cm,croston,0.95,0.0,10,True,-1,0.0,2024-11-01,0.726,0.8333333333333334,3687.2727272727275,1245.4545454545455,177560.0,10000.0,6760.0,0.0
ST_A4-6cm,croston,0.95,0.1,10,True,-1,0.0,2024-11-01,0.816,0.8333333333333334,4000.0,836.3636363636364,136000.0,10000.0,7340.0,0.0
ST_A4-6cm,croston,0.95,0.2,10,True,-1,0.0,2024-11-01,0.904,0.8333333333333334,4309.090909090909,436.3636363636364,95400.0,10000.0,7920.0,0.0
ST_A4-6cm,croston,0.95,0.3,10,True,-1,0.0,2024-11-01,0.994,0.8333333333333334,4621.818181818182,27.272727272727273,53840.0,10000.0,8480.0,0.0
ST_A4-6cm,croston,0.95,0.4,10,True,-1,0.0,2024-11-01,1.0,1.0,5316.363636363636,0.0,58480.0,10000.0,9060.0,0.0
ST_A4-6cm,croston,0.95,0.5,10,True,-1,0.0,2024-11-01,1.0,1.0,6029.090909090909,0.0,66320.0,10000.0,9640.0,0.0
ST_A4-6cm,croston,0.95,0.6,10,True,-1,0.0,2024-11-01,1.0,1.0,6750.909090909091,0.0,74260.0,10000.0,10220.0,0.0
ST_A4-6cm,croston,0.95,0.7,10,True,-1,0.0,2024-11-01,1.0,1.0,7472.727272727273,0.0,82200.0,10000.0,10800.0,0.0
ST_A4-6cm,croston,0.95,0.8,10,True,-1,0.0,2024-11-01,1.0,1.0,8190.909090909091,0.0,90100.0,10000.0,11360.0,0.0
ST_A4-6cm,croston,0.95,0.9,10,True,-1,0.0,2024-11-01,1.0,1.0,8903.636363636364,0.0,97940.0,10000.0,11940.0,0.0
ST_A4-6cm,croston,0.95,1.0,10,True,-1,0.0,2024-11-01,1.0,1.0,9625.454545454546,0.0,105880.0,10000.0,12520.0,0.0
ST_A4-6cm,croston,0.95,1.1,10,True,-1,0.0,2024-11-01,1.0,1.0,10347.272727272728,0.0,113820.0,10000.0,13100.0,0.0
ST_A4-6cm,croston,0.95,1.2,10,True,-1,0.0,2024-11-01,1.0,1.0,11060.0,0.0,121660.0,10000.0,13680.0,0.0
ST_A4-6cm,croston,0.95,1.2816,10,True,-1,0.0,2024-11-01,1.0,1.0,11646.90909090909,0.0,128116.0,10000.0,14136.0,0.0
ST_A4-6cm,croston,0.95,1.3,10,True,-1,0.0,2024-11-01,1.0,1.0,11778.181818181818,0.0,129560.0,10000.0,14240.0,0.0
ST_A4-6cm,croston,0.95,1.4,10,True,-1,0.0,2024-11-01,1.0,1.0,12500.0,0.0,137500.0,10000.0,14820.0,0.0
ST_A4-6cm,croston,0.95,1.5,10,True,-1,0.0,2024-11-01,1.0,1.0,13221.818181818182,0.0,145440.0,10000.0,15400.0,0.0
ST_A4-6cm,croston,0.95,1.6,10,True,-1,0.0,2024-11-01,1.0,1.0,13938.181818181818,0.0,153320.0,10000.0,15980.0,0.0
ST_A4-6cm,croston,0.95,1.6449,10,True,-1,0.0,2024-11-01,1.0,1.0,14259.90909090909,0.0,156859.0,10000.0,16229.0,0.0
ST_A4-6cm,croston,0.95,1.7,10,True,-1,0.0,2024-11-01,1.0,1.0,14656.363636363636,0.0,161220.0,10000.0,16560.0,0.0
ST_A4-6cm,croston,0.95,1.8,10,True,-1,0.0,2024-11-01,1.0,1.0,15378.181818181818,0.0,169160.0,10000.0,17140.0,0.0
ST_A4-6cm,croston,0.95,1.9,10,True,-1,0.0,2024-11-01,1.0,1.0,16096.363636363636,0.0,177060.0,10000.0,17700.0,0.0
ST_A4-6cm,croston,0.95,2.0,10,True,-1,0.0,2024-11-01,1.0,1.0,16812.727272727272,0.0,184940.0,10000.0,18280.0,0.0
ST_A4-6cm,croston,0.95,2.0537,10,True,-1,0.0,2024-11-01,1.0,1.0,17195.18181818182,0.0,189147.0,10000.0,18597.0,0.0
ST_A4-6cm,croston,0.95,2.1,10,True,-1,0.0,2024-11-01,1.0,1.0,17534.545454545456,0.0,192880.0,10000.0,18860.0,0.0
ST_A4-6cm,croston,0.95,2.2,10,True,-1,0.0,2024-11-01,1.0,1.0,18252.727272727272,0.0,200780.0,10000.0,19440.0,0.0
ST_A4-6cm,croston,0.95,2.3,10,True,-1,0.0,2024-11-01,1.0,1.0,18965.454545454544,0.0,208620.0,10000.0,20020.0,0.0
ST_A4-6cm,croston,0.95,2.4,10,True,-1,0.0,2024-11-01,1.0,1.0,19687.272727272728,0.0,216560.0,10000.0,20580.0,0.0
ST_A4-6cm,croston,0.95,2.5,10,True,-1,0.0,2024-11-01,1.0,1.0,20409.090909090908,0.0,224500.0,10000.0,21160.0,0.0
ST_A4-6cm,croston,0.95,2.6,10,True,-1,0.0,2024-11-01,1.0,1.0,21127.272727272728,0.0,232400.0,10000.0,21740.0,0.0
ST_A4-6cm,croston,0.95,2.7,10,True,-1,0.0,2024-11-01,1.0,1.0,21840.0,0.0,240240.0,10000.0,22320.0,0.0
ST_A4-6cm,croston,0.95,2.8,10,True,-1,0.0,2024-11-01,1.0,1.0,22565.454545454544,0.0,248220.0,10000.0,22900.0,0.0
ST_A4-6cm,croston,0.95,2.9,10,True,-1,0.0,2024-11-01,1.0,1.0,23294.545454545456,0.0,256240.0,10000.0,23460.0,0.0
ST_A4-6cm,croston,0.95,3.0,10,True,-1,0.0,2024-11-01,1.0,1.0,24080.0,0.0,264880.0,10000.0,24080.0,0.0
ST_A4-6cm,croston,0.95,3.5,10,True,-1,0.0,2024-11-01,1.0,1.0,28560.0,0.0,314160.0,10000.0,28560.0,0.0
ST_A4-6cm,croston,0.95,4.0,10,True,-1,0.0,2024-11-01,1.0,1.0,33040.0,0.0,363440.0,10000.0,33040.0,0.0
ST_A4-6cm,hybrid,0.95,0.0,10,True,-1,0.0,2024-11-01,0.37971348628997803,0.8333333333333334,1827.5281070362437,2819.4841532273726,330246.06603240967,10000.0,3817.1348628997803,0.0
ST_A4-6cm,hybrid,0.95,0.1,10,True,-1,0.0,2024-11-01,0.43517383516208535,0.8333333333333334,2173.6754645204655,2567.3916583541572,306323.5125286824,10000.0,4451.738351620854,0.0
ST_A4-6cm,hybrid,0.95,0.2,10,True,-1,0.0,2024-11-01,0.49063418403419257,0.8333333333333334,2519.822822004687,2315.2991634809428,282400.9590249553,10000.0,5086.3418403419255,0.0
ST_A4-6cm,hybrid,0.95,0.3,10,True,-1,0.0,2024-11-01,0.5460945329063,0.8333333333333334,2873.2429067616354,2063.206668607728,258558.40552122807,10000.0,5740.945329062999,0.0
ST_A4-6cm,hybrid,0.95,0.4,10,True,-1,0.0,2024-11-01,0.5995548817784072,0.8333333333333334,3223.026627882222,1820.2050828254214,235675.85201750082,10000.0,6375.5488177840725,0.0
ST_A4-6cm,hybrid,0.95,0.5,10,True,-1,0.0,2024-11-01,0.6550152306505144,0.8333333333333334,3569.173985366442,1568.1125879522072,211753.29851377365,10000.0,7010.152306505144,0.0
ST_A4-6cm,hybrid,0.95,0.6,10,True,-1,0.0,2024-11-01,0.7104755795226217,0.8333333333333334,3922.594070123391,1316.020093078992,187910.7450100464,10000.0,7664.755795226218,0.0
ST_A4-6cm,hybrid,0.95,0.7,10,True,-1,0.0,2024-11-01,0.7659359283947291,0.8333333333333334,4268.741427607613,1063.9275982057768,163988.19150631918,10000.0,8299.359283947291,0.0
ST_A4-6cm,hybrid,0.95,0.8,10,True,-1,0.0,2024-11-01,0.8213962772668365,0.8333333333333334,4614.888785091836,811.8351033325615,140065.63800259196,10000.0,8933.962772668365,0.0
ST_A4-6cm,hybrid,0.95,0.9,10,True,-1,0.0,2024-11-01,0.8748566261389439,0.8333333333333334,4968.3088698487845,568.8335175502554,117223.08449886471,10000.0,9588.566261389438,0.0
ST_A4-6cm,hybrid,0.95,1.0,10,True,-1,0.0,2024-11-01,0.930316975011051,0.8333333333333334,5314.456227333005,316.7410226770409,93300.53099513755,10000.0,10223.16975011051,0.0
ST_A4-6cm,hybrid,0.95,1.1,10,True,-1,0.0,2024-11-01,0.9857773238831583,0.8333333333333334,5660.603584817228,64.64852780382567,69377.97749141033,10000.0,10857.773238831584,0.0
ST_A4-6cm,hybrid,0.95,1.2,10,True,-1,0.0,2024-11-01,1.0,1.0,6194.194909370838,0.0,68136.14400307921,10000.0,11492.376727552655,0.0
ST_A4-6cm,hybrid,0.95,1.2816,10,True,-1,0.0,2024-11-01,1.0,1.0,6683.987719803597,0.0,73523.86491783957,10000.0,12018.533174349051,0.0
ST_A4-6cm,hybrid,0.95,1.3,10,True,-1,0.0,2024-11-01,1.0,1.0,6790.616579910094,0.0,74696.78237901103,10000.0,12146.980216273729,0.0
ST_A4-6cm,hybrid,0.95,1.4,10,True,-1,0.0,2024-11-01,1.0,1.0,7388.856432267529,0.0,81277.42075494282,10000.0,12781.583704994802,0.0
ST_A4-6cm,hybrid,0.95,1.5,10,True,-1,0.0,2024-11-01,1.0,1.0,7987.096284624966,0.0,87858.05913087462,10000.0,13416.187193715876,0.0
ST_A4-6cm,hybrid,0.95,1.6,10,True,-1,0.0,2024-11-01,1.0,1.0,8592.608864255133,0.0,94518.69750680646,10000.0,14070.79068243695,0.0
ST_A4-6cm,hybrid,0.95,1.6449,10,True,-1,0.0,2024-11-01,1.0,1.0,8856.571285236349,0.0,97422.28413759984,10000.0,14340.20764887271,0.0
ST_A4-6cm,hybrid,0.95,1.7,10,True,-1,0.0,2024-11-01,1.0,1.0,9190.848716612569,0.0,101099.33588273825,10000.0,14705.394171158021,0.0
ST_A4-6cm,hybrid,0.95,1.8,10,True,-1,0.0,2024-11-01,1.0,1.0,9783.634023515458,0.0,107619.97425867004,10000.0,15339.997659879094,0.0
ST_A4-6cm,hybrid,0.95,1.9,10,True,-1,0.0,2024-11-01,1.0,1.0,10381.873875872894,0.0,114200.61263460183,10000.0,15974.601148600166,0.0
ST_A4-6cm,hybrid,0.95,2.0,10,True,-1,0.0,2024-11-01,1.0,1.0,10987.386455503058,0.0,120861.25101053363,10000.0,16629.20463732124,0.0
ST_A4-6cm,hybrid,0.95,2.0537,10,True,-1,0.0,2024-11-01,1.0,1.0,11303.135801673548,0.0,124334.49381840904,10000.0,16972.22671076446,0.0
ST_A4-6cm,hybrid,0.95,2.1,10,True,-1,0.0,2024-11-01,1.0,1.0,11585.626307860493,0.0,127441.88938646542,10000.0,17263.808126042313,0.0
ST_A4-6cm,hybrid,0.95,2.2,10,True,-1,0.0,2024-11-01,1.0,1.0,12174.775251127023,0.0,133922.52776239725,10000.0,17898.411614763387,0.0
ST_A4-6cm,hybrid,0.95,2.3,10,True,-1,0.0,2024-11-01,1.0,1.0,12780.287830757188,0.0,140583.16613832908,10000.0,18553.01510348446,0.0
ST_A4-6cm,hybrid,0.95,2.4,10,True,-1,0.0,2024-11-01,1.0,1.0,13378.527683114622,0.0,147163.80451426085,10000.0,19187.61859220553,0.0
ST_A4-6cm,hybrid,0.95,2.5,10,True,-1,0.0,2024-11-01,1.0,1.0,13976.767535472063,0.0,153744.4428901927,10000.0,19822.222080926607,0.0
ST_A4-6cm,hybrid,0.95,2.6,10,True,-1,0.0,2024-11-01,1.0,1.0,14575.007387829497,0.0,160325.08126612447,10000.0,20456.825569647677,0.0
ST_A4-6cm,hybrid,0.95,2.7,10,True,-1,0.0,2024-11-01,1.0,1.0,15171.429058368753,0.0,166885.71964205627,10000.0,21111.42905836875,0.0
ST_A4-6cm,hybrid,0.95,2.8,10,True,-1,0.0,2024-11-01,1.0,1.0,15769.668910726188,0.0,173466.35801798807,10000.0,21746.032547089824,0.0
ST_A4-6cm,hybrid,0.95,2.9,10,True,-1,0.0,2024-11-01,1.0,1.0,16367.908763083624,0.0,180046.99639391986,10000.0,22380.636035810898,0.0
ST_A4-6cm,hybrid,0.95,3.0,10,True,-1,0.0,2024-11-01,1.0,1.0,16973.421342713787,0.0,186707.63476985166,10000.0,23035.23952453197,0.0
ST_A4-6cm,hybrid,0.95,3.5,10,True,-1,0.0,2024-11-01,1.0,1.0,20039.166059046427,0.0,220430.8266495107,10000.0,26228.256968137335,0.0
ST_A4-6cm,hybrid,0.95,4.0,10,True,-1,0.0,2024-11-01,1.0,1.0,23164.91077537906,0.0,254814.01852916967,10000.0,29421.2744117427,0.0
ST_A4-6cm,mitra,0.95,0.0,10,True,-1,0.0,2024-11-01,0.05,0.8333333333333334,1363.6363636363637,3772.7272727272725,430000.0,10000.0,2500.0,0.0
ST_A4-6cm,mitra,0.95,0.1,10,True,-1,0.0,2024-11-01,0.1108333333333334,0.8333333333333334,1706.3636363636367,3496.2121212121206,403353.33333333326,10000.0,3128.333333333334,0.0
ST_A4-6cm,mitra,0.95,0.2,10,True,-1,0.0,2024-11-01,0.1716666666666666,0.8333333333333334,2038.1818181818176,3223.333333333334,376986.66666666674,10000.0,3736.666666666666,0.0
ST_A4-6cm,mitra,0.95,0.3,10,True,-1,0.0,2024-11-01,0.2325,0.8333333333333334,2370.0,2954.090909090909,351020.0,10000.0,4345.0,0.0
ST_A4-6cm,mitra,0.95,0.4,10,True,-1,0.0,2024-11-01,0.2933333333333334,0.8333333333333334,2701.8181818181824,2681.2121212121206,324653.33333333326,10000.0,4953.333333333334,0.0
ST_A4-6cm,mitra,0.95,0.5,10,True,-1,0.0,2024-11-01,0.35416666666666663,0.8333333333333334,3033.636363636363,2408.333333333334,298286.66666666674,10000.0,5561.666666666666,0.0
ST_A4-6cm,mitra,0.95,0.6,10,True,-1,0.0,2024-11-01,0.415,0.8333333333333334,3365.4545454545455,2135.4545454545455,271920.0,10000.0,6170.0,0.0
ST_A4-6cm,mitra,0.95,0.7,10,True,-1,0.0,2024-11-01,0.4738333333333334,0.8333333333333334,3697.272727272728,1868.0303030303025,246153.33333333328,10000.0,6778.333333333334,0.0
ST_A4-6cm,mitra,0.95,0.8,10,True,-1,0.0,2024-11-01,0.5346666666666667,0.8333333333333334,4029.0909090909104,1595.1515151515146,219786.66666666663,10000.0,7386.666666666668,0.0
ST_A4-6cm,mitra,0.95,0.9,10,True,-1,0.0,2024-11-01,0.5955,0.8333333333333334,4360.909090909091,1322.2727272727273,193420.0,10000.0,7995.0,0.0
ST_A4-6cm,mitra,0.95,1.0,10,True,-1,0.0,2024-11-01,0.6563333333333334,0.8333333333333334,4703.636363636364,1049.393939393939,167173.3333333333,10000.0,8623.333333333334,0.0
ST_A4-6cm,mitra,0.95,1.1,10,True,-1,0.0,2024-11-01,0.7171666666666667,0.8333333333333334,5035.454545454547,780.1515151515149,141206.66666666666,10000.0,9231.666666666668,0.0
ST_A4-6cm,mitra,0.95,1.2,10,True,-1,0.0,2024-11-01,0.778,0.8333333333333334,5367.272727272727,507.27272727272725,114840.0,10000.0,9840.0,0.0
ST_A4-6cm,mitra,0.95,1.2816,10,True,-1,0.0,2024-11-01,0.827,0.8333333333333334,5654.545454545455,304.54545454545456,95700.0,10000.0,10330.0,0.0
ST_A4-6cm,mitra,0.95,1.3,10,True,-1,0.0,2024-11-01,0.8368333333333334,0.8333333333333334,5736.969696969698,277.7272727272726,93656.66666666666,10000.0,10448.333333333334,0.0
ST_A4-6cm,mitra,0.95,1.4,10,True,-1,0.0,2024-11-01,0.8976666666666666,0.8333333333333334,6179.393939393939,111.81818181818198,80273.33333333334,10000.0,11056.666666666666,0.0
ST_A4-6cm,mitra,0.95,1.5,10,True,-1,0.0,2024-11-01,0.9585,0.8333333333333334,6706.363636363636,37.72727272727273,77920.0,10000.0,11665.0,0.0
ST_A4-6cm,mitra,0.95,1.6,10,True,-1,0.0,2024-11-01,1.0,1.0,7273.333333333334,0.0,80006.66666666667,10000.0,12273.333333333334,0.0
ST_A4-6cm,mitra,0.95,1.6449,10,True,-1,0.0,2024-11-01,1.0,1.0,7546.875,0.0,83015.625,10000.0,12546.875,0.0
ST_A4-6cm,mitra,0.95,1.7,10,True,-1,0.0,2024-11-01,1.0,1.0,7878.030303030305,0.0,86658.33333333336,10000.0,12881.666666666668,0.0
ST_A4-6cm,mitra,0.95,1.8,10,True,-1,0.0,2024-11-01,1.0,1.0,8482.727272727272,0.0,93310.0,10000.0,13490.0,0.0
ST_A4-6cm,mitra,0.95,1.9,10,True,-1,0.0,2024-11-01,1.0,1.0,9085.60606060606,0.0,99941.66666666666,10000.0,14098.333333333334,0.0
ST_A4-6cm,mitra,0.95,2.0,10,True,-1,0.0,2024-11-01,1.0,1.0,9697.57575757576,0.0,106673.33333333336,10000.0,14726.666666666668,0.0
ST_A4-6cm,mitra,0.95,2.0537,10,True,-1,0.0,2024-11-01,1.0,1.0,10014.905303030306,0.0,110163.95833333336,10000.0,15038.541666666668,0.0
ST_A4-6cm,mitra,0.95,2.1,10,True,-1,0.0,2024-11-01,1.0,1.0,10302.272727272728,0.0,113325.0,10000.0,15335.0,0.0
ST_A4-6cm,mitra,0.95,2.2,10,True,-1,0.0,2024-11-01,1.0,1.0,10906.969696969696,0.0,119976.66666666666,10000.0,15943.333333333334,0.0
ST_A4-6cm,mitra,0.95,2.3,10,True,-1,0.0,2024-11-01,1.0,1.0,11511.66666666667,0.0,126628.33333333336,10000.0,16551.666666666668,0.0
ST_A4-6cm,mitra,0.95,2.4,10,True,-1,0.0,2024-11-01,1.0,1.0,12112.727272727272,0.0,133240.0,10000.0,17160.0,0.0
ST_A4-6cm,mitra,0.95,2.5,10,True,-1,0.0,2024-11-01,1.0,1.0,12715.606060606066,0.0,139871.66666666672,10000.0,17768.333333333336,0.0
ST_A4-6cm,mitra,0.95,2.6,10,True,-1,0.0,2024-11-01,1.0,1.0,13316.666666666668,0.0,146483.33333333334,10000.0,18376.666666666668,0.0
ST_A4-6cm,mitra,0.95,2.7,10,True,-1,0.0,2024-11-01,1.0,1.0,13925.0,0.0,153175.0,10000.0,18985.0,0.0
ST_A4-6cm,mitra,0.95,2.8,10,True,-1,0.0,2024-11-01,1.0,1.0,14526.060606060606,0.0,159786.66666666666,10000.0,19593.333333333332,0.0
ST_A4-6cm,mitra,0.95,2.9,10,True,-1,0.0,2024-11-01,1.0,1.0,15141.666666666668,0.0,166558.33333333334,10000.0,20221.666666666668,0.0
ST_A4-6cm,mitra,0.95,3.0,10,True,-1,0.0,2024-11-01,1.0,1.0,15742.727272727272,0.0,173170.0,10000.0,20830.0,0.0
ST_A4-6cm,mitra,0.95,3.5,10,True,-1,0.0,2024-11-01,1.0,1.0,18764.393939393936,0.0,206408.3333333333,10000.0,23871.666666666668,0.0
ST_A4-6cm,mitra,0.95,4.0,10,True,-1,0.0,2024-11-01,1.0,1.0,21793.33333333334,0.0,239726.66666666672,10000.0,26933.333333333336,0.0
ST_A4-6cm,naive,0.95,0.0,10,True,-1,0.0,2024-11-01,0.0,0.8333333333333334,0.0,4545.454545454545,500000.0,10000.0,0.0,0.0
ST_A4-6cm,naive,0.95,0.1,10,True,-1,0.0,2024-11-01,0.16,0.8333333333333334,872.7272727272727,3818.181818181818,429600.0,10000.0,1600.0,0.0
ST_A4-6cm,naive,0.95,0.2,10,True,-1,0.0,2024-11-01,0.318,0.8333333333333334,1734.5454545454545,3100.0,360080.0,10000.0,3180.0,0.0
ST_A4-6cm,naive,0.95,0.3,10,True,-1,0.0,2024-11-01,0.476,0.8333333333333334,2596.3636363636365,2381.818181818182,290560.0,10000.0,4760.0,0.0
ST_A4-6cm,naive,0.95,0.4,10,True,-1,0.0,2024-11-01,0.634,0.8333333333333334,3458.181818181818,1663.6363636363637,221040.0,10000.0,6340.0,0.0
ST_A4-6cm,naive,0.95,0.5,10,True,-1,0.0,2024-11-01,0.792,0.8333333333333334,4320.0,945.4545454545455,151520.0,10000.0,7920.0,0.0
ST_A4-6cm,naive,0.95,0.6,10,True,-1,0.0,2024-11-01,0.95,0.8333333333333334,5181.818181818182,227.27272727272728,82000.0,10000.0,9500.0,0.0
ST_A4-6cm,naive,0.95,0.7,10,True,-1,0.0,2024-11-01,1.0,1.0,6534.545454545455,0.0,71880.0,10000.0,11080.0,0.0
ST_A4-6cm,naive,0.95,0.8,10,True,-1,0.0,2024-11-01,1.0,1.0,8114.545454545455,0.0,89260.0,10000.0,12660.0,0.0
ST_A4-6cm,naive,0.95,0.9,10,True,-1,0.0,2024-11-01,1.0,1.0,9694.545454545454,0.0,106640.0,10000.0,14240.0,0.0
ST_A4-6cm,naive,0.95,1.0,10,True,-1,0.0,2024-11-01,1.0,1.0,11274.545454545454,0.0,124020.0,10000.0,15820.0,0.0
ST_A4-6cm,naive,0.95,1.1,10,True,-1,0.0,2024-11-01,1.0,1.0,12854.545454545454,0.0,141400.0,10000.0,17400.0,0.0
ST_A4-6cm,naive,0.95,1.2,10,True,-1,0.0,2024-11-01,1.0,1.0,14434.545454545454,0.0,158780.0,10000.0,18980.0,0.0
ST_A4-6cm,naive,0.95,1.2816,10,True,-1,0.0,2024-11-01,1.0,1.0,15734.545454545454,0.0,173080.0,10000.0,20280.0,0.0
ST_A4-6cm,naive,0.95,1.3,10,True,-1,0.0,2024-11-01,1.0,1.0,16014.545454545454,0.0,176160.0,10000.0,20560.0,0.0
ST_A4-6cm,naive,0.95,1.4,10,True,-1,0.0,2024-11-01,1.0,1.0,17594.545454545456,0.0,193540.0,10000.0,22140.0,0.0
ST_A4-6cm,naive,0.95,1.5,10,True,-1,0.0,2024-11-01,1.0,1.0,19174.545454545456,0.0,210920.0,10000.0,23720.0,0.0
ST_A4-6cm,naive,0.95,1.6,10,True,-1,0.0,2024-11-01,1.0,1.0,20754.545454545456,0.0,228300.0,10000.0,25300.0,0.0
ST_A4-6cm,naive,0.95,1.6449,10,True,-1,0.0,2024-11-01,1.0,1.0,21474.545454545456,0.0,236220.0,10000.0,26020.0,0.0
ST_A4-6cm,naive,0.95,1.7,10,True,-1,0.0,2024-11-01,1.0,1.0,22334.545454545456,0.0,245680.0,10000.0,26880.0,0.0
ST_A4-6cm,naive,0.95,1.8,10,True,-1,0.0,2024-11-01,1.0,1.0,23934.545454545456,0.0,263280.0,10000.0,28480.0,0.0
ST_A4-6cm,naive,0.95,1.9,10,True,-1,0.0,2024-11-01,1.0,1.0,25514.545454545456,0.0,280660.0,10000.0,30060.0,0.0
ST_A4-6cm,naive,0.95,2.0,10,True,-1,0.0,2024-11-01,1.0,1.0,27094.545454545456,0.0,298040.0,10000.0,31640.0,0.0
ST_A4-6cm,naive,0.95,2.0537,10,True,-1,0.0,2024-11-01,1.0,1.0,27934.545454545456,0.0,307280.0,10000.0,32480.0,0.0
ST_A4-6cm,naive,0.95,2.1,10,True,-1,0.0,2024-11-01,1.0,1.0,28674.545454545456,0.0,315420.0,10000.0,33220.0,0.0
ST_A4-6cm,naive,0.95,2.2,10,True,-1,0.0,2024-11-01,1.0,1.0,30254.545454545456,0.0,332800.0,10000.0,34800.0,0.0
ST_A4-6cm,naive,0.95,2.3,10,True,-1,0.0,2024-11-01,1.0,1.0,31834.545454545456,0.0,350180.0,10000.0,36380.0,0.0
ST_A4-6cm,naive,0.95,2.4,10,True,-1,0.0,2024-11-01,1.0,1.0,33414.545454545456,0.0,367560.0,10000.0,37960.0,0.0
ST_A4-6cm,naive,0.95,2.5,10,True,-1,0.0,2024-11-01,1.0,1.0,34994.545454545456,0.0,384940.0,10000.0,39540.0,0.0
ST_A4-6cm,naive,0.95,2.6,10,True,-1,0.0,2024-11-01,1.0,1.0,36574.545454545456,0.0,402320.0,10000.0,41120.0,0.0
ST_A4-6cm,naive,0.95,2.7,10,True,-1,0.0,2024-11-01,1.0,1.0,38154.545454545456,0.0,419700.0,10000.0,42700.0,0.0
ST_A4-6cm,naive,0.95,2.8,10,True,-1,0.0,2024-11-01,1.0,1.0,39734.545454545456,0.0,437080.0,10000.0,44280.0,0.0
ST_A4-6cm,naive,0.95,2.9,10,True,-1,0.0,2024-11-01,1.0,1.0,41314.545454545456,0.0,454460.0,10000.0,45860.0,0.0
ST_A4-6cm,naive,0.95,3.0,10,True,-1,0.0,2024-11-01,1.0,1.0,42894.545454545456,0.0,471840.0,10000.0,47440.0,0.0
ST_A4-6cm,naive,0.95,3.5,10,True,-1,0.0,2024-11-01,1.0,1.0,50794.545454545456,0.0,558740.0,10000.0,55340.0,0.0
ST_A4-6cm,naive,0.95,4.0,10,True,-1,0.0,2024-11-01,1.0,1.0,58714.545454545456,0.0,645860.0,10000.0,63260.0,0.0
ST_A4-6cm,rf,0.95,0.0,10,True,-1,0.0,2024-11-01,0.970376,0.8333333333333334,2452.9600000000005,134.65454545454534,41794.56,10000.0,5363.76,0.0
ST_A4-6cm,rf,0.95,0.1,10,True,-1,0.0,2024-11-01,1.0,1.0,2961.0648497180523,0.0,32571.713346898578,10000.0,6168.33757699078,0.0
ST_A4-6cm,rf,0.95,0.2,10,True,-1,0.0,2024-11-01,1.0,1.0,3603.8242448906485,0.0,39642.06669379713,10000.0,6972.9151539815575,0.0
ST_A4-6cm,rf,0.95,0.3,10,True,-1,0.0,2024-11-01,1.0,1.0,4253.856367335973,0.0,46792.4200406957,10000.0,7797.492730972337,0.0
ST_A4-6cm,rf,0.95,0.4,10,True,-1,0.0,2024-11-01,1.0,1.0,4896.6157625085725,0.0,53862.773387594294,10000.0,8602.070307963117,0.0
ST_A4-6cm,rf,0.95,0.5,10,True,-1,0.0,2024-11-01,1.0,1.0,5539.375157681169,0.0,60933.126734492864,10000.0,9406.647884953896,0.0
ST_A4-6cm,rf,0.95,0.6,10,True,-1,0.0,2024-11-01,1.0,1.0,6182.134552853765,0.0,68003.48008139142,10000.0,10211.225461944674,0.0
ST_A4-6cm,rf,0.95,0.7,10,True,-1,0.0,2024-11-01,1.0,1.0,6824.8939480263625,0.0,75073.83342828999,10000.0,11015.803038935454,0.0
ST_A4-6cm,rf,0.95,0.8,10,True,-1,0.0,2024-11-01,1.0,1.0,7467.65334319896,0.0,82144.18677518856,10000.0,11820.380615926233,0.0
ST_A4-6cm,rf,0.95,0.9,10,True,-1,0.0,2024-11-01,1.0,1.0,8110.412738371557,0.0,89214.54012208713,10000.0,12624.958192917013,0.0
ST_A4-6cm,rf,0.95,1.0,10,True,-1,0.0,2024-11-01,1.0,1.0,8753.172133544153,0.0,96284.89346898568,10000.0,13429.53576990779,0.0
ST_A4-6cm,rf,0.95,1.1,10,True,-1,0.0,2024-11-01,1.0,1.0,9395.93152871675,0.0,103355.24681588425,10000.0,14234.11334689857,0.0
ST_A4-6cm,rf,0.95,1.2,10,True,-1,0.0,2024-11-01,1.0,1.0,10047.781832980256,0.0,110525.60016278282,10000.0,15038.69092388935,0.0
ST_A4-6cm,rf,0.95,1.2816,10,True,-1,0.0,2024-11-01,1.0,1.0,10569.568044895645,0.0,116265.2484938521,10000.0,15691.386226713825,0.0
ST_A4-6cm,rf,0.95,1.3,10,True,-1,0.0,2024-11-01,1.0,1.0,10690.541228152857,0.0,117595.95350968142,10000.0,15843.268500880127,0.0
ST_A4-6cm,rf,0.95,1.4,10,True,-1,0.0,2024-11-01,1.0,1.0,11333.30062332545,0.0,124666.30685657993,10000.0,16647.846077870905,0.0
ST_A4-6cm,rf,0.95,1.5,10,True,-1,0.0,2024-11-01,1.0,1.0,11976.06001849805,0.0,131736.66020347856,10000.0,17452.423654861686,0.0
ST_A4-6cm,rf,0.95,1.6,10,True,-1,0.0,2024-11-01,1.0,1.0,12618.819413670652,0.0,138807.01355037716,10000.0,18257.001231852468,0.0
ST_A4-6cm,rf,0.95,1.6449,10,True,-1,0.0,2024-11-01,1.0,1.0,12911.451109375874,0.0,142025.9622031346,10000.0,18625.996563921326,0.0
ST_A4-6cm,rf,0.95,1.7,10,True,-1,0.0,2024-11-01,1.0,1.0,13261.578808843245,0.0,145877.3668972757,10000.0,19061.578808843245,0.0
ST_A4-6cm,rf,0.95,1.8,10,True,-1,0.0,2024-11-01,1.0,1.0,13904.33820401584,0.0,152947.72024417424,10000.0,19866.156385834023,0.0
ST_A4-6cm,rf,0.95,1.9,10,True,-1,0.0,2024-11-01,1.0,1.0,14550.733962824801,0.0,160058.0735910728,10000.0,20670.7339628248,0.0
ST_A4-6cm,rf,0.95,2.0,10,True,-1,0.0,2024-11-01,1.0,1.0,15193.4933579974,0.0,167128.4269379714,10000.0,21475.311539815582,0.0
ST_A4-6cm,rf,0.95,2.0537,10,True,-1,0.0,2024-11-01,1.0,1.0,15540.898789568719,0.0,170949.88668525591,10000.0,21909.98969865963,0.0
ST_A4-6cm,rf,0.95,2.1,10,True,-1,0.0,2024-11-01,1.0,1.0,15865.343662260904,0.0,174518.78028486995,10000.0,22279.88911680636,0.0
ST_A4-6cm,rf,0.95,2.2,10,True,-1,0.0,2024-11-01,1.0,1.0,16559.012148342597,0.0,182149.13363176858,10000.0,23084.46669379714,0.0
ST_A4-6cm,rf,0.95,2.3,10,True,-1,0.0,2024-11-01,1.0,1.0,17259.953361697007,0.0,189859.4869786671,10000.0,23909.04427078792,0.0
ST_A4-6cm,rf,0.95,2.4,10,True,-1,0.0,2024-11-01,1.0,1.0,17949.985484142337,0.0,197449.8403255657,10000.0,24713.621847778697,0.0
ST_A4-6cm,rf,0.95,2.5,10,True,-1,0.0,2024-11-01,1.0,1.0,18643.653970224022,0.0,205080.19367246423,10000.0,25518.19942476948,0.0
ST_A4-6cm,rf,0.95,2.6,10,True,-1,0.0,2024-11-01,1.0,1.0,19337.322456305712,0.0,212710.54701936283,10000.0,26322.777001760256,0.0
ST_A4-6cm,rf,0.95,2.7,10,True,-1,0.0,2024-11-01,1.0,1.0,20027.354578751034,0.0,220300.90036626137,10000.0,27127.354578751037,0.0
ST_A4-6cm,rf,0.95,2.8,10,True,-1,0.0,2024-11-01,1.0,1.0,20721.023064832723,0.0,227931.25371315997,10000.0,27931.932155741815,0.0
ST_A4-6cm,rf,0.95,2.9,10,True,-1,0.0,2024-11-01,1.0,1.0,21414.691550914416,0.0,235561.60706005857,10000.0,28736.509732732593,0.0
ST_A4-6cm,rf,0.95,3.0,10,True,-1,0.0,2024-11-01,1.0,1.0,22104.723673359735,0.0,243151.96040695708,10000.0,29541.08730972337,0.0
ST_A4-6cm,rf,0.95,3.5,10,True,-1,0.0,2024-11-01,1.0,1.0,25565.793376495447,0.0,281223.7271414499,10000.0,33563.97519467727,0.0
ST_A4-6cm,rf,0.95,4.0,10,True,-1,0.0,2024-11-01,1.0,1.0,29223.226715994802,0.0,321455.49387594283,10000.0,37586.86307963116,0.0
ST_A4-6cm,sba,0.95,0.0,10,True,-1,0.0,2024-11-01,0.69,0.8333333333333334,3501.818181818182,1409.090909090909,193520.0,10000.0,6420.0,0.0
ST_A4-6cm,sba,0.95,0.1,10,True,-1,0.0,2024-11-01,0.775,0.8333333333333334,3801.818181818182,1022.7272727272727,154320.0,10000.0,6970.0,0.0
ST_A4-6cm,sba,0.95,0.2,10,True,-1,0.0,2024-11-01,0.86,0.8333333333333334,4105.454545454545,636.3636363636364,115160.0,10000.0,7540.0,0.0
ST_A4-6cm,sba,0.95,0.3,10,True,-1,0.0,2024-11-01,0.945,0.8333333333333334,4405.454545454545,250.0,75960.0,10000.0,8090.0,0.0
ST_A4-6cm,sba,0.95,0.4,10,True,-1,0.0,2024-11-01,1.0,1.0,4841.818181818182,0.0,53260.0,10000.0,8660.0,0.0
ST_A4-6cm,sba,0.95,0.5,10,True,-1,0.0,2024-11-01,1.0,1.0,5528.181818181818,0.0,60810.0,10000.0,9210.0,0.0
ST_A4-6cm,sba,0.95,0.6,10,True,-1,0.0,2024-11-01,1.0,1.0,6214.545454545455,0.0,68360.0,10000.0,9760.0,0.0
ST_A4-6cm,sba,0.95,0.7,10,True,-1,0.0,2024-11-01,1.0,1.0,6904.545454545455,0.0,75950.0,10000.0,10330.0,0.0
ST_A4-6cm,sba,0.95,0.8,10,True,-1,0.0,2024-11-01,1.0,1.0,7590.909090909091,0.0,83500.0,10000.0,10880.0,0.0
ST_A4-6cm,sba,0.95,0.9,10,True,-1,0.0,2024-11-01,1.0,1.0,8280.90909090909,0.0,91090.0,10000.0,11450.0,0.0
ST_A4-6cm,sba,0.95,1.0,10,True,-1,0.0,2024-11-01,1.0,1.0,8967.272727272728,0.0,98640.0,10000.0,12000.0,0.0
ST_A4-6cm,sba,0.95,1.1,10,True,-1,0.0,2024-11-01,1.0,1.0,9653.636363636364,0.0,106190.0,10000.0,12570.0,0.0
ST_A4-6cm,sba,0.95,1.2,10,True,-1,0.0,2024-11-01,1.0,1.0,10343.636363636364,0.0,113780.0,10000.0,13120.0,0.0
ST_A4-6cm,sba,0.95,1.2816,10,True,-1,0.0,2024-11-01,1.0,1.0,10900.654545454545,0.0,119907.2,10000.0,13575.2,0.0
ST_A4-6cm,sba,0.95,1.3,10,True,-1,0.0,2024-11-01,1.0,1.0,11030.0,0.0,121330.0,10000.0,13670.0,0.0
ST_A4-6cm,sba,0.95,1.4,10,True,-1,0.0,2024-11-01,1.0,1.0,11716.363636363636,0.0,128880.0,10000.0,14240.0,0.0
ST_A4-6cm,sba,0.95,1.5,10,True,-1,0.0,2024-11-01,1.0,1.0,12402.727272727272,0.0,136430.0,10000.0,14790.0,0.0
ST_A4-6cm,sba,0.95,1.6,10,True,-1,0.0,2024-11-01,1.0,1.0,13092.727272727272,0.0,144020.0,10000.0,15360.0,0.0
ST_A4-6cm,sba,0.95,1.6449,10,True,-1,0.0,2024-11-01,1.0,1.0,13393.82272727273,0.0,147332.05000000005,10000.0,15606.550000000003,0.0
ST_A4-6cm,sba,0.95,1.7,10,True,-1,0.0,2024-11-01,1.0,1.0,13779.09090909091,0.0,151570.0,10000.0,15910.0,0.0
ST_A4-6cm,sba,0.95,1.8,10,True,-1,0.0,2024-11-01,1.0,1.0,14461.818181818182,0.0,159080.0,10000.0,16460.0,0.0
ST_A4-6cm,sba,0.95,1.9,10,True,-1,0.0,2024-11-01,1.0,1.0,15155.454545454546,0.0,166710.0,10000.0,17030.0,0.0
ST_A4-6cm,sba,0.95,2.0,10,True,-1,0.0,2024-11-01,1.0,1.0,15841.818181818182,0.0,174260.0,10000.0,17580.0,0.0
ST_A4-6cm,sba,0.95,2.0537,10,True,-1,0.0,2024-11-01,1.0,1.0,16208.331818181818,0.0,178291.65,10000.0,17890.15,0.0
ST_A4-6cm,sba,0.95,2.1,10,True,-1,0.0,2024-11-01,1.0,1.0,16528.18181818182,0.0,181810.0,10000.0,18150.0,0.0
ST_A4-6cm,sba,0.95,2.2,10,True,-1,0.0,2024-11-01,1.0,1.0,17214.545454545456,0.0,189360.0,10000.0,18700.0,0.0
ST_A4-6cm,sba,0.95,2.3,10,True,-1,0.0,2024-11-01,1.0,1.0,17904.545454545456,0.0,196950.0,10000.0,19270.0,0.0
ST_A4-6cm,sba,0.95,2.4,10,True,-1,0.0,2024-11-01,1.0,1.0,18590.909090909092,0.0,204500.0,10000.0,19820.0,0.0
ST_A4-6cm,sba,0.95,2.5,10,True,-1,0.0,2024-11-01,1.0,1.0,19273.636363636364,0.0,212010.0,10000.0,20370.0,0.0
ST_A4-6cm,sba,0.95,2.6,10,True,-1,0.0,2024-11-01,1.0,1.0,19967.272727272728,0.0,219640.0,10000.0,20940.0,0.0
ST_A4-6cm,sba,0.95,2.7,10,True,-1,0.0,2024-11-01,1.0,1.0,20653.636363636364,0.0,227190.0,10000.0,21490.0,0.0
ST_A4-6cm,sba,0.95,2.8,10,True,-1,0.0,2024-11-01,1.0,1.0,21340.0,0.0,234740.0,10000.0,22060.0,0.0
ST_A4-6cm,sba,0.95,2.9,10,True,-1,0.0,2024-11-01,1.0,1.0,22030.0,0.0,242330.0,10000.0,22610.0,0.0
ST_A4-6cm,sba,0.95,3.0,10,True,-1,0.0,2024-11-01,1.0,1.0,22712.727272727272,0.0,249840.0,10000.0,23160.0,0.0
ST_A4-6cm,sba,0.95,3.5,10,True,-1,0.0,2024-11-01,1.0,1.0,26650.0,0.0,293150.0,10000.0,26650.0,0.0
ST_A4-6cm,sba,0.95,4.0,10,True,-1,0.0,2024-11-01,1.0,1.0,30900.0,0.0,339900.0,10000.0,30900.0,0.0
ST_A4-6cm,ses,0.95,0.0,10,True,-1,0.0,2024-11-01,0.36229593824508904,0.8333333333333334,2368.886935882304,2898.6548261586863,344909.7871721608,10000.0,4342.95938245089,0.0
ST_A4-6cm,ses,0.95,0.1,10,True,-1,0.0,2024-11-01,0.40366557988802376,0.8333333333333334,2681.812253934675,2710.6110005089827,327667.14484926953,10000.0,4916.655798880238,0.0
ST_A4-6cm,ses,0.95,0.2,10,True,-1,0.0,2024-11-01,0.44503522153095876,0.8333333333333334,2994.7375719870474,2522.5671748592786,310424.50252637814,10000.0,5490.352215309587,0.0
ST_A4-6cm,ses,0.95,0.3,10,True,-1,0.0,2024-11-01,0.4884048631738937,0.8333333333333334,3318.571980948511,2325.432440118665,292301.8602034868,10000.0,6084.048631738937,0.0
ST_A4-6cm,ses,0.95,0.4,10,True,-1,0.0,2024-11-01,0.5337745048168285,0.8333333333333334,3631.497299000883,2119.206796287143,273059.2178805955,10000.0,6657.745048168285,0.0
ST_A4-6cm,ses,0.95,0.5,10,True,-1,0.0,2024-11-01,0.5851441464597634,0.8333333333333334,3944.422617053255,1885.7084251828935,250816.5755577041,10000.0,7231.441464597634,0.0
ST_A4-6cm,ses,0.95,0.6,10,True,-1,0.0,2024-11-01,0.6405137881026983,0.8333333333333334,4268.257026014718,1634.028235896826,226693.93323481275,10000.0,7825.137881026983,0.0
ST_A4-6cm,ses,0.95,0.7,10,True,-1,0.0,2024-11-01,0.6978834297456332,0.8333333333333334,4581.182344067089,1373.2571375198493,201451.29091192142,10000.0,8398.834297456331,0.0
ST_A4-6cm,ses,0.95,0.8,10,True,-1,0.0,2024-11-01,0.7552530713885681,0.8333333333333334,4905.0167530285535,1112.4860391428722,176328.64858903002,10000.0,8992.53071388568,0.0
ST_A4-6cm,ses,0.95,0.9,10,True,-1,0.0,2024-11-01,0.812622713031503,0.8333333333333334,5217.942071080926,851.7149407658954,151086.0062661387,10000.0,9566.22713031503,0.0
ST_A4-6cm,ses,0.95,1.0,10,True,-1,0.0,2024-11-01,0.8719923546744379,0.8333333333333334,5530.867389133298,581.8529332980092,124843.3639432473,10000.0,10139.92354674438,0.0
ST_A4-6cm,ses,0.95,1.1,10,True,-1,0.0,2024-11-01,0.9293619963173729,0.8333333333333334,5854.70179809476,321.0818349210322,99720.72162035591,10000.0,10733.619963173729,0.0
ST_A4-6cm,ses,0.95,1.2,10,True,-1,0.0,2024-11-01,0.9867316379603077,0.8333333333333334,6167.627116147132,60.31073654405604,74478.07929746462,10000.0,11307.316379603077,0.0
ST_A4-6cm,ses,0.95,1.2816,10,True,-1,0.0,2024-11-01,1.0,1.0,6581.692655409424,0.0,72398.61920950367,10000.0,11781.692655409424,0.0
ST_A4-6cm,ses,0.95,1.3,10,True,-1,0.0,2024-11-01,1.0,1.0,6691.921886941516,0.0,73611.14075635668,10000.0,11901.012796032424,0.0
ST_A4-6cm,ses,0.95,1.4,10,True,-1,0.0,2024-11-01,1.0,1.0,7265.618303370866,0.0,79921.80133707952,10000.0,12474.709212461774,0.0
ST_A4-6cm,ses,0.95,1.5,10,True,-1,0.0,2024-11-01,1.0,1.0,7839.314719800214,0.0,86232.46191780236,10000.0,13048.405628891123,0.0
ST_A4-6cm,ses,0.95,1.6,10,True,-1,0.0,2024-11-01,1.0,1.0,8423.920227138653,0.0,92663.12249852519,10000.0,13642.102045320473,0.0
ST_A4-6cm,ses,0.95,1.6449,10,True,-1,0.0,2024-11-01,1.0,1.0,8688.96082720634,0.0,95578.56909926973,10000.0,13898.05173629725,0.0
ST_A4-6cm,ses,0.95,1.7,10,True,-1,0.0,2024-11-01,1.0,1.0,9006.707552658916,0.0,99073.78307924807,10000.0,14215.798461749822,0.0
ST_A4-6cm,ses,0.95,1.8,10,True,-1,0.0,2024-11-01,1.0,1.0,9580.403969088262,0.0,105384.44365997089,10000.0,14789.49487817917,0.0
ST_A4-6cm,ses,0.95,1.9,10,True,-1,0.0,2024-11-01,1.0,1.0,10165.0094764267,0.0,111815.1042406937,10000.0,15383.191294608518,0.0
ST_A4-6cm,ses,0.95,2.0,10,True,-1,0.0,2024-11-01,1.0,1.0,10738.70589285605,0.0,118125.76482141654,10000.0,15956.887711037867,0.0
ST_A4-6cm,ses,0.95,2.0537,10,True,-1,0.0,2024-11-01,1.0,1.0,11053.46086847861,0.0,121588.06955326472,10000.0,16271.642686660429,0.0
ST_A4-6cm,ses,0.95,2.1,10,True,-1,0.0,2024-11-01,1.0,1.0,11323.311400194489,0.0,124556.42540213937,10000.0,16550.584127467217,0.0
ST_A4-6cm,ses,0.95,2.2,10,True,-1,0.0,2024-11-01,1.0,1.0,11897.00781662384,0.0,130867.08598286225,10000.0,17124.280543896566,0.0
ST_A4-6cm,ses,0.95,2.3,10,True,-1,0.0,2024-11-01,1.0,1.0,12470.704233053188,0.0,137177.74656358507,10000.0,17697.976960325916,0.0
ST_A4-6cm,ses,0.95,2.4,10,True,-1,0.0,2024-11-01,1.0,1.0,13064.400649482537,0.0,143708.40714430792,10000.0,18291.673376755265,0.0
ST_A4-6cm,ses,0.95,2.5,10,True,-1,0.0,2024-11-01,1.0,1.0,13638.097065911883,0.0,150019.0677250307,10000.0,18865.36979318461,0.0
ST_A4-6cm,ses,0.95,2.6,10,True,-1,0.0,2024-11-01,1.0,1.0,14222.702573250323,0.0,156449.72830575355,10000.0,19459.06620961396,0.0
ST_A4-6cm,ses,0.95,2.7,10,True,-1,0.0,2024-11-01,1.0,1.0,14796.398989679676,0.0,162760.38888647643,10000.0,20032.76262604331,0.0
ST_A4-6cm,ses,0.95,2.8,10,True,-1,0.0,2024-11-01,1.0,1.0,15379.186315199931,0.0,169171.04946719925,10000.0,20606.45904247266,0.0
ST_A4-6cm,ses,0.95,2.9,10,True,-1,0.0,2024-11-01,1.0,1.0,15963.791822538373,0.0,175601.7100479221,10000.0,21200.15545890201,0.0
ST_A4-6cm,ses,0.95,3.0,10,True,-1,0.0,2024-11-01,1.0,1.0,16546.57914805863,0.0,182012.37062864495,10000.0,21773.851875331355,0.0
ST_A4-6cm,ses,0.95,3.5,10,True,-1,0.0,2024-11-01,1.0,1.0,19487.788502932646,0.0,214365.67353225913,10000.0,24682.3339574781,0.0
ST_A4-6cm,ses,0.95,4.0,10,True,-1,0.0,2024-11-01,1.0,1.0,22427.179675988486,0.0,246698.97643587334,10000.0,27590.816039624846,0.0
ST_A4-6cm,tsb,0.95,0.0,10,True,-1,0.0,2024-11-01,0.5084820722496306,0.8333333333333334,3242.629484997985,2234.1723988653157,281427.8882101625,10000.0,5944.820722496306,0.0
ST_A4-6cm,tsb,0.95,0.1,10,True,-1,0.0,2024-11-01,0.5507523469477057,0.8333333333333334,3593.194619714758,2042.0347866013378,264148.9673430095,10000.0,6587.523469477057,0.0
ST_A4-6cm,tsb,0.95,0.2,10,True,-1,0.0,2024-11-01,0.5950226216457808,0.8333333333333334,3943.7597544315313,1840.8062652464512,245870.04647585648,10000.0,7230.226216457808,0.0
ST_A4-6cm,tsb,0.95,0.3,10,True,-1,0.0,2024-11-01,0.6372928963438559,0.8333333333333334,4294.3248891483045,1648.6686529824735,228591.12560870344,10000.0,7872.928963438559,0.0
ST_A4-6cm,tsb,0.95,0.4,10,True,-1,0.0,2024-11-01,0.681563171041931,0.8333333333333334,4644.890023865078,1447.4401316275867,210312.20474155038,10000.0,8515.63171041931,0.0
ST_A4-6cm,tsb,0.95,0.5,10,True,-1,0.0,2024-11-01,0.7258334457400059,0.8333333333333334,4995.45515858185,1246.2116102727007,192033.28387439746,10000.0,9158.334457400058,0.0
ST_A4-6cm,tsb,0.95,0.6,10,True,-1,0.0,2024-11-01,0.768103720438081,0.8333333333333334,5346.020293298623,1054.073998008723,174754.3630072444,10000.0,9801.03720438081,0.0
ST_A4-6cm,tsb,0.95,0.7,10,True,-1,0.0,2024-11-01,0.812373995136156,0.8333333333333334,5696.585428015396,852.845476653836,156475.44214009133,10000.0,10443.73995136156,0.0
ST_A4-6cm,tsb,0.95,0.8,10,True,-1,0.0,2024-11-01,0.8546442698342311,0.8333333333333334,6047.150562732169,660.7078643898586,139196.52127293832,10000.0,11086.44269834231,0.0
ST_A4-6cm,tsb,0.95,0.9,10,True,-1,0.0,2024-11-01,0.9029145445323061,0.8333333333333334,6386.806606539852,441.2975248531538,118797.60040578528,10000.0,11709.145445323062,0.0
ST_A4-6cm,tsb,0.95,1.0,10,True,-1,0.0,2024-11-01,0.9571848192303812,0.8333333333333334,6737.371741256625,194.61445804372158,95518.67953863225,10000.0,12351.848192303813,0.0
ST_A4-6cm,tsb,0.95,1.1,10,True,-1,0.0,2024-11-01,1.0,1.0,7167.278212011836,0.0,78840.0603321302,10000.0,12994.550939284563,0.0
ST_A4-6cm,tsb,0.95,1.2,10,True,-1,0.0,2024-11-01,1.0,1.0,7800.890049901677,0.0,85809.79054891845,10000.0,13637.253686265314,0.0
ST_A4-6cm,tsb,0.95,1.2816,10,True,-1,0.0,2024-11-01,1.0,1.0,8320.88458234706,0.0,91529.73040581767,10000.0,14166.339127801606,0.0
ST_A4-6cm,tsb,0.95,1.3,10,True,-1,0.0,2024-11-01,1.0,1.0,8434.50188779152,0.0,92779.52076570672,10000.0,14279.956433246065,0.0
ST_A4-6cm,tsb,0.95,1.4,10,True,-1,0.0,2024-11-01,1.0,1.0,9068.113725681364,0.0,99749.250982495,10000.0,14922.659180226816,0.0
ST_A4-6cm,tsb,0.95,1.5,10,True,-1,0.0,2024-11-01,1.0,1.0,9701.7255635712,0.0,106718.98119928321,10000.0,15565.361927207567,0.0
ST_A4-6cm,tsb,0.95,1.6,10,True,-1,0.0,2024-11-01,1.0,1.0,10326.246492370137,0.0,113588.71141607151,10000.0,16208.064674188317,0.0
ST_A4-6cm,tsb,0.95,1.6449,10,True,-1,0.0,2024-11-01,1.0,1.0,10608.280025764494,0.0,116691.08028340944,10000.0,16490.098207582676,0.0
ST_A4-6cm,tsb,0.95,1.7,10,True,-1,0.0,2024-11-01,1.0,1.0,10959.858330259975,0.0,120558.44163285973,10000.0,16850.76742116907,0.0
ST_A4-6cm,tsb,0.95,1.8,10,True,-1,0.0,2024-11-01,1.0,1.0,11593.47016814982,0.0,127528.17184964803,10000.0,17493.47016814982,0.0
ST_A4-6cm,tsb,0.95,1.9,10,True,-1,0.0,2024-11-01,1.0,1.0,12227.082006039658,0.0,134497.90206643625,10000.0,18136.17291513057,0.0
ST_A4-6cm,tsb,0.95,2.0,10,True,-1,0.0,2024-11-01,1.0,1.0,12860.693843929505,0.0,141467.63228322455,10000.0,18778.87566211132,0.0
ST_A4-6cm,tsb,0.95,2.0537,10,True,-1,0.0,2024-11-01,1.0,1.0,13198.805219058162,0.0,145186.85740963978,10000.0,19116.987037239982,0.0
ST_A4-6cm,tsb,0.95,2.1,10,True,-1,0.0,2024-11-01,1.0,1.0,13494.305681819342,0.0,148437.36250001276,10000.0,19421.57840909207,0.0
ST_A4-6cm,tsb,0.95,2.2,10,True,-1,0.0,2024-11-01,1.0,1.0,14127.917519709188,0.0,155407.09271680107,10000.0,20064.281156072822,0.0
ST_A4-6cm,tsb,0.95,2.3,10,True,-1,0.0,2024-11-01,1.0,1.0,14761.529357599025,0.0,162376.82293358928,10000.0,20706.983903053573,0.0
ST_A4-6cm,tsb,0.95,2.4,10,True,-1,0.0,2024-11-01,1.0,1.0,15395.141195488872,0.0,169346.5531503776,10000.0,21349.686650034324,0.0
ST_A4-6cm,tsb,0.95,2.5,10,True,-1,0.0,2024-11-01,1.0,1.0,16028.753033378709,0.0,176316.2833671658,10000.0,21992.389397015075,0.0
ST_A4-6cm,tsb,0.95,2.6,10,True,-1,0.0,2024-11-01,1.0,1.0,16680.546689450373,0.0,183486.0135839541,10000.0,22635.092143995826,0.0
ST_A4-6cm,tsb,0.95,2.7,10,True,-1,0.0,2024-11-01,1.0,1.0,17323.24943643112,0.0,190555.74380074232,10000.0,23277.794890976576,0.0
ST_A4-6cm,tsb,0.95,2.8,10,True,-1,0.0,2024-11-01,1.0,1.0,17965.952183411875,0.0,197625.47401753062,10000.0,23920.497637957327,0.0
ST_A4-6cm,tsb,0.95,2.9,10,True,-1,0.0,2024-11-01,1.0,1.0,18608.654930392622,0.0,204695.20423431884,10000.0,24563.200384938078,0.0
ST_A4-6cm,tsb,0.95,3.0,10,True,-1,0.0,2024-11-01,1.0,1.0,19251.357677373377,0.0,211764.93445110714,10000.0,25205.90313191883,0.0
ST_A4-6cm,tsb,0.95,3.5,10,True,-1,0.0,2024-11-01,1.0,1.0,22484.871412277127,0.0,247333.5855350484,10000.0,28399.416866822583,0.0
ST_A4-6cm,tsb,0.95,4.0,10,True,-1,0.0,2024-11-01,1.0,1.0,25745.657874453605,0.0,283202.2366189897,10000.0,31612.930601726333,0.0
ST_A4-6cm,xgb,0.95,0.0,10,True,-1,0.0,2024-11-01,0.004014917694407632,0.8333333333333334,21.899551060405262,4527.204919570874,498233.43621446064,10000.0,40.149176944076316,0.0
ST_A4-6cm,xgb,0.95,0.1,10,True,-1,0.0,2024-11-01,0.06602682129026544,0.8333333333333334,371.0553888559933,4241.69626686243,470668.19863228325,10000.0,680.2682129026543,0.0
ST_A4-6cm,xgb,0.95,0.2,10,True,-1,0.0,2024-11-01,0.13003872488612306,0.8333333333333334,727.4839539243076,3950.7330686994405,442582.96105010586,10000.0,1340.3872488612305,0.0
ST_A4-6cm,xgb,0.95,0.3,10,True,-1,0.0,2024-11-01,0.19405062848198085,0.8333333333333334,1080.2761553562593,3656.133506900087,414057.7234679284,10000.0,1980.5062848198086,0.0
ST_A4-6cm,xgb,0.95,0.4,10,True,-1,0.0,2024-11-01,0.26006253207783864,0.8333333333333334,1429.4319931518473,3359.7157632825515,385292.48588575097,10000.0,2620.6253207783866,0.0
ST_A4-6cm,xgb,0.95,0.5,10,True,-1,0.0,2024-11-01,0.32407443567369626,0.8333333333333334,1778.5878309474342,3068.7525651195624,357127.2483035737,10000.0,3260.744356736963,0.0
ST_A4-6cm,xgb,0.95,0.6,10,True,-1,0.0,2024-11-01,0.3880863392695541,0.8333333333333334,2135.0163960157497,2777.7893669565724,329042.0107213962,10000.0,3920.863392695541,0.0
ST_A4-6cm,xgb,0.95,0.7,10,True,-1,0.0,2024-11-01,0.4520982428654119,0.8333333333333334,2487.8085974477012,2483.189805157219,300516.77313921874,10000.0,4560.982428654119,0.0
ST_A4-6cm,xgb,0.95,0.8,10,True,-1,0.0,2024-11-01,0.5181101464612695,0.8333333333333334,2836.964435243288,2186.7720615396843,271751.5355570414,10000.0,5201.101464612695,0.0
ST_A4-6cm,xgb,0.95,0.9,10,True,-1,0.0,2024-11-01,0.5821220500571274,0.8333333333333334,3186.1202730388763,1895.8088633766938,243586.29797486396,10000.0,5841.220500571273,0.0
ST_A4-6cm,xgb,0.95,1.0,10,True,-1,0.0,2024-11-01,0.6461339536529851,0.8333333333333334,3546.185201743555,1604.8456652137043,215541.06039268657,10000.0,6501.339536529851,0.0
ST_A4-6cm,xgb,0.95,1.1,10,True,-1,0.0,2024-11-01,0.7101458572488427,0.8333333333333334,3895.3410395391415,1310.2461034143512,186975.82281050918,10000.0,7141.458572488427,0.0
ST_A4-6cm,xgb,0.95,1.2,10,True,-1,0.0,2024-11-01,0.7761577608447006,0.8333333333333334,4244.49687733473,1013.8283597968158,158210.58522833177,10000.0,7781.577608447005,0.0
ST_A4-6cm,xgb,0.95,1.2816,10,True,-1,0.0,2024-11-01,0.8281674741789203,0.8333333333333334,4535.458950066838,777.4205719139983,135406.31136127503,10000.0,8321.674741789204,0.0
ST_A4-6cm,xgb,0.95,1.3,10,True,-1,0.0,2024-11-01,0.8401696644405583,0.8333333333333334,4600.925442403046,722.8651616338258,130125.34764615433,10000.0,8441.696644405583,0.0
ST_A4-6cm,xgb,0.95,1.4,10,True,-1,0.0,2024-11-01,0.9041815680364159,0.8333333333333334,4953.717643834996,428.26559983447294,101600.11006397699,10000.0,9081.81568036416,0.0
ST_A4-6cm,xgb,0.95,1.5,10,True,-1,0.0,2024-11-01,0.9681934716322738,0.8333333333333334,5302.873481630584,137.30240167148293,73434.87248179954,10000.0,9721.934716322738,0.0
ST_A4-6cm,xgb,0.95,1.6,10,True,-1,0.0,2024-11-01,1.0,1.0,5811.1446613722255,0.0,63922.59127509448,10000.0,10362.053752281316,0.0
ST_A4-6cm,xgb,0.95,1.6449,10,True,-1,0.0,2024-11-01,1.0,1.0,6105.74356306308,0.0,67163.17919369388,10000.0,10662.107199426717,0.0
ST_A4-6cm,xgb,0.95,1.7,10,True,-1,0.0,2024-11-01,1.0,1.0,6458.536424603528,0.0,71043.9006706388,10000.0,11022.172788239892,0.0
ST_A4-6cm,xgb,0.95,1.8,10,True,-1,0.0,2024-11-01,1.0,1.0,7105.928187834835,0.0,78165.21006618318,10000.0,11662.29182419847,0.0
ST_A4-6cm,xgb,0.95,1.9,10,True,-1,0.0,2024-11-01,1.0,1.0,7751.501769247957,0.0,85266.51946172753,10000.0,12302.410860157048,0.0
ST_A4-6cm,xgb,0.95,2.0,10,True,-1,0.0,2024-11-01,1.0,1.0,8391.620805206532,0.0,92307.82885727186,10000.0,12942.529896115624,0.0
ST_A4-6cm,xgb,0.95,2.0537,10,True,-1,0.0,2024-11-01,1.0,1.0,8738.957454789015,0.0,96128.53200267917,10000.0,13302.593818425381,0.0
ST_A4-6cm,xgb,0.95,2.1,10,True,-1,0.0,2024-11-01,1.0,1.0,9039.012568437836,0.0,99429.1382528162,10000.0,13602.648932074202,0.0
ST_A4-6cm,xgb,0.95,2.2,10,True,-1,0.0,2024-11-01,1.0,1.0,9686.40433166914,0.0,106550.44764836054,10000.0,14242.767968032778,0.0
ST_A4-6cm,xgb,0.95,2.3,10,True,-1,0.0,2024-11-01,1.0,1.0,10331.977913082266,0.0,113651.75704390493,10000.0,14882.887003991356,0.0
ST_A4-6cm,xgb,0.95,2.4,10,True,-1,0.0,2024-11-01,1.0,1.0,10979.36967631357,0.0,120773.06643944928,10000.0,15543.006039949934,0.0
ST_A4-6cm,xgb,0.95,2.5,10,True,-1,0.0,2024-11-01,1.0,1.0,11619.488712272147,0.0,127814.37583499361,10000.0,16183.12507590851,0.0
ST_A4-6cm,xgb,0.95,2.6,10,True,-1,0.0,2024-11-01,1.0,1.0,12266.880475503456,0.0,134935.68523053802,10000.0,16823.24411186709,0.0
ST_A4-6cm,xgb,0.95,2.7,10,True,-1,0.0,2024-11-01,1.0,1.0,12912.454056916577,0.0,142036.99462608233,10000.0,17463.363147825665,0.0
ST_A4-6cm,xgb,0.95,2.8,10,True,-1,0.0,2024-11-01,1.0,1.0,13559.84582014788,0.0,149158.30402162668,10000.0,18123.482183784243,0.0
ST_A4-6cm,xgb,0.95,2.9,10,True,-1,0.0,2024-11-01,1.0,1.0,14203.60121974282,0.0,156239.61341717103,10000.0,18763.60121974282,0.0
ST_A4-6cm,xgb,0.95,3.0,10,True,-1,0.0,2024-11-01,1.0,1.0,14847.356619337761,0.0,163320.92281271538,10000.0,19403.7202557014,0.0
ST_A4-6cm,xgb,0.95,3.5,10,True,-1,0.0,2024-11-01,1.0,1.0,18073.406344585197,0.0,198807.46979043717,10000.0,22624.315435494285,0.0
ST_A4-6cm,xgb,0.95,4.0,10,True,-1,0.0,2024-11-01,1.0,1.0,21301.274251650808,0.0,234314.01676815888,10000.0,25864.910615287172,0.0
ST_Reg3-4cm,arima,0.95,0.0,10,True,-1,0.0,2024-11-01,,1.0,3922.135117984733,0.0,43143.48629783206,0.0,3922.135117984733,0.0
ST_Reg3-4cm,arima,0.95,0.1,10,True,-1,0.0,2024-11-01,,1.0,4464.08441421835,0.0,49104.92855640184,0.0,4464.08441421835,0.0
ST_Reg3-4cm,arima,0.95,0.2,10,True,-1,0.0,2024-11-01,,1.0,5006.033710451965,0.0,55066.37081497162,0.0,5006.033710451966,0.0
ST_Reg3-4cm,arima,0.95,0.3,10,True,-1,0.0,2024-11-01,,1.0,5547.983006685581,0.0,61027.813073541394,0.0,5547.983006685582,0.0
ST_Reg3-4cm,arima,0.95,0.4,10,True,-1,0.0,2024-11-01,,1.0,6089.932302919199,0.0,66989.25533211119,0.0,6089.932302919198,0.0
ST_Reg3-4cm,arima,0.95,0.5,10,True,-1,0.0,2024-11-01,,1.0,6631.881599152815,0.0,72950.69759068097,0.0,6631.881599152815,0.0
ST_Reg3-4cm,arima,0.95,0.6,10,True,-1,0.0,2024-11-01,,1.0,7173.830895386432,0.0,78912.13984925074,0.0,7173.830895386431,0.0
ST_Reg3-4cm,arima,0.95,0.7,10,True,-1,0.0,2024-11-01,,1.0,7715.78019162005,0.0,84873.58210782055,0.0,7715.780191620048,0.0
ST_Reg3-4cm,arima,0.95,0.8,10,True,-1,0.0,2024-11-01,,1.0,8257.729487853665,0.0,90835.02436639031,0.0,8257.729487853665,0.0
ST_Reg3-4cm,arima,0.95,0.9,10,True,-1,0.0,2024-11-01,,1.0,8799.678784087282,0.0,96796.4666249601,0.0,8799.67878408728,0.0
ST_Reg3-4cm,arima,0.95,1.0,10,True,-1,0.0,2024-11-01,,1.0,9341.628080320896,0.0,102757.90888352986,0.0,9341.628080320897,0.0
ST_Reg3-4cm,arima,0.95,1.1,10,True,-1,0.0,2024-11-01,,1.0,9883.577376554515,0.0,108719.35114209967,0.0,9883.577376554515,0.0
ST_Reg3-4cm,arima,0.95,1.2,10,True,-1,0.0,2024-11-01,,1.0,10425.526672788128,0.0,114680.79340066941,0.0,10425.52667278813,0.0
ST_Reg3-4cm,arima,0.95,1.2816,10,True,-1,0.0,2024-11-01,,1.0,10867.75729851476,0.0,119545.33028366236,0.0,10867.757298514762,0.0
ST_Reg3-4cm,arima,0.95,1.3,10,True,-1,0.0,2024-11-01,,1.0,10967.475969021747,0.0,120642.23565923922,0.0,10967.475969021747,0.0
ST_Reg3-4cm,arima,0.95,1.4,10,True,-1,0.0,2024-11-01,,1.0,11509.42526525536,0.0,126603.67791780896,0.0,11509.425265255362,0.0
ST_Reg3-4cm,arima,0.95,1.5,10,True,-1,0.0,2024-11-01,,1.0,12051.37456148898,0.0,132565.12017637878,0.0,12051.37456148898,0.0
ST_Reg3-4cm,arima,0.95,1.6,10,True,-1,0.0,2024-11-01,,1.0,12593.323857722598,0.0,138526.56243494857,0.0,12593.323857722597,0.0
ST_Reg3-4cm,arima,0.95,1.6449,10,True,-1,0.0,2024-11-01,,1.0,12836.659091731492,0.0,141203.2500090464,0.0,12836.65909173149,0.0
ST_Reg3-4cm,arima,0.95,1.7,10,True,-1,0.0,2024-11-01,,1.0,13135.273153956212,0.0,144488.00469351833,0.0,13135.273153956212,0.0
ST_Reg3-4cm,arima,0.95,1.8,10,True,-1,0.0,2024-11-01,,1.0,13677.222450189827,0.0,150449.4469520881,0.0,13677.222450189829,0.0
ST_Reg3-4cm,arima,0.95,1.9,10,True,-1,0.0,2024-11-01,,1.0,14219.171746423444,0.0,156410.8892106579,0.0,14219.171746423444,0.0
ST_Reg3-4cm,arima,0.95,2.0,10,True,-1,0.0,2024-11-01,,1.0,14761.121042657061,0.0,162372.33146922768,0.0,14761.121042657061,0.0
ST_Reg3-4cm,arima,0.95,2.0537,10,True,-1,0.0,2024-11-01,,1.0,15052.147814734513,0.0,165573.62596207965,0.0,15052.147814734513,0.0
ST_Reg3-4cm,arima,0.95,2.1,10,True,-1,0.0,2024-11-01,,1.0,15303.070338890679,0.0,168333.77372779747,0.0,15303.070338890679,0.0
ST_Reg3-4cm,arima,0.95,2.2,10,True,-1,0.0,2024-11-01,,1.0,15845.0196351243,0.0,174295.2159863673,0.0,15845.019635124296,0.0
ST_Reg3-4cm,arima,0.95,2.3,10,True,-1,0.0,2024-11-01,,1.0,16386.968931357904,0.0,180256.65824493696,0.0,16386.968931357907,0.0
ST_Reg3-4cm,arima,0.95,2.4,10,True,-1,0.0,2024-11-01,,1.0,16928.918227591526,0.0,186218.10050350678,0.0,16928.918227591526,0.0
ST_Reg3-4cm,arima,0.95,2.5,10,True,-1,0.0,2024-11-01,,1.0,17470.86752382514,0.0,192179.54276207657,0.0,17470.86752382514,0.0
ST_Reg3-4cm,arima,0.95,2.6,10,True,-1,0.0,2024-11-01,,1.0,18012.816820058764,0.0,198140.9850206464,0.0,18012.81682005876,0.0
ST_Reg3-4cm,arima,0.95,2.7,10,True,-1,0.0,2024-11-01,,1.0,18554.76611629238,0.0,204102.42727921618,0.0,18554.766116292376,0.0
ST_Reg3-4cm,arima,0.95,2.8,10,True,-1,0.0,2024-11-01,,1.0,19096.715412525988,0.0,210063.86953778588,0.0,19096.71541252599,0.0
ST_Reg3-4cm,arima,0.95,2.9,10,True,-1,0.0,2024-11-01,,1.0,19638.664708759607,0.0,216025.31179635567,0.0,19638.664708759607,0.0
ST_Reg3-4cm,arima,0.95,3.0,10,True,-1,0.0,2024-11-01,,1.0,20180.614004993226,0.0,221986.7540549255,0.0,20180.614004993226,0.0
ST_Reg3-4cm,arima,0.95,3.5,10,True,-1,0.0,2024-11-01,,1.0,22890.36048616131,0.0,251793.96534777439,0.0,22890.360486161306,0.0
ST_Reg3-4cm,arima,0.95,4.0,10,True,-1,0.0,2024-11-01,,1.0,25600.106967329393,0.0,281601.1766406233,0.0,25600.10696732939,0.0
ST_Reg3-4cm,croston,0.95,0.0,10,True,-1,0.0,2024-11-01,,1.0,6506.849315068494,0.0,71575.34246575343,0.0,6506.8493150684935,0.0
ST_Reg3-4cm,croston,0.95,0.1,10,True,-1,0.0,2024-11-01,,1.0,7157.534246575344,0.0,78732.87671232878,0.0,7157.534246575343,0.0
ST_Reg3-4cm,croston,0.95,0.2,10,True,-1,0.0,2024-11-01,,1.0,7808.219178082191,0.0,85890.4109589041,0.0,7808.219178082192,0.0
ST_Reg3-4cm,croston,0.95,0.3,10,True,-1,0.0,2024-11-01,,1.0,8458.904109589042,0.0,93047.94520547947,0.0,8458.904109589042,0.0
ST_Reg3-4cm,croston,0.95,0.4,10,True,-1,0.0,2024-11-01,,1.0,9109.589041095893,0.0,100205.47945205482,0.0,9109.589041095891,0.0
ST_Reg3-4cm,croston,0.95,0.5,10,True,-1,0.0,2024-11-01,,1.0,9760.273972602738,0.0,107363.01369863012,0.0,9760.27397260274,0.0
ST_Reg3-4cm,croston,0.95,0.6,10,True,-1,0.0,2024-11-01,,1.0,10410.95890410959,0.0,114520.54794520549,0.0,10410.95890410959,0.0
ST_Reg3-4cm,croston,0.95,0.7,10,True,-1,0.0,2024-11-01,,1.0,11061.643835616442,0.0,121678.08219178085,0.0,11061.64383561644,0.0
ST_Reg3-4cm,croston,0.95,0.8,10,True,-1,0.0,2024-11-01,,1.0,11712.328767123287,0.0,128835.61643835616,0.0,11712.328767123288,0.0
ST_Reg3-4cm,croston,0.95,0.9,10,True,-1,0.0,2024-11-01,,1.0,12363.013698630135,0.0,135993.1506849315,0.0,12363.013698630137,0.0
ST_Reg3-4cm,croston,0.95,1.0,10,True,-1,0.0,2024-11-01,,1.0,13013.698630136989,0.0,143150.68493150687,0.0,13013.698630136987,0.0
ST_Reg3-4cm,croston,0.95,1.1,10,True,-1,0.0,2024-11-01,,1.0,13664.383561643835,0.0,150308.2191780822,0.0,13664.383561643837,0.0
ST_Reg3-4cm,croston,0.95,1.2,10,True,-1,0.0,2024-11-01,,1.0,14315.068493150688,0.0,157465.75342465757,0.0,14315.068493150686,0.0
ST_Reg3-4cm,croston,0.95,1.2816,10,True,-1,0.0,2024-11-01,,1.0,14846.027397260275,0.0,163306.30136986304,0.0,14846.027397260275,0.0
ST_Reg3-4cm,croston,0.95,1.3,10,True,-1,0.0,2024-11-01,,1.0,14965.753424657536,0.0,164623.2876712329,0.0,14965.753424657536,0.0
ST_Reg3-4cm,croston,0.95,1.4,10,True,-1,0.0,2024-11-01,,1.0,15616.438356164383,0.0,171780.8219178082,0.0,15616.438356164384,0.0
ST_Reg3-4cm,croston,0.95,1.5,10,True,-1,0.0,2024-11-01,,1.0,16267.123287671235,0.0,178938.3561643836,0.0,16267.123287671233,0.0
ST_Reg3-4cm,croston,0.95,1.6,10,True,-1,0.0,2024-11-01,,1.0,16917.808219178085,0.0,186095.89041095893,0.0,16917.808219178085,0.0
ST_Reg3-4cm,croston,0.95,1.6449,10,True,-1,0.0,2024-11-01,,1.0,17209.965753424654,0.0,189309.62328767122,0.0,17209.965753424658,0.0
ST_Reg3-4cm,croston,0.95,1.7,10,True,-1,0.0,2024-11-01,,1.0,17568.493150684928,0.0,193253.42465753423,0.0,17568.49315068493,0.0
ST_Reg3-4cm,croston,0.95,1.8,10,True,-1,0.0,2024-11-01,,1.0,18219.178082191786,0.0,200410.95890410963,0.0,18219.178082191782,0.0
ST_Reg3-4cm,croston,0.95,1.9,10,True,-1,0.0,2024-11-01,,1.0,18869.863013698632,0.0,207568.49315068495,0.0,18869.863013698632,0.0
ST_Reg3-4cm,croston,0.95,2.0,10,True,-1,0.0,2024-11-01,,1.0,19520.547945205475,0.0,214726.02739726024,0.0,19520.54794520548,0.0
ST_Reg3-4cm,croston,0.95,2.0537,10,True,-1,0.0,2024-11-01,,1.0,19869.965753424654,0.0,218569.62328767122,0.0,19869.965753424658,0.0
ST_Reg3-4cm,croston,0.95,2.1,10,True,-1,0.0,2024-11-01,,1.0,20171.232876712336,0.0,221883.56164383568,0.0,20171.232876712333,0.0
ST_Reg3-4cm,croston,0.95,2.2,10,True,-1,0.0,2024-11-01,,1.0,20821.91780821918,0.0,229041.09589041097,0.0,20821.91780821918,0.0
ST_Reg3-4cm,croston,0.95,2.3,10,True,-1,0.0,2024-11-01,,1.0,21472.602739726022,0.0,236198.63013698626,0.0,21472.602739726026,0.0
ST_Reg3-4cm,croston,0.95,2.4,10,True,-1,0.0,2024-11-01,,1.0,22123.287671232883,0.0,243356.1643835617,0.0,22123.28767123288,0.0
ST_Reg3-4cm,croston,0.95,2.5,10,True,-1,0.0,2024-11-01,,1.0,22773.972602739726,0.0,250513.698630137,0.0,22773.972602739726,0.0
ST_Reg3-4cm,croston,0.95,2.6,10,True,-1,0.0,2024-11-01,,1.0,23424.657534246577,0.0,257671.23287671234,0.0,23424.65753424658,0.0
ST_Reg3-4cm,croston,0.95,2.7,10,True,-1,0.0,2024-11-01,,1.0,24075.34246575343,0.0,264828.7671232877,0.0,24075.342465753427,0.0
ST_Reg3-4cm,croston,0.95,2.8,10,True,-1,0.0,2024-11-01,,1.0,24726.02739726027,0.0,271986.301369863,0.0,24726.027397260274,0.0
ST_Reg3-4cm,croston,0.95,2.9,10,True,-1,0.0,2024-11-01,,1.0,25376.712328767124,0.0,279143.83561643836,0.0,25376.712328767127,0.0
ST_Reg3-4cm,croston,0.95,3.0,10,True,-1,0.0,2024-11-01,,1.0,26027.397260273978,0.0,286301.36986301374,0.0,26027.397260273974,0.0
ST_Reg3-4cm,croston,0.95,3.5,10,True,-1,0.0,2024-11-01,,1.0,29280.821917808218,0.0,322089.0410958904,0.0,29280.82191780822,0.0
ST_Reg3-4cm,croston,0.95,4.0,10,True,-1,0.0,2024-11-01,,1.0,32534.246575342477,0.0,357876.71232876723,0.0,32534.24657534247,0.0
ST_Reg3-4cm,hybrid,0.95,0.0,10,True,-1,0.0,2024-11-01,,1.0,1964.4210711392489,0.0,21608.63178253174,0.0,3695.33016204834,0.0
ST_Reg3-4cm,hybrid,0.95,0.1,10,True,-1,0.0,2024-11-01,,1.0,2186.918548225189,0.0,24056.10403047708,0.0,3765.1003664070067,0.0
ST_Reg3-4cm,hybrid,0.95,0.2,10,True,-1,0.0,2024-11-01,,1.0,2518.5069344020376,0.0,27703.576278422413,0.0,3854.870570765674,0.0
ST_Reg3-4cm,hybrid,0.95,0.3,10,True,-1,0.0,2024-11-01,,1.0,2868.277138760705,0.0,31551.048526367755,0.0,3924.640775124341,0.0
ST_Reg3-4cm,hybrid,0.95,0.4,10,True,-1,0.0,2024-11-01,,1.0,3243.5018885739173,0.0,35678.52077431309,0.0,3994.4109794830083,0.0
ST_Reg3-4cm,hybrid,0.95,0.5,10,True,-1,0.0,2024-11-01,,1.0,3618.72663838713,0.0,39805.99302225843,0.0,4064.181183841675,0.0
ST_Reg3-4cm,hybrid,0.95,0.6,10,True,-1,0.0,2024-11-01,,1.0,4001.22411547307,0.0,44013.46527020377,0.0,4153.951388200342,0.0
ST_Reg3-4cm,hybrid,0.95,0.7,10,True,-1,0.0,2024-11-01,,1.0,4463.721592559008,0.0,49100.93751814909,0.0,4463.721592559009,0.0
ST_Reg3-4cm,hybrid,0.95,0.8,10,True,-1,0.0,2024-11-01,,1.0,5013.491796917676,0.0,55148.40976609444,0.0,5013.491796917677,0.0
ST_Reg3-4cm,hybrid,0.95,0.9,10,True,-1,0.0,2024-11-01,,1.0,5563.262001276344,0.0,61195.88201403978,0.0,5563.262001276344,0.0
ST_Reg3-4cm,hybrid,0.95,1.0,10,True,-1,0.0,2024-11-01,,1.0,6113.032205635011,0.0,67243.35426198512,0.0,6113.0322056350105,0.0
ST_Reg3-4cm,hybrid,0.95,1.1,10,True,-1,0.0,2024-11-01,,1.0,6662.802409993677,0.0,73290.82650993046,0.0,6662.802409993678,0.0
ST_Reg3-4cm,hybrid,0.95,1.2,10,True,-1,0.0,2024-11-01,,1.0,7212.572614352344,0.0,79338.29875787579,0.0,7212.572614352344,0.0
ST_Reg3-4cm,hybrid,0.95,1.2816,10,True,-1,0.0,2024-11-01,,1.0,7661.1851011090175,0.0,84273.03611219919,0.0,7661.1851011090175,0.0
ST_Reg3-4cm,hybrid,0.95,1.3,10,True,-1,0.0,2024-11-01,,1.0,7762.342818711012,0.0,85385.77100582114,0.0,7762.342818711012,0.0
ST_Reg3-4cm,hybrid,0.95,1.4,10,True,-1,0.0,2024-11-01,,1.0,8312.113023069676,0.0,91433.24325376644,0.0,8312.113023069678,0.0
ST_Reg3-4cm,hybrid,0.95,1.5,10,True,-1,0.0,2024-11-01,,1.0,8861.883227428347,0.0,97480.7155017118,0.0,8861.883227428345,0.0
ST_Reg3-4cm,hybrid,0.95,1.6,10,True,-1,0.0,2024-11-01,,1.0,9411.653431787012,0.0,103528.18774965714,0.0,9411.653431787014,0.0
ST_Reg3-4cm,hybrid,0.95,1.6449,10,True,-1,0.0,2024-11-01,,1.0,9658.500253544056,0.0,106243.50278898461,0.0,9658.500253544054,0.0
ST_Reg3-4cm,hybrid,0.95,1.7,10,True,-1,0.0,2024-11-01,,1.0,9961.423636145682,0.0,109575.6599976025,0.0,9961.42363614568,0.0
ST_Reg3-4cm,hybrid,0.95,1.8,10,True,-1,0.0,2024-11-01,,1.0,10511.193840504347,0.0,115623.13224554782,0.0,10511.193840504347,0.0
ST_Reg3-4cm,hybrid,0.95,1.9,10,True,-1,0.0,2024-11-01,,1.0,11060.964044863013,0.0,121670.60449349314,0.0,11060.964044863014,0.0
ST_Reg3-4cm,hybrid,0.95,2.0,10,True,-1,0.0,2024-11-01,,1.0,11610.734249221683,0.0,127718.0767414385,0.0,11610.734249221681,0.0
ST_Reg3-4cm,hybrid,0.95,2.0537,10,True,-1,0.0,2024-11-01,,1.0,11905.960848962288,0.0,130965.56933858516,0.0,11905.960848962286,0.0
ST_Reg3-4cm,hybrid,0.95,2.1,10,True,-1,0.0,2024-11-01,,1.0,12160.504453580348,0.0,133765.54898938382,0.0,12160.504453580348,0.0
ST_Reg3-4cm,hybrid,0.95,2.2,10,True,-1,0.0,2024-11-01,,1.0,12710.274657939019,0.0,139813.0212373292,0.0,12710.274657939017,0.0
ST_Reg3-4cm,hybrid,0.95,2.3,10,True,-1,0.0,2024-11-01,,1.0,13260.044862297682,0.0,145860.4934852745,0.0,13260.044862297682,0.0
ST_Reg3-4cm,hybrid,0.95,2.4,10,True,-1,0.0,2024-11-01,,1.0,13809.815066656349,0.0,151907.96573321984,0.0,13809.815066656349,0.0
ST_Reg3-4cm,hybrid,0.95,2.5,10,True,-1,0.0,2024-11-01,,1.0,14359.585271015017,0.0,157955.4379811652,0.0,14359.585271015017,0.0
ST_Reg3-4cm,hybrid,0.95,2.6,10,True,-1,0.0,2024-11-01,,1.0,14909.355475373684,0.0,164002.91022911054,0.0,14909.355475373684,0.0
ST_Reg3-4cm,hybrid,0.95,2.7,10,True,-1,0.0,2024-11-01,,1.0,15459.125679732353,0.0,170050.3824770559,0.0,15459.125679732351,0.0
ST_Reg3-4cm,hybrid,0.95,2.8,10,True,-1,0.0,2024-11-01,,1.0,16008.895884091013,0.0,176097.85472500115,0.0,16008.895884091016,0.0
ST_Reg3-4cm,hybrid,0.95,2.9,10,True,-1,0.0,2024-11-01,,1.0,16558.666088449685,0.0,182145.32697294652,0.0,16558.666088449685,0.0
ST_Reg3-4cm,hybrid,0.95,3.0,10,True,-1,0.0,2024-11-01,,1.0,17108.436292808354,0.0,188192.79922089187,0.0,17108.43629280835,0.0
ST_Reg3-4cm,hybrid,0.95,3.5,10,True,-1,0.0,2024-11-01,,1.0,19857.287314601683,0.0,218430.16046061853,0.0,19857.287314601686,0.0
ST_Reg3-4cm,hybrid,0.95,4.0,10,True,-1,0.0,2024-11-01,,1.0,22606.138336395026,0.0,248667.52170034527,0.0,22606.138336395023,0.0
ST_Reg3-4cm,mitra,0.95,0.0,10,True,-1,0.0,2024-11-01,,1.0,0.0,0.0,0.0,0.0,0.0,0.0
ST_Reg3-4cm,mitra,0.95,0.1,10,True,-1,0.0,2024-11-01,,1.0,208.3333333333334,0.0,2291.6666666666674,0.0,208.33333333333337,0.0
ST_Reg3-4cm,mitra,0.95,0.2,10,True,-1,0.0,2024-11-01,,1.0,416.6666666666668,0.0,4583.333333333335,0.0,416.66666666666674,0.0
ST_Reg3-4cm,mitra,0.95,0.3,10,True,-1,0.0,2024-11-01,,1.0,625.0,0.0,6875.0,0.0,625.0,0.0
ST_Reg3-4cm,mitra,0.95,0.4,10,True,-1,0.0,2024-11-01,,1.0,833.3333333333336,0.0,9166.66666666667,0.0,833.3333333333335,0.0
ST_Reg3-4cm,mitra,0.95,0.5,10,True,-1,0.0,2024-11-01,,1.0,1041.6666666666665,0.0,11458.333333333332,0.0,1041.6666666666667,0.0
ST_Reg3-4cm,mitra,0.95,0.6,10,True,-1,0.0,2024-11-01,,1.0,1250.0,0.0,13750.0,0.0,1250.0,0.0
ST_Reg3-4cm,mitra,0.95,0.7,10,True,-1,0.0,2024-11-01,,1.0,1458.3333333333335,0.0,16041.666666666668,0.0,1458.3333333333333,0.0
ST_Reg3-4cm,mitra,0.95,0.8,10,True,-1,0.0,2024-11-01,,1.0,1666.6666666666672,0.0,18333.33333333334,0.0,1666.666666666667,0.0
ST_Reg3-4cm,mitra,0.95,0.9,10,True,-1,0.0,2024-11-01,,1.0,1875.0000000000002,0.0,20625.000000000004,0.0,1875.0000000000002,0.0
ST_Reg3-4cm,mitra,0.95,1.0,10,True,-1,0.0,2024-11-01,,1.0,2083.333333333333,0.0,22916.666666666664,0.0,2083.3333333333335,0.0
ST_Reg3-4cm,mitra,0.95,1.1,10,True,-1,0.0,2024-11-01,,1.0,2291.6666666666674,0.0,25208.33333333334,0.0,2291.666666666667,0.0
ST_Reg3-4cm,mitra,0.95,1.2,10,True,-1,0.0,2024-11-01,,1.0,2500.0,0.0,27500.0,0.0,2500.0,0.0
ST_Reg3-4cm,mitra,0.95,1.2816,10,True,-1,0.0,2024-11-01,,1.0,2670.0000000000005,0.0,29370.000000000004,0.0,2670.0000000000005,0.0
ST_Reg3-4cm,mitra,0.95,1.3,10,True,-1,0.0,2024-11-01,,1.0,2708.333333333333,0.0,29791.666666666664,0.0,2708.3333333333335,0.0
ST_Reg3-4cm,mitra,0.95,1.4,10,True,-1,0.0,2024-11-01,,1.0,2916.666666666667,0.0,32083.333333333336,0.0,2916.6666666666665,0.0
ST_Reg3-4cm,mitra,0.95,1.5,10,True,-1,0.0,2024-11-01,,1.0,3125.0,0.0,34375.0,0.0,3125.0,0.0
ST_Reg3-4cm,mitra,0.95,1.6,10,True,-1,0.0,2024-11-01,,1.0,3333.3333333333344,0.0,36666.66666666668,0.0,3333.333333333334,0.0
ST_Reg3-4cm,mitra,0.95,1.6449,10,True,-1,0.0,2024-11-01,,1.0,3426.8750000000005,0.0,37695.62500000001,0.0,3426.8750000000005,0.0
ST_Reg3-4cm,mitra,0.95,1.7,10,True,-1,0.0,2024-11-01,,1.0,3541.666666666667,0.0,38958.333333333336,0.0,3541.666666666667,0.0
ST_Reg3-4cm,mitra,0.95,1.8,10,True,-1,0.0,2024-11-01,,1.0,3750.0000000000005,0.0,41250.00000000001,0.0,3750.0000000000005,0.0
ST_Reg3-4cm,mitra,0.95,1.9,10,True,-1,0.0,2024-11-01,,1.0,3958.333333333334,0.0,43541.66666666667,0.0,3958.3333333333335,0.0
ST_Reg3-4cm,mitra,0.95,2.0,10,True,-1,0.0,2024-11-01,,1.0,4166.666666666666,0.0,45833.33333333333,0.0,4166.666666666667,0.0
ST_Reg3-4cm,mitra,0.95,2.0537,10,True,-1,0.0,2024-11-01,,1.0,4278.541666666666,0.0,47063.95833333333,0.0,4278.541666666667,0.0
ST_Reg3-4cm,mitra,0.95,2.1,10,True,-1,0.0,2024-11-01,,1.0,4375.000000000001,0.0,48125.00000000001,0.0,4375.000000000001,0.0
ST_Reg3-4cm,mitra,0.95,2.2,10,True,-1,0.0,2024-11-01,,1.0,4583.333333333335,0.0,50416.66666666668,0.0,4583.333333333334,0.0
ST_Reg3-4cm,mitra,0.95,2.3,10,True,-1,0.0,2024-11-01,,1.0,4791.666666666666,0.0,52708.33333333333,0.0,4791.666666666667,0.0
ST_Reg3-4cm,mitra,0.95,2.4,10,True,-1,0.0,2024-11-01,,1.0,5000.0,0.0,55000.0,0.0,5000.0,0.0
ST_Reg3-4cm,mitra,0.95,2.5,10,True,-1,0.0,2024-11-01,,1.0,5208.333333333335,0.0,57291.66666666668,0.0,5208.333333333334,0.0
ST_Reg3-4cm,mitra,0.95,2.6,10,True,-1,0.0,2024-11-01,,1.0,5416.666666666666,0.0,59583.33333333333,0.0,5416.666666666667,0.0
ST_Reg3-4cm,mitra,0.95,2.7,10,True,-1,0.0,2024-11-01,,1.0,5625.000000000001,0.0,61875.00000000001,0.0,5625.000000000001,0.0
ST_Reg3-4cm,mitra,0.95,2.8,10,True,-1,0.0,2024-11-01,,1.0,5833.333333333334,0.0,64166.66666666667,0.0,5833.333333333333,0.0
ST_Reg3-4cm,mitra,0.95,2.9,10,True,-1,0.0,2024-11-01,,1.0,6041.666666666666,0.0,66458.33333333333,0.0,6041.666666666667,0.0
ST_Reg3-4cm,mitra,0.95,3.0,10,True,-1,0.0,2024-11-01,,1.0,6250.0,0.0,68750.0,0.0,6250.0,0.0
ST_Reg3-4cm,mitra,0.95,3.5,10,True,-1,0.0,2024-11-01,,1.0,7291.666666666668,0.0,80208.33333333334,0.0,7291.666666666667,0.0
ST_Reg3-4cm,mitra,0.95,4.0,10,True,-1,0.0,2024-11-01,,1.0,8333.333333333332,0.0,91666.66666666666,0.0,8333.333333333334,0.0
ST_Reg3-4cm,naive,0.95,0.0,10,True,-1,0.0,2024-11-01,,1.0,0.0,0.0,0.0,0.0,0.0,0.0
ST_Reg3-4cm,naive,0.95,0.1,10,True,-1,0.0,2024-11-01,,1.0,0.0,0.0,0.0,0.0,0.0,0.0
ST_Reg3-4cm,naive,0.95,0.2,10,True,-1,0.0,2024-11-01,,1.0,0.0,0.0,0.0,0.0,0.0,0.0
ST_Reg3-4cm,naive,0.95,0.3,10,True,-1,0.0,2024-11-01,,1.0,0.0,0.0,0.0,0.0,0.0,0.0
ST_Reg3-4cm,naive,0.95,0.4,10,True,-1,0.0,2024-11-01,,1.0,0.0,0.0,0.0,0.0,0.0,0.0
ST_Reg3-4cm,naive,0.95,0.5,10,True,-1,0.0,2024-11-01,,1.0,0.0,0.0,0.0,0.0,0.0,0.0
ST_Reg3-4cm,naive,0.95,0.6,10,True,-1,0.0,2024-11-01,,1.0,0.0,0.0,0.0,0.0,0.0,0.0
ST_Reg3-4cm,naive,0.95,0.7,10,True,-1,0.0,2024-11-01,,1.0,0.0,0.0,0.0,0.0,0.0,0.0
ST_Reg3-4cm,naive,0.95,0.8,10,True,-1,0.0,2024-11-01,,1.0,0.0,0.0,0.0,0.0,0.0,0.0
ST_Reg3-4cm,naive,0.95,0.9,10,True,-1,0.0,2024-11-01,,1.0,0.0,0.0,0.0,0.0,0.0,0.0
ST_Reg3-4cm,naive,0.95,1.0,10,True,-1,0.0,2024-11-01,,1.0,0.0,0.0,0.0,0.0,0.0,0.0
ST_Reg3-4cm,naive,0.95,1.1,10,True,-1,0.0,2024-11-01,,1.0,0.0,0.0,0.0,0.0,0.0,0.0
ST_Reg3-4cm,naive,0.95,1.2,10,True,-1,0.0,2024-11-01,,1.0,0.0,0.0,0.0,0.0,0.0,0.0
ST_Reg3-4cm,naive,0.95,1.2816,10,True,-1,0.0,2024-11-01,,1.0,0.0,0.0,0.0,0.0,0.0,0.0
ST_Reg3-4cm,naive,0.95,1.3,10,True,-1,0.0,2024-11-01,,1.0,0.0,0.0,0.0,0.0,0.0,0.0
ST_Reg3-4cm,naive,0.95,1.4,10,True,-1,0.0,2024-11-01,,1.0,0.0,0.0,0.0,0.0,0.0,0.0
ST_Reg3-4cm,naive,0.95,1.5,10,True,-1,0.0,2024-11-01,,1.0,0.0,0.0,0.0,0.0,0.0,0.0
ST_Reg3-4cm,naive,0.95,1.6,10,True,-1,0.0,2024-11-01,,1.0,0.0,0.0,0.0,0.0,0.0,0.0
ST_Reg3-4cm,naive,0.95,1.6449,10,True,-1,0.0,2024-11-01,,1.0,0.0,0.0,0.0,0.0,0.0,0.0
ST_Reg3-4cm,naive,0.95,1.7,10,True,-1,0.0,2024-11-01,,1.0,0.0,0.0,0.0,0.0,0.0,0.0
ST_Reg3-4cm,naive,0.95,1.8,10,True,-1,0.0,2024-11-01,,1.0,0.0,0.0,0.0,0.0,0.0,0.0
ST_Reg3-4cm,naive,0.95,1.9,10,True,-1,0.0,2024-11-01,,1.0,0.0,0.0,0.0,0.0,0.0,0.0
ST_Reg3-4cm,naive,0.95,2.0,10,True,-1,0.0,2024-11-01,,1.0,0.0,0.0,0.0,0.0,0.0,0.0
ST_Reg3-4cm,naive,0.95,2.0537,10,True,-1,0.0,2024-11-01,,1.0,0.0,0.0,0.0,0.0,0.0,0.0
ST_Reg3-4cm,naive,0.95,2.1,10,True,-1,0.0,2024-11-01,,1.0,0.0,0.0,0.0,0.0,0.0,0.0
ST_Reg3-4cm,naive,0.95,2.2,10,True,-1,0.0,2024-11-01,,1.0,0.0,0.0,0.0,0.0,0.0,0.0
ST_Reg3-4cm,naive,0.95,2.3,10,True,-1,0.0,2024-11-01,,1.0,0.0,0.0,0.0,0.0,0.0,0.0
ST_Reg3-4cm,naive,0.95,2.4,10,True,-1,0.0,2024-11-01,,1.0,0.0,0.0,0.0,0.0,0.0,0.0
ST_Reg3-4cm,naive,0.95,2.5,10,True,-1,0.0,2024-11-01,,1.0,0.0,0.0,0.0,0.0,0.0,0.0
ST_Reg3-4cm,naive,0.95,2.6,10,True,-1,0.0,2024-11-01,,1.0,0.0,0.0,0.0,0.0,0.0,0.0
ST_Reg3-4cm,naive,0.95,2.7,10,True,-1,0.0,2024-11-01,,1.0,0.0,0.0,0.0,0.0,0.0,0.0
ST_Reg3-4cm,naive,0.95,2.8,10,True,-1,0.0,2024-11-01,,1.0,0.0,0.0,0.0,0.0,0.0,0.0
ST_Reg3-4cm,naive,0.95,2.9,10,True,-1,0.0,2024-11-01,,1.0,0.0,0.0,0.0,0.0,0.0,0.0
ST_Reg3-4cm,naive,0.95,3.0,10,True,-1,0.0,2024-11-01,,1.0,0.0,0.0,0.0,0.0,0.0,0.0
ST_Reg3-4cm,naive,0.95,3.5,10,True,-1,0.0,2024-11-01,,1.0,0.0,0.0,0.0,0.0,0.0,0.0
ST_Reg3-4cm,naive,0.95,4.0,10,True,-1,0.0,2024-11-01,,1.0,0.0,0.0,0.0,0.0,0.0,0.0
ST_Reg3-4cm,rf,0.95,0.0,10,True,-1,0.0,2024-11-01,,1.0,2983.7600000000007,0.0,32821.36000000001,0.0,2983.76,0.0
ST_Reg3-4cm,rf,0.95,0.1,10,True,-1,0.0,2024-11-01,,1.0,3460.348966378787,0.0,38063.838630166654,0.0,3460.348966378787,0.0
ST_Reg3-4cm,rf,0.95,0.2,10,True,-1,0.0,2024-11-01,,1.0,3936.937932757573,0.0,43306.3172603333,0.0,3936.937932757573,0.0
ST_Reg3-4cm,rf,0.95,0.3,10,True,-1,0.0,2024-11-01,,1.0,4413.526899136358,0.0,48548.79589049994,0.0,4413.526899136359,0.0
ST_Reg3-4cm,rf,0.95,0.4,10,True,-1,0.0,2024-11-01,,1.0,4890.115865515146,0.0,53791.2745206666,0.0,4890.115865515146,0.0
ST_Reg3-4cm,rf,0.95,0.5,10,True,-1,0.0,2024-11-01,,1.0,5366.704831893933,0.0,59033.75315083326,0.0,5366.704831893932,0.0
ST_Reg3-4cm,rf,0.95,0.6,10,True,-1,0.0,2024-11-01,,1.0,5843.293798272717,0.0,64276.23178099989,0.0,5843.293798272718,0.0
ST_Reg3-4cm,rf,0.95,0.7,10,True,-1,0.0,2024-11-01,,1.0,6319.882764651504,0.0,69518.71041116654,0.0,6319.882764651504,0.0
ST_Reg3-4cm,rf,0.95,0.8,10,True,-1,0.0,2024-11-01,,1.0,6796.471731030292,0.0,74761.18904133321,0.0,6796.471731030291,0.0
ST_Reg3-4cm,rf,0.95,0.9,10,True,-1,0.0,2024-11-01,,1.0,7273.060697409077,0.0,80003.66767149985,0.0,7273.060697409077,0.0
ST_Reg3-4cm,rf,0.95,1.0,10,True,-1,0.0,2024-11-01,,1.0,7749.649663787863,0.0,85246.1463016665,0.0,7749.649663787864,0.0
ST_Reg3-4cm,rf,0.95,1.1,10,True,-1,0.0,2024-11-01,,1.0,8226.238630166652,0.0,90488.62493183317,0.0,8226.23863016665,0.0
ST_Reg3-4cm,rf,0.95,1.2,10,True,-1,0.0,2024-11-01,,1.0,8702.827596545436,0.0,95731.1035619998,0.0,8702.827596545436,0.0
ST_Reg3-4cm,rf,0.95,1.2816,10,True,-1,0.0,2024-11-01,,1.0,9091.724193110525,0.0,100008.96612421579,0.0,9091.724193110527,0.0
ST_Reg3-4cm,rf,0.95,1.3,10,True,-1,0.0,2024-11-01,,1.0,9179.416562924222,0.0,100973.58219216645,0.0,9179.416562924223,0.0
ST_Reg3-4cm,rf,0.95,1.4,10,True,-1,0.0,2024-11-01,,1.0,9656.005529303011,0.0,106216.06082233312,0.0,9656.00552930301,0.0
ST_Reg3-4cm,rf,0.95,1.5,10,True,-1,0.0,2024-11-01,,1.0,10132.594495681797,0.0,111458.53945249975,0.0,10132.594495681795,0.0
ST_Reg3-4cm,rf,0.95,1.6,10,True,-1,0.0,2024-11-01,,1.0,10609.183462060582,0.0,116701.0180826664,0.0,10609.183462060582,0.0
ST_Reg3-4cm,rf,0.95,1.6449,10,True,-1,0.0,2024-11-01,,1.0,10823.171907964657,0.0,119054.89098761123,0.0,10823.171907964657,0.0
ST_Reg3-4cm,rf,0.95,1.7,10,True,-1,0.0,2024-11-01,,1.0,11085.772428439366,0.0,121943.49671283303,0.0,11085.772428439368,0.0
ST_Reg3-4cm,rf,0.95,1.8,10,True,-1,0.0,2024-11-01,,1.0,11562.361394818156,0.0,127185.9753429997,0.0,11562.361394818154,0.0
ST_Reg3-4cm,rf,0.95,1.9,10,True,-1,0.0,2024-11-01,,1.0,12038.95036119694,0.0,132428.45397316632,0.0,12038.95036119694,0.0
ST_Reg3-4cm,rf,0.95,2.0,10,True,-1,0.0,2024-11-01,,1.0,12515.539327575727,0.0,137670.932603333,0.0,12515.539327575727,0.0
ST_Reg3-4cm,rf,0.95,2.0537,10,True,-1,0.0,2024-11-01,,1.0,12771.467602521136,0.0,140486.1436277325,0.0,12771.467602521136,0.0
ST_Reg3-4cm,rf,0.95,2.1,10,True,-1,0.0,2024-11-01,,1.0,12992.128293954516,0.0,142913.41123349968,0.0,12992.128293954514,0.0
ST_Reg3-4cm,rf,0.95,2.2,10,True,-1,0.0,2024-11-01,,1.0,13468.7172603333,0.0,148155.8898636663,0.0,13468.7172603333,0.0
ST_Reg3-4cm,rf,0.95,2.3,10,True,-1,0.0,2024-11-01,,1.0,13945.306226712088,0.0,153398.36849383297,0.0,13945.306226712086,0.0
ST_Reg3-4cm,rf,0.95,2.4,10,True,-1,0.0,2024-11-01,,1.0,14421.895193090872,0.0,158640.84712399959,0.0,14421.895193090872,0.0
ST_Reg3-4cm,rf,0.95,2.5,10,True,-1,0.0,2024-11-01,,1.0,14898.48415946966,0.0,163883.32575416626,0.0,14898.484159469659,0.0
ST_Reg3-4cm,rf,0.95,2.6,10,True,-1,0.0,2024-11-01,,1.0,15375.073125848441,0.0,169125.80438433285,0.0,15375.073125848445,0.0
ST_Reg3-4cm,rf,0.95,2.7,10,True,-1,0.0,2024-11-01,,1.0,15851.662092227232,0.0,174368.28301449955,0.0,15851.662092227232,0.0
ST_Reg3-4cm,rf,0.95,2.8,10,True,-1,0.0,2024-11-01,,1.0,16328.251058606018,0.0,179610.7616446662,0.0,16328.251058606016,0.0
ST_Reg3-4cm,rf,0.95,2.9,10,True,-1,0.0,2024-11-01,,1.0,16804.840024984802,0.0,184853.24027483282,0.0,16804.840024984805,0.0
ST_Reg3-4cm,rf,0.95,3.0,10,True,-1,0.0,2024-11-01,,1.0,17281.428991363588,0.0,190095.71890499946,0.0,17281.428991363588,0.0
ST_Reg3-4cm,rf,0.95,3.5,10,True,-1,0.0,2024-11-01,,1.0,19664.373823257516,0.0,216308.1120558327,0.0,19664.37382325752,0.0
ST_Reg3-4cm,rf,0.95,4.0,10,True,-1,0.0,2024-11-01,,1.0,22047.318655151455,0.0,242520.505206666,0.0,22047.318655151452,0.0
ST_Reg3-4cm,sba,0.95,0.0,10,True,-1,0.0,2024-11-01,,1.0,6181.5068493150675,0.0,67996.57534246575,0.0,6181.506849315068,0.0
ST_Reg3-4cm,sba,0.95,0.1,10,True,-1,0.0,2024-11-01,,1.0,6799.657534246575,0.0,74796.23287671233,0.0,6799.657534246575,0.0
ST_Reg3-4cm,sba,0.95,0.2,10,True,-1,0.0,2024-11-01,,1.0,7417.808219178082,0.0,81595.8904109589,0.0,7417.808219178082,0.0
ST_Reg3-4cm,sba,0.95,0.3,10,True,-1,0.0,2024-11-01,,1.0,8035.958904109589,0.0,88395.54794520547,0.0,8035.958904109589,0.0
ST_Reg3-4cm,sba,0.95,0.4,10,True,-1,0.0,2024-11-01,,1.0,8654.109589041096,0.0,95195.20547945205,0.0,8654.109589041096,0.0
ST_Reg3-4cm,sba,0.95,0.5,10,True,-1,0.0,2024-11-01,,1.0,9272.2602739726,0.0,101994.86301369862,0.0,9272.260273972603,0.0
ST_Reg3-4cm,sba,0.95,0.6,10,True,-1,0.0,2024-11-01,,1.0,9890.410958904107,0.0,108794.52054794518,0.0,9890.410958904109,0.0
ST_Reg3-4cm,sba,0.95,0.7,10,True,-1,0.0,2024-11-01,,1.0,10508.561643835617,0.0,115594.1780821918,0.0,10508.561643835616,0.0
ST_Reg3-4cm,sba,0.95,0.8,10,True,-1,0.0,2024-11-01,,1.0,11126.712328767126,0.0,122393.83561643837,0.0,11126.712328767124,0.0
ST_Reg3-4cm,sba,0.95,0.9,10,True,-1,0.0,2024-11-01,,1.0,11744.86301369863,0.0,129193.49315068494,0.0,11744.86301369863,0.0
ST_Reg3-4cm,sba,0.95,1.0,10,True,-1,0.0,2024-11-01,,1.0,12363.013698630135,0.0,135993.1506849315,0.0,12363.013698630137,0.0
ST_Reg3-4cm,sba,0.95,1.1,10,True,-1,0.0,2024-11-01,,1.0,12981.164383561643,0.0,142792.80821917808,0.0,12981.164383561645,0.0
ST_Reg3-4cm,sba,0.95,1.2,10,True,-1,0.0,2024-11-01,,1.0,13599.31506849315,0.0,149592.46575342465,0.0,13599.31506849315,0.0
ST_Reg3-4cm,sba,0.95,1.2816,10,True,-1,0.0,2024-11-01,,1.0,14103.726027397262,0.0,155140.98630136988,0.0,14103.72602739726,0.0
ST_Reg3-4cm,sba,0.95,1.3,10,True,-1,0.0,2024-11-01,,1.0,14217.465753424656,0.0,156392.12328767122,0.0,14217.465753424658,0.0
ST_Reg3-4cm,sba,0.95,1.4,10,True,-1,0.0,2024-11-01,,1.0,14835.616438356165,0.0,163191.7808219178,0.0,14835.616438356163,0.0
ST_Reg3-4cm,sba,0.95,1.5,10,True,-1,0.0,2024-11-01,,1.0,15453.767123287667,0.0,169991.43835616435,0.0,15453.767123287671,0.0
ST_Reg3-4cm,sba,0.95,1.6,10,True,-1,0.0,2024-11-01,,1.0,16071.91780821918,0.0,176791.09589041097,0.0,16071.91780821918,0.0
ST_Reg3-4cm,sba,0.95,1.6449,10,True,-1,0.0,2024-11-01,,1.0,16349.467465753427,0.0,179844.1421232877,0.0,16349.467465753425,0.0
ST_Reg3-4cm,sba,0.95,1.7,10,True,-1,0.0,2024-11-01,,1.0,16690.068493150688,0.0,183590.75342465757,0.0,16690.068493150684,0.0
ST_Reg3-4cm,sba,0.95,1.8,10,True,-1,0.0,2024-11-01,,1.0,17308.219178082192,0.0,190390.4109589041,0.0,17308.219178082192,0.0
ST_Reg3-4cm,sba,0.95,1.9,10,True,-1,0.0,2024-11-01,,1.0,17926.3698630137,0.0,197190.0684931507,0.0,17926.369863013697,0.0
ST_Reg3-4cm,sba,0.95,2.0,10,True,-1,0.0,2024-11-01,,1.0,18544.5205479452,0.0,203989.72602739724,0.0,18544.520547945205,0.0
ST_Reg3-4cm,sba,0.95,2.0537,10,True,-1,0.0,2024-11-01,,1.0,18876.46746575343,0.0,207641.14212328772,0.0,18876.467465753427,0.0
ST_Reg3-4cm,sba,0.95,2.1,10,True,-1,0.0,2024-11-01,,1.0,19162.671232876713,0.0,210789.38356164386,0.0,19162.671232876713,0.0
ST_Reg3-4cm,sba,0.95,2.2,10,True,-1,0.0,2024-11-01,,1.0,19780.821917808218,0.0,217589.0410958904,0.0,19780.82191780822,0.0
ST_Reg3-4cm,sba,0.95,2.3,10,True,-1,0.0,2024-11-01,,1.0,20398.972602739726,0.0,224388.698630137,0.0,20398.972602739726,0.0
ST_Reg3-4cm,sba,0.95,2.4,10,True,-1,0.0,2024-11-01,,1.0,21017.123287671235,0.0,231188.3561643836,0.0,21017.12328767123,0.0
ST_Reg3-4cm,sba,0.95,2.5,10,True,-1,0.0,2024-11-01,,1.0,21635.27397260274,0.0,237988.01369863012,0.0,21635.27397260274,0.0
ST_Reg3-4cm,sba,0.95,2.6,10,True,-1,0.0,2024-11-01,,1.0,22253.42465753425,0.0,244787.67123287675,0.0,22253.424657534248,0.0
ST_Reg3-4cm,sba,0.95,2.7,10,True,-1,0.0,2024-11-01,,1.0,22871.575342465752,0.0,251587.32876712328,0.0,22871.575342465756,0.0
ST_Reg3-4cm,sba,0.95,2.8,10,True,-1,0.0,2024-11-01,,1.0,23489.72602739726,0.0,258386.98630136985,0.0,23489.726027397257,0.0
ST_Reg3-4cm,sba,0.95,2.9,10,True,-1,0.0,2024-11-01,,1.0,24107.876712328765,0.0,265186.6438356164,0.0,24107.876712328765,0.0
ST_Reg3-4cm,sba,0.95,3.0,10,True,-1,0.0,2024-11-01,,1.0,24726.02739726027,0.0,271986.301369863,0.0,24726.027397260274,0.0
ST_Reg3-4cm,sba,0.95,3.5,10,True,-1,0.0,2024-11-01,,1.0,27816.780821917808,0.0,305984.58904109587,0.0,27816.780821917808,0.0
ST_Reg3-4cm,sba,0.95,4.0,10,True,-1,0.0,2024-11-01,,1.0,30907.534246575335,0.0,339982.8767123287,0.0,30907.534246575342,0.0
ST_Reg3-4cm,ses,0.95,0.0,10,True,-1,0.0,2024-11-01,,1.0,1962.4740223288186,0.0,21587.214245617004,0.0,1962.474022328819,0.0
ST_Reg3-4cm,ses,0.95,0.1,10,True,-1,0.0,2024-11-01,,1.0,2270.167465953849,0.0,24971.842125492338,0.0,2270.1674659538494,0.0
ST_Reg3-4cm,ses,0.95,0.2,10,True,-1,0.0,2024-11-01,,1.0,2577.860909578879,0.0,28356.470005367668,0.0,2577.8609095788793,0.0
ST_Reg3-4cm,ses,0.95,0.3,10,True,-1,0.0,2024-11-01,,1.0,2885.5543532039087,0.0,31741.097885242998,0.0,2885.554353203909,0.0
ST_Reg3-4cm,ses,0.95,0.4,10,True,-1,0.0,2024-11-01,,1.0,3193.247796828939,0.0,35125.72576511833,0.0,3193.2477968289395,0.0
ST_Reg3-4cm,ses,0.95,0.5,10,True,-1,0.0,2024-11-01,,1.0,3500.9412404539694,0.0,38510.353644993666,0.0,3500.94124045397,0.0
ST_Reg3-4cm,ses,0.95,0.6,10,True,-1,0.0,2024-11-01,,1.0,3808.6346840789997,0.0,41894.981524869,0.0,3808.6346840789997,0.0
ST_Reg3-4cm,ses,0.95,0.7,10,True,-1,0.0,2024-11-01,,1.0,4116.32812770403,0.0,45279.609404744326,0.0,4116.32812770403,0.0
ST_Reg3-4cm,ses,0.95,0.8,10,True,-1,0.0,2024-11-01,,1.0,4424.02157132906,0.0,48664.23728461966,0.0,4424.02157132906,0.0
ST_Reg3-4cm,ses,0.95,0.9,10,True,-1,0.0,2024-11-01,,1.0,4731.71501495409,0.0,52048.86516449499,0.0,4731.71501495409,0.0
ST_Reg3-4cm,ses,0.95,1.0,10,True,-1,0.0,2024-11-01,,1.0,5039.408458579121,0.0,55433.49304437033,0.0,5039.408458579121,0.0
ST_Reg3-4cm,ses,0.95,1.1,10,True,-1,0.0,2024-11-01,,1.0,5347.101902204151,0.0,58818.12092424566,0.0,5347.101902204151,0.0
ST_Reg3-4cm,ses,0.95,1.2,10,True,-1,0.0,2024-11-01,,1.0,5654.79534582918,0.0,62202.74880412099,0.0,5654.79534582918,0.0
ST_Reg3-4cm,ses,0.95,1.2816,10,True,-1,0.0,2024-11-01,,1.0,5905.873195827205,0.0,64964.605154099256,0.0,5905.873195827206,0.0
ST_Reg3-4cm,ses,0.95,1.3,10,True,-1,0.0,2024-11-01,,1.0,5962.488789454211,0.0,65587.37668399632,0.0,5962.488789454211,0.0
ST_Reg3-4cm,ses,0.95,1.4,10,True,-1,0.0,2024-11-01,,1.0,6270.18223307924,0.0,68972.00456387164,0.0,6270.18223307924,0.0
ST_Reg3-4cm,ses,0.95,1.5,10,True,-1,0.0,2024-11-01,,1.0,6577.8756767042705,0.0,72356.63244374697,0.0,6577.8756767042705,0.0
ST_Reg3-4cm,ses,0.95,1.6,10,True,-1,0.0,2024-11-01,,1.0,6885.569120329301,0.0,75741.26032362231,0.0,6885.569120329301,0.0
ST_Reg3-4cm,ses,0.95,1.6449,10,True,-1,0.0,2024-11-01,,1.0,7023.7234765169405,0.0,77260.95824168634,0.0,7023.72347651694,0.0
ST_Reg3-4cm,ses,0.95,1.7,10,True,-1,0.0,2024-11-01,,1.0,7193.262563954331,0.0,79125.88820349764,0.0,7193.262563954331,0.0
ST_Reg3-4cm,ses,0.95,1.8,10,True,-1,0.0,2024-11-01,,1.0,7500.95600757936,0.0,82510.51608337296,0.0,7500.9560075793615,0.0
ST_Reg3-4cm,ses,0.95,1.9,10,True,-1,0.0,2024-11-01,,1.0,7808.64945120439,0.0,85895.1439632483,0.0,7808.649451204391,0.0
ST_Reg3-4cm,ses,0.95,2.0,10,True,-1,0.0,2024-11-01,,1.0,8116.34289482942,0.0,89279.77184312363,0.0,8116.342894829421,0.0
ST_Reg3-4cm,ses,0.95,2.0537,10,True,-1,0.0,2024-11-01,,1.0,8281.574274056065,0.0,91097.31701461671,0.0,8281.574274056064,0.0
ST_Reg3-4cm,ses,0.95,2.1,10,True,-1,0.0,2024-11-01,,1.0,8424.036338454449,0.0,92664.39972299895,0.0,8424.03633845445,0.0
ST_Reg3-4cm,ses,0.95,2.2,10,True,-1,0.0,2024-11-01,,1.0,8731.72978207948,0.0,96049.02760287428,0.0,8731.729782079481,0.0
ST_Reg3-4cm,ses,0.95,2.3,10,True,-1,0.0,2024-11-01,,1.0,9039.42322570451,0.0,99433.65548274961,0.0,9039.423225704511,0.0
ST_Reg3-4cm,ses,0.95,2.4,10,True,-1,0.0,2024-11-01,,1.0,9347.11666932954,0.0,102818.28336262495,0.0,9347.116669329542,0.0
ST_Reg3-4cm,ses,0.95,2.5,10,True,-1,0.0,2024-11-01,,1.0,9654.81011295457,0.0,106202.91124250028,0.0,9654.810112954572,0.0
ST_Reg3-4cm,ses,0.95,2.6,10,True,-1,0.0,2024-11-01,,1.0,9962.5035565796,0.0,109587.53912237562,0.0,9962.503556579602,0.0
ST_Reg3-4cm,ses,0.95,2.7,10,True,-1,0.0,2024-11-01,,1.0,10270.197000204631,0.0,112972.16700225095,0.0,10270.197000204633,0.0
ST_Reg3-4cm,ses,0.95,2.8,10,True,-1,0.0,2024-11-01,,1.0,10577.890443829661,0.0,116356.79488212627,0.0,10577.890443829661,0.0
ST_Reg3-4cm,ses,0.95,2.9,10,True,-1,0.0,2024-11-01,,1.0,10885.583887454692,0.0,119741.4227620016,0.0,10885.583887454692,0.0
ST_Reg3-4cm,ses,0.95,3.0,10,True,-1,0.0,2024-11-01,,1.0,11193.277331079722,0.0,123126.05064187694,0.0,11193.277331079722,0.0
ST_Reg3-4cm,ses,0.95,3.5,10,True,-1,0.0,2024-11-01,,1.0,12731.744549204874,0.0,140049.1900412536,0.0,12731.744549204874,0.0
ST_Reg3-4cm,ses,0.95,4.0,10,True,-1,0.0,2024-11-01,,1.0,14270.211767330025,0.0,156972.32944063027,0.0,14270.211767330024,0.0
ST_Reg3-4cm,tsb,0.95,0.0,10,True,-1,0.0,2024-11-01,,1.0,1467.7338008878726,0.0,16145.0718097666,0.0,1467.7338008878728,0.0
ST_Reg3-4cm,tsb,0.95,0.1,10,True,-1,0.0,2024-11-01,,1.0,1848.1979227555698,0.0,20330.17715031127,0.0,1848.1979227555696,0.0
ST_Reg3-4cm,tsb,0.95,0.2,10,True,-1,0.0,2024-11-01,,1.0,2228.6620446232664,0.0,24515.28249085593,0.0,2228.6620446232664,0.0
ST_Reg3-4cm,tsb,0.95,0.3,10,True,-1,0.0,2024-11-01,,1.0,2609.1261664909625,0.0,28700.38783140059,0.0,2609.126166490963,0.0
ST_Reg3-4cm,tsb,0.95,0.4,10,True,-1,0.0,2024-11-01,,1.0,2989.59028835866,0.0,32885.49317194526,0.0,2989.5902883586596,0.0
ST_Reg3-4cm,tsb,0.95,0.5,10,True,-1,0.0,2024-11-01,,1.0,3370.0544102263566,0.0,37070.59851248992,0.0,3370.0544102263566,0.0
ST_Reg3-4cm,tsb,0.95,0.6,10,True,-1,0.0,2024-11-01,,1.0,3750.5185320940527,0.0,41255.70385303458,0.0,3750.518532094053,0.0
ST_Reg3-4cm,tsb,0.95,0.7,10,True,-1,0.0,2024-11-01,,1.0,4130.98265396175,0.0,45440.80919357925,0.0,4130.98265396175,0.0
ST_Reg3-4cm,tsb,0.95,0.8,10,True,-1,0.0,2024-11-01,,1.0,4511.446775829448,0.0,49625.91453412392,0.0,4511.446775829447,0.0
ST_Reg3-4cm,tsb,0.95,0.9,10,True,-1,0.0,2024-11-01,,1.0,4891.910897697145,0.0,53811.01987466859,0.0,4891.910897697144,0.0
ST_Reg3-4cm,tsb,0.95,1.0,10,True,-1,0.0,2024-11-01,,1.0,5272.37501956484,0.0,57996.12521521324,0.0,5272.37501956484,0.0
ST_Reg3-4cm,tsb,0.95,1.1,10,True,-1,0.0,2024-11-01,,1.0,5652.839141432538,0.0,62181.23055575792,0.0,5652.839141432538,0.0
ST_Reg3-4cm,tsb,0.95,1.2,10,True,-1,0.0,2024-11-01,,1.0,6033.303263300232,0.0,66366.33589630255,0.0,6033.303263300233,0.0
ST_Reg3-4cm,tsb,0.95,1.2816,10,True,-1,0.0,2024-11-01,,1.0,6343.761986744273,0.0,69781.381854187,0.0,6343.761986744274,0.0
ST_Reg3-4cm,tsb,0.95,1.3,10,True,-1,0.0,2024-11-01,,1.0,6413.767385167929,0.0,70551.44123684723,0.0,6413.76738516793,0.0
ST_Reg3-4cm,tsb,0.95,1.4,10,True,-1,0.0,2024-11-01,,1.0,6794.231507035627,0.0,74736.5465773919,0.0,6794.231507035627,0.0
ST_Reg3-4cm,tsb,0.95,1.5,10,True,-1,0.0,2024-11-01,,1.0,7174.695628903325,0.0,78921.65191793657,0.0,7174.695628903324,0.0
ST_Reg3-4cm,tsb,0.95,1.6,10,True,-1,0.0,2024-11-01,,1.0,7555.159750771022,0.0,83106.75725848124,0.0,7555.159750771021,0.0
ST_Reg3-4cm,tsb,0.95,1.6449,10,True,-1,0.0,2024-11-01,,1.0,7725.988141489617,0.0,84985.86955638579,0.0,7725.988141489615,0.0
ST_Reg3-4cm,tsb,0.95,1.7,10,True,-1,0.0,2024-11-01,,1.0,7935.623872638715,0.0,87291.86259902586,0.0,7935.623872638716,0.0
ST_Reg3-4cm,tsb,0.95,1.8,10,True,-1,0.0,2024-11-01,,1.0,8316.087994506412,0.0,91476.96793957053,0.0,8316.087994506413,0.0
ST_Reg3-4cm,tsb,0.95,1.9,10,True,-1,0.0,2024-11-01,,1.0,8696.552116374109,0.0,95662.0732801152,0.0,8696.55211637411,0.0
ST_Reg3-4cm,tsb,0.95,2.0,10,True,-1,0.0,2024-11-01,,1.0,9077.016238241808,0.0,99847.17862065988,0.0,9077.016238241808,0.0
ST_Reg3-4cm,tsb,0.95,2.0537,10,True,-1,0.0,2024-11-01,,1.0,9281.32547168476,0.0,102094.58018853236,0.0,9281.32547168476,0.0
ST_Reg3-4cm,tsb,0.95,2.1,10,True,-1,0.0,2024-11-01,,1.0,9457.480360109505,0.0,104032.28396120455,0.0,9457.480360109505,0.0
ST_Reg3-4cm,tsb,0.95,2.2,10,True,-1,0.0,2024-11-01,,1.0,9837.944481977202,0.0,108217.38930174922,0.0,9837.944481977202,0.0
ST_Reg3-4cm,tsb,0.95,2.3,10,True,-1,0.0,2024-11-01,,1.0,10218.408603844899,0.0,112402.49464229388,0.0,10218.408603844897,0.0
ST_Reg3-4cm,tsb,0.95,2.4,10,True,-1,0.0,2024-11-01,,1.0,10598.872725712596,0.0,116587.59998283855,0.0,10598.872725712594,0.0
ST_Reg3-4cm,tsb,0.95,2.5,10,True,-1,0.0,2024-11-01,,1.0,10979.336847580289,0.0,120772.70532338318,0.0,10979.33684758029,0.0
ST_Reg3-4cm,tsb,0.95,2.6,10,True,-1,0.0,2024-11-01,,1.0,11359.800969447986,0.0,124957.81066392786,0.0,11359.800969447988,0.0
ST_Reg3-4cm,tsb,0.95,2.7,10,True,-1,0.0,2024-11-01,,1.0,11740.265091315685,0.0,129142.91600447253,0.0,11740.265091315685,0.0
ST_Reg3-4cm,tsb,0.95,2.8,10,True,-1,0.0,2024-11-01,,1.0,12120.72921318338,0.0,133328.0213450172,0.0,12120.72921318338,0.0
ST_Reg3-4cm,tsb,0.95,2.9,10,True,-1,0.0,2024-11-01,,1.0,12501.193335051077,0.0,137513.12668556185,0.0,12501.193335051077,0.0
ST_Reg3-4cm,tsb,0.95,3.0,10,True,-1,0.0,2024-11-01,,1.0,12881.657456918776,0.0,141698.23202610653,0.0,12881.657456918774,0.0
ST_Reg3-4cm,tsb,0.95,3.5,10,True,-1,0.0,2024-11-01,,1.0,14783.978066257258,0.0,162623.75872882982,0.0,14783.978066257258,0.0
ST_Reg3-4cm,tsb,0.95,4.0,10,True,-1,0.0,2024-11-01,,1.0,16686.298675595746,0.0,183549.2854315532,0.0,16686.298675595743,0.0
ST_Reg3-4cm,xgb,0.95,0.0,10,True,-1,0.0,2024-11-01,,1.0,20.086148894391954,0.0,220.9476378383115,0.0,20.086148894391954,0.0
ST_Reg3-4cm,xgb,0.95,0.1,10,True,-1,0.0,2024-11-01,,1.0,40.145962900936055,0.0,441.6055919102966,0.0,40.14596290093605,0.0
ST_Reg3-4cm,xgb,0.95,0.2,10,True,-1,0.0,2024-11-01,,1.0,80.20577690748016,0.0,882.2635459822817,0.0,80.20577690748014,0.0
ST_Reg3-4cm,xgb,0.95,0.3,10,True,-1,0.0,2024-11-01,,1.0,120.26559091402423,0.0,1322.9215000542665,0.0,120.26559091402423,0.0
ST_Reg3-4cm,xgb,0.95,0.4,10,True,-1,0.0,2024-11-01,,1.0,160.32540492056836,0.0,1763.579454126252,0.0,160.32540492056833,0.0
ST_Reg3-4cm,xgb,0.95,0.5,10,True,-1,0.0,2024-11-01,,1.0,200.38521892711242,0.0,2204.2374081982366,0.0,200.38521892711242,0.0
ST_Reg3-4cm,xgb,0.95,0.6,10,True,-1,0.0,2024-11-01,,1.0,240.4450329336565,0.0,2644.8953622702215,0.0,240.4450329336565,0.0
ST_Reg3-4cm,xgb,0.95,0.7,10,True,-1,0.0,2024-11-01,,1.0,280.50484694020054,0.0,3085.553316342206,0.0,280.5048469402006,0.0
ST_Reg3-4cm,xgb,0.95,0.8,10,True,-1,0.0,2024-11-01,,1.0,320.56466094674477,0.0,3526.2112704141923,0.0,320.5646609467447,0.0
ST_Reg3-4cm,xgb,0.95,0.9,10,True,-1,0.0,2024-11-01,,1.0,360.6244749532888,0.0,3966.8692244861772,0.0,360.6244749532888,0.0
ST_Reg3-4cm,xgb,0.95,1.0,10,True,-1,0.0,2024-11-01,,1.0,400.6842889598329,0.0,4407.527178558162,0.0,400.6842889598329,0.0
ST_Reg3-4cm,xgb,0.95,1.1,10,True,-1,0.0,2024-11-01,,1.0,440.74410296637694,0.0,4848.185132630147,0.0,440.744102966377,0.0
ST_Reg3-4cm,xgb,0.95,1.2,10,True,-1,0.0,2024-11-01,,1.0,480.80391697292106,0.0,5288.843086702132,0.0,480.80391697292106,0.0
ST_Reg3-4cm,xgb,0.95,1.2816,10,True,-1,0.0,2024-11-01,,1.0,513.492725202261,0.0,5648.419977224871,0.0,513.4927252022611,0.0
ST_Reg3-4cm,xgb,0.95,1.3,10,True,-1,0.0,2024-11-01,,1.0,520.8637309794651,0.0,5729.5010407741165,0.0,520.8637309794652,0.0
ST_Reg3-4cm,xgb,0.95,1.4,10,True,-1,0.0,2024-11-01,,1.0,560.9235449860091,0.0,6170.1589948461005,0.0,560.9235449860092,0.0
ST_Reg3-4cm,xgb,0.95,1.5,10,True,-1,0.0,2024-11-01,,1.0,600.9833589925532,0.0,6610.8169489180855,0.0,600.9833589925533,0.0
ST_Reg3-4cm,xgb,0.95,1.6,10,True,-1,0.0,2024-11-01,,1.0,641.0431729990976,0.0,7051.474902990073,0.0,641.0431729990975,0.0
ST_Reg3-4cm,xgb,0.95,1.6449,10,True,-1,0.0,2024-11-01,,1.0,659.0300294880359,0.0,7249.330324368395,0.0,659.0300294880358,0.0
ST_Reg3-4cm,xgb,0.95,1.7,10,True,-1,0.0,2024-11-01,,1.0,681.1029870056416,0.0,7492.132857062057,0.0,681.1029870056415,0.0
ST_Reg3-4cm,xgb,0.95,1.8,10,True,-1,0.0,2024-11-01,,1.0,721.1628010121857,0.0,7932.790811134043,0.0,721.1628010121857,0.0
ST_Reg3-4cm,xgb,0.95,1.9,10,True,-1,0.0,2024-11-01,,1.0,761.2226150187297,0.0,8373.448765206027,0.0,761.2226150187297,0.0
ST_Reg3-4cm,xgb,0.95,2.0,10,True,-1,0.0,2024-11-01,,1.0,801.2824290252738,0.0,8814.106719278012,0.0,801.2824290252738,0.0
ST_Reg3-4cm,xgb,0.95,2.0537,10,True,-1,0.0,2024-11-01,,1.0,822.7945491467879,0.0,9050.740040614666,0.0,822.794549146788,0.0
ST_Reg3-4cm,xgb,0.95,2.1,10,True,-1,0.0,2024-11-01,,1.0,841.342243031818,0.0,9254.764673349999,0.0,841.3422430318179,0.0
ST_Reg3-4cm,xgb,0.95,2.2,10,True,-1,0.0,2024-11-01,,1.0,881.4020570383619,0.0,9695.422627421982,0.0,881.402057038362,0.0
ST_Reg3-4cm,xgb,0.95,2.3,10,True,-1,0.0,2024-11-01,,1.0,921.4618710449063,0.0,10136.080581493969,0.0,921.461871044906,0.0
ST_Reg3-4cm,xgb,0.95,2.4,10,True,-1,0.0,2024-11-01,,1.0,961.5216850514502,0.0,10576.738535565952,0.0,961.5216850514502,0.0
ST_Reg3-4cm,xgb,0.95,2.5,10,True,-1,0.0,2024-11-01,,1.0,1001.5814990579944,0.0,11017.396489637938,0.0,1001.5814990579943,0.0
ST_Reg3-4cm,xgb,0.95,2.6,10,True,-1,0.0,2024-11-01,,1.0,1041.6413130645383,0.0,11458.054443709922,0.0,1041.6413130645385,0.0
ST_Reg3-4cm,xgb,0.95,2.7,10,True,-1,0.0,2024-11-01,,1.0,1081.7011270710825,0.0,11898.712397781908,0.0,1081.7011270710825,0.0
ST_Reg3-4cm,xgb,0.95,2.8,10,True,-1,0.0,2024-11-01,,1.0,1121.7609410776263,0.0,12339.37035185389,0.0,1121.7609410776265,0.0
ST_Reg3-4cm,xgb,0.95,2.9,10,True,-1,0.0,2024-11-01,,1.0,1161.8207550841705,0.0,12780.028305925876,0.0,1161.8207550841705,0.0
ST_Reg3-4cm,xgb,0.95,3.0,10,True,-1,0.0,2024-11-01,,1.0,1201.8805690907145,0.0,13220.68625999786,0.0,1201.8805690907147,0.0
ST_Reg3-4cm,xgb,0.95,3.5,10,True,-1,0.0,2024-11-01,,1.0,1402.179639123435,0.0,15423.976030357786,0.0,1402.1796391234352,0.0
ST_Reg3-4cm,xgb,0.95,4.0,10,True,-1,0.0,2024-11-01,,1.0,1602.4787091561557,0.0,17627.265800717712,0.0,1602.4787091561557,0.0
ST_Reg3.50in,arima,0.95,0.0,10,True,-1,0.0,2024-11-01,0.7822166019013446,0.6666666666666666,7704.57132511278,2305.246776237564,338327.42996237264,81360.0,6661.142730693398,10260.0
ST_Reg3.50in,arima,0.95,0.1,10,True,-1,0.0,2024-11-01,0.8068830719648417,0.6666666666666666,9397.460055957788,1940.36241180736,316811.9259143453,81360.0,8688.00673505952,10000.0
ST_Reg3.50in,arima,0.95,0.2,10,True,-1,0.0,2024-11-01,0.8313037209860576,0.6666666666666666,11095.803332257345,1579.1144110135197,295756.421866318,81360.0,10714.870739425642,9740.0
ST_Reg3.50in,arima,0.95,0.3,10,True,-1,0.0,2024-11-01,0.8559701910495546,0.6666666666666666,12794.146608556895,1214.2300465833157,274300.9178182906,81360.0,12741.734743791763,9460.0
ST_Reg3.50in,arima,0.95,0.4,10,True,-1,0.0,2024-11-01,0.8803908400707704,0.8333333333333334,14518.726134688985,884.6728410765559,257020.0,81360.0,14768.598748157885,9200.0
ST_Reg3.50in,arima,0.95,0.5,10,True,-1,0.0,2024-11-01,0.9050573101342675,0.8333333333333334,16399.511593203642,702.2306588614539,257640.0,81360.0,16795.462752524007,8940.0
ST_Reg3.50in,arima,0.95,0.6,10,True,-1,0.0,2024-11-01,0.9294779591554835,0.8333333333333334,18278.47886990012,521.6066584645338,258440.0,81360.0,18822.32675689013,8660.0
ST_Reg3.50in,arima,0.95,0.7,10,True,-1,0.0,2024-11-01,0.9541444292189805,0.8333333333333334,20153.80978296023,339.1644762494318,259000.00000000003,81360.0,20849.19076125625,8400.0
ST_Reg3.50in,arima,0.95,0.8,10,True,-1,0.0,2024-11-01,0.9785650782401962,0.8333333333333334,22032.7770596567,158.54047585251166,259800.0,81360.0,22876.05476562237,8140.0
ST_Reg3.50in,arima,0.95,0.9,10,True,-1,0.0,2024-11-01,1.0,1.0,23937.46422453395,0.0,263312.10646987346,81360.0,24902.918769988493,7860.0
ST_Reg3.50in,arima,0.95,1.0,10,True,-1,0.0,2024-11-01,1.0,1.0,25991.6009561728,0.0,285907.6105179008,81360.0,26929.782774354615,7600.0
ST_Reg3.50in,arima,0.95,1.1,10,True,-1,0.0,2024-11-01,1.0,1.0,28054.82859690255,0.0,308603.11456592806,81360.0,28956.646778720737,7340.0
ST_Reg3.50in,arima,0.95,1.2,10,True,-1,0.0,2024-11-01,1.0,1.0,30107.14714672323,0.0,331178.6186139555,81360.0,30983.51078308686,7060.0
ST_Reg3.50in,arima,0.95,1.2816,10,True,-1,0.0,2024-11-01,1.0,1.0,31797.039083376876,0.0,349767.42991714564,81360.0,32644.31181064961,6840.0
ST_Reg3.50in,arima,0.95,1.3,10,True,-1,0.0,2024-11-01,1.0,1.0,32172.19296927116,0.0,353894.1226619828,81360.0,33010.37478745298,6800.0
ST_Reg3.50in,arima,0.95,1.4,10,True,-1,0.0,2024-11-01,1.0,1.0,34231.78424636454,0.0,376549.62671001,81360.0,35037.238791819094,6540.0
ST_Reg3.50in,arima,0.95,1.5,10,True,-1,0.0,2024-11-01,1.0,1.0,36289.557341639775,0.0,399185.1307580375,81360.0,37064.10279618522,6260.0
ST_Reg3.50in,arima,0.95,1.6,10,True,-1,0.0,2024-11-01,1.0,1.0,38349.148618733154,0.0,421840.6348060647,81360.0,39090.96680055134,6000.0
ST_Reg3.50in,arima,0.95,1.6449,10,True,-1,0.0,2024-11-01,1.0,1.0,39280.03055669355,0.0,432080.33612362907,81360.0,40001.84873851173,5880.0
ST_Reg3.50in,arima,0.95,1.7,10,True,-1,0.0,2024-11-01,1.0,1.0,40412.37625946293,0.0,444536.1388540922,81360.0,41117.83080491747,5740.0
ST_Reg3.50in,arima,0.95,1.8,10,True,-1,0.0,2024-11-01,1.0,1.0,42466.51299110178,0.0,467131.64290211955,81360.0,43144.694809283596,5460.0
ST_Reg3.50in,arima,0.95,1.9,10,True,-1,0.0,2024-11-01,1.0,1.0,44529.740631831526,0.0,489827.14695014677,81360.0,45171.55881364971,5200.0
ST_Reg3.50in,arima,0.95,2.0,10,True,-1,0.0,2024-11-01,1.0,1.0,46589.331908924905,0.0,512482.650998174,81360.0,47198.422818015824,4940.0
ST_Reg3.50in,arima,0.95,2.0537,10,True,-1,0.0,2024-11-01,1.0,1.0,47696.236061087715,0.0,524658.5966719649,81360.0,48283.50878836044,4800.0
ST_Reg3.50in,arima,0.95,2.1,10,True,-1,0.0,2024-11-01,1.0,1.0,48647.10500420014,0.0,535118.1550462015,81360.0,49225.28682238195,4660.0
ST_Reg3.50in,arima,0.95,2.2,10,True,-1,0.0,2024-11-01,1.0,1.0,50706.696281293545,0.0,557773.659094229,81360.0,51252.15082674808,4400.0
ST_Reg3.50in,arima,0.95,2.3,10,True,-1,0.0,2024-11-01,1.0,1.0,52769.92392202328,0.0,580469.1631422561,81360.0,53279.01483111418,4120.0
ST_Reg3.50in,arima,0.95,2.4,10,True,-1,0.0,2024-11-01,1.0,1.0,54824.06065366213,0.0,603064.6671902834,81360.0,55305.87883548031,3860.0
ST_Reg3.50in,arima,0.95,2.5,10,True,-1,0.0,2024-11-01,1.0,1.0,56887.28829439189,0.0,625760.1712383108,81360.0,57332.74283984644,3600.0
ST_Reg3.50in,arima,0.95,2.6,10,True,-1,0.0,2024-11-01,1.0,1.0,58946.87957148531,0.0,648415.6752863384,81360.0,59359.60684421257,3320.0
ST_Reg3.50in,arima,0.95,2.7,10,True,-1,0.0,2024-11-01,1.0,1.0,61004.65266676052,0.0,671051.1793343658,81360.0,61386.4708485787,3060.0
ST_Reg3.50in,arima,0.95,2.8,10,True,-1,0.0,2024-11-01,1.0,1.0,63064.24394385389,0.0,693706.6833823929,81360.0,63413.3348529448,2800.0
ST_Reg3.50in,arima,0.95,2.9,10,True,-1,0.0,2024-11-01,1.0,1.0,65120.19885731093,0.0,716322.1874304202,81360.0,65440.19885731093,2520.0
ST_Reg3.50in,arima,0.95,3.0,10,True,-1,0.0,2024-11-01,1.0,1.0,67181.6083162225,0.0,738997.6914784475,81360.0,67467.06286167706,2260.0
ST_Reg3.50in,arima,0.95,3.5,10,True,-1,0.0,2024-11-01,1.0,1.0,77479.56470168947,0.0,852275.2117185841,81360.0,77601.38288350764,920.0
ST_Reg3.50in,arima,0.95,4.0,10,True,-1,0.0,2024-11-01,1.0,1.0,87779.33926897463,0.0,965572.7319587208,81360.0,87735.70290533826,0.0
ST_Reg3.50in,croston,0.95,0.0,10,True,-1,0.0,2024-11-01,0.18994617919101417,0.16666666666666666,0.0,16782.080339600452,1846028.8373560496,81360.0,0.0,18860.0
ST_Reg3.50in,croston,0.95,0.1,10,True,-1,0.0,2024-11-01,0.276572194650723,0.16666666666666666,0.0,14388.452990163298,1582729.8289179627,81360.0,0.0,18740.0
ST_Reg3.50in,croston,0.95,0.2,10,True,-1,0.0,2024-11-01,0.36753682159653756,0.16666666666666666,0.0,11985.734731635235,1318430.820479876,81360.0,0.0,18620.0
ST_Reg3.50in,croston,0.95,0.3,10,True,-1,0.0,2024-11-01,0.4585014485423519,0.16666666666666666,22.535692527447033,9611.006711089167,1057458.6308376102,81360.0,0.0,18480.0
ST_Reg3.50in,croston,0.95,0.4,10,True,-1,0.0,2024-11-01,0.5497118965304476,0.16666666666666666,207.41090611264306,7387.709120691751,814929.5232433318,81360.0,0.0,18340.0
ST_Reg3.50in,croston,0.95,0.5,10,True,-1,0.0,2024-11-01,0.6264785476075769,0.5,901.4305984891954,5682.6469181766015,635006.8975828073,81360.0,1155.1473166762298,18220.0
ST_Reg3.50in,croston,0.95,0.6,10,True,-1,0.0,2024-11-01,0.6840898393833181,0.5,1996.7157573242648,4384.304727574518,504237.3933637639,81360.0,3848.7746661133824,18100.0
ST_Reg3.50in,croston,0.95,0.7,10,True,-1,0.0,2024-11-01,0.7417011311590593,0.5,3095.637279795698,3082.326173336072,373107.88914472057,81360.0,6562.402015550535,17960.0
ST_Reg3.50in,croston,0.95,0.8,10,True,-1,0.0,2024-11-01,0.7993124229348006,0.5,4464.745959537621,2052.352958186294,274871.0309554062,81360.0,9276.029364987691,17840.0
ST_Reg3.50in,croston,0.95,0.9,10,True,-1,0.0,2024-11-01,0.8571695357528232,0.6666666666666666,6017.932155945344,1201.0027142477688,198307.55228265334,81360.0,11989.656714424847,17700.0
ST_Reg3.50in,croston,0.95,1.0,10,True,-1,0.0,2024-11-01,0.9058909054063667,0.8333333333333334,7910.258239874547,696.0650851034542,163580.0,81360.0,14703.284063862004,17560.0
ST_Reg3.50in,croston,0.95,1.1,10,True,-1,0.0,2024-11-01,0.9350652828576592,0.8333333333333334,10089.919466635598,480.28078060916727,163820.0,81360.0,17396.91141329916,17460.0
ST_Reg3.50in,croston,0.95,1.2,10,True,-1,0.0,2024-11-01,0.9642396603089517,0.8333333333333334,12275.03523885119,264.49647611488103,164120.0,81360.0,20110.53876273631,17320.0
ST_Reg3.50in,croston,0.95,1.2816,10,True,-1,0.0,2024-11-01,0.9880400526041916,0.8333333333333334,14059.035163524577,88.46012001117857,164380.0,81360.0,22326.938679877036,17220.0
ST_Reg3.50in,croston,0.95,1.3,10,True,-1,0.0,2024-11-01,0.9934140377602442,0.8333333333333334,14456.514647430427,48.71217162059342,164380.0,81360.0,22824.166112173472,17200.0
ST_Reg3.50in,croston,0.95,1.4,10,True,-1,0.0,2024-11-01,1.0,1.0,16806.88437070153,0.0,184875.72807771683,81360.0,25537.79346161062,17060.0
ST_Reg3.50in,croston,0.95,1.5,10,True,-1,0.0,2024-11-01,1.0,1.0,19207.784447411414,0.0,211285.62892152555,81360.0,28251.420811047778,16920.0
ST_Reg3.50in,croston,0.95,1.6,10,True,-1,0.0,2024-11-01,1.0,1.0,21603.229978666754,0.0,237635.52976533427,81360.0,30945.048160484934,16820.0
ST_Reg3.50in,croston,0.95,1.6449,10,True,-1,0.0,2024-11-01,1.0,1.0,22682.314113109493,0.0,249505.4552442044,81360.0,32169.586840382217,16740.0
ST_Reg3.50in,croston,0.95,1.7,10,True,-1,0.0,2024-11-01,1.0,1.0,24004.13005537663,0.0,264045.43060914293,81360.0,33658.67550992208,16680.0
ST_Reg3.50in,croston,0.95,1.8,10,True,-1,0.0,2024-11-01,1.0,1.0,26405.03013208652,0.0,290455.3314529517,81360.0,36372.302859359246,16540.0
ST_Reg3.50in,croston,0.95,1.9,10,True,-1,0.0,2024-11-01,1.0,1.0,28804.112026978215,0.0,316845.23229676037,81360.0,39085.930208796395,16420.0
ST_Reg3.50in,croston,0.95,2.0,10,True,-1,0.0,2024-11-01,1.0,1.0,31205.0121036881,0.0,343255.1331405691,81360.0,41799.55755823355,16280.0
ST_Reg3.50in,croston,0.95,2.0537,10,True,-1,0.0,2024-11-01,1.0,1.0,32494.15362669948,0.0,357435.6898936943,81360.0,43252.335444881304,16220.0
ST_Reg3.50in,croston,0.95,2.1,10,True,-1,0.0,2024-11-01,1.0,1.0,33609.54854403435,0.0,369705.0339843778,81360.0,44513.18490767071,16140.0
ST_Reg3.50in,croston,0.95,2.2,10,True,-1,0.0,2024-11-01,1.0,1.0,36008.63043892605,0.0,396094.9348281865,81360.0,47206.812257107864,16040.0
ST_Reg3.50in,croston,0.95,2.3,10,True,-1,0.0,2024-11-01,1.0,1.0,38405.894151999564,0.0,422464.8356719952,81360.0,49920.43960654501,15900.0
ST_Reg3.50in,croston,0.95,2.4,10,True,-1,0.0,2024-11-01,1.0,1.0,40803.15786507308,0.0,448834.7365158039,81360.0,52634.06695598217,15780.0
ST_Reg3.50in,croston,0.95,2.5,10,True,-1,0.0,2024-11-01,1.0,1.0,43205.87612360115,0.0,475264.6373596126,81360.0,55347.694305419325,15640.0
ST_Reg3.50in,croston,0.95,2.6,10,True,-1,0.0,2024-11-01,1.0,1.0,45603.139836674665,0.0,501634.53820342134,81360.0,58061.32165485648,15500.0
ST_Reg3.50in,croston,0.95,2.7,10,True,-1,0.0,2024-11-01,1.0,1.0,48000.40354974819,0.0,528004.4390472301,81360.0,60754.94900429364,15400.0
ST_Reg3.50in,croston,0.95,2.8,10,True,-1,0.0,2024-11-01,1.0,1.0,50403.12180827623,0.0,554434.3398910385,81360.0,63468.57635373078,15260.0
ST_Reg3.50in,croston,0.95,2.9,10,True,-1,0.0,2024-11-01,1.0,1.0,52800.38552134976,0.0,580804.2407348474,81360.0,66182.20370316794,15120.0
ST_Reg3.50in,croston,0.95,3.0,10,True,-1,0.0,2024-11-01,1.0,1.0,55201.28559805963,0.0,607214.1415786559,81360.0,68895.83105260509,15000.0
ST_Reg3.50in,croston,0.95,3.5,10,True,-1,0.0,2024-11-01,1.0,1.0,67194.87689069996,0.0,739143.6457976996,81360.0,82443.96779979086,14340.0
ST_Reg3.50in,croston,0.95,4.0,10,True,-1,0.0,2024-11-01,1.0,1.0,79199.37727424936,0.0,871193.150016743,81360.0,95992.10454697664,13700.0
ST_Reg3.50in,hybrid,0.95,0.0,10,True,-1,0.0,2024-11-01,0.3989825048981163,0.16666666666666666,530.9459575306286,10850.540424693714,1199399.8522491455,81360.0,0.0,6280.0
ST_Reg3.50in,hybrid,0.95,0.1,10,True,-1,0.0,2024-11-01,0.46320930156821255,0.3333333333333333,840.0057421258782,9172.105899785536,1018171.7121397938,81360.0,793.3543877948869,6100.0
ST_Reg3.50in,hybrid,0.95,0.2,10,True,-1,0.0,2024-11-01,0.5114627149152621,0.3333333333333333,1383.5372480235071,7729.961277997921,865514.6503080298,81360.0,2886.3032427528597,5940.0
ST_Reg3.50in,hybrid,0.95,0.3,10,True,-1,0.0,2024-11-01,0.5594703072200304,0.3333333333333333,1932.5232993756827,6295.0893834830285,713717.5884762657,81360.0,4999.252097710836,5780.0
ST_Reg3.50in,hybrid,0.95,0.4,10,True,-1,0.0,2024-11-01,0.6074778995247987,0.5,2778.2731603040043,5160.617662180651,598228.9476032156,81360.0,7092.200952668809,5620.0
ST_Reg3.50in,hybrid,0.95,0.5,10,True,-1,0.0,2024-11-01,0.6557313128718482,0.5,3785.0953321261336,4176.309160862988,501030.0563483162,81360.0,9205.149807626782,5460.0
ST_Reg3.50in,hybrid,0.95,0.6,10,True,-1,0.0,2024-11-01,0.7037389051766165,0.5,5056.9718761903005,3466.14594087827,436902.74413470295,81360.0,11298.098662584758,5300.0
ST_Reg3.50in,hybrid,0.95,0.7,10,True,-1,0.0,2024-11-01,0.7519923185236659,0.5,6330.666602072644,2752.34635725719,372395.43192109,81360.0,13411.047517542727,5120.0
ST_Reg3.50in,hybrid,0.95,0.8,10,True,-1,0.0,2024-11-01,0.7999999108284342,0.5,7607.997691591358,2042.1831372724714,308328.1197074768,81360.0,15523.996372500704,4960.0
ST_Reg3.50in,hybrid,0.95,0.9,10,True,-1,0.0,2024-11-01,0.8480075031332026,0.5,8878.056053837341,1332.0199172877526,244180.80749386357,81360.0,17616.94522745868,4800.0
ST_Reg3.50in,hybrid,0.95,1.0,10,True,-1,0.0,2024-11-01,0.8808984031762125,0.8333333333333334,10412.630984015135,880.9187197803046,211440.0,81360.0,19729.89408241665,4640.0
ST_Reg3.50in,hybrid,0.95,1.1,10,True,-1,0.0,2024-11-01,0.9044105572440343,0.8333333333333334,12222.584488522389,707.0142784204886,212220.0,81360.0,21822.842937374626,4480.0
ST_Reg3.50in,hybrid,0.95,1.2,10,True,-1,0.0,2024-11-01,0.9276768902695748,0.8333333333333334,14037.992538484179,534.928018878855,213260.0,81360.0,23935.791792332595,4300.0
ST_Reg3.50in,hybrid,0.95,1.2816,10,True,-1,0.0,2024-11-01,0.946734981046931,0.8333333333333334,15513.052779980273,393.9674492746999,213980.0,81360.0,25646.3580579783,4180.0
ST_Reg3.50in,hybrid,0.95,1.3,10,True,-1,0.0,2024-11-01,0.9511890443373964,0.8333333333333334,15851.582406627793,361.02357751903895,214080.0,81360.0,26028.74064729057,4160.0
ST_Reg3.50in,hybrid,0.95,1.4,10,True,-1,0.0,2024-11-01,0.9744553773629369,0.8333333333333334,17663.354092953217,188.9373179774054,215080.0,81360.0,28141.68950224854,3980.0
ST_Reg3.50in,hybrid,0.95,1.5,10,True,-1,0.0,2024-11-01,0.9979675314307584,0.8333333333333334,19471.489415642285,15.032876617589368,215840.0,81360.0,30254.638357206517,3800.0
ST_Reg3.50in,hybrid,0.95,1.6,10,True,-1,0.0,2024-11-01,1.0,1.0,21440.314484891762,0.0,235843.45933380938,81360.0,32347.587212164493,3660.0
ST_Reg3.50in,hybrid,0.95,1.6449,10,True,-1,0.0,2024-11-01,1.0,1.0,22335.90124804062,0.0,245694.91372844682,81360.0,33295.90124804062,3580.0
ST_Reg3.50in,hybrid,0.95,1.7,10,True,-1,0.0,2024-11-01,1.0,1.0,23431.445158031558,0.0,257745.89673834713,81360.0,34460.53606712246,3480.0
ST_Reg3.50in,hybrid,0.95,1.8,10,True,-1,0.0,2024-11-01,1.0,1.0,25411.666740262255,0.0,279528.3341428848,81360.0,36553.48492208044,3340.0
ST_Reg3.50in,hybrid,0.95,1.9,10,True,-1,0.0,2024-11-01,1.0,1.0,27400.97923158387,0.0,301410.77154742257,81360.0,38666.433777038415,3160.0
ST_Reg3.50in,hybrid,0.95,2.0,10,True,-1,0.0,2024-11-01,1.0,1.0,29381.200813814565,0.0,323193.2089519602,81360.0,40759.382631996385,3000.0
ST_Reg3.50in,hybrid,0.95,2.0537,10,True,-1,0.0,2024-11-01,1.0,1.0,30448.836167108817,0.0,334937.197838197,81360.0,41888.83616710882,2920.0
ST_Reg3.50in,hybrid,0.95,2.1,10,True,-1,0.0,2024-11-01,1.0,1.0,31368.69512331799,0.0,345055.6463564979,81360.0,42872.331486954354,2840.0
ST_Reg3.50in,hybrid,0.95,2.2,10,True,-1,0.0,2024-11-01,1.0,1.0,33356.18943282143,0.0,366918.08376103576,81360.0,44985.28034191234,2660.0
ST_Reg3.50in,hybrid,0.95,2.3,10,True,-1,0.0,2024-11-01,1.0,1.0,35338.22919687029,0.0,388720.5211655732,81360.0,47078.22919687029,2520.0
ST_Reg3.50in,hybrid,0.95,2.4,10,True,-1,0.0,2024-11-01,1.0,1.0,37329.3598700101,0.0,410622.9585701111,81360.0,49191.178051828276,2340.0
ST_Reg3.50in,hybrid,0.95,2.5,10,True,-1,0.0,2024-11-01,1.0,1.0,39313.217815877164,0.0,432445.39597464877,81360.0,51284.12690678626,2180.0
ST_Reg3.50in,hybrid,0.95,2.6,10,True,-1,0.0,2024-11-01,1.0,1.0,41293.43939810787,0.0,454227.8333791865,81360.0,53397.07576174423,2020.0
ST_Reg3.50in,hybrid,0.95,2.7,10,True,-1,0.0,2024-11-01,1.0,1.0,43277.29734397493,0.0,476050.27078372426,81360.0,55490.0246167022,1860.0
ST_Reg3.50in,hybrid,0.95,2.8,10,True,-1,0.0,2024-11-01,1.0,1.0,45266.60983529653,0.0,497932.70818826184,81360.0,57602.97347166017,1700.0
ST_Reg3.50in,hybrid,0.95,2.9,10,True,-1,0.0,2024-11-01,1.0,1.0,47250.46778116361,0.0,519755.1455927997,81360.0,59695.92232661815,1540.0
ST_Reg3.50in,hybrid,0.95,3.0,10,True,-1,0.0,2024-11-01,1.0,1.0,49237.96209066703,0.0,541617.5829973373,81360.0,61808.87118157612,1360.0
ST_Reg3.50in,hybrid,0.95,3.5,10,True,-1,0.0,2024-11-01,1.0,1.0,59166.34272909325,0.0,650829.7700200258,81360.0,72333.61545636598,540.0
ST_Reg3.50in,hybrid,0.95,4.0,10,True,-1,0.0,2024-11-01,1.0,1.0,69091.08700388315,0.0,760001.9570427146,81360.0,82858.35973115586,0.0
ST_Reg3.50in,mitra,0.95,0.0,10,True,-1,0.0,2024-11-01,0.7922402490986562,0.5,3530.1515151515164,2349.9999999999986,297331.6666666665,81360.0,3138.3333333333358,8880.0
ST_Reg3.50in,mitra,0.95,0.1,10,True,-1,0.0,2024-11-01,0.8198752297267394,0.5,4042.0565205835273,1760.441266208858,238111.16100939317,81360.0,4272.52434528376,8920.0
ST_Reg3.50in,mitra,0.95,0.2,10,True,-1,0.0,2024-11-01,0.8475102103548227,0.5,4722.4552273308445,1339.3762337330236,199278.3932112719,81360.0,5406.715357234185,8960.0
ST_Reg3.50in,mitra,0.95,0.3,10,True,-1,0.0,2024-11-01,0.8739049455406172,0.6666666666666666,5438.923392969226,948.9261146937074,164210.0299389693,81360.0,6540.9063691846095,9000.0
ST_Reg3.50in,mitra,0.95,0.4,10,True,-1,0.0,2024-11-01,0.8873537042912369,0.8333333333333334,6424.633982850031,833.1729653513605,162320.0,81360.0,7675.097381135034,9040.0
ST_Reg3.50in,mitra,0.95,0.5,10,True,-1,0.0,2024-11-01,0.9008024630418566,0.8333333333333334,7430.262175532235,733.7010551740492,162440.0,81360.0,8809.288393085459,9080.0
ST_Reg3.50in,mitra,0.95,0.6,10,True,-1,0.0,2024-11-01,0.9144970428347575,0.8333333333333334,8434.072186396255,632.410963178556,162340.0,81360.0,9943.479405035883,9140.0
ST_Reg3.50in,mitra,0.95,0.7,10,True,-1,0.0,2024-11-01,0.9279458015853774,0.8333333333333334,9434.245833623916,532.9390530012447,162400.0,81360.0,11077.670416986308,9180.0
ST_Reg3.50in,mitra,0.95,0.8,10,True,-1,0.0,2024-11-01,0.9413945603359973,0.8333333333333334,10439.87402630612,433.46714282393344,162520.0,81360.0,12231.861428936732,9200.0
ST_Reg3.50in,mitra,0.95,0.9,10,True,-1,0.0,2024-11-01,0.954843319086617,0.8333333333333334,11441.865855351962,333.99523264662207,162600.0,81360.0,13366.052440887157,9240.0
ST_Reg3.50in,mitra,0.95,1.0,10,True,-1,0.0,2024-11-01,0.9682920778372367,0.8333333333333334,12447.494048034163,234.52332246931076,162720.0,81360.0,14500.243452837582,9280.0
ST_Reg3.50in,mitra,0.95,1.1,10,True,-1,0.0,2024-11-01,0.9817408365878565,0.8333333333333334,13451.304058898188,135.05141229199944,162820.0,81360.0,15634.434464788006,9320.0
ST_Reg3.50in,mitra,0.95,1.2,10,True,-1,0.0,2024-11-01,0.9954354163807576,0.8333333333333334,14458.750433398574,33.7613202965063,162760.0,81360.0,16768.62547673843,9380.0
ST_Reg3.50in,mitra,0.95,1.2816,10,True,-1,0.0,2024-11-01,1.0,1.0,15326.896251580889,0.0,168595.8587673898,81360.0,17697.805342489984,9400.0
ST_Reg3.50in,mitra,0.95,1.3,10,True,-1,0.0,2024-11-01,1.0,1.0,15526.452852325223,0.0,170790.98137557745,81360.0,17902.816488688855,9420.0
ST_Reg3.50in,mitra,0.95,1.4,10,True,-1,0.0,2024-11-01,1.0,1.0,16631.552955184732,0.0,182947.08250703206,81360.0,19037.00750063928,9460.0
ST_Reg3.50in,mitra,0.95,1.5,10,True,-1,0.0,2024-11-01,1.0,1.0,17734.83487622607,0.0,195083.18363848675,81360.0,20171.198512589704,9500.0
ST_Reg3.50in,mitra,0.95,1.6,10,True,-1,0.0,2024-11-01,1.0,1.0,18836.29861544923,0.0,207199.2847699415,81360.0,21305.389524540136,9540.0
ST_Reg3.50in,mitra,0.95,1.6449,10,True,-1,0.0,2024-11-01,1.0,1.0,19338.38856163315,0.0,212722.27417796466,81360.0,21825.661288905874,9560.0
ST_Reg3.50in,mitra,0.95,1.7,10,True,-1,0.0,2024-11-01,1.0,1.0,19948.671445581458,0.0,219435.38590139605,81360.0,22459.580536490554,9560.0
ST_Reg3.50in,mitra,0.95,1.8,10,True,-1,0.0,2024-11-01,1.0,1.0,21050.135184804618,0.0,231551.4870328508,81360.0,23593.771548440985,9620.0
ST_Reg3.50in,mitra,0.95,1.9,10,True,-1,0.0,2024-11-01,1.0,1.0,22157.05346948231,0.0,243727.58816430543,81360.0,24727.962560391403,9660.0
ST_Reg3.50in,mitra,0.95,2.0,10,True,-1,0.0,2024-11-01,1.0,1.0,23258.51720870547,0.0,255843.68929576018,81360.0,25862.153572341835,9700.0
ST_Reg3.50in,mitra,0.95,2.0537,10,True,-1,0.0,2024-11-01,1.0,1.0,23853.201418486482,0.0,262385.2156033513,81360.0,26480.47414575921,9720.0
ST_Reg3.50in,mitra,0.95,2.1,10,True,-1,0.0,2024-11-01,1.0,1.0,24363.617311564984,0.0,267999.7904272148,81360.0,26996.344584292252,9740.0
ST_Reg3.50in,mitra,0.95,2.2,10,True,-1,0.0,2024-11-01,1.0,1.0,25465.081050788143,0.0,280115.89155866957,81360.0,28130.535596242684,9780.0
ST_Reg3.50in,mitra,0.95,2.3,10,True,-1,0.0,2024-11-01,1.0,1.0,26573.81751728401,0.0,292311.9926901241,81360.0,29264.7266081931,9820.0
ST_Reg3.50in,mitra,0.95,2.4,10,True,-1,0.0,2024-11-01,1.0,1.0,27677.099438325353,0.0,304448.0938215789,81360.0,30398.917620143533,9880.0
ST_Reg3.50in,mitra,0.95,2.5,10,True,-1,0.0,2024-11-01,1.0,1.0,28782.199541184855,0.0,316604.1949530334,81360.0,31553.10863209395,9900.0
ST_Reg3.50in,mitra,0.95,2.6,10,True,-1,0.0,2024-11-01,1.0,1.0,29887.29964404438,0.0,328760.29608448816,81360.0,32687.299644044382,9940.0
ST_Reg3.50in,mitra,0.95,2.7,10,True,-1,0.0,2024-11-01,1.0,1.0,30988.76338326753,0.0,340876.39721594285,81360.0,33821.49065599481,9980.0
ST_Reg3.50in,mitra,0.95,2.8,10,True,-1,0.0,2024-11-01,1.0,1.0,32095.68166794523,0.0,353052.49834739754,81360.0,34955.68166794523,10020.0
ST_Reg3.50in,mitra,0.95,2.9,10,True,-1,0.0,2024-11-01,1.0,1.0,33200.781770804744,0.0,365208.5994788522,81360.0,36089.87267989565,10060.0
ST_Reg3.50in,mitra,0.95,3.0,10,True,-1,0.0,2024-11-01,1.0,1.0,34305.881873664264,0.0,377364.7006103069,81360.0,37224.06369184608,10120.0
ST_Reg3.50in,mitra,0.95,3.5,10,True,-1,0.0,2024-11-01,1.0,1.0,39822.291478870924,0.0,438045.20626758016,81360.0,42915.018751598196,10300.0
ST_Reg3.50in,mitra,0.95,4.0,10,True,-1,0.0,2024-11-01,1.0,1.0,45344.155629532135,0.0,498785.7119248535,81360.0,48585.973811350326,10520.0
ST_Reg3.50in,naive,0.95,0.0,10,True,-1,0.0,2024-11-01,1.0,1.0,63280.0,0.0,696080.0,81360.0,78120.0,0.0
ST_Reg3.50in,naive,0.95,0.1,10,True,-1,0.0,2024-11-01,1.0,1.0,67606.374752118,0.0,743670.122273298,81360.0,82586.37475211799,0.0
ST_Reg3.50in,naive,0.95,0.2,10,True,-1,0.0,2024-11-01,1.0,1.0,71914.56768605417,0.0,791060.244546596,81360.0,87032.74950423598,0.0
ST_Reg3.50in,naive,0.95,0.3,10,True,-1,0.0,2024-11-01,1.0,1.0,76220.94243817215,0.0,838430.3668198936,81360.0,91479.12425635397,0.0
ST_Reg3.50in,naive,0.95,0.4,10,True,-1,0.0,2024-11-01,1.0,1.0,80540.04446301742,0.0,885940.4890931916,81360.0,95945.49900847196,0.0
ST_Reg3.50in,naive,0.95,0.5,10,True,-1,0.0,2024-11-01,1.0,1.0,84846.41921513541,0.0,933310.6113664896,81360.0,100391.87376058995,0.0
ST_Reg3.50in,naive,0.95,0.6,10,True,-1,0.0,2024-11-01,1.0,1.0,89154.61214907156,0.0,980700.7336397872,81360.0,104838.24851270794,0.0
ST_Reg3.50in,naive,0.95,0.7,10,True,-1,0.0,2024-11-01,1.0,1.0,93471.89599209865,0.0,1028190.8559130852,81360.0,109304.62326482593,0.0
ST_Reg3.50in,naive,0.95,0.8,10,True,-1,0.0,2024-11-01,1.0,1.0,97787.36165330758,0.0,1075660.9781863834,81360.0,113750.99801694394,0.0
ST_Reg3.50in,naive,0.95,0.9,10,True,-1,0.0,2024-11-01,1.0,1.0,102093.73640542557,0.0,1123031.1004596814,81360.0,118197.37276906194,0.0
ST_Reg3.50in,naive,0.95,1.0,10,True,-1,0.0,2024-11-01,1.0,1.0,106409.20206663446,0.0,1170501.222732979,81360.0,122643.7475211799,0.0
ST_Reg3.50in,naive,0.95,1.1,10,True,-1,0.0,2024-11-01,1.0,1.0,110719.21318238885,0.0,1217911.3450062773,81360.0,127110.12227329792,0.0
ST_Reg3.50in,naive,0.95,1.2,10,True,-1,0.0,2024-11-01,1.0,1.0,115027.40611632499,0.0,1265301.4672795748,81360.0,131556.49702541588,0.0
ST_Reg3.50in,naive,0.95,1.2816,10,True,-1,0.0,2024-11-01,1.0,1.0,118590.09155041691,0.0,1304491.007054586,81360.0,135182.8188231442,0.0
ST_Reg3.50in,naive,0.95,1.3,10,True,-1,0.0,2024-11-01,1.0,1.0,119406.50814117026,0.0,1313471.5895528728,81360.0,136002.8717775339,0.0
ST_Reg3.50in,naive,0.95,1.4,10,True,-1,0.0,2024-11-01,1.0,1.0,123856.51925692457,0.0,1362421.7118261703,81360.0,140469.24652965186,0.0
ST_Reg3.50in,naive,0.95,1.5,10,True,-1,0.0,2024-11-01,1.0,1.0,128293.80309995169,0.0,1411231.8340994685,81360.0,144915.62128176988,0.0
ST_Reg3.50in,naive,0.95,1.6,10,True,-1,0.0,2024-11-01,1.0,1.0,132747.4505793424,0.0,1460221.9563727665,81360.0,149361.99603388787,0.0
ST_Reg3.50in,naive,0.95,1.6449,10,True,-1,0.0,2024-11-01,1.0,1.0,134733.53829758888,0.0,1482068.9212734776,81360.0,151353.53829758885,0.0
ST_Reg3.50in,naive,0.95,1.7,10,True,-1,0.0,2024-11-01,1.0,1.0,137184.7344223695,0.0,1509032.0786460645,81360.0,153808.37078600586,0.0
ST_Reg3.50in,naive,0.95,1.8,10,True,-1,0.0,2024-11-01,1.0,1.0,141634.74553812385,0.0,1557982.2009193625,81360.0,158274.74553812385,0.0
ST_Reg3.50in,naive,0.95,1.9,10,True,-1,0.0,2024-11-01,1.0,1.0,146072.02938115096,0.0,1606792.3231926605,81360.0,162721.12029024184,0.0
ST_Reg3.50in,naive,0.95,2.0,10,True,-1,0.0,2024-11-01,1.0,1.0,150518.40413326895,0.0,1655702.4454659584,81360.0,167167.49504235983,0.0
ST_Reg3.50in,naive,0.95,2.0537,10,True,-1,0.0,2024-11-01,1.0,1.0,152898.6673751563,0.0,1681885.3411267193,81360.0,169567.7582842472,0.0
ST_Reg3.50in,naive,0.95,2.1,10,True,-1,0.0,2024-11-01,1.0,1.0,154959.32433993233,0.0,1704552.5677392557,81360.0,171633.86979447783,0.0
ST_Reg3.50in,naive,0.95,2.2,10,True,-1,0.0,2024-11-01,1.0,1.0,159405.69909205043,0.0,1753462.6900125546,81360.0,176080.24454659584,0.0
ST_Reg3.50in,naive,0.95,2.3,10,True,-1,0.0,2024-11-01,1.0,1.0,163842.98293507742,0.0,1802272.8122858517,81360.0,180526.6192987138,0.0
ST_Reg3.50in,naive,0.95,2.4,10,True,-1,0.0,2024-11-01,1.0,1.0,168296.63041446815,0.0,1851262.9345591497,81360.0,184972.9940508318,0.0
ST_Reg3.50in,naive,0.95,2.5,10,True,-1,0.0,2024-11-01,1.0,1.0,172737.5506211316,0.0,1900113.0568324476,81360.0,189439.3688029498,0.0
ST_Reg3.50in,naive,0.95,2.6,10,True,-1,0.0,2024-11-01,1.0,1.0,177183.9253732496,0.0,1949023.1791057456,81360.0,193885.74355506778,0.0
ST_Reg3.50in,naive,0.95,2.7,10,True,-1,0.0,2024-11-01,1.0,1.0,181621.2092162767,0.0,1997833.3013790438,81360.0,198332.1183071858,0.0
ST_Reg3.50in,naive,0.95,2.8,10,True,-1,0.0,2024-11-01,1.0,1.0,186071.22033203105,0.0,2046783.4236523416,81360.0,202798.49305930376,0.0
ST_Reg3.50in,naive,0.95,2.9,10,True,-1,0.0,2024-11-01,1.0,1.0,190508.50417505813,0.0,2095593.5459256396,81360.0,207244.86781142175,0.0
ST_Reg3.50in,naive,0.95,3.0,10,True,-1,0.0,2024-11-01,1.0,1.0,194954.8789271761,0.0,2144503.668198937,81360.0,211691.24256353977,0.0
ST_Reg3.50in,naive,0.95,3.5,10,True,-1,0.0,2024-11-01,1.0,1.0,217174.02541503878,0.0,2388914.2795654265,81360.0,233963.11632412972,0.0
ST_Reg3.50in,naive,0.95,4.0,10,True,-1,0.0,2024-11-01,1.0,1.0,239398.62644835608,0.0,2633384.890931917,81360.0,256214.99008471967,0.0
ST_Reg3.50in,rf,0.95,0.0,10,True,-1,0.0,2024-11-01,0.7960269174041298,0.6666666666666666,6643.022727272727,4001.909090909091,513283.25,81360.0,944.75,12660.0
ST_Reg3.50in,rf,0.95,0.1,10,True,-1,0.0,2024-11-01,0.8164066061041729,0.6666666666666666,7729.080937131689,3362.6031008598143,454906.2314030281,81360.0,2862.8414726355113,12360.0
ST_Reg3.50in,rf,0.95,0.2,10,True,-1,0.0,2024-11-01,0.8370321158464973,0.6666666666666666,8822.411874263375,2716.024383537813,395809.2128060565,81360.0,4780.932945271015,12040.0
ST_Reg3.50in,rf,0.95,0.3,10,True,-1,0.0,2024-11-01,0.8574118045465403,0.6666666666666666,9908.470084122331,2076.7183934885384,337432.19420908485,81360.0,6699.024417906519,11720.0
ST_Reg3.50in,rf,0.95,0.4,10,True,-1,0.0,2024-11-01,0.8777914932465835,0.8333333333333334,11006.993374939659,1446.2411207612643,280163.45040807535,81360.0,8617.11589054203,11420.0
ST_Reg3.50in,rf,0.95,0.5,10,True,-1,0.0,2024-11-01,0.8981711819466265,0.8333333333333334,12240.150809583662,957.6707191333996,239985.43801009422,81360.0,10515.207363177535,11120.0
ST_Reg3.50in,rf,0.95,0.6,10,True,-1,0.0,2024-11-01,0.9185508706466696,0.8333333333333334,13621.180759830035,602.427378562451,216100.0,81360.0,12433.298835813039,10800.0
ST_Reg3.50in,rf,0.95,0.7,10,True,-1,0.0,2024-11-01,0.9389305593467128,0.8333333333333334,15195.809371316864,451.6917901410409,216840.0,81360.0,14351.39030844855,10500.0
ST_Reg3.50in,rf,0.95,0.8,10,True,-1,0.0,2024-11-01,0.9593102480467559,0.8333333333333334,16774.074346440055,300.95620171963077,217620.0,81360.0,16269.481781084061,10180.0
ST_Reg3.50in,rf,0.95,0.9,10,True,-1,0.0,2024-11-01,0.9799357577890802,0.8333333333333334,18357.79386701778,148.40243148004018,218259.99999999997,81360.0,18187.573253719558,9860.0
ST_Reg3.50in,rf,0.95,1.0,10,True,-1,0.0,2024-11-01,1.0,1.0,19940.21018090052,0.0,219342.31198990572,81360.0,20105.66472635507,9560.0
ST_Reg3.50in,rf,0.95,1.1,10,True,-1,0.0,2024-11-01,1.0,1.0,21665.574380808757,0.0,238321.31818889634,81360.0,22023.75619899058,9240.0
ST_Reg3.50in,rf,0.95,1.2,10,True,-1,0.0,2024-11-01,1.0,1.0,23394.57494435335,0.0,257340.32438788685,81360.0,23941.847671626077,8920.0
ST_Reg3.50in,rf,0.95,1.2816,10,True,-1,0.0,2024-11-01,1.0,1.0,24812.028495114835,0.0,272932.3134462632,81360.0,25510.21031329666,8820.0
ST_Reg3.50in,rf,0.95,1.3,10,True,-1,0.0,2024-11-01,1.0,1.0,25130.84823517068,0.0,276439.3305868775,81360.0,25859.93914426159,8820.0
ST_Reg3.50in,rf,0.95,1.4,10,True,-1,0.0,2024-11-01,1.0,1.0,26856.21243507892,0.0,295418.3367858681,81360.0,27778.0306168971,8780.0
ST_Reg3.50in,rf,0.95,1.5,10,True,-1,0.0,2024-11-01,1.0,1.0,28585.21299862352,0.0,314437.3429848587,81360.0,29696.12208953261,8760.0
ST_Reg3.50in,rf,0.95,1.6,10,True,-1,0.0,2024-11-01,1.0,1.0,30317.849925804487,0.0,333496.34918384935,81360.0,31594.213562168123,8740.0
ST_Reg3.50in,rf,0.95,1.6449,10,True,-1,0.0,2024-11-01,1.0,1.0,31090.691178836,0.0,341997.602967196,81360.0,32465.236633381457,8720.0
ST_Reg3.50in,rf,0.95,1.7,10,True,-1,0.0,2024-11-01,1.0,1.0,32046.85048934908,0.0,352515.35538283986,81360.0,33512.30503480362,8720.0
ST_Reg3.50in,rf,0.95,1.8,10,True,-1,0.0,2024-11-01,1.0,1.0,33772.21468925729,0.0,371494.3615818302,81360.0,35430.396507439116,8680.0
ST_Reg3.50in,rf,0.95,1.9,10,True,-1,0.0,2024-11-01,1.0,1.0,35501.21525280189,0.0,390513.3677808208,81360.0,37348.48798007463,8660.0
ST_Reg3.50in,rf,0.95,2.0,10,True,-1,0.0,2024-11-01,1.0,1.0,37233.85217998286,0.0,409572.37397981144,81360.0,39266.57945271014,8640.0
ST_Reg3.50in,rf,0.95,2.0537,10,True,-1,0.0,2024-11-01,1.0,1.0,38169.44911896994,0.0,419863.94030866935,81360.0,40303.9945735154,8600.0
ST_Reg3.50in,rf,0.95,2.1,10,True,-1,0.0,2024-11-01,1.0,1.0,38962.85274352746,0.0,428591.38017880206,81360.0,41184.67092534565,8600.0
ST_Reg3.50in,rf,0.95,2.2,10,True,-1,0.0,2024-11-01,1.0,1.0,40688.2169434357,0.0,447570.3863777927,81360.0,43102.76239798116,8580.0
ST_Reg3.50in,rf,0.95,2.3,10,True,-1,0.0,2024-11-01,1.0,1.0,42424.49023425302,0.0,466669.3925767832,81360.0,45020.85387061666,8540.0
ST_Reg3.50in,rf,0.95,2.4,10,True,-1,0.0,2024-11-01,1.0,1.0,44153.49079779761,0.0,485688.3987757737,81360.0,46938.945343252155,8520.0
ST_Reg3.50in,rf,0.95,2.5,10,True,-1,0.0,2024-11-01,1.0,1.0,45884.309543160394,0.0,504727.40497476433,81360.0,48857.036815887666,8480.0
ST_Reg3.50in,rf,0.95,2.6,10,True,-1,0.0,2024-11-01,1.0,1.0,47609.67374306863,0.0,523706.41117375495,81360.0,50775.12828852318,8460.0
ST_Reg3.50in,rf,0.95,2.7,10,True,-1,0.0,2024-11-01,1.0,1.0,49342.3106702496,0.0,542765.4173727456,81360.0,52673.21976115869,8440.0
ST_Reg3.50in,rf,0.95,2.8,10,True,-1,0.0,2024-11-01,1.0,1.0,51067.67487015784,0.0,561744.4235717362,81360.0,54591.3112337942,8420.0
ST_Reg3.50in,rf,0.95,2.9,10,True,-1,0.0,2024-11-01,1.0,1.0,52796.675433702425,0.0,580763.4297707267,81360.0,56509.4027064297,8380.0
ST_Reg3.50in,rf,0.95,3.0,10,True,-1,0.0,2024-11-01,1.0,1.0,54532.94872451976,0.0,599862.4359697173,81360.0,58427.49417906521,8360.0
ST_Reg3.50in,rf,0.95,3.5,10,True,-1,0.0,2024-11-01,1.0,1.0,63177.95154224276,0.0,694957.4669646703,81360.0,68017.95154224275,8220.0
ST_Reg3.50in,rf,0.95,4.0,10,True,-1,0.0,2024-11-01,1.0,1.0,71832.04526905663,0.0,790152.4979596229,81360.0,77588.40890542028,8100.0
ST_Reg3.50in,sba,0.95,0.0,10,True,-1,0.0,2024-11-01,0.17415585154906416,0.16666666666666666,0.0,17389.885413529522,1912887.3954882473,81360.0,0.0,19280.0
ST_Reg3.50in,sba,0.95,0.1,10,True,-1,0.0,2024-11-01,0.2548301567609453,0.16666666666666666,0.0,14953.85463349165,1644924.0096840817,81360.0,0.0,19140.0
ST_Reg3.50in,sba,0.95,0.2,10,True,-1,0.0,2024-11-01,0.34749241623762545,0.16666666666666666,0.0,12512.369307999232,1376360.6238799156,81360.0,0.0,19020.0
ST_Reg3.50in,sba,0.95,0.3,10,True,-1,0.0,2024-11-01,0.4394172125874621,0.16666666666666666,0.0,10083.611255234087,1109197.2380757497,81360.0,0.0,18920.0
ST_Reg3.50in,sba,0.95,0.4,10,True,-1,0.0,2024-11-01,0.5318336510218612,0.16666666666666666,173.0298741557159,7822.428531170113,862370.4670444254,81360.0,0.0,18780.0
ST_Reg3.50in,sba,0.95,0.5,10,True,-1,0.0,2024-11-01,0.6165928161107942,0.5,704.9980724486853,5911.093222152486,657975.233233709,81360.0,642.9957593871077,18660.0
ST_Reg3.50in,sba,0.95,0.6,10,True,-1,0.0,2024-11-01,0.6748442208225502,0.5,1815.7558650278836,4594.911143784722,525413.5403316262,81360.0,3382.662903061344,18560.0
ST_Reg3.50in,sba,0.95,0.7,10,True,-1,0.0,2024-11-01,0.7333414465765875,0.5,2931.9682030616273,3275.0927017805925,392511.8474295431,81360.0,6142.33004673558,18420.0
ST_Reg3.50in,sba,0.95,0.8,10,True,-1,0.0,2024-11-01,0.7920844933729061,0.5,4261.270939351703,2159.2737489418837,284394.09271647595,81360.0,8901.99719040982,18300.0
ST_Reg3.50in,sba,0.95,0.9,10,True,-1,0.0,2024-11-01,0.850335898084662,0.5,5828.331848962579,1297.5766057876172,206845.07697522626,81360.0,11641.664334084053,18200.0
ST_Reg3.50in,sba,0.95,1.0,10,True,-1,0.0,2024-11-01,0.9029170535614341,0.8333333333333334,7684.846797962077,718.0607747492468,163520.0,81360.0,14401.331477758285,18060.0
ST_Reg3.50in,sba,0.95,1.1,10,True,-1,0.0,2024-11-01,0.932411487480734,0.8333333333333334,9904.544201302295,499.90921623340677,163940.0,81360.0,17160.998621432525,17940.0
ST_Reg3.50in,sba,0.95,1.2,10,True,-1,0.0,2024-11-01,0.9621517424423152,0.8333333333333334,12116.968877369782,279.9394758993856,164080.0,81360.0,19900.665765106758,17840.0
ST_Reg3.50in,sba,0.95,1.2816,10,True,-1,0.0,2024-11-01,0.9864591218577302,0.8333333333333334,13927.558322131761,100.1532586959147,164220.0,81360.0,22158.31415434494,17720.0
ST_Reg3.50in,sba,0.95,1.3,10,True,-1,0.0,2024-11-01,0.9918919974038961,0.8333333333333334,14331.211735255445,59.96973556536448,164240.0,81360.0,22660.33290878099,17700.0
ST_Reg3.50in,sba,0.95,1.4,10,True,-1,0.0,2024-11-01,1.0,1.0,16710.909143364315,0.0,183820.00057700748,81360.0,25420.000052455223,17580.0
ST_Reg3.50in,sba,0.95,1.5,10,True,-1,0.0,2024-11-01,1.0,1.0,19141.48537794764,0.0,210556.33915742405,81360.0,28159.667196129463,17480.0
ST_Reg3.50in,sba,0.95,1.6,10,True,-1,0.0,2024-11-01,1.0,1.0,21577.51615798552,0.0,237352.6777378407,81360.0,30919.334339803703,17340.0
ST_Reg3.50in,sba,0.95,1.6449,10,True,-1,0.0,2024-11-01,1.0,1.0,22670.11034185889,0.0,249371.21376044778,81360.0,32155.564887313434,17300.0
ST_Reg3.50in,sba,0.95,1.7,10,True,-1,0.0,2024-11-01,1.0,1.0,24015.365119841576,0.0,264169.0163182573,81360.0,33679.001483477936,17220.0
ST_Reg3.50in,sba,0.95,1.8,10,True,-1,0.0,2024-11-01,1.0,1.0,26447.759536243077,0.0,290925.35489867383,81360.0,36418.66862715217,17120.0
ST_Reg3.50in,sba,0.95,1.9,10,True,-1,0.0,2024-11-01,1.0,1.0,28891.063043553673,0.0,317801.6934790904,81360.0,39178.3357708264,16980.0
ST_Reg3.50in,sba,0.95,2.0,10,True,-1,0.0,2024-11-01,1.0,1.0,31321.63927813701,0.0,344538.0320595071,81360.0,41938.00291450064,16860.0
ST_Reg3.50in,sba,0.95,2.0537,10,True,-1,0.0,2024-11-01,1.0,1.0,32632.03689792644,0.0,358952.4058771908,81360.0,43404.76417065371,16800.0
ST_Reg3.50in,sba,0.95,2.1,10,True,-1,0.0,2024-11-01,1.0,1.0,33757.67005817488,0.0,371334.37063992367,81360.0,44677.67005817488,16760.0
ST_Reg3.50in,sba,0.95,2.2,10,True,-1,0.0,2024-11-01,1.0,1.0,36199.15538366729,0.0,398190.7092203402,81360.0,47437.33720184911,16620.0
ST_Reg3.50in,sba,0.95,2.3,10,True,-1,0.0,2024-11-01,1.0,1.0,38631.54980006881,0.0,424947.04780075693,81360.0,50197.00434552335,16500.0
ST_Reg3.50in,sba,0.95,2.4,10,True,-1,0.0,2024-11-01,1.0,1.0,41062.12603465213,0.0,451683.38638117345,81360.0,52936.671489197586,16380.0
ST_Reg3.50in,sba,0.95,2.5,10,True,-1,0.0,2024-11-01,1.0,1.0,43501.79317832636,0.0,478519.72496158996,81360.0,55696.33863287182,16260.0
ST_Reg3.50in,sba,0.95,2.6,10,True,-1,0.0,2024-11-01,1.0,1.0,45936.00577654606,0.0,505296.06354200665,81360.0,58456.00577654605,16140.0
ST_Reg3.50in,sba,0.95,2.7,10,True,-1,0.0,2024-11-01,1.0,1.0,48368.40019294757,0.0,532052.4021224233,81360.0,61195.6729202203,16020.0
ST_Reg3.50in,sba,0.95,2.8,10,True,-1,0.0,2024-11-01,1.0,1.0,50808.06733662179,0.0,558888.7407028397,81360.0,63955.34006389452,15900.0
ST_Reg3.50in,sba,0.95,2.9,10,True,-1,0.0,2024-11-01,1.0,1.0,53242.279934841485,0.0,585665.0792832563,81360.0,66715.00720756876,15780.0
ST_Reg3.50in,sba,0.95,3.0,10,True,-1,0.0,2024-11-01,1.0,1.0,55674.674351243,0.0,612421.417863673,81360.0,69454.674351243,15660.0
ST_Reg3.50in,sba,0.95,3.5,10,True,-1,0.0,2024-11-01,1.0,1.0,67858.46461506872,0.0,746443.1107657559,81360.0,83233.01006961417,15060.0
ST_Reg3.50in,sba,0.95,4.0,10,True,-1,0.0,2024-11-01,1.0,1.0,80033.16396980354,0.0,880364.8036678389,81360.0,96991.34578798535,14460.0
ST_Reg3.50in,ses,0.95,0.0,10,True,-1,0.0,2024-11-01,0.8150340877352994,0.5,4643.5551657730775,1819.7866585192796,251255.63926062462,81360.0,8945.58668907198,5300.0
ST_Reg3.50in,ses,0.95,0.1,10,True,-1,0.0,2024-11-01,0.8540386187738628,0.5,5662.367007458649,1242.8032684651882,198994.39661321585,81360.0,10672.291011720732,4960.0
ST_Reg3.50in,ses,0.95,0.2,10,True,-1,0.0,2024-11-01,0.8819935513073928,0.8333333333333334,6891.813940335891,872.8186059664109,171820.0,81360.0,12378.99533436948,4640.0
ST_Reg3.50in,ses,0.95,0.3,10,True,-1,0.0,2024-11-01,0.901004174742112,0.8333333333333334,8350.636051834757,732.2091220892518,172400.0,81360.0,14105.699657018231,4300.0
ST_Reg3.50in,ses,0.95,0.4,10,True,-1,0.0,2024-11-01,0.91976897713455,0.8333333333333334,9804.003617879074,593.4178200302744,173120.0,81360.0,15812.403979666982,3980.0
ST_Reg3.50in,ses,0.95,0.5,10,True,-1,0.0,2024-11-01,0.938779600569269,0.8333333333333334,11268.280274832478,452.8083361531158,173760.0,81360.0,17539.108302315726,3640.0
ST_Reg3.50in,ses,0.95,0.6,10,True,-1,0.0,2024-11-01,0.9575444029617071,0.8333333333333334,12721.6478408768,314.0170340941384,174480.0,81360.0,19245.812624964477,3320.0
ST_Reg3.50in,ses,0.95,0.7,10,True,-1,0.0,2024-11-01,0.9765550263964261,0.8333333333333334,14180.469952375659,173.40755021697922,175059.99999999997,81360.0,20972.51694761323,2980.0
ST_Reg3.50in,ses,0.95,0.8,10,True,-1,0.0,2024-11-01,0.9953198287888639,0.8333333333333334,15641.110245692707,34.616248158001824,175860.0,81360.0,22679.22127026198,2660.0
ST_Reg3.50in,ses,0.95,0.9,10,True,-1,0.0,2024-11-01,1.0,1.0,17205.92559291073,0.0,189265.18152201804,81360.0,24405.92559291073,2320.0
ST_Reg3.50in,ses,0.95,1.0,10,True,-1,0.0,2024-11-01,1.0,1.0,18799.902642832207,0.0,206798.92907115427,81360.0,26132.629915559475,1980.0
ST_Reg3.50in,ses,0.95,1.1,10,True,-1,0.0,2024-11-01,1.0,1.0,20402.9706018446,0.0,224432.67662029061,81360.0,27839.334238208234,1660.0
ST_Reg3.50in,ses,0.95,1.2,10,True,-1,0.0,2024-11-01,1.0,1.0,21998.76583358425,0.0,241986.42416942675,81360.0,29566.038560856978,1320.0
ST_Reg3.50in,ses,0.95,1.2816,10,True,-1,0.0,2024-11-01,1.0,1.0,23301.429288138355,0.0,256315.7221695219,81360.0,30961.42928813836,1060.0
ST_Reg3.50in,ses,0.95,1.3,10,True,-1,0.0,2024-11-01,1.0,1.0,23590.92470168755,0.0,259500.17171856304,81360.0,31272.74288350573,1000.0
ST_Reg3.50in,ses,0.95,1.4,10,True,-1,0.0,2024-11-01,1.0,1.0,25197.629024336293,0.0,277173.91926769924,81360.0,32999.44720615448,660.0
ST_Reg3.50in,ses,0.95,1.5,10,True,-1,0.0,2024-11-01,1.0,1.0,26787.969710621404,0.0,294667.66681683547,81360.0,34706.151528803224,340.0
ST_Reg3.50in,ses,0.95,1.6,10,True,-1,0.0,2024-11-01,1.0,1.0,28387.40130599744,0.0,312261.4143659718,81360.0,36432.85585145198,0.0
ST_Reg3.50in,ses,0.95,1.6449,10,True,-1,0.0,2024-11-01,1.0,1.0,29109.564274139448,0.0,320205.20701553393,81360.0,37207.746092321264,0.0
ST_Reg3.50in,ses,0.95,1.7,10,True,-1,0.0,2024-11-01,1.0,1.0,29986.83290137346,0.0,329855.16191510804,81360.0,38139.56017410073,0.0
ST_Reg3.50in,ses,0.95,1.8,10,True,-1,0.0,2024-11-01,1.0,1.0,31586.26449674949,0.0,347448.9094642444,81360.0,39866.264496749485,0.0
ST_Reg3.50in,ses,0.95,1.9,10,True,-1,0.0,2024-11-01,1.0,1.0,33183.87791030731,0.0,365022.65701338043,81360.0,41572.96881939823,0.0
ST_Reg3.50in,ses,0.95,2.0,10,True,-1,0.0,2024-11-01,1.0,1.0,34783.30950568333,0.0,382616.40456251666,81360.0,43299.67314204697,0.0
ST_Reg3.50in,ses,0.95,2.0537,10,True,-1,0.0,2024-11-01,1.0,1.0,35636.258817854825,0.0,391998.84699640307,81360.0,44221.71336330936,0.0
ST_Reg3.50in,ses,0.95,2.1,10,True,-1,0.0,2024-11-01,1.0,1.0,36379.104737423004,0.0,400170.152111653,81360.0,45026.37746469573,0.0
ST_Reg3.50in,ses,0.95,2.2,10,True,-1,0.0,2024-11-01,1.0,1.0,37982.17269643539,0.0,417803.89966078923,81360.0,46733.081787344476,0.0
ST_Reg3.50in,ses,0.95,2.3,10,True,-1,0.0,2024-11-01,1.0,1.0,39577.96792817504,0.0,435357.64720992546,81360.0,48459.78610999322,0.0
ST_Reg3.50in,ses,0.95,2.4,10,True,-1,0.0,2024-11-01,1.0,1.0,41164.6722508238,0.0,452811.3947590618,81360.0,50166.49043264198,0.0
ST_Reg3.50in,ses,0.95,2.5,10,True,-1,0.0,2024-11-01,1.0,1.0,42771.376573472546,0.0,470485.14230819803,81360.0,51893.19475529072,0.0
ST_Reg3.50in,ses,0.95,2.6,10,True,-1,0.0,2024-11-01,1.0,1.0,44363.535441575834,0.0,487998.8898573342,81360.0,53599.89907793948,0.0
ST_Reg3.50in,ses,0.95,2.7,10,True,-1,0.0,2024-11-01,1.0,1.0,45962.96703695186,0.0,505592.6374064704,81360.0,55326.603400588225,0.0
ST_Reg3.50in,ses,0.95,2.8,10,True,-1,0.0,2024-11-01,1.0,1.0,47562.39863232788,0.0,523186.38495560666,81360.0,57033.30772323697,0.0
ST_Reg3.50in,ses,0.95,2.9,10,True,-1,0.0,2024-11-01,1.0,1.0,49160.012045885735,0.0,540760.1325047431,81360.0,58760.01204588573,0.0
ST_Reg3.50in,ses,0.95,3.0,10,True,-1,0.0,2024-11-01,1.0,1.0,50752.17091398902,0.0,558273.8800538792,81360.0,60466.71636853447,0.0
ST_Reg3.50in,ses,0.95,3.5,10,True,-1,0.0,2024-11-01,1.0,1.0,58743.87434541458,0.0,646182.6177995604,81360.0,69060.23798177822,0.0
ST_Reg3.50in,ses,0.95,4.0,10,True,-1,0.0,2024-11-01,1.0,1.0,66739.21414047651,0.0,734131.3555452416,81360.0,77653.75959502197,0.0
ST_Reg3.50in,tsb,0.95,0.0,10,True,-1,0.0,2024-11-01,0.7418722993082295,0.5,3309.7114253903537,3376.7099258952117,407844.9175277672,81360.0,4589.365135858778,8500.0
ST_Reg3.50in,tsb,0.95,0.1,10,True,-1,0.0,2024-11-01,0.7852852296167594,0.5,4127.001427640806,2413.416468649215,310872.8272554625,81360.0,6515.403140809773,8100.0
ST_Reg3.50in,tsb,0.95,0.2,10,True,-1,0.0,2024-11-01,0.8286981599252894,0.5,5102.735274575036,1617.6577651779014,234072.44218989456,81360.0,8441.441145760771,7720.0
ST_Reg3.50in,tsb,0.95,0.3,10,True,-1,0.0,2024-11-01,0.860957216699997,0.6666666666666666,6395.210214218715,1140.458336234225,195797.7293421706,81360.0,10347.479150711762,7360.0
ST_Reg3.50in,tsb,0.95,0.4,10,True,-1,0.0,2024-11-01,0.8821720397696996,0.8333333333333334,7894.1065051479645,871.4984403942944,182700.0,81360.0,12273.517155662761,6960.0
ST_Reg3.50in,tsb,0.95,0.5,10,True,-1,0.0,2024-11-01,0.9036326838816834,0.8333333333333334,9519.595600557963,712.7677126714764,183120.0,81360.0,14199.55516061376,6580.0
ST_Reg3.50in,tsb,0.95,0.6,10,True,-1,0.0,2024-11-01,0.924847506951386,0.8333333333333334,11130.539241422503,555.8551667668409,183580.0,81360.0,16125.593165564751,6200.0
ST_Reg3.50in,tsb,0.95,0.7,10,True,-1,0.0,2024-11-01,0.9460623300210884,0.8333333333333334,12743.301064105228,398.9426208622046,184060.0,81360.0,18051.63117051575,5820.0
ST_Reg3.50in,tsb,0.95,0.8,10,True,-1,0.0,2024-11-01,0.9675229741330722,0.8333333333333334,14356.062886787955,240.21189313938655,184340.0,81360.0,19957.669175466748,5440.0
ST_Reg3.50in,tsb,0.95,0.9,10,True,-1,0.0,2024-11-01,0.9887377972027745,0.8333333333333334,15976.097436743397,83.29934723475095,184899.99999999997,81360.0,21883.70718041774,5060.0
ST_Reg3.50in,tsb,0.95,1.0,10,True,-1,0.0,2024-11-01,1.0,1.0,17664.290639914198,0.0,194307.19703905616,81360.0,23809.745185368738,4680.0
ST_Reg3.50in,tsb,0.95,1.1,10,True,-1,0.0,2024-11-01,1.0,1.0,19437.601372137913,0.0,213813.61509351706,81360.0,25735.783190319737,4280.0
ST_Reg3.50in,tsb,0.95,1.2,10,True,-1,0.0,2024-11-01,1.0,1.0,21205.45755890709,0.0,233260.03314797799,81360.0,27641.821195270728,3920.0
ST_Reg3.50in,tsb,0.95,1.2816,10,True,-1,0.0,2024-11-01,1.0,1.0,22656.450025492566,0.0,249220.9502804182,81360.0,29218.268207310743,3600.0
ST_Reg3.50in,tsb,0.95,1.3,10,True,-1,0.0,2024-11-01,1.0,1.0,22982.40465476718,0.0,252806.45120243897,81360.0,29567.859200221726,3540.0
ST_Reg3.50in,tsb,0.95,1.4,10,True,-1,0.0,2024-11-01,1.0,1.0,24757.533568809085,0.0,272332.8692568999,81360.0,31493.897205172718,3160.0
ST_Reg3.50in,tsb,0.95,1.5,10,True,-1,0.0,2024-11-01,1.0,1.0,26527.207937396444,0.0,291799.2873113609,81360.0,33419.93521012372,2760.0
ST_Reg3.50in,tsb,0.95,1.6,10,True,-1,0.0,2024-11-01,1.0,1.0,28295.064124165623,0.0,311245.70536582184,81360.0,35345.973215074715,2380.0
ST_Reg3.50in,tsb,0.95,1.6449,10,True,-1,0.0,2024-11-01,1.0,1.0,29090.918824752254,0.0,320000.1070722748,81360.0,36205.46427929771,2220.0
ST_Reg3.50in,tsb,0.95,1.7,10,True,-1,0.0,2024-11-01,1.0,1.0,30068.37485638935,0.0,330752.12342028285,81360.0,37252.01122002571,2020.0
ST_Reg3.50in,tsb,0.95,1.8,10,True,-1,0.0,2024-11-01,1.0,1.0,31843.50377043125,0.0,350278.54147474375,81360.0,39178.04922497671,1800.0
ST_Reg3.50in,tsb,0.95,1.9,10,True,-1,0.0,2024-11-01,1.0,1.0,33616.814502654976,0.0,369784.9595292047,81360.0,41104.087229927696,1700.0
ST_Reg3.50in,tsb,0.95,2.0,10,True,-1,0.0,2024-11-01,1.0,1.0,35388.30705306051,0.0,389271.3775836656,81360.0,43030.125234878695,1600.0
ST_Reg3.50in,tsb,0.95,2.0537,10,True,-1,0.0,2024-11-01,1.0,1.0,36338.23491626466,0.0,399720.5840789112,81360.0,44045.50764353739,1580.0
ST_Reg3.50in,tsb,0.95,2.1,10,True,-1,0.0,2024-11-01,1.0,1.0,37157.98142164788,0.0,408737.79563812667,81360.0,44936.16323982969,1540.0
ST_Reg3.50in,tsb,0.95,2.2,10,True,-1,0.0,2024-11-01,1.0,1.0,38933.11033568978,0.0,428264.21369258757,81360.0,46862.20124478069,1440.0
ST_Reg3.50in,tsb,0.95,2.3,10,True,-1,0.0,2024-11-01,1.0,1.0,40706.421067913485,0.0,447770.63174704835,81360.0,48788.239249731676,1340.0
ST_Reg3.50in,tsb,0.95,2.4,10,True,-1,0.0,2024-11-01,1.0,1.0,42477.913618319035,0.0,467257.0498015094,81360.0,50714.277254682675,1260.0
ST_Reg3.50in,tsb,0.95,2.5,10,True,-1,0.0,2024-11-01,1.0,1.0,44247.58798690641,0.0,486723.4678559705,81360.0,52640.31525963367,1160.0
ST_Reg3.50in,tsb,0.95,2.6,10,True,-1,0.0,2024-11-01,1.0,1.0,46026.35326458467,0.0,506289.8859104314,81360.0,54546.35326458467,1080.0
ST_Reg3.50in,tsb,0.95,2.7,10,True,-1,0.0,2024-11-01,1.0,1.0,47796.02763317202,0.0,525756.3039648923,81360.0,56472.39126953567,1000.0
ST_Reg3.50in,tsb,0.95,2.8,10,True,-1,0.0,2024-11-01,1.0,1.0,49567.52018357758,0.0,545242.7220193534,81360.0,58398.42927448667,900.0
ST_Reg3.50in,tsb,0.95,2.9,10,True,-1,0.0,2024-11-01,1.0,1.0,51340.830915801314,0.0,564749.1400738144,81360.0,60324.46727943767,800.0
ST_Reg3.50in,tsb,0.95,3.0,10,True,-1,0.0,2024-11-01,1.0,1.0,53115.95982984321,0.0,584275.5581282753,81360.0,62230.505284388666,740.0
ST_Reg3.50in,tsb,0.95,3.5,10,True,-1,0.0,2024-11-01,1.0,1.0,61978.87712732546,0.0,681767.64840058,81360.0,71840.69530914364,280.0
ST_Reg3.50in,tsb,0.95,4.0,10,True,-1,0.0,2024-11-01,1.0,1.0,70836.33987935317,0.0,779199.7386728848,81360.0,81450.88533389862,0.0
ST_Reg3.50in,xgb,0.95,0.0,10,True,-1,0.0,2024-11-01,0.011681423872167147,0.16666666666666666,0.0,22592.98149506206,2485227.9644568264,81360.0,0.0,16020.0
ST_Reg3.50in,xgb,0.95,0.1,10,True,-1,0.0,2024-11-01,0.0906405001769574,0.16666666666666666,0.0,19487.289907346825,2143601.8898081505,81360.0,0.0,15620.0
ST_Reg3.50in,xgb,0.95,0.2,10,True,-1,0.0,2024-11-01,0.1719264050372724,0.16666666666666666,0.0,16381.598319631596,1801975.8151594757,81360.0,0.0,15220.0
ST_Reg3.50in,xgb,0.95,0.3,10,True,-1,0.0,2024-11-01,0.2890130037619111,0.16666666666666666,0.0,13275.90673191637,1460349.7405108006,81360.0,0.0,14820.0
ST_Reg3.50in,xgb,0.95,0.4,10,True,-1,0.0,2024-11-01,0.40609960248654975,0.16666666666666666,0.0,10164.760598746589,1118123.6658621249,81360.0,0.0,14420.0
ST_Reg3.50in,xgb,0.95,0.5,10,True,-1,0.0,2024-11-01,0.507017611689137,0.3333333333333333,292.90052491421574,7344.69680867285,811138.5547280698,81360.0,1335.4764435140933,14020.0
ST_Reg3.50in,xgb,0.95,0.6,10,True,-1,0.0,2024-11-01,0.5817977302751465,0.3333333333333333,1553.4234852695276,5499.528181312931,622035.7582823873,81360.0,4777.531667592961,13640.0
ST_Reg3.50in,xgb,0.95,0.7,10,True,-1,0.0,2024-11-01,0.6774675599190693,0.3333333333333333,3014.3576780326475,3854.770786360823,457182.72095804964,81360.0,8219.586891671825,13240.0
ST_Reg3.50in,xgb,0.95,0.8,10,True,-1,0.0,2024-11-01,0.7547109664638814,0.5,4982.863164568625,2712.13013972702,353145.81018022704,81360.0,11661.642115750696,12840.0
ST_Reg3.50in,xgb,0.95,0.9,10,True,-1,0.0,2024-11-01,0.8294910850498909,0.6666666666666666,7086.325338057862,1702.627998228302,265238.6585237497,81360.0,15123.69733982956,12420.0
ST_Reg3.50in,xgb,0.95,1.0,10,True,-1,0.0,2024-11-01,0.9042712036359004,0.6666666666666666,9369.638228297037,880.2493007522472,199893.44359401462,81360.0,18565.752563908427,12020.0
ST_Reg3.50in,xgb,0.95,1.1,10,True,-1,0.0,2024-11-01,0.9659268410519578,0.8333333333333334,11847.097989079357,252.01747381933686,158040.0,81360.0,22007.807787987294,11620.0
ST_Reg3.50in,xgb,0.95,1.2,10,True,-1,0.0,2024-11-01,1.0,1.0,14708.044830247982,0.0,161788.4931327278,81360.0,25449.863012066162,11240.0
ST_Reg3.50in,xgb,0.95,1.2816,10,True,-1,0.0,2024-11-01,1.0,1.0,17237.460074914514,0.0,189612.06082405965,81360.0,28257.460074914517,10900.0
ST_Reg3.50in,xgb,0.95,1.3,10,True,-1,0.0,2024-11-01,1.0,1.0,17811.918236145026,0.0,195931.1005975953,81360.0,28891.91823614503,10840.0
ST_Reg3.50in,xgb,0.95,1.4,10,True,-1,0.0,2024-11-01,1.0,1.0,20921.246187496614,0.0,230133.70806246274,81360.0,32333.97346022389,10440.0
ST_Reg3.50in,xgb,0.95,1.5,10,True,-1,0.0,2024-11-01,1.0,1.0,24026.93777521185,0.0,264296.3155273303,81360.0,35776.02868430276,10040.0
ST_Reg3.50in,xgb,0.95,1.6,10,True,-1,0.0,2024-11-01,1.0,1.0,27136.26572656345,0.0,298498.922992198,81360.0,39218.08390838163,9640.0
ST_Reg3.50in,xgb,0.95,1.6449,10,True,-1,0.0,2024-11-01,1.0,1.0,28530.795794902133,0.0,313838.75374392344,81360.0,40759.88670399304,9460.0
ST_Reg3.50in,xgb,0.95,1.7,10,True,-1,0.0,2024-11-01,1.0,1.0,30241.957314278676,0.0,332661.53045706544,81360.0,42660.13913246049,9240.0
ST_Reg3.50in,xgb,0.95,1.8,10,True,-1,0.0,2024-11-01,1.0,1.0,33349.46708381208,0.0,366844.1379219329,81360.0,46102.19435653936,8860.0
ST_Reg3.50in,xgb,0.95,1.9,10,True,-1,0.0,2024-11-01,1.0,1.0,36466.06776243641,0.0,401126.7453868005,81360.0,49544.24958061823,8460.0
ST_Reg3.50in,xgb,0.95,2.0,10,True,-1,0.0,2024-11-01,1.0,1.0,39575.395713788006,0.0,435329.3528516681,81360.0,53006.304804697094,8040.0
ST_Reg3.50in,xgb,0.95,2.0537,10,True,-1,0.0,2024-11-01,1.0,1.0,41241.03027820927,0.0,453651.33306030196,81360.0,54842.84846002745,7840.0
ST_Reg3.50in,xgb,0.95,2.1,10,True,-1,0.0,2024-11-01,1.0,1.0,42681.08730150324,0.0,469491.96031653567,81360.0,56448.36002877596,7640.0
ST_Reg3.50in,xgb,0.95,2.2,10,True,-1,0.0,2024-11-01,1.0,1.0,45788.597071036646,0.0,503674.5677814031,81360.0,59890.41525285483,7240.0
ST_Reg3.50in,xgb,0.95,2.3,10,True,-1,0.0,2024-11-01,1.0,1.0,48901.56138602459,0.0,537917.1752462705,81360.0,63332.47047693368,6840.0
ST_Reg3.50in,xgb,0.95,2.4,10,True,-1,0.0,2024-11-01,1.0,1.0,52007.25297373984,0.0,572079.7827111383,81360.0,66774.52570101256,6440.0
ST_Reg3.50in,xgb,0.95,2.5,10,True,-1,0.0,2024-11-01,1.0,1.0,55109.3081978187,0.0,606202.3901760057,81360.0,70216.58092509143,6060.0
ST_Reg3.50in,xgb,0.95,2.6,10,True,-1,0.0,2024-11-01,1.0,1.0,58222.27251280667,0.0,640444.9976408733,81360.0,73658.6361491703,5660.0
ST_Reg3.50in,xgb,0.95,2.7,10,True,-1,0.0,2024-11-01,1.0,1.0,61329.78228234008,0.0,674627.6051057408,81360.0,77100.69137324917,5260.0
ST_Reg3.50in,xgb,0.95,2.8,10,True,-1,0.0,2024-11-01,1.0,1.0,64439.110233691645,0.0,708830.2125706081,81360.0,80542.74659732802,4860.0
ST_Reg3.50in,xgb,0.95,2.9,10,True,-1,0.0,2024-11-01,1.0,1.0,67544.8018214069,0.0,742992.8200354759,81360.0,83984.80182140689,4460.0
ST_Reg3.50in,xgb,0.95,3.0,10,True,-1,0.0,2024-11-01,1.0,1.0,70654.12977275848,0.0,777195.4275003433,81360.0,87426.85704548575,4060.0
ST_Reg3.50in,xgb,0.95,3.5,10,True,-1,0.0,2024-11-01,1.0,1.0,86198.95134769828,0.0,948188.464824681,81360.0,104657.13316588009,2060.0
ST_Reg3.50in,xgb,0.95,4.0,10,True,-1,0.0,2024-11-01,1.0,1.0,101738.31837718352,0.0,1119121.5021490187,81360.0,121867.40928627443,80.0
ST_Reg4.00in,arima,0.95,0.0,10,True,-1,0.0,2024-11-01,0.7552836394937582,0.6666666666666666,3440.2749658595344,1484.6193466322065,201151.1527539976,17760.0,0.0,10040.0
ST_Reg4.00in,arima,0.95,0.1,10,True,-1,0.0,2024-11-01,0.7965627236828382,0.6666666666666666,4412.883985058476,1151.384557905815,175194.02520528287,17760.0,0.0,9900.0
ST_Reg4.00in,arima,0.95,0.2,10,True,-1,0.0,2024-11-01,0.8378418078719182,0.6666666666666666,5385.493004257419,818.1497691794241,149236.89765656824,17760.0,0.0,9760.0
ST_Reg4.00in,arima,0.95,0.3,10,True,-1,0.0,2024-11-01,0.9455623335024396,0.8333333333333334,6692.607580639086,175.7841739993951,92954.94252696341,17760.0,0.0,8440.0
ST_Reg4.00in,arima,0.95,0.4,10,True,-1,0.0,2024-11-01,1.0,1.0,8509.939941837754,0.0,93609.3393602153,17760.0,1026.3035782013903,7040.0
ST_Reg4.00in,arima,0.95,0.5,10,True,-1,0.0,2024-11-01,1.0,1.0,10483.056477035814,0.0,115313.62124739395,17760.0,2999.42011339945,5660.0
ST_Reg4.00in,arima,0.95,0.6,10,True,-1,0.0,2024-11-01,1.0,1.0,12476.173012233874,0.0,137237.9031345726,17760.0,4992.53664859751,4240.0
ST_Reg4.00in,arima,0.95,0.7,10,True,-1,0.0,2024-11-01,1.0,1.0,14469.289547431934,0.0,159162.18502175127,17760.0,6985.65318379557,2840.0
ST_Reg4.00in,arima,0.95,0.8,10,True,-1,0.0,2024-11-01,1.0,1.0,16462.406082629994,0.0,181086.46690892993,17760.0,8978.76971899363,1440.0
ST_Reg4.00in,arima,0.95,0.9,10,True,-1,0.0,2024-11-01,1.0,1.0,18455.522617828054,0.0,203010.7487961086,17760.0,10971.88625419169,40.0
ST_Reg4.00in,arima,0.95,1.0,10,True,-1,0.0,2024-11-01,1.0,1.0,20448.639153026113,0.0,224935.03068328724,17760.0,12965.00278938975,0.0
ST_Reg4.00in,arima,0.95,1.1,10,True,-1,0.0,2024-11-01,1.0,1.0,22441.755688224177,0.0,246859.31257046596,17760.0,14958.119324587817,0.0
ST_Reg4.00in,arima,0.95,1.2,10,True,-1,0.0,2024-11-01,1.0,1.0,24434.872223422233,0.0,268783.59445764456,17760.0,16951.23585978587,0.0
ST_Reg4.00in,arima,0.95,1.2816,10,True,-1,0.0,2024-11-01,1.0,1.0,26803.655316143853,0.0,294840.2084775824,17760.0,19320.01895250749,0.0
ST_Reg4.00in,arima,0.95,1.3,10,True,-1,0.0,2024-11-01,1.0,1.0,27427.988758620297,0.0,301707.8763448233,17760.0,19944.352394983936,0.0
ST_Reg4.00in,arima,0.95,1.4,10,True,-1,0.0,2024-11-01,1.0,1.0,30821.105293818353,0.0,339032.1582320019,17760.0,23337.46893018199,0.0
ST_Reg4.00in,arima,0.95,1.5,10,True,-1,0.0,2024-11-01,1.0,1.0,34214.22182901642,0.0,376356.4401191806,17760.0,26730.585465380056,0.0
ST_Reg4.00in,arima,0.95,1.6,10,True,-1,0.0,2024-11-01,1.0,1.0,37607.338364214476,0.0,413680.72200635925,17760.0,30123.702000578116,0.0
ST_Reg4.00in,arima,0.95,1.6449,10,True,-1,0.0,2024-11-01,1.0,1.0,39130.84768851841,0.0,430439.3245737025,17760.0,31647.211324882046,0.0
ST_Reg4.00in,arima,0.95,1.7,10,True,-1,0.0,2024-11-01,1.0,1.0,41000.45489941253,0.0,451005.00389353785,17760.0,33516.81853577617,0.0
ST_Reg4.00in,arima,0.95,1.8,10,True,-1,0.0,2024-11-01,1.0,1.0,44393.5714346106,0.0,488329.28578071663,17760.0,36909.93507097424,0.0
ST_Reg4.00in,arima,0.95,1.9,10,True,-1,0.0,2024-11-01,1.0,1.0,47786.687969808656,0.0,525653.5676678952,17760.0,40303.05160617229,0.0
ST_Reg4.00in,arima,0.95,2.0,10,True,-1,0.0,2024-11-01,1.0,1.0,51179.80450500673,0.0,562977.849555074,17760.0,43696.16814137036,0.0
ST_Reg4.00in,arima,0.95,2.0537,10,True,-1,0.0,2024-11-01,1.0,1.0,53001.90808440808,0.0,583020.9889284889,17760.0,45518.27172077172,0.0
ST_Reg4.00in,arima,0.95,2.1,10,True,-1,0.0,2024-11-01,1.0,1.0,54572.92104020479,0.0,600302.1314422527,17760.0,47089.28467656842,0.0
ST_Reg4.00in,arima,0.95,2.2,10,True,-1,0.0,2024-11-01,1.0,1.0,57966.03757540287,0.0,637626.4133294316,17760.0,50482.4012117665,0.0
ST_Reg4.00in,arima,0.95,2.3,10,True,-1,0.0,2024-11-01,1.0,1.0,61359.15411060092,0.0,674950.6952166101,17760.0,53875.51774696454,0.0
ST_Reg4.00in,arima,0.95,2.4,10,True,-1,0.0,2024-11-01,1.0,1.0,64752.27064579898,0.0,712274.9771037888,17760.0,57268.6342821626,0.0
ST_Reg4.00in,arima,0.95,2.5,10,True,-1,0.0,2024-11-01,1.0,1.0,68145.38718099704,0.0,749599.2589909674,17760.0,60661.75081736066,0.0
ST_Reg4.00in,arima,0.95,2.6,10,True,-1,0.0,2024-11-01,1.0,1.0,71538.5037161951,0.0,786923.5408781462,17760.0,64054.86735255874,0.0
ST_Reg4.00in,arima,0.95,2.7,10,True,-1,0.0,2024-11-01,1.0,1.0,74931.62025139316,0.0,824247.8227653248,17760.0,67447.9838877568,0.0
ST_Reg4.00in,arima,0.95,2.8,10,True,-1,0.0,2024-11-01,1.0,1.0,78324.73678659122,0.0,861572.1046525034,17760.0,70841.10042295484,0.0
ST_Reg4.00in,arima,0.95,2.9,10,True,-1,0.0,2024-11-01,1.0,1.0,81717.85332178928,0.0,898896.386539682,17760.0,74234.2169581529,0.0
ST_Reg4.00in,arima,0.95,3.0,10,True,-1,0.0,2024-11-01,1.0,1.0,85110.96985698734,0.0,936220.6684268608,17760.0,77627.33349335098,0.0
ST_Reg4.00in,arima,0.95,3.5,10,True,-1,0.0,2024-11-01,1.0,1.0,102076.55253297764,0.0,1122842.077862754,17760.0,94592.91616934128,0.0
ST_Reg4.00in,arima,0.95,4.0,10,True,-1,0.0,2024-11-01,1.0,1.0,119042.13520896794,0.0,1309463.4872986474,17760.0,111558.49884533157,0.0
ST_Reg4.00in,croston,0.95,0.0,10,True,-1,0.0,2024-11-01,1.0,1.0,12663.467651753106,0.0,139298.14416928418,17760.0,6094.3767426622,6000.0
ST_Reg4.00in,croston,0.95,0.1,10,True,-1,0.0,2024-11-01,1.0,1.0,14830.495418904244,0.0,163135.44960794668,17760.0,7799.586327995155,5800.0
ST_Reg4.00in,croston,0.95,0.2,10,True,-1,0.0,2024-11-01,1.0,1.0,17024.795913328115,0.0,187272.75504660927,17760.0,9604.795913328111,5520.0
ST_Reg4.00in,croston,0.95,0.3,10,True,-1,0.0,2024-11-01,1.0,1.0,19613.64186229743,0.0,215750.06048527174,17760.0,12130.005498661063,4520.0
ST_Reg4.00in,croston,0.95,0.4,10,True,-1,0.0,2024-11-01,1.0,1.0,22278.851447630383,0.0,245067.3659239342,17760.0,14795.215083994015,3360.0
ST_Reg4.00in,croston,0.95,0.5,10,True,-1,0.0,2024-11-01,1.0,1.0,24924.061032963335,0.0,274164.6713625967,17760.0,17440.424669326967,2240.0
ST_Reg4.00in,croston,0.95,0.6,10,True,-1,0.0,2024-11-01,1.0,1.0,27589.270618296287,0.0,303481.97680125915,17760.0,20105.63425465992,1080.0
ST_Reg4.00in,croston,0.95,0.7,10,True,-1,0.0,2024-11-01,1.0,1.0,30254.480203629242,0.0,332799.2822399217,17760.0,22770.84383999288,0.0
ST_Reg4.00in,croston,0.95,0.8,10,True,-1,0.0,2024-11-01,1.0,1.0,32899.6897889622,0.0,361896.5876785842,17760.0,25416.053425325837,0.0
ST_Reg4.00in,croston,0.95,0.9,10,True,-1,0.0,2024-11-01,1.0,1.0,35564.89937429515,0.0,391213.8931172467,17760.0,28081.26301065879,0.0
ST_Reg4.00in,croston,0.95,1.0,10,True,-1,0.0,2024-11-01,1.0,1.0,38230.1089596281,0.0,420531.19855590916,17760.0,30746.47259599174,0.0
ST_Reg4.00in,croston,0.95,1.1,10,True,-1,0.0,2024-11-01,1.0,1.0,40895.31854496106,0.0,449848.5039945717,17760.0,33411.6821813247,0.0
ST_Reg4.00in,croston,0.95,1.2,10,True,-1,0.0,2024-11-01,1.0,1.0,43540.528130294006,0.0,478945.8094332341,17760.0,36056.891766657645,0.0
ST_Reg4.00in,croston,0.95,1.2816,10,True,-1,0.0,2024-11-01,1.0,1.0,45713.8991519257,0.0,502852.8906711828,17760.0,38230.26278828934,0.0
ST_Reg4.00in,croston,0.95,1.3,10,True,-1,0.0,2024-11-01,1.0,1.0,46205.73771562696,0.0,508263.11487189657,17760.0,38722.1013519906,0.0
ST_Reg4.00in,croston,0.95,1.4,10,True,-1,0.0,2024-11-01,1.0,1.0,48870.94730095991,0.0,537580.420310559,17760.0,41387.31093732355,0.0
ST_Reg4.00in,croston,0.95,1.5,10,True,-1,0.0,2024-11-01,1.0,1.0,51516.15688629286,0.0,566677.7257492215,17760.0,44032.5205226565,0.0
ST_Reg4.00in,croston,0.95,1.6,10,True,-1,0.0,2024-11-01,1.0,1.0,54721.366471625835,0.0,601935.0311878842,17760.0,47237.73010798947,0.0
ST_Reg4.00in,croston,0.95,1.6449,10,True,-1,0.0,2024-11-01,1.0,1.0,56214.385575440334,0.0,618358.2413298436,17760.0,48730.749211803966,0.0
ST_Reg4.00in,croston,0.95,1.7,10,True,-1,0.0,2024-11-01,1.0,1.0,58046.57605695878,0.0,638512.3366265466,17760.0,50562.93969332242,0.0
ST_Reg4.00in,croston,0.95,1.8,10,True,-1,0.0,2024-11-01,1.0,1.0,61371.78564229176,0.0,675089.6420652093,17760.0,53888.149278655386,0.0
ST_Reg4.00in,croston,0.95,1.9,10,True,-1,0.0,2024-11-01,1.0,1.0,64696.995227624684,0.0,711666.9475038715,17760.0,57213.358863988324,0.0
ST_Reg4.00in,croston,0.95,2.0,10,True,-1,0.0,2024-11-01,1.0,1.0,68022.20481295766,0.0,748244.2529425343,17760.0,60538.56844932129,0.0
ST_Reg4.00in,croston,0.95,2.0537,10,True,-1,0.0,2024-11-01,1.0,1.0,69807.84236028147,0.0,767886.2659630962,17760.0,62324.20599664509,0.0
ST_Reg4.00in,croston,0.95,2.1,10,True,-1,0.0,2024-11-01,1.0,1.0,71347.4143982906,0.0,784821.5583811966,17760.0,63863.77803465424,0.0
ST_Reg4.00in,croston,0.95,2.2,10,True,-1,0.0,2024-11-01,1.0,1.0,74672.62398362356,0.0,821398.8638198592,17760.0,67188.9876199872,0.0
ST_Reg4.00in,croston,0.95,2.3,10,True,-1,0.0,2024-11-01,1.0,1.0,77997.8335689565,0.0,857976.1692585215,17760.0,70514.19720532015,0.0
ST_Reg4.00in,croston,0.95,2.4,10,True,-1,0.0,2024-11-01,1.0,1.0,81323.04315428947,0.0,894553.4746971842,17760.0,73839.4067906531,0.0
ST_Reg4.00in,croston,0.95,2.5,10,True,-1,0.0,2024-11-01,1.0,1.0,84648.2527396224,0.0,931130.7801358465,17760.0,77164.61637598605,0.0
ST_Reg4.00in,croston,0.95,2.6,10,True,-1,0.0,2024-11-01,1.0,1.0,87973.46232495537,0.0,967708.0855745091,17760.0,80489.825961319,0.0
ST_Reg4.00in,croston,0.95,2.7,10,True,-1,0.0,2024-11-01,1.0,1.0,91298.6719102883,0.0,1004285.3910131714,17760.0,83815.03554665195,0.0
ST_Reg4.00in,croston,0.95,2.8,10,True,-1,0.0,2024-11-01,1.0,1.0,94623.88149562127,0.0,1040862.696451834,17760.0,87140.2451319849,0.0
ST_Reg4.00in,croston,0.95,2.9,10,True,-1,0.0,2024-11-01,1.0,1.0,97949.09108095421,0.0,1077440.0018904964,17760.0,90465.45471731786,0.0
ST_Reg4.00in,croston,0.95,3.0,10,True,-1,0.0,2024-11-01,1.0,1.0,101274.30066628718,0.0,1114017.307329159,17760.0,93790.66430265081,0.0
ST_Reg4.00in,croston,0.95,3.5,10,True,-1,0.0,2024-11-01,1.0,1.0,117900.34859295198,0.0,1296903.8345224718,17760.0,110416.7122293156,0.0
ST_Reg4.00in,croston,0.95,4.0,10,True,-1,0.0,2024-11-01,1.0,1.0,134526.39651961674,0.0,1479790.3617157843,17760.0,127042.76015598036,0.0
ST_Reg4.00in,hybrid,0.95,0.0,10,True,-1,0.0,2024-11-01,1.0,1.0,12590.780507867987,0.0,138498.58558654785,17760.0,5168.962326049805,0.0
ST_Reg4.00in,hybrid,0.95,0.1,10,True,-1,0.0,2024-11-01,1.0,1.0,13458.95640776228,0.0,148048.5204853851,17760.0,5998.956407762282,160.0
ST_Reg4.00in,hybrid,0.95,0.2,10,True,-1,0.0,2024-11-01,1.0,1.0,14452.586853111121,0.0,158978.45538422232,17760.0,6968.950489474759,360.0
ST_Reg4.00in,hybrid,0.95,0.3,10,True,-1,0.0,2024-11-01,1.0,1.0,15682.580934823594,0.0,172508.39028305953,17760.0,8198.944571187232,300.0
ST_Reg4.00in,hybrid,0.95,0.4,10,True,-1,0.0,2024-11-01,1.0,1.0,16932.57501653607,0.0,186258.32518189677,17760.0,9448.93865289971,220.0
ST_Reg4.00in,hybrid,0.95,0.5,10,True,-1,0.0,2024-11-01,1.0,1.0,18162.569098248554,0.0,199788.2600807341,17760.0,10678.932734612186,180.0
ST_Reg4.00in,hybrid,0.95,0.6,10,True,-1,0.0,2024-11-01,1.0,1.0,19392.56317996102,0.0,213318.1949795712,17760.0,11908.92681632466,120.0
ST_Reg4.00in,hybrid,0.95,0.7,10,True,-1,0.0,2024-11-01,1.0,1.0,20642.557261673504,0.0,227068.12987840854,17760.0,13158.920898037137,40.0
ST_Reg4.00in,hybrid,0.95,0.8,10,True,-1,0.0,2024-11-01,1.0,1.0,21872.551343385978,0.0,240598.06477724577,17760.0,14388.914979749614,0.0
ST_Reg4.00in,hybrid,0.95,0.9,10,True,-1,0.0,2024-11-01,1.0,1.0,23102.54542509845,0.0,254127.99967608298,17760.0,15618.909061462087,0.0
ST_Reg4.00in,hybrid,0.95,1.0,10,True,-1,0.0,2024-11-01,1.0,1.0,24352.53950681093,0.0,267877.9345749202,17760.0,16868.903143174568,0.0
ST_Reg4.00in,hybrid,0.95,1.1,10,True,-1,0.0,2024-11-01,1.0,1.0,25582.533588523405,0.0,281407.86947375746,17760.0,18098.89722488704,0.0
ST_Reg4.00in,hybrid,0.95,1.2,10,True,-1,0.0,2024-11-01,1.0,1.0,26832.527670235882,0.0,295157.8043725947,17760.0,19348.891306599515,0.0
ST_Reg4.00in,hybrid,0.95,1.2816,10,True,-1,0.0,2024-11-01,1.0,1.0,27837.642840913264,0.0,306214.0712500459,17760.0,20354.006477276896,0.0
ST_Reg4.00in,hybrid,0.95,1.3,10,True,-1,0.0,2024-11-01,1.0,1.0,28062.521751948356,0.0,308687.7392714319,17760.0,20578.885388311995,0.0
ST_Reg4.00in,hybrid,0.95,1.4,10,True,-1,0.0,2024-11-01,1.0,1.0,29292.51583366084,0.0,322217.6741702692,17760.0,21808.87947002447,0.0
ST_Reg4.00in,hybrid,0.95,1.5,10,True,-1,0.0,2024-11-01,1.0,1.0,30542.509915373303,0.0,335967.60906910634,17760.0,23058.873551736942,0.0
ST_Reg4.00in,hybrid,0.95,1.6,10,True,-1,0.0,2024-11-01,1.0,1.0,31772.50399708579,0.0,349497.5439679437,17760.0,24288.867633449423,0.0
ST_Reg4.00in,hybrid,0.95,1.6449,10,True,-1,0.0,2024-11-01,1.0,1.0,32330.93133977469,0.0,355640.24473752157,17760.0,24847.29497613832,0.0
ST_Reg4.00in,hybrid,0.95,1.7,10,True,-1,0.0,2024-11-01,1.0,1.0,33002.49807879826,0.0,363027.4788667808,17760.0,25518.861715161896,0.0
ST_Reg4.00in,hybrid,0.95,1.8,10,True,-1,0.0,2024-11-01,1.0,1.0,35972.49216051074,0.0,395697.4137656181,17760.0,28488.85579687437,0.0
ST_Reg4.00in,hybrid,0.95,1.9,10,True,-1,0.0,2024-11-01,1.0,1.0,39042.4862422232,0.0,429467.34866445523,17760.0,31558.849878586843,0.0
ST_Reg4.00in,hybrid,0.95,2.0,10,True,-1,0.0,2024-11-01,1.0,1.0,42112.48032393569,0.0,463237.28356329264,17760.0,34628.84396029933,0.0
ST_Reg4.00in,hybrid,0.95,2.0537,10,True,-1,0.0,2024-11-01,1.0,1.0,43761.067145815294,0.0,481371.73860396823,17760.0,36277.430782178926,0.0
ST_Reg4.00in,hybrid,0.95,2.1,10,True,-1,0.0,2024-11-01,1.0,1.0,45182.47440564818,0.0,497007.21846212994,17760.0,37698.838042011805,0.0
ST_Reg4.00in,hybrid,0.95,2.2,10,True,-1,0.0,2024-11-01,1.0,1.0,48252.46848736064,0.0,530777.1533609671,17760.0,40768.83212372428,0.0
ST_Reg4.00in,hybrid,0.95,2.3,10,True,-1,0.0,2024-11-01,1.0,1.0,51322.462569073105,0.0,564547.0882598042,17760.0,43838.82620543675,0.0
ST_Reg4.00in,hybrid,0.95,2.4,10,True,-1,0.0,2024-11-01,1.0,1.0,54392.45665078559,0.0,598317.0231586415,17760.0,46908.820287149225,0.0
ST_Reg4.00in,hybrid,0.95,2.5,10,True,-1,0.0,2024-11-01,1.0,1.0,57462.45073249807,0.0,632086.9580574788,17760.0,49978.8143688617,0.0
ST_Reg4.00in,hybrid,0.95,2.6,10,True,-1,0.0,2024-11-01,1.0,1.0,60532.44481421055,0.0,665856.892956316,17760.0,53048.808450574186,0.0
ST_Reg4.00in,hybrid,0.95,2.7,10,True,-1,0.0,2024-11-01,1.0,1.0,63602.43889592301,0.0,699626.8278551531,17760.0,56118.80253228666,0.0
ST_Reg4.00in,hybrid,0.95,2.8,10,True,-1,0.0,2024-11-01,1.0,1.0,66672.43297763552,0.0,733396.7627539906,17760.0,59188.79661399913,0.0
ST_Reg4.00in,hybrid,0.95,2.9,10,True,-1,0.0,2024-11-01,1.0,1.0,69742.42705934797,0.0,767166.6976528277,17760.0,62258.79069571161,0.0
ST_Reg4.00in,hybrid,0.95,3.0,10,True,-1,0.0,2024-11-01,1.0,1.0,72812.42114106043,0.0,800936.6325516648,17760.0,65328.78477742408,0.0
ST_Reg4.00in,hybrid,0.95,3.5,10,True,-1,0.0,2024-11-01,1.0,1.0,88162.39154962281,0.0,969786.3070458509,17760.0,80678.75518598646,0.0
ST_Reg4.00in,hybrid,0.95,4.0,10,True,-1,0.0,2024-11-01,1.0,1.0,103512.36195818521,0.0,1138635.9815400373,17760.0,96028.72559454884,0.0
ST_Reg4.00in,mitra,0.95,0.0,10,True,-1,0.0,2024-11-01,0.5028153153153155,0.3333333333333333,712.1212121212124,2648.181818181817,299133.3333333332,17760.0,0.0,8520.0
ST_Reg4.00in,mitra,0.95,0.1,10,True,-1,0.0,2024-11-01,0.6167273615193506,0.3333333333333333,837.7622994293131,2110.978743477182,241423.04707621248,17760.0,0.0,8400.0
ST_Reg4.00in,mitra,0.95,0.2,10,True,-1,0.0,2024-11-01,0.6722251479198074,0.6666666666666666,1146.5737965758797,1769.6733513382821,207276.38040954567,17760.0,0.0,8300.0
ST_Reg4.00in,mitra,0.95,0.3,10,True,-1,0.0,2024-11-01,0.7060667008586899,0.6666666666666666,1521.678876682,1489.2069967043938,180551.2372809853,17760.0,0.0,8160.0
ST_Reg4.00in,mitra,0.95,0.4,10,True,-1,0.0,2024-11-01,0.7410343799236988,0.6666666666666666,1896.7839567881224,1214.1951875250495,154426.0941524248,17760.0,0.0,8060.0
ST_Reg4.00in,mitra,0.95,0.5,10,True,-1,0.0,2024-11-01,0.7760020589887074,0.6666666666666666,2268.25267325788,931.9106510729791,127460.95102386439,17760.0,0.0,7940.0
ST_Reg4.00in,mitra,0.95,0.6,10,True,-1,0.0,2024-11-01,0.8098436119275902,0.6666666666666666,2646.9941170003653,658.717023711817,101575.80789530388,17760.0,0.0,7820.0
ST_Reg4.00in,mitra,0.95,0.7,10,True,-1,0.0,2024-11-01,0.8506586180212339,0.6666666666666666,3040.9807476571323,395.3140378103936,76935.33238337174,17760.0,0.0,7700.0
ST_Reg4.00in,mitra,0.95,0.8,10,True,-1,0.0,2024-11-01,0.9183417238989994,0.6666666666666666,3523.545096889538,231.39786139369608,64212.76081909148,17760.0,0.0,7580.0
ST_Reg4.00in,mitra,0.95,0.9,10,True,-1,0.0,2024-11-01,0.973305207681175,0.8333333333333334,4030.282217796274,86.19991119678757,53815.09462740565,17760.0,0.0,7460.0
ST_Reg4.00in,mitra,0.95,1.0,10,True,-1,0.0,2024-11-01,1.0,1.0,4597.835559521317,0.0,50576.191154734486,17760.0,126.92646861222602,7360.0
ST_Reg4.00in,mitra,0.95,1.1,10,True,-1,0.0,2024-11-01,1.0,1.0,5251.588812443145,0.0,57767.47693687459,17760.0,747.95244880678,7220.0
ST_Reg4.00in,mitra,0.95,1.2,10,True,-1,0.0,2024-11-01,1.0,1.0,5907.160247183155,0.0,64978.7627190147,17760.0,1348.9784290013376,7120.0
ST_Reg4.00in,mitra,0.95,1.2816,10,True,-1,0.0,2024-11-01,1.0,1.0,6436.986537931004,0.0,70806.85191724105,17760.0,1847.895628840095,7020.0
ST_Reg4.00in,mitra,0.95,1.3,10,True,-1,0.0,2024-11-01,1.0,1.0,6553.640772832253,0.0,72090.04850115479,17760.0,1970.0044091958916,7000.0
ST_Reg4.00in,mitra,0.95,1.4,10,True,-1,0.0,2024-11-01,1.0,1.0,7209.212207572267,0.0,79301.33428329494,17760.0,2571.0303893904493,6880.0
ST_Reg4.00in,mitra,0.95,1.5,10,True,-1,0.0,2024-11-01,1.0,1.0,7862.965460494093,0.0,86492.62006543503,17760.0,3192.0563695850033,6760.0
ST_Reg4.00in,mitra,0.95,1.6,10,True,-1,0.0,2024-11-01,1.0,1.0,8516.718713415925,0.0,93683.90584757518,17760.0,3793.082349779561,6660.0
ST_Reg4.00in,mitra,0.95,1.6449,10,True,-1,0.0,2024-11-01,1.0,1.0,8805.026651250551,0.0,96855.29316375607,17760.0,4068.6630148869153,6600.0
ST_Reg4.00in,mitra,0.95,1.7,10,True,-1,0.0,2024-11-01,1.0,1.0,9168.653784519569,0.0,100855.19162971526,17760.0,4414.108329974115,6520.0
ST_Reg4.00in,mitra,0.95,1.8,10,True,-1,0.0,2024-11-01,1.0,1.0,9818.770673805038,0.0,108006.47741185542,17760.0,5015.1343101686725,6420.0
ST_Reg4.00in,mitra,0.95,1.9,10,True,-1,0.0,2024-11-01,1.0,1.0,10476.160290363228,0.0,115237.7631939955,17760.0,5636.1602903632265,6300.0
ST_Reg4.00in,mitra,0.95,2.0,10,True,-1,0.0,2024-11-01,1.0,1.0,11139.004452375964,0.0,122529.04897613561,17760.0,6237.186270557784,6180.0
ST_Reg4.00in,mitra,0.95,2.0537,10,True,-1,0.0,2024-11-01,1.0,1.0,11492.115403740441,0.0,126413.26944114486,17760.0,6570.297221922261,6120.0
ST_Reg4.00in,mitra,0.95,2.1,10,True,-1,0.0,2024-11-01,1.0,1.0,11803.666796206888,0.0,129840.33475827577,17760.0,6858.212250752342,6060.0
ST_Reg4.00in,mitra,0.95,2.2,10,True,-1,0.0,2024-11-01,1.0,1.0,12457.420049128716,0.0,137031.62054041587,17760.0,7459.238230946896,5960.0
ST_Reg4.00in,mitra,0.95,2.3,10,True,-1,0.0,2024-11-01,1.0,1.0,13127.536938414176,0.0,144402.90632255594,17760.0,8080.26421114145,5820.0
ST_Reg4.00in,mitra,0.95,2.4,10,True,-1,0.0,2024-11-01,1.0,1.0,13784.926554972371,0.0,151634.1921046961,17760.0,8681.290191336007,5720.0
ST_Reg4.00in,mitra,0.95,2.5,10,True,-1,0.0,2024-11-01,1.0,1.0,14449.588898803295,0.0,158945.47788683625,17760.0,9302.316171530565,5580.0
ST_Reg4.00in,mitra,0.95,2.6,10,True,-1,0.0,2024-11-01,1.0,1.0,15105.1603335433,0.0,166156.7636689763,17760.0,9903.342151725119,5480.0
ST_Reg4.00in,mitra,0.95,2.7,10,True,-1,0.0,2024-11-01,1.0,1.0,15769.822677374223,0.0,173468.04945111644,17760.0,10524.368131919677,5360.0
ST_Reg4.00in,mitra,0.95,2.8,10,True,-1,0.0,2024-11-01,1.0,1.0,16436.303203023326,0.0,180799.33523325657,17760.0,11125.39411211423,5240.0
ST_Reg4.00in,mitra,0.95,2.9,10,True,-1,0.0,2024-11-01,1.0,1.0,17097.329183217873,0.0,188070.6210153966,17760.0,11746.420092308785,5120.0
ST_Reg4.00in,mitra,0.95,3.0,10,True,-1,0.0,2024-11-01,1.0,1.0,17754.71879977607,0.0,195301.90679753677,17760.0,12347.446072503342,5020.0
ST_Reg4.00in,mitra,0.95,3.5,10,True,-1,0.0,2024-11-01,1.0,1.0,21121.666882567024,0.0,232338.33570823725,17760.0,15392.575973476116,4440.0
ST_Reg4.00in,mitra,0.95,4.0,10,True,-1,0.0,2024-11-01,1.0,1.0,24492.25132899435,0.0,269414.76461893786,17760.0,18457.705874448897,3840.0
ST_Reg4.00in,naive,0.95,0.0,10,True,-1,0.0,2024-11-01,0.6418918918918919,0.6666666666666666,9120.0,2116.3636363636365,333120.0,17760.0,13920.0,0.0
ST_Reg4.00in,naive,0.95,0.1,10,True,-1,0.0,2024-11-01,0.6820445931904549,0.6666666666666666,10168.343984130668,1653.413827250008,293727.3048229382,17760.0,15753.111975062478,0.0
ST_Reg4.00in,naive,0.95,0.2,10,True,-1,0.0,2024-11-01,0.7210711683628918,0.6666666666666666,11205.778877352246,1197.7367454091066,255014.60964587642,17760.0,17566.223950124957,0.0
ST_Reg4.00in,naive,0.95,0.3,10,True,-1,0.0,2024-11-01,0.7701954870706569,0.6666666666666666,12243.21377057382,742.059663568206,216301.91446881468,17760.0,19379.335925187435,0.0
ST_Reg4.00in,naive,0.95,0.4,10,True,-1,0.0,2024-11-01,0.8599351295185761,0.8333333333333334,13455.639191113565,452.28219995456146,197763.07309725098,17760.0,21212.447900249914,0.0
ST_Reg4.00in,naive,0.95,0.5,10,True,-1,0.0,2024-11-01,0.8989617046910129,0.8333333333333334,14822.730807073774,326.261840852293,198938.84137156373,17760.0,23025.559875312392,0.0
ST_Reg4.00in,naive,0.95,0.6,10,True,-1,0.0,2024-11-01,0.9391144059895759,0.8333333333333334,16189.822423033986,196.60511811366052,199714.6096458765,17760.0,24838.67185037487,0.0
ST_Reg4.00in,naive,0.95,0.7,10,True,-1,0.0,2024-11-01,0.9781409811620126,0.8333333333333334,17556.914038994197,70.58475901139172,200890.37792018923,17760.0,26651.78382543735,0.0
ST_Reg4.00in,naive,0.95,0.8,10,True,-1,0.0,2024-11-01,1.0,1.0,18988.53216413619,0.0,208873.8538054981,17760.0,28484.895800499828,0.0
ST_Reg4.00in,naive,0.95,0.9,10,True,-1,0.0,2024-11-01,1.0,1.0,20481.644139198666,0.0,225298.08553118532,17760.0,30298.007775562306,0.0
ST_Reg4.00in,naive,0.95,1.0,10,True,-1,0.0,2024-11-01,1.0,1.0,21974.75611426114,0.0,241722.31725687257,17760.0,32111.119750624777,0.0
ST_Reg4.00in,naive,0.95,1.1,10,True,-1,0.0,2024-11-01,1.0,1.0,23469.6862711418,0.0,258166.5489825598,17760.0,33924.231725687256,0.0
ST_Reg4.00in,naive,0.95,1.2,10,True,-1,0.0,2024-11-01,1.0,1.0,24973.707337113374,0.0,274710.7807082471,17760.0,35757.343700749734,0.0
ST_Reg4.00in,naive,0.95,1.2816,10,True,-1,0.0,2024-11-01,1.0,1.0,26184.304890582538,0.0,288027.35379640793,17760.0,37226.12307240072,0.0
ST_Reg4.00in,naive,0.95,1.3,10,True,-1,0.0,2024-11-01,1.0,1.0,26466.81931217585,0.0,291135.0124339343,17760.0,37570.45567581221,0.0
ST_Reg4.00in,naive,0.95,1.4,10,True,-1,0.0,2024-11-01,1.0,1.0,27959.931287238327,0.0,307559.2441596216,17760.0,39383.56765087469,0.0
ST_Reg4.00in,naive,0.95,1.5,10,True,-1,0.0,2024-11-01,1.0,1.0,29451.225080482625,0.0,323963.4758853089,17760.0,41196.67962593717,0.0
ST_Reg4.00in,naive,0.95,1.6,10,True,-1,0.0,2024-11-01,1.0,1.0,30958.88251009056,0.0,340547.70761099615,17760.0,43029.79160099965,0.0
ST_Reg4.00in,naive,0.95,1.6449,10,True,-1,0.0,2024-11-01,1.0,1.0,31618.071605075427,0.0,347798.7876558297,17760.0,43830.7988778027,0.0
ST_Reg4.00in,naive,0.95,1.7,10,True,-1,0.0,2024-11-01,1.0,1.0,32451.994485153034,0.0,356971.93933668337,17760.0,44842.90357606213,0.0
ST_Reg4.00in,naive,0.95,1.8,10,True,-1,0.0,2024-11-01,1.0,1.0,33943.288278397325,0.0,373376.1710623706,17760.0,46656.015551124605,0.0
ST_Reg4.00in,naive,0.95,1.9,10,True,-1,0.0,2024-11-01,1.0,1.0,35447.3093443689,0.0,389920.4027880579,17760.0,48489.127526187076,0.0
ST_Reg4.00in,naive,0.95,2.0,10,True,-1,0.0,2024-11-01,1.0,1.0,36940.42131943138,0.0,406344.63451374514,17760.0,50302.239501249554,0.0
ST_Reg4.00in,naive,0.95,2.0537,10,True,-1,0.0,2024-11-01,1.0,1.0,37743.65881367629,0.0,415180.2469504392,17760.0,51281.84063185811,0.0
ST_Reg4.00in,naive,0.95,2.1,10,True,-1,0.0,2024-11-01,1.0,1.0,38437.16965813022,0.0,422808.86623943236,17760.0,52115.35147631203,0.0
ST_Reg4.00in,naive,0.95,2.2,10,True,-1,0.0,2024-11-01,1.0,1.0,39928.463451374504,0.0,439213.0979651196,17760.0,53928.46345137451,0.0
ST_Reg4.00in,naive,0.95,2.3,10,True,-1,0.0,2024-11-01,1.0,1.0,41432.48451734607,0.0,455757.3296908068,17760.0,55761.57542643699,0.0
ST_Reg4.00in,naive,0.95,2.4,10,True,-1,0.0,2024-11-01,1.0,1.0,42925.596492408564,0.0,472181.5614164942,17760.0,57574.68740149947,0.0
ST_Reg4.00in,naive,0.95,2.5,10,True,-1,0.0,2024-11-01,1.0,1.0,44416.89028565286,0.0,488585.7931421814,17760.0,59387.79937656195,0.0
ST_Reg4.00in,naive,0.95,2.6,10,True,-1,0.0,2024-11-01,1.0,1.0,45913.6386243517,0.0,505050.02486786863,17760.0,61200.911351624425,0.0
ST_Reg4.00in,naive,0.95,2.7,10,True,-1,0.0,2024-11-01,1.0,1.0,47417.65969032328,0.0,521594.256593556,17760.0,63034.0233266869,0.0
ST_Reg4.00in,naive,0.95,2.8,10,True,-1,0.0,2024-11-01,1.0,1.0,48910.77166538574,0.0,538018.4883192432,17760.0,64847.13530174938,0.0
ST_Reg4.00in,naive,0.95,2.9,10,True,-1,0.0,2024-11-01,1.0,1.0,50402.065458630044,0.0,554422.7200449305,17760.0,66660.24727681186,0.0
ST_Reg4.00in,naive,0.95,3.0,10,True,-1,0.0,2024-11-01,1.0,1.0,51895.17743369252,0.0,570846.9517706177,17760.0,68473.35925187434,0.0
ST_Reg4.00in,naive,0.95,3.5,10,True,-1,0.0,2024-11-01,1.0,1.0,59384.37367264128,0.0,653228.1103990541,17760.0,77578.91912718673,0.0
ST_Reg4.00in,naive,0.95,4.0,10,True,-1,0.0,2024-11-01,1.0,1.0,66860.84263886276,0.0,735469.2690274903,17760.0,86664.47900249911,0.0
ST_Reg4.00in,rf,0.95,0.0,10,True,-1,0.0,2024-11-01,1.0,1.0,9426.974545454546,0.0,103696.72000000002,17760.0,2941.5200000000004,7520.0
ST_Reg4.00in,rf,0.95,0.1,10,True,-1,0.0,2024-11-01,1.0,1.0,11586.330085792863,0.0,127449.63094372148,17760.0,5060.875540338318,6140.0
ST_Reg4.00in,rf,0.95,0.2,10,True,-1,0.0,2024-11-01,1.0,1.0,13762.049262494815,0.0,151382.54188744296,17760.0,7200.231080676633,4740.0
ST_Reg4.00in,rf,0.95,0.3,10,True,-1,0.0,2024-11-01,1.0,1.0,15921.40480283313,0.0,175135.45283116444,17760.0,9319.586621014947,3380.0
ST_Reg4.00in,rf,0.95,0.4,10,True,-1,0.0,2024-11-01,1.0,1.0,18098.94216135327,0.0,199088.36377488595,17760.0,11458.942161353265,1980.0
ST_Reg4.00in,rf,0.95,0.5,10,True,-1,0.0,2024-11-01,1.0,1.0,20258.297701691576,0.0,222841.27471860734,17760.0,13578.29770169158,600.0
ST_Reg4.00in,rf,0.95,0.6,10,True,-1,0.0,2024-11-01,1.0,1.0,22435.83506021171,0.0,246794.1856623288,17760.0,15717.65324202989,0.0
ST_Reg4.00in,rf,0.95,0.7,10,True,-1,0.0,2024-11-01,1.0,1.0,24595.19060055003,0.0,270547.0966060503,17760.0,17837.00878236821,0.0
ST_Reg4.00in,rf,0.95,0.8,10,True,-1,0.0,2024-11-01,1.0,1.0,26772.72795907017,0.0,294500.00754977186,17760.0,19976.364322706533,0.0
ST_Reg4.00in,rf,0.95,0.9,10,True,-1,0.0,2024-11-01,1.0,1.0,28975.719863044844,0.0,318732.9184934933,17760.0,22095.71986304484,0.0
ST_Reg4.00in,rf,0.95,1.0,10,True,-1,0.0,2024-11-01,1.0,1.0,31282.348130655893,0.0,344105.8294372148,17760.0,24235.07540338316,0.0
ST_Reg4.00in,rf,0.95,1.1,10,True,-1,0.0,2024-11-01,1.0,1.0,33570.79458008512,0.0,369278.74038093636,17760.0,26354.430943721483,0.0
ST_Reg4.00in,rf,0.95,1.2,10,True,-1,0.0,2024-11-01,1.0,1.0,35877.42284769614,0.0,394651.6513246576,17760.0,28493.78648405979,0.0
ST_Reg4.00in,rf,0.95,1.2816,10,True,-1,0.0,2024-11-01,1.0,1.0,38124.576968612215,0.0,419370.3466547344,17760.0,30640.940604975855,0.0
ST_Reg4.00in,rf,0.95,1.3,10,True,-1,0.0,2024-11-01,1.0,1.0,38856.778388034465,0.0,427424.56226837914,17760.0,31373.142024398112,0.0
ST_Reg4.00in,rf,0.95,1.4,10,True,-1,0.0,2024-11-01,1.0,1.0,42836.13392837278,0.0,471197.47321210057,17760.0,35352.49756473642,0.0
ST_Reg4.00in,rf,0.95,1.5,10,True,-1,0.0,2024-11-01,1.0,1.0,46815.4894687111,0.0,514970.3841558221,17760.0,39331.85310507474,0.0
ST_Reg4.00in,rf,0.95,1.6,10,True,-1,0.0,2024-11-01,1.0,1.0,50794.84500904942,0.0,558743.2950995436,17760.0,43311.20864541306,0.0
ST_Reg4.00in,rf,0.95,1.6449,10,True,-1,0.0,2024-11-01,1.0,1.0,52581.57564666133,0.0,578397.3321132746,17760.0,45097.939283024956,0.0
ST_Reg4.00in,rf,0.95,1.7,10,True,-1,0.0,2024-11-01,1.0,1.0,54774.20054938773,0.0,602516.2060432651,17760.0,47290.56418575137,0.0
ST_Reg4.00in,rf,0.95,1.8,10,True,-1,0.0,2024-11-01,1.0,1.0,58753.55608972605,0.0,646289.1169869866,17760.0,51269.91972608969,0.0
ST_Reg4.00in,rf,0.95,1.9,10,True,-1,0.0,2024-11-01,1.0,1.0,62732.911630064365,0.0,690062.027930708,17760.0,55249.275266428,0.0
ST_Reg4.00in,rf,0.95,2.0,10,True,-1,0.0,2024-11-01,1.0,1.0,66712.26717040269,0.0,733834.9388744296,17760.0,59228.63080676632,0.0
ST_Reg4.00in,rf,0.95,2.0537,10,True,-1,0.0,2024-11-01,1.0,1.0,68849.18109556437,0.0,757340.992051208,17760.0,61365.54473192799,0.0
ST_Reg4.00in,rf,0.95,2.1,10,True,-1,0.0,2024-11-01,1.0,1.0,70691.62271074101,0.0,777607.8498181511,17760.0,63207.98634710464,0.0
ST_Reg4.00in,rf,0.95,2.2,10,True,-1,0.0,2024-11-01,1.0,1.0,74670.97825107933,0.0,821380.7607618726,17760.0,67187.34188744296,0.0
ST_Reg4.00in,rf,0.95,2.3,10,True,-1,0.0,2024-11-01,1.0,1.0,78650.33379141764,0.0,865153.6717055939,17760.0,71166.69742778126,0.0
ST_Reg4.00in,rf,0.95,2.4,10,True,-1,0.0,2024-11-01,1.0,1.0,82629.68933175596,0.0,908926.5826493155,17760.0,75146.05296811958,0.0
ST_Reg4.00in,rf,0.95,2.5,10,True,-1,0.0,2024-11-01,1.0,1.0,86609.04487209428,0.0,952699.493593037,17760.0,79125.4085084579,0.0
ST_Reg4.00in,rf,0.95,2.6,10,True,-1,0.0,2024-11-01,1.0,1.0,90588.4004124326,0.0,996472.4045367585,17760.0,83104.76404879622,0.0
ST_Reg4.00in,rf,0.95,2.7,10,True,-1,0.0,2024-11-01,1.0,1.0,94567.75595277092,0.0,1040245.3154804801,17760.0,87084.11958913454,0.0
ST_Reg4.00in,rf,0.95,2.8,10,True,-1,0.0,2024-11-01,1.0,1.0,98547.1114931092,0.0,1084018.2264242012,17760.0,91063.47512947283,0.0
ST_Reg4.00in,rf,0.95,2.9,10,True,-1,0.0,2024-11-01,1.0,1.0,102526.46703344751,0.0,1127791.1373679226,17760.0,95042.83066981116,0.0
ST_Reg4.00in,rf,0.95,3.0,10,True,-1,0.0,2024-11-01,1.0,1.0,106505.82257378582,0.0,1171564.048311644,17760.0,99022.18621014946,0.0
ST_Reg4.00in,rf,0.95,3.5,10,True,-1,0.0,2024-11-01,1.0,1.0,126402.60027547744,0.0,1390428.6030302518,17760.0,118918.96391184104,0.0
ST_Reg4.00in,rf,0.95,4.0,10,True,-1,0.0,2024-11-01,1.0,1.0,146299.377977169,0.0,1609293.157748859,17760.0,138815.74161353262,0.0
ST_Reg4.00in,sba,0.95,0.0,10,True,-1,0.0,2024-11-01,1.0,1.0,11683.476087347266,0.0,128518.23696081992,17760.0,5221.657905529086,6180.0
ST_Reg4.00in,sba,0.95,0.1,10,True,-1,0.0,2024-11-01,1.0,1.0,13715.650900785164,0.0,150872.1599086368,17760.0,6810.19635533062,6000.0
ST_Reg4.00in,sba,0.95,0.2,10,True,-1,0.0,2024-11-01,1.0,1.0,15758.734805132151,0.0,173346.08285645366,17760.0,8438.734805132153,5780.0
ST_Reg4.00in,sba,0.95,0.3,10,True,-1,0.0,2024-11-01,1.0,1.0,18070.909618570044,0.0,198780.00580427048,17760.0,10587.27325493368,5040.0
ST_Reg4.00in,sba,0.95,0.4,10,True,-1,0.0,2024-11-01,1.0,1.0,20599.448068371577,0.0,226593.92875208735,17760.0,13115.811704735213,3940.0
ST_Reg4.00in,sba,0.95,0.5,10,True,-1,0.0,2024-11-01,1.0,1.0,23107.98651817311,0.0,254187.85169990422,17760.0,15624.350154536747,2840.0
ST_Reg4.00in,sba,0.95,0.6,10,True,-1,0.0,2024-11-01,1.0,1.0,25616.524967974645,0.0,281781.7746477211,17760.0,18132.88860433828,1740.0
ST_Reg4.00in,sba,0.95,0.7,10,True,-1,0.0,2024-11-01,1.0,1.0,28125.06341777617,0.0,309375.6975955379,17760.0,20641.427054139815,640.0
ST_Reg4.00in,sba,0.95,0.8,10,True,-1,0.0,2024-11-01,1.0,1.0,30633.601867577712,0.0,336969.62054335483,17760.0,23149.96550394135,0.0
ST_Reg4.00in,sba,0.95,0.9,10,True,-1,0.0,2024-11-01,1.0,1.0,33162.14031737926,0.0,364783.5434911718,17760.0,25678.503953742882,0.0
ST_Reg4.00in,sba,0.95,1.0,10,True,-1,0.0,2024-11-01,1.0,1.0,35670.678767180776,0.0,392377.4664389886,17760.0,28187.042403544416,0.0
ST_Reg4.00in,sba,0.95,1.1,10,True,-1,0.0,2024-11-01,1.0,1.0,38179.2172169823,0.0,419971.38938680536,17760.0,30695.58085334595,0.0
ST_Reg4.00in,sba,0.95,1.2,10,True,-1,0.0,2024-11-01,1.0,1.0,40687.75566678384,0.0,447565.31233462226,17760.0,33204.119303147476,0.0
ST_Reg4.00in,sba,0.95,1.2816,10,True,-1,0.0,2024-11-01,1.0,1.0,42736.96304182187,0.0,470106.59346004063,17760.0,35253.32667818552,0.0
ST_Reg4.00in,sba,0.95,1.3,10,True,-1,0.0,2024-11-01,1.0,1.0,43196.29411658539,0.0,475159.2352824393,17760.0,35712.65775294902,0.0
ST_Reg4.00in,sba,0.95,1.4,10,True,-1,0.0,2024-11-01,1.0,1.0,45724.83256638691,0.0,502973.15823025606,17760.0,38241.19620275055,0.0
ST_Reg4.00in,sba,0.95,1.5,10,True,-1,0.0,2024-11-01,1.0,1.0,48233.37101618844,0.0,530567.0811780728,17760.0,40749.734652552084,0.0
ST_Reg4.00in,sba,0.95,1.6,10,True,-1,0.0,2024-11-01,1.0,1.0,50741.909465989986,0.0,558161.0041258899,17760.0,43258.27310235362,0.0
ST_Reg4.00in,sba,0.95,1.6449,10,True,-1,0.0,2024-11-01,1.0,1.0,51975.60322995087,0.0,571731.6355294596,17760.0,44491.9668663145,0.0
ST_Reg4.00in,sba,0.95,1.7,10,True,-1,0.0,2024-11-01,1.0,1.0,53710.447915791505,0.0,590814.9270737065,17760.0,46226.81155215514,0.0
ST_Reg4.00in,sba,0.95,1.8,10,True,-1,0.0,2024-11-01,1.0,1.0,56858.98636559304,0.0,625448.8500215234,17760.0,49375.35000195667,0.0
ST_Reg4.00in,sba,0.95,1.9,10,True,-1,0.0,2024-11-01,1.0,1.0,60007.524815394565,0.0,660082.7729693402,17760.0,52523.888451758205,0.0
ST_Reg4.00in,sba,0.95,2.0,10,True,-1,0.0,2024-11-01,1.0,1.0,63156.06326519609,0.0,694716.695917157,17760.0,55672.42690155974,0.0
ST_Reg4.00in,sba,0.95,2.0537,10,True,-1,0.0,2024-11-01,1.0,1.0,64846.82841273954,0.0,713315.1125401349,17760.0,57363.19204910316,0.0
ST_Reg4.00in,sba,0.95,2.1,10,True,-1,0.0,2024-11-01,1.0,1.0,66304.60171499765,0.0,729350.6188649742,17760.0,58820.96535136129,0.0
ST_Reg4.00in,sba,0.95,2.2,10,True,-1,0.0,2024-11-01,1.0,1.0,69453.14016479919,0.0,763984.541812791,17760.0,61969.50380116282,0.0
ST_Reg4.00in,sba,0.95,2.3,10,True,-1,0.0,2024-11-01,1.0,1.0,72601.67861460069,0.0,798618.4647606076,17760.0,65118.042250964325,0.0
ST_Reg4.00in,sba,0.95,2.4,10,True,-1,0.0,2024-11-01,1.0,1.0,75750.21706440221,0.0,833252.3877084244,17760.0,68266.58070076586,0.0
ST_Reg4.00in,sba,0.95,2.5,10,True,-1,0.0,2024-11-01,1.0,1.0,78898.75551420375,0.0,867886.3106562411,17760.0,71415.11915056739,0.0
ST_Reg4.00in,sba,0.95,2.6,10,True,-1,0.0,2024-11-01,1.0,1.0,82047.2939640053,0.0,902520.2336040583,17760.0,74563.65760036893,0.0
ST_Reg4.00in,sba,0.95,2.7,10,True,-1,0.0,2024-11-01,1.0,1.0,85195.83241380683,0.0,937154.156551875,17760.0,77712.19605017046,0.0
ST_Reg4.00in,sba,0.95,2.8,10,True,-1,0.0,2024-11-01,1.0,1.0,88344.37086360835,0.0,971788.0794996918,17760.0,80860.734499972,0.0
ST_Reg4.00in,sba,0.95,2.9,10,True,-1,0.0,2024-11-01,1.0,1.0,91492.90931340991,0.0,1006422.002447509,17760.0,84009.27294977353,0.0
ST_Reg4.00in,sba,0.95,3.0,10,True,-1,0.0,2024-11-01,1.0,1.0,94641.44776321143,0.0,1041055.9253953258,17760.0,87157.81139957506,0.0
ST_Reg4.00in,sba,0.95,3.5,10,True,-1,0.0,2024-11-01,1.0,1.0,110384.14001221908,0.0,1214225.54013441,17760.0,102900.50364858273,0.0
ST_Reg4.00in,sba,0.95,4.0,10,True,-1,0.0,2024-11-01,1.0,1.0,126126.83226122675,0.0,1387395.1548734943,17760.0,118643.1958975904,0.0
ST_Reg4.00in,ses,0.95,0.0,10,True,-1,0.0,2024-11-01,0.7901699865868457,0.6666666666666666,4041.8648882449343,1202.9913810080093,176789.56568157527,17760.0,0.0,10720.0
ST_Reg4.00in,ses,0.95,0.1,10,True,-1,0.0,2024-11-01,0.8369871514464048,0.6666666666666666,4504.486441648081,825.0491774144774,140304.7603737214,17760.0,0.0,10640.0
ST_Reg4.00in,ses,0.95,0.2,10,True,-1,0.0,2024-11-01,0.8849304424320902,0.6666666666666666,4968.926176869412,438.01606473003545,102839.95506586744,17760.0,0.0,10540.0
ST_Reg4.00in,ses,0.95,0.3,10,True,-1,0.0,2024-11-01,0.9317476072916494,0.8333333333333334,5582.776140863385,220.39318081823777,85653.78743950339,17760.0,0.0,10440.0
ST_Reg4.00in,ses,0.95,0.4,10,True,-1,0.0,2024-11-01,0.9796908982773347,0.8333333333333334,6279.435743695381,65.57993574446101,76287.5861125399,17760.0,0.0,10340.0
ST_Reg4.00in,ses,0.95,0.5,10,True,-1,0.0,2024-11-01,1.0,1.0,7065.32865585669,0.0,77718.61521442358,17760.0,490.78320131123473,10240.0
ST_Reg4.00in,ses,0.95,0.6,10,True,-1,0.0,2024-11-01,1.0,1.0,7905.892412853368,0.0,86964.81654138704,17760.0,1322.256049217005,10160.0
ST_Reg4.00in,ses,0.95,0.7,10,True,-1,0.0,2024-11-01,1.0,1.0,8757.365260759141,0.0,96331.01786835055,17760.0,2173.7288971227754,10040.0
ST_Reg4.00in,ses,0.95,0.8,10,True,-1,0.0,2024-11-01,1.0,1.0,9599.747199574003,0.0,105597.21919531404,17760.0,3025.2017450285493,9940.0
ST_Reg4.00in,ses,0.95,0.9,10,True,-1,0.0,2024-11-01,1.0,1.0,10440.310956570682,0.0,114843.4205222775,17760.0,3856.6745929343197,9860.0
ST_Reg4.00in,ses,0.95,1.0,10,True,-1,0.0,2024-11-01,1.0,1.0,11291.783804476452,0.0,124209.62184924097,17760.0,4708.14744084009,9760.0
ST_Reg4.00in,ses,0.95,1.1,10,True,-1,0.0,2024-11-01,1.0,1.0,12132.347561473138,0.0,133455.82317620452,17760.0,5539.620288745864,9660.0
ST_Reg4.00in,ses,0.95,1.2,10,True,-1,0.0,2024-11-01,1.0,1.0,12983.820409378905,0.0,142822.02450316795,17760.0,6391.093136651631,9560.0
ST_Reg4.00in,ses,0.95,1.2816,10,True,-1,0.0,2024-11-01,1.0,1.0,13667.902253270011,0.0,150346.92478597013,17760.0,7075.174980542739,9500.0
ST_Reg4.00in,ses,0.95,1.3,10,True,-1,0.0,2024-11-01,1.0,1.0,13826.20234819377,0.0,152088.22583013147,17760.0,7242.565984557405,9460.0
ST_Reg4.00in,ses,0.95,1.4,10,True,-1,0.0,2024-11-01,1.0,1.0,14666.766105190445,0.0,161334.4271570949,17760.0,8074.038832463171,9380.0
ST_Reg4.00in,ses,0.95,1.5,10,True,-1,0.0,2024-11-01,1.0,1.0,15518.238953096217,0.0,170700.6284840584,17760.0,8925.511680368945,9280.0
ST_Reg4.00in,ses,0.95,1.6,10,True,-1,0.0,2024-11-01,1.0,1.0,16595.166346456535,0.0,182546.8298110219,17760.0,9756.98452827472,9180.0
ST_Reg4.00in,ses,0.95,1.6449,10,True,-1,0.0,2024-11-01,1.0,1.0,17305.079473348043,0.0,190355.87420682848,17760.0,10148.715836984411,9120.0
ST_Reg4.00in,ses,0.95,1.7,10,True,-1,0.0,2024-11-01,1.0,1.0,18252.093739816846,0.0,200773.03113798532,17760.0,10768.457376180486,8920.0
ST_Reg4.00in,ses,0.95,1.8,10,True,-1,0.0,2024-11-01,1.0,1.0,20683.566587722627,0.0,227519.2324649489,17760.0,13199.93022408626,7240.0
ST_Reg4.00in,ses,0.95,1.9,10,True,-1,0.0,2024-11-01,1.0,1.0,23115.039435628394,0.0,254265.43379191234,17760.0,15631.403071992027,5560.0
ST_Reg4.00in,ses,0.95,2.0,10,True,-1,0.0,2024-11-01,1.0,1.0,25546.512283534164,0.0,281011.6351188758,17760.0,18062.8759198978,3860.0
ST_Reg4.00in,ses,0.95,2.0537,10,True,-1,0.0,2024-11-01,1.0,1.0,26852.213202859566,0.0,295374.3452314552,17760.0,19368.5768392232,2960.0
ST_Reg4.00in,ses,0.95,2.1,10,True,-1,0.0,2024-11-01,1.0,1.0,27977.98513143994,0.0,307757.8364458393,17760.0,20494.348767803574,2180.0
ST_Reg4.00in,ses,0.95,2.2,10,True,-1,0.0,2024-11-01,1.0,1.0,30409.45797934571,0.0,334504.0377728028,17760.0,22925.82161570935,500.0
ST_Reg4.00in,ses,0.95,2.3,10,True,-1,0.0,2024-11-01,1.0,1.0,32840.93082725147,0.0,361250.2390997662,17760.0,25357.294463615108,0.0
ST_Reg4.00in,ses,0.95,2.4,10,True,-1,0.0,2024-11-01,1.0,1.0,35272.40367515724,0.0,387996.4404267297,17760.0,27788.76731152088,0.0
ST_Reg4.00in,ses,0.95,2.5,10,True,-1,0.0,2024-11-01,1.0,1.0,37703.876523063016,0.0,414742.64175369317,17760.0,30220.240159426656,0.0
ST_Reg4.00in,ses,0.95,2.6,10,True,-1,0.0,2024-11-01,1.0,1.0,40135.34937096879,0.0,441488.84308065666,17760.0,32651.71300733243,0.0
ST_Reg4.00in,ses,0.95,2.7,10,True,-1,0.0,2024-11-01,1.0,1.0,42566.82221887458,0.0,468235.0444076203,17760.0,35083.185855238204,0.0
ST_Reg4.00in,ses,0.95,2.8,10,True,-1,0.0,2024-11-01,1.0,1.0,44998.29506678032,0.0,494981.2457345836,17760.0,37514.65870314397,0.0
ST_Reg4.00in,ses,0.95,2.9,10,True,-1,0.0,2024-11-01,1.0,1.0,47429.76791468611,0.0,521727.4470615472,17760.0,39946.13155104974,0.0
ST_Reg4.00in,ses,0.95,3.0,10,True,-1,0.0,2024-11-01,1.0,1.0,49861.24076259186,0.0,548473.6483885105,17760.0,42377.604398955504,0.0
ST_Reg4.00in,ses,0.95,3.5,10,True,-1,0.0,2024-11-01,1.0,1.0,62018.60500212073,0.0,682204.655023328,17760.0,54534.968638484366,0.0
ST_Reg4.00in,ses,0.95,4.0,10,True,-1,0.0,2024-11-01,1.0,1.0,74175.9692416496,0.0,815935.6616581456,17760.0,66692.33287801323,0.0
ST_Reg4.00in,tsb,0.95,0.0,10,True,-1,0.0,2024-11-01,1.0,1.0,11691.823663681711,0.0,128610.06030049882,17760.0,6833.641845499893,5000.0
ST_Reg4.00in,tsb,0.95,0.1,10,True,-1,0.0,2024-11-01,1.0,1.0,13770.590637147408,0.0,151476.4970086215,17760.0,8225.13609169286,4740.0
ST_Reg4.00in,tsb,0.95,0.2,10,True,-1,0.0,2024-11-01,1.0,1.0,15891.175792431279,0.0,174802.93371674407,17760.0,9616.630337885828,4480.0
ST_Reg4.00in,tsb,0.95,0.3,10,True,-1,0.0,2024-11-01,1.0,1.0,18173.57912953334,0.0,199909.37042486673,17760.0,11008.124584078796,4220.0
ST_Reg4.00in,tsb,0.95,0.4,10,True,-1,0.0,2024-11-01,1.0,1.0,20763.255193908128,0.0,228395.8071329894,17760.0,13279.618830271764,3080.0
ST_Reg4.00in,tsb,0.95,0.5,10,True,-1,0.0,2024-11-01,1.0,1.0,23554.74944010109,0.0,259102.243841112,17760.0,16071.113076464724,1420.0
ST_Reg4.00in,tsb,0.95,0.6,10,True,-1,0.0,2024-11-01,1.0,1.0,26326.243686294067,0.0,289588.68054923473,17760.0,18842.6073226577,0.0
ST_Reg4.00in,tsb,0.95,0.7,10,True,-1,0.0,2024-11-01,1.0,1.0,29117.73793248703,0.0,320295.11725735734,17760.0,21634.10156885066,0.0
ST_Reg4.00in,tsb,0.95,0.8,10,True,-1,0.0,2024-11-01,1.0,1.0,32729.232178679984,0.0,360021.55396547983,17760.0,25245.595815043627,0.0
ST_Reg4.00in,tsb,0.95,0.9,10,True,-1,0.0,2024-11-01,1.0,1.0,36960.726424872955,0.0,406567.9906736025,17760.0,29477.090061236595,0.0
ST_Reg4.00in,tsb,0.95,1.0,10,True,-1,0.0,2024-11-01,1.0,1.0,41192.220671065916,0.0,453114.4273817251,17760.0,33708.584307429555,0.0
ST_Reg4.00in,tsb,0.95,1.1,10,True,-1,0.0,2024-11-01,1.0,1.0,45423.71491725889,0.0,499660.86408984783,17760.0,37940.07855362253,0.0
ST_Reg4.00in,tsb,0.95,1.2,10,True,-1,0.0,2024-11-01,1.0,1.0,49655.209163451866,0.0,546207.3007979705,17760.0,42171.572799815505,0.0
ST_Reg4.00in,tsb,0.95,1.2816,10,True,-1,0.0,2024-11-01,1.0,1.0,53108.10846834532,0.0,584189.1931517986,17760.0,45624.472104708955,0.0
ST_Reg4.00in,tsb,0.95,1.3,10,True,-1,0.0,2024-11-01,1.0,1.0,53886.703409644826,0.0,592753.7375060931,17760.0,46403.067046008466,0.0
ST_Reg4.00in,tsb,0.95,1.4,10,True,-1,0.0,2024-11-01,1.0,1.0,58118.19765583778,0.0,639300.1742142156,17760.0,50634.561292201426,0.0
ST_Reg4.00in,tsb,0.95,1.5,10,True,-1,0.0,2024-11-01,1.0,1.0,62349.691902030754,0.0,685846.6109223383,17760.0,54866.0555383944,0.0
ST_Reg4.00in,tsb,0.95,1.6,10,True,-1,0.0,2024-11-01,1.0,1.0,66581.18614822371,0.0,732393.0476304609,17760.0,59097.54978458736,0.0
ST_Reg4.00in,tsb,0.95,1.6449,10,True,-1,0.0,2024-11-01,1.0,1.0,68481.12706476437,0.0,753292.3977124081,17760.0,60997.490701128,0.0
ST_Reg4.00in,tsb,0.95,1.7,10,True,-1,0.0,2024-11-01,1.0,1.0,70812.68039441669,0.0,778939.4843385837,17760.0,63329.04403078034,0.0
ST_Reg4.00in,tsb,0.95,1.8,10,True,-1,0.0,2024-11-01,1.0,1.0,75044.17464060966,0.0,825485.9210467063,17760.0,67560.5382769733,0.0
ST_Reg4.00in,tsb,0.95,1.9,10,True,-1,0.0,2024-11-01,1.0,1.0,79275.66888680262,0.0,872032.3577548289,17760.0,71792.03252316626,0.0
ST_Reg4.00in,tsb,0.95,2.0,10,True,-1,0.0,2024-11-01,1.0,1.0,83507.1631329956,0.0,918578.7944629516,17760.0,76023.52676935923,0.0
ST_Reg4.00in,tsb,0.95,2.0537,10,True,-1,0.0,2024-11-01,1.0,1.0,85779.47554320122,0.0,943574.2309752135,17760.0,78295.83917956486,0.0
ST_Reg4.00in,tsb,0.95,2.1,10,True,-1,0.0,2024-11-01,1.0,1.0,87738.65737918857,0.0,965125.2311710743,17760.0,80255.0210155522,0.0
ST_Reg4.00in,tsb,0.95,2.2,10,True,-1,0.0,2024-11-01,1.0,1.0,91970.15162538154,0.0,1011671.6678791969,17760.0,84486.51526174517,0.0
ST_Reg4.00in,tsb,0.95,2.3,10,True,-1,0.0,2024-11-01,1.0,1.0,96201.64587157451,0.0,1058218.1045873195,17760.0,88718.00950793813,0.0
ST_Reg4.00in,tsb,0.95,2.4,10,True,-1,0.0,2024-11-01,1.0,1.0,100433.14011776749,0.0,1104764.5412954423,17760.0,92949.5037541311,0.0
ST_Reg4.00in,tsb,0.95,2.5,10,True,-1,0.0,2024-11-01,1.0,1.0,104664.63436396042,0.0,1151310.9780035645,17760.0,97180.99800032406,0.0
ST_Reg4.00in,tsb,0.95,2.6,10,True,-1,0.0,2024-11-01,1.0,1.0,108896.12861015339,0.0,1197857.4147116872,17760.0,101412.49224651704,0.0
ST_Reg4.00in,tsb,0.95,2.7,10,True,-1,0.0,2024-11-01,1.0,1.0,113127.62285634637,0.0,1244403.85141981,17760.0,105643.98649271001,0.0
ST_Reg4.00in,tsb,0.95,2.8,10,True,-1,0.0,2024-11-01,1.0,1.0,117359.11710253931,0.0,1290950.2881279325,17760.0,109875.48073890296,0.0
ST_Reg4.00in,tsb,0.95,2.9,10,True,-1,0.0,2024-11-01,1.0,1.0,121590.61134873229,0.0,1337496.7248360552,17760.0,114106.97498509593,0.0
ST_Reg4.00in,tsb,0.95,3.0,10,True,-1,0.0,2024-11-01,1.0,1.0,125822.10559492526,0.0,1384043.161544178,17760.0,118338.46923128891,0.0
ST_Reg4.00in,tsb,0.95,3.5,10,True,-1,0.0,2024-11-01,1.0,1.0,146979.5768258901,0.0,1616775.345084791,17760.0,139495.94046225373,0.0
ST_Reg4.00in,tsb,0.95,4.0,10,True,-1,0.0,2024-11-01,1.0,1.0,168137.04805685495,0.0,1849507.5286254045,17760.0,160653.41169321857,0.0
ST_Reg4.00in,xgb,0.95,0.0,10,True,-1,0.0,2024-11-01,0.06082822670908393,0.3333333333333333,98.20993694121188,5836.237101946364,643066.3905204535,17760.0,0.0,9940.0
ST_Reg4.00in,xgb,0.95,0.1,10,True,-1,0.0,2024-11-01,0.14451017726998425,0.3333333333333333,224.22734075590185,5189.158784780259,573273.9670741435,17760.0,0.0,9800.0
ST_Reg4.00in,xgb,0.95,0.2,10,True,-1,0.0,2024-11-01,0.23382275846151518,0.3333333333333333,353.88110820695545,4518.444103977791,500921.54362783354,17760.0,0.0,9640.0
ST_Reg4.00in,xgb,0.95,0.3,10,True,-1,0.0,2024-11-01,0.3208830874007939,0.3333333333333333,479.8985120216454,3864.0930595389596,430329.1201815236,17760.0,0.0,9520.0
ST_Reg4.00in,xgb,0.95,0.4,10,True,-1,0.0,2024-11-01,0.4090695424661987,0.3333333333333333,607.7340976545172,3195.1965605546725,358156.6967352137,17760.0,0.0,9360.0
ST_Reg4.00in,xgb,0.95,0.5,10,True,-1,0.0,2024-11-01,0.508834446747856,0.3333333333333333,733.7515014692075,2540.845516115839,287564.2732889036,17760.0,0.0,9240.0
ST_Reg4.00in,xgb,0.95,0.6,10,True,-1,0.0,2024-11-01,0.6439294446612783,0.3333333333333333,863.4052689202607,1877.4035625860995,216011.8498425938,17760.0,0.0,9100.0
ST_Reg4.00in,xgb,0.95,0.7,10,True,-1,0.0,2024-11-01,0.7281432826600355,0.6666666666666666,1148.2680182048532,1369.170590889895,163239.71319814186,17760.0,0.0,8960.0
ST_Reg4.00in,xgb,0.95,0.8,10,True,-1,0.0,2024-11-01,0.7739256993819271,0.6666666666666666,1555.411138739832,992.3088995349884,126263.50147498689,17760.0,0.0,8820.0
ST_Reg4.00in,xgb,0.95,0.9,10,True,-1,0.0,2024-11-01,0.8197081161038187,0.6666666666666666,1964.3724410929929,615.4472081800817,89307.28975183191,17760.0,0.0,8700.0
ST_Reg4.00in,xgb,0.95,1.0,10,True,-1,0.0,2024-11-01,0.8897648494352044,0.6666666666666666,2448.0813548979017,304.2422191860141,60395.53901433847,17760.0,0.0,8540.0
ST_Reg4.00in,xgb,0.95,1.1,10,True,-1,0.0,2024-11-01,0.9687053819800343,0.8333333333333334,3030.715295971699,101.05316655174366,44453.716576380495,17760.0,0.0,8420.0
ST_Reg4.00in,xgb,0.95,1.2,10,True,-1,0.0,2024-11-01,1.0,1.0,3717.303304946204,0.0,40890.336354408246,17760.0,277.30330494620466,8280.0
ST_Reg4.00in,xgb,0.95,1.2816,10,True,-1,0.0,2024-11-01,1.0,1.0,4363.393049630168,0.0,47997.32354593185,17760.0,967.0294132665331,8160.0
ST_Reg4.00in,xgb,0.95,1.3,10,True,-1,0.0,2024-11-01,1.0,1.0,4506.7626622906355,0.0,49574.389285196994,17760.0,1130.3990259269995,8140.0
ST_Reg4.00in,xgb,0.95,1.4,10,True,-1,0.0,2024-11-01,1.0,1.0,5298.040201453249,0.0,58278.44221598574,17760.0,1963.4947469077943,8000.0
ST_Reg4.00in,xgb,0.95,1.5,10,True,-1,0.0,2024-11-01,1.0,1.0,6080.226831524952,0.0,66882.49514677447,17760.0,2796.590467888589,7880.0
ST_Reg4.00in,xgb,0.95,1.6,10,True,-1,0.0,2024-11-01,1.0,1.0,6876.958916142112,0.0,75646.54807756323,17760.0,3649.6861888693857,7720.0
ST_Reg4.00in,xgb,0.95,1.6449,10,True,-1,0.0,2024-11-01,1.0,1.0,7231.307985771582,0.0,79544.3878434874,17760.0,4033.126167589762,7660.0
ST_Reg4.00in,xgb,0.95,1.7,10,True,-1,0.0,2024-11-01,1.0,1.0,7660.963728031997,0.0,84270.60100835196,17760.0,4482.781909850179,7600.0
ST_Reg4.00in,xgb,0.95,1.8,10,True,-1,0.0,2024-11-01,1.0,1.0,8457.695812649157,0.0,93034.65393914073,17760.0,5335.877630830975,7440.0
ST_Reg4.00in,xgb,0.95,1.9,10,True,-1,0.0,2024-11-01,1.0,1.0,9241.700624539044,0.0,101658.70686992949,17760.0,6168.973351811772,7300.0
ST_Reg4.00in,xgb,0.95,2.0,10,True,-1,0.0,2024-11-01,1.0,1.0,10027.52361824711,0.0,110302.75980071822,17760.0,7002.069072792565,7180.0
ST_Reg4.00in,xgb,0.95,2.0537,10,True,-1,0.0,2024-11-01,1.0,1.0,10458.108747686527,0.0,115039.1962245518,17760.0,7465.381474959253,7100.0
ST_Reg4.00in,xgb,0.95,2.1,10,True,-1,0.0,2024-11-01,1.0,1.0,10818.80115740972,0.0,119006.81273150691,17760.0,7855.164793773358,7020.0
ST_Reg4.00in,xgb,0.95,2.2,10,True,-1,0.0,2024-11-01,1.0,1.0,11611.89687839052,0.0,127730.86566229572,17760.0,8688.260514754154,6900.0
ST_Reg4.00in,xgb,0.95,2.3,10,True,-1,0.0,2024-11-01,1.0,1.0,12394.083508462221,0.0,136334.91859308444,17760.0,9521.356235734951,6760.0
ST_Reg4.00in,xgb,0.95,2.4,10,True,-1,0.0,2024-11-01,1.0,1.0,13188.997411261198,0.0,145078.9715238732,17760.0,10374.451956715744,6620.0
ST_Reg4.00in,xgb,0.95,2.5,10,True,-1,0.0,2024-11-01,1.0,1.0,13974.820404969267,0.0,153723.02445466194,17760.0,11207.54767769654,6480.0
ST_Reg4.00in,xgb,0.95,2.6,10,True,-1,0.0,2024-11-01,1.0,1.0,14762.46158049552,0.0,162387.0773854507,17760.0,12040.643398677334,6360.0
ST_Reg4.00in,xgb,0.95,2.7,10,True,-1,0.0,2024-11-01,1.0,1.0,15555.557301476312,0.0,171111.13031623943,17760.0,12893.73911965813,6200.0
ST_Reg4.00in,xgb,0.95,2.8,10,True,-1,0.0,2024-11-01,1.0,1.0,16339.562113366193,0.0,179735.18324702812,17760.0,13726.834840638923,6120.0
ST_Reg4.00in,xgb,0.95,2.9,10,True,-1,0.0,2024-11-01,1.0,1.0,17136.294197983356,0.0,188499.23617781693,17760.0,14579.93056161972,6020.0
ST_Reg4.00in,xgb,0.95,3.0,10,True,-1,0.0,2024-11-01,1.0,1.0,17922.11719169142,0.0,197143.28910860562,17760.0,15413.026282600513,5940.0
ST_Reg4.00in,xgb,0.95,3.5,10,True,-1,0.0,2024-11-01,1.0,1.0,21863.959432959036,0.0,240503.55376254942,17760.0,19618.50488750449,5520.0
ST_Reg4.00in,xgb,0.95,4.0,10,True,-1,0.0,2024-11-01,1.0,1.0,25803.983492408468,0.0,283843.81841649313,17760.0,23803.983492408464,5120.0
ST_Reg6.00in,arima,0.95,0.0,10,True,-1,0.0,2024-11-01,0.3053860349790932,0.5,221.5074968344109,878.4042508658134,99061.050060418,6720.0,0.0,2280.0
ST_Reg6.00in,arima,0.95,0.1,10,True,-1,0.0,2024-11-01,0.32503044331273584,0.5,262.964885198614,771.487578864302,87756.24741225797,6720.0,0.0,2280.0
ST_Reg6.00in,arima,0.95,0.2,10,True,-1,0.0,2024-11-01,0.35601636995942354,0.5,309.5327283867866,676.9540889594872,77869.80979779824,6720.0,0.0,2300.0
ST_Reg6.00in,arima,0.95,0.3,10,True,-1,0.0,2024-11-01,0.3982813771028992,0.5,359.35470075117865,583.85654641271,68177.12181366107,6720.0,0.0,2300.0
ST_Reg6.00in,arima,0.95,0.4,10,True,-1,0.0,2024-11-01,0.44058148113146706,0.5,412.8559187642652,496.2564313328093,59129.622553015935,6720.0,0.0,2340.0
ST_Reg6.00in,arima,0.95,0.5,10,True,-1,0.0,2024-11-01,0.5054670870847756,0.5,495.7706954926712,430.79714769550117,52841.16389692451,6720.0,0.0,2340.0
ST_Reg6.00in,arima,0.95,0.6,10,True,-1,0.0,2024-11-01,0.5673765025618939,0.5,576.8672904028958,367.1560458763747,46732.70524083308,6720.0,0.0,2340.0
ST_Reg6.00in,arima,0.95,0.7,10,True,-1,0.0,2024-11-01,0.6322621085152024,0.5,650.6911580403928,301.69676223906663,40344.24658474165,6720.0,0.0,2360.0
ST_Reg6.00in,arima,0.95,0.8,10,True,-1,0.0,2024-11-01,0.6941715239923207,0.5,731.7877529506172,238.05566041994015,34235.78792865021,6720.0,0.0,2360.0
ST_Reg6.00in,arima,0.95,0.9,10,True,-1,0.0,2024-11-01,0.7590571299456295,0.5,814.7025296790238,172.59637678263186,27947.329272558763,6720.0,0.0,2380.0
ST_Reg6.00in,arima,0.95,1.0,10,True,-1,0.0,2024-11-01,0.8072316652024667,0.6666666666666666,908.9442873311186,125.73680134173959,23829.43530823366,6720.0,0.0,2400.0
ST_Reg6.00in,arima,0.95,1.1,10,True,-1,0.0,2024-11-01,0.8429030980777331,0.8333333333333334,1022.0989264385148,95.97192553796668,21800.0,6720.0,64.30881908236643,2400.0
ST_Reg6.00in,arima,0.95,1.2,10,True,-1,0.0,2024-11-01,0.8625475064113757,0.8333333333333334,1154.835675531313,83.97097790141416,21940.0,6720.0,216.31924308444422,2400.0
ST_Reg6.00in,arima,0.95,1.2816,10,True,-1,0.0,2024-11-01,0.8821011531354375,0.8333333333333334,1261.563408245582,72.02547735725999,21800.0,6720.0,327.7197490701401,2420.0
ST_Reg6.00in,arima,0.95,1.3,10,True,-1,0.0,2024-11-01,0.8851681052212086,0.8333333333333334,1285.7542428059292,70.15184844667982,21860.0,6720.0,348.329667086522,2440.0
ST_Reg6.00in,arima,0.95,1.4,10,True,-1,0.0,2024-11-01,0.9048125135548513,0.8333333333333334,1418.4909918987278,58.15090081012725,22000.0,6720.0,500.3400910886003,2440.0
ST_Reg6.00in,arima,0.95,1.5,10,True,-1,0.0,2024-11-01,0.9274331123646843,0.8333333333333334,1551.227740991526,44.33177135539286,21940.0,6720.0,652.3505150906785,2440.0
ST_Reg6.00in,arima,0.95,1.6,10,True,-1,0.0,2024-11-01,0.9470775206983268,0.8333333333333334,1676.6917628115968,32.33082371884029,22000.0,6720.0,784.3609390927568,2460.0
ST_Reg6.00in,arima,0.95,1.6449,10,True,-1,0.0,2024-11-01,0.9575377409925134,0.8333333333333334,1740.5941995178998,25.940580048209995,22000.0,6720.0,854.65361946969,2460.0
ST_Reg6.00in,arima,0.95,1.7,10,True,-1,0.0,2024-11-01,0.96969811950816,0.8333333333333334,1811.246693722577,18.511694264105905,21959.999999999996,6720.0,936.371363094835,2480.0
ST_Reg6.00in,arima,0.95,1.8,10,True,-1,0.0,2024-11-01,0.9893425278418024,0.8333333333333334,1940.3470791790116,6.51074662755342,22060.000000000004,6720.0,1068.3817870969124,2500.0
ST_Reg6.00in,arima,0.95,1.9,10,True,-1,0.0,2024-11-01,1.0,1.0,2076.755847462627,0.0,22844.3143220889,6720.0,1220.3922110989906,2500.0
ST_Reg6.00in,arima,0.95,2.0,10,True,-1,0.0,2024-11-01,1.0,1.0,2221.493544191978,0.0,24436.428986111758,6720.0,1372.4026351010689,2500.0
ST_Reg6.00in,arima,0.95,2.0537,10,True,-1,0.0,2024-11-01,1.0,1.0,2301.6431418810944,0.0,25318.07456069204,6720.0,1452.5522327901854,2500.0
ST_Reg6.00in,arima,0.95,2.1,10,True,-1,0.0,2024-11-01,1.0,1.0,2366.2312409213287,0.0,26028.543650134616,6720.0,1504.4130591031471,2520.0
ST_Reg6.00in,arima,0.95,2.2,10,True,-1,0.0,2024-11-01,1.0,1.0,2510.9689376506794,0.0,27620.658314157474,6720.0,1656.4234831052254,2540.0
ST_Reg6.00in,arima,0.95,2.3,10,True,-1,0.0,2024-11-01,1.0,1.0,2657.524816198213,0.0,29232.772978180343,6720.0,1808.4339071073036,2540.0
ST_Reg6.00in,arima,0.95,2.4,10,True,-1,0.0,2024-11-01,1.0,1.0,2794.9897856548364,0.0,30744.8876422032,6720.0,1940.444331109382,2560.0
ST_Reg6.00in,arima,0.95,2.5,10,True,-1,0.0,2024-11-01,1.0,1.0,2943.36384602055,0.0,32377.00230622605,6720.0,2092.4547551114592,2560.0
ST_Reg6.00in,arima,0.95,2.6,10,True,-1,0.0,2024-11-01,1.0,1.0,3091.737906386265,0.0,34009.11697024891,6720.0,2244.4651791135375,2580.0
ST_Reg6.00in,arima,0.95,2.7,10,True,-1,0.0,2024-11-01,1.0,1.0,3227.3846940247063,0.0,35501.23163427177,6720.0,2376.4756031156157,2600.0
ST_Reg6.00in,arima,0.95,2.8,10,True,-1,0.0,2024-11-01,1.0,1.0,3372.122390754058,0.0,37093.34629829464,6720.0,2528.486027117694,2600.0
ST_Reg6.00in,arima,0.95,2.9,10,True,-1,0.0,2024-11-01,1.0,1.0,3524.1328147561367,0.0,38765.460962317506,6720.0,2680.4964511197722,2600.0
ST_Reg6.00in,arima,0.95,3.0,10,True,-1,0.0,2024-11-01,1.0,1.0,3656.143238758214,0.0,40217.57562634035,6720.0,2812.5068751218505,2640.0
ST_Reg6.00in,arima,0.95,3.5,10,True,-1,0.0,2024-11-01,1.0,1.0,4378.013540586786,0.0,48158.14894645465,6720.0,3532.558995132241,2700.0
ST_Reg6.00in,arima,0.95,4.0,10,True,-1,0.0,2024-11-01,1.0,1.0,5107.156569688085,0.0,56178.72226656894,6720.0,4272.611115142631,2740.0
ST_Reg6.00in,croston,0.95,0.0,10,True,-1,0.0,2024-11-01,0.26792805776707607,0.5,229.22087678038667,930.5625104038176,104883.30578900418,6720.0,0.0,2320.0
ST_Reg6.00in,croston,0.95,0.1,10,True,-1,0.0,2024-11-01,0.2900226990125979,0.5,269.7143283721794,822.5799728257035,93450.65462292136,6720.0,0.0,2340.0
ST_Reg6.00in,croston,0.95,0.2,10,True,-1,0.0,2024-11-01,0.3176870614686203,0.5,313.61037328529613,725.2727558416409,83229.71724871876,6720.0,0.0,2360.0
ST_Reg6.00in,croston,0.95,0.3,10,True,-1,0.0,2024-11-01,0.3559239630072831,0.5,360.32891480162584,636.2425809153366,73950.30196350491,6720.0,0.0,2360.0
ST_Reg6.00in,croston,0.95,0.4,10,True,-1,0.0,2024-11-01,0.4022532015808235,0.5,414.3201835906829,545.3942241708504,64550.886678291055,6720.0,0.0,2380.0
ST_Reg6.00in,croston,0.95,0.5,10,True,-1,0.0,2024-11-01,0.46556093484119854,0.5,488.83081493324624,475.06522997987054,57634.31426205147,6720.0,0.0,2400.0
ST_Reg6.00in,croston,0.95,0.6,10,True,-1,0.0,2024-11-01,0.5288686681015736,0.5,564.3631726622863,409.3943258117311,51241.37073857557,6720.0,0.0,2400.0
ST_Reg6.00in,croston,0.95,0.7,10,True,-1,0.0,2024-11-01,0.589200210885758,0.5,638.0773485731443,347.3597852799555,45228.427215099684,6720.0,0.0,2420.0
ST_Reg6.00in,croston,0.95,0.8,10,True,-1,0.0,2024-11-01,0.6554841346223235,0.5,715.4278881203662,279.8706992936342,38655.483691623784,6720.0,0.0,2440.0
ST_Reg6.00in,croston,0.95,0.9,10,True,-1,0.0,2024-11-01,0.7187918678826986,0.5,794.5966094857699,214.19979512549472,32302.540168147887,6720.0,0.0,2440.0
ST_Reg6.00in,croston,0.95,1.0,10,True,-1,0.0,2024-11-01,0.7820996011430735,0.5,870.12896721481,148.52889095735546,25909.596644672012,6720.0,0.0,2460.0
ST_Reg6.00in,croston,0.95,1.1,10,True,-1,0.0,2024-11-01,0.8294214924201971,0.8333333333333334,974.2840264215682,104.20796099420683,22180.0,6720.0,93.71242906372481,2460.0
ST_Reg6.00in,croston,0.95,1.2,10,True,-1,0.0,2024-11-01,0.8485399431895285,0.8333333333333334,1094.716743848756,92.5283256151244,22220.0,6720.0,242.18841823363164,2480.0
ST_Reg6.00in,croston,0.95,1.2816,10,True,-1,0.0,2024-11-01,0.864688218064922,0.8333333333333334,1206.095295814796,82.66319769124766,22360.0,6720.0,370.70482539627574,2480.0
ST_Reg6.00in,croston,0.95,1.3,10,True,-1,0.0,2024-11-01,0.8676583939588599,0.8333333333333334,1227.876734003217,80.84869023604196,22400.0,6720.0,390.66440740353846,2500.0
ST_Reg6.00in,croston,0.95,1.4,10,True,-1,0.0,2024-11-01,0.8897530352043818,0.8333333333333334,1362.8549059758595,67.3508730387777,22400.0,6720.0,559.1403965734453,2480.0
ST_Reg6.00in,croston,0.95,1.5,10,True,-1,0.0,2024-11-01,0.9088714859737129,0.8333333333333334,1496.0148961303196,55.6712376596953,22580.0,6720.0,707.6163857433517,2500.0
ST_Reg6.00in,croston,0.95,1.6,10,True,-1,0.0,2024-11-01,0.9279899367430443,0.8333333333333334,1616.4476135575069,43.99160228061291,22619.999999999996,6720.0,856.092374913258,2520.0
ST_Reg6.00in,croston,0.95,1.6449,10,True,-1,0.0,2024-11-01,0.9382140020908551,0.8333333333333334,1675.2709945914064,37.74562781358666,22580.0,6720.0,904.7980940505468,2540.0
ST_Reg6.00in,croston,0.95,1.7,10,True,-1,0.0,2024-11-01,0.9471083875123757,0.8333333333333334,1749.6076037119676,32.31196690153047,22799.999999999996,6720.0,1004.5683640831649,2520.0
ST_Reg6.00in,croston,0.95,1.8,10,True,-1,0.0,2024-11-01,0.9692030287578975,0.8333333333333334,1880.9494120482466,18.81414970426621,22759.999999999996,6720.0,1153.0443532530717,2540.0
ST_Reg6.00in,croston,0.95,1.9,10,True,-1,0.0,2024-11-01,0.9883214795272289,0.8333333333333334,2014.1094022027073,7.134514325183773,22939.999999999996,6720.0,1301.5203424229785,2560.0
ST_Reg6.00in,croston,0.95,2.0,10,True,-1,0.0,2024-11-01,1.0,1.0,2148.178149774703,0.0,23629.959647521733,6720.0,1449.9963315928853,2560.0
ST_Reg6.00in,croston,0.95,2.0537,10,True,-1,0.0,2024-11-01,1.0,1.0,2226.4297559589427,0.0,24490.72731554837,6720.0,1528.2479377771251,2580.0
ST_Reg6.00in,croston,0.95,2.1,10,True,-1,0.0,2024-11-01,1.0,1.0,2287.5632298537007,0.0,25163.19552839071,6720.0,1598.4723207627922,2580.0
ST_Reg6.00in,croston,0.95,2.2,10,True,-1,0.0,2024-11-01,1.0,1.0,2428.7664917508805,0.0,26716.431409259683,6720.0,1746.948309932699,2600.0
ST_Reg6.00in,croston,0.95,2.3,10,True,-1,0.0,2024-11-01,1.0,1.0,2573.6061172844234,0.0,28309.66729012866,6720.0,1895.4242991026058,2600.0
ST_Reg6.00in,croston,0.95,2.4,10,True,-1,0.0,2024-11-01,1.0,1.0,2718.4457428179667,0.0,29902.903170997633,6720.0,2043.9002882725126,2620.0
ST_Reg6.00in,croston,0.95,2.5,10,True,-1,0.0,2024-11-01,1.0,1.0,2863.28536835151,0.0,31496.13905186661,6720.0,2192.3762774424195,2640.0
ST_Reg6.00in,croston,0.95,2.6,10,True,-1,0.0,2024-11-01,1.0,1.0,2995.3977211577803,0.0,32949.37493273558,6720.0,2340.8522666123263,2640.0
ST_Reg6.00in,croston,0.95,2.7,10,True,-1,0.0,2024-11-01,1.0,1.0,3140.2373466913236,0.0,34542.61081360456,6720.0,2489.328255782233,2660.0
ST_Reg6.00in,croston,0.95,2.8,10,True,-1,0.0,2024-11-01,1.0,1.0,3285.076972224866,0.0,36135.84669447353,6720.0,2637.804244952139,2660.0
ST_Reg6.00in,croston,0.95,2.9,10,True,-1,0.0,2024-11-01,1.0,1.0,3429.9165977584094,0.0,37729.0825753425,6720.0,2786.280234122046,2680.0
ST_Reg6.00in,croston,0.95,3.0,10,True,-1,0.0,2024-11-01,1.0,1.0,3562.0289505646792,0.0,39182.31845621147,6720.0,2934.7562232919518,2700.0
ST_Reg6.00in,croston,0.95,3.5,10,True,-1,0.0,2024-11-01,1.0,1.0,4277.136169141486,0.0,47048.497860556345,6720.0,3677.136169141486,2760.0
ST_Reg6.00in,croston,0.95,4.0,10,True,-1,0.0,2024-11-01,1.0,1.0,4984.970660445565,0.0,54834.67726490122,6720.0,4419.51611499102,2820.0
ST_Reg6.00in,hybrid,0.95,0.0,10,True,-1,0.0,2024-11-01,1.0,1.0,9630.056851473722,0.0,105930.62536621094,6720.0,6880.9659423828125,0.0
ST_Reg6.00in,hybrid,0.95,0.1,10,True,-1,0.0,2024-11-01,1.0,1.0,9915.857910105722,0.0,109074.43701116294,6720.0,7166.767001014812,0.0
ST_Reg6.00in,hybrid,0.95,0.2,10,True,-1,0.0,2024-11-01,1.0,1.0,10181.658968737722,0.0,111998.24865611494,6720.0,7432.568059646812,0.0
ST_Reg6.00in,hybrid,0.95,0.3,10,True,-1,0.0,2024-11-01,1.0,1.0,10467.460027369722,0.0,115142.06030106694,6720.0,7718.369118278812,0.0
ST_Reg6.00in,hybrid,0.95,0.4,10,True,-1,0.0,2024-11-01,1.0,1.0,10733.261086001723,0.0,118065.87194601895,6720.0,7984.170176910811,0.0
ST_Reg6.00in,hybrid,0.95,0.5,10,True,-1,0.0,2024-11-01,1.0,1.0,11019.062144633719,0.0,121209.6835909709,6720.0,8269.971235542811,0.0
ST_Reg6.00in,hybrid,0.95,0.6,10,True,-1,0.0,2024-11-01,1.0,1.0,11284.863203265719,0.0,124133.4952359229,6720.0,8535.77229417481,0.0
ST_Reg6.00in,hybrid,0.95,0.7,10,True,-1,0.0,2024-11-01,1.0,1.0,11550.664261897718,0.0,127057.3068808749,6720.0,8801.573352806809,0.0
ST_Reg6.00in,hybrid,0.95,0.8,10,True,-1,0.0,2024-11-01,1.0,1.0,11836.46532052972,0.0,130201.11852582691,6720.0,9087.37441143881,0.0
ST_Reg6.00in,hybrid,0.95,0.9,10,True,-1,0.0,2024-11-01,1.0,1.0,12102.266379161716,0.0,133124.93017077888,6720.0,9353.175470070808,0.0
ST_Reg6.00in,hybrid,0.95,1.0,10,True,-1,0.0,2024-11-01,1.0,1.0,12388.067437793718,0.0,136268.7418157309,6720.0,9638.97652870281,60.0
ST_Reg6.00in,hybrid,0.95,1.1,10,True,-1,0.0,2024-11-01,1.0,1.0,12653.868496425714,0.0,139192.55346068286,6720.0,9904.777587334807,480.0
ST_Reg6.00in,hybrid,0.95,1.2,10,True,-1,0.0,2024-11-01,1.0,1.0,12939.669555057715,0.0,142336.36510563488,6720.0,10190.578645966809,880.0
ST_Reg6.00in,hybrid,0.95,1.2816,10,True,-1,0.0,2024-11-01,1.0,1.0,13154.483218901429,0.0,144699.3154079157,6720.0,10405.392309810519,1220.0
ST_Reg6.00in,hybrid,0.95,1.3,10,True,-1,0.0,2024-11-01,1.0,1.0,13205.470613689715,0.0,145260.17675058686,6720.0,10456.379704598807,1300.0
ST_Reg6.00in,hybrid,0.95,1.4,10,True,-1,0.0,2024-11-01,1.0,1.0,13471.271672321715,0.0,148183.98839553885,6720.0,10722.180763230805,1700.0
ST_Reg6.00in,hybrid,0.95,1.5,10,True,-1,0.0,2024-11-01,1.0,1.0,13797.072730953716,0.0,151767.80004049087,6720.0,11227.981821862806,1880.0
ST_Reg6.00in,hybrid,0.95,1.6,10,True,-1,0.0,2024-11-01,1.0,1.0,14186.51015322208,0.0,156051.61168544288,6720.0,11893.782880494808,1900.0
ST_Reg6.00in,hybrid,0.95,1.6449,10,True,-1,0.0,2024-11-01,1.0,1.0,14381.55301036603,0.0,158197.08311402632,6720.0,12207.007555820575,1880.0
ST_Reg6.00in,hybrid,0.95,1.7,10,True,-1,0.0,2024-11-01,1.0,1.0,14614.129393672261,0.0,160755.42333039487,6720.0,12579.583939126805,1880.0
ST_Reg6.00in,hybrid,0.95,1.8,10,True,-1,0.0,2024-11-01,1.0,1.0,15032.657725031533,0.0,165359.23497534686,6720.0,13265.384997758803,1880.0
ST_Reg6.00in,hybrid,0.95,1.9,10,True,-1,0.0,2024-11-01,1.0,1.0,15460.276965481717,0.0,170063.04662029888,6720.0,13951.186056390805,1880.0
ST_Reg6.00in,hybrid,0.95,2.0,10,True,-1,0.0,2024-11-01,1.0,1.0,15875.168933204626,0.0,174626.8582652509,6720.0,14616.987115022806,1900.0
ST_Reg6.00in,hybrid,0.95,2.0537,10,True,-1,0.0,2024-11-01,1.0,1.0,16102.344101690007,0.0,177125.78511859008,6720.0,14984.162283508187,1880.0
ST_Reg6.00in,hybrid,0.95,2.1,10,True,-1,0.0,2024-11-01,1.0,1.0,16302.788173654808,0.0,179330.66991020288,6720.0,15302.788173654804,1880.0
ST_Reg6.00in,hybrid,0.95,2.2,10,True,-1,0.0,2024-11-01,1.0,1.0,16721.31650501407,0.0,183934.48155515478,6720.0,15988.589232286802,1880.0
ST_Reg6.00in,hybrid,0.95,2.3,10,True,-1,0.0,2024-11-01,1.0,1.0,17132.572109100627,0.0,188458.29320010688,6720.0,16654.390290918804,1900.0
ST_Reg6.00in,hybrid,0.95,2.4,10,True,-1,0.0,2024-11-01,1.0,1.0,17563.827713187166,0.0,193202.1048450588,6720.0,17340.191349550805,1880.0
ST_Reg6.00in,hybrid,0.95,2.5,10,True,-1,0.0,2024-11-01,1.0,1.0,17978.71968091007,0.0,197765.9164900108,6720.0,18025.992408182803,1880.0
ST_Reg6.00in,hybrid,0.95,2.6,10,True,-1,0.0,2024-11-01,1.0,1.0,18406.338921360253,0.0,202469.7281349628,6720.0,18691.7934668148,1900.0
ST_Reg6.00in,hybrid,0.95,2.7,10,True,-1,0.0,2024-11-01,1.0,1.0,18821.230889083163,0.0,207033.5397799148,6720.0,19377.594525446802,1900.0
ST_Reg6.00in,hybrid,0.95,2.8,10,True,-1,0.0,2024-11-01,1.0,1.0,19252.48649316971,0.0,211777.3514248668,6720.0,20063.3955840788,1880.0
ST_Reg6.00in,hybrid,0.95,2.9,10,True,-1,0.0,2024-11-01,1.0,1.0,19663.742097256254,0.0,216301.16306981878,6720.0,20729.1966427108,1900.0
ST_Reg6.00in,hybrid,0.95,3.0,10,True,-1,0.0,2024-11-01,1.0,1.0,20094.9977013428,0.0,221044.9747147708,6720.0,21414.9977013428,1900.0
ST_Reg6.00in,hybrid,0.95,3.5,10,True,-1,0.0,2024-11-01,1.0,1.0,22198.548449048256,0.0,244184.03293953082,6720.0,24824.0029945028,1880.0
ST_Reg6.00in,hybrid,0.95,4.0,10,True,-1,0.0,2024-11-01,1.0,1.0,24302.0991967537,0.0,267323.09116429073,6720.0,28213.008287662797,1900.0
ST_Reg6.00in,mitra,0.95,0.0,10,True,-1,0.0,2024-11-01,0.36359126984126977,0.5,249.69696969696963,662.5757575757578,75630.00000000003,6720.0,0.0,2060.0
ST_Reg6.00in,mitra,0.95,0.1,10,True,-1,0.0,2024-11-01,0.40066077823873086,0.5,300.4437145025948,576.0416814386408,66669.46581777903,6720.0,0.0,2040.0
ST_Reg6.00in,mitra,0.95,0.2,10,True,-1,0.0,2024-11-01,0.4542144775733355,0.5,362.24023441687535,496.921016773816,58645.95442370539,6720.0,0.0,2040.0
ST_Reg6.00in,mitra,0.95,0.3,10,True,-1,0.0,2024-11-01,0.515771121121908,0.5,437.4512607162223,434.85122213042087,52645.598302224746,6720.0,0.0,2040.0
ST_Reg6.00in,mitra,0.95,0.4,10,True,-1,0.0,2024-11-01,0.5803039551466712,0.5,516.2986506519329,369.145063850662,46285.24218074408,6720.0,0.0,2020.0
ST_Reg6.00in,mitra,0.95,0.5,10,True,-1,0.0,2024-11-01,0.6388844082190533,0.5,593.3278587694615,308.8934510254487,40504.886059263445,6720.0,0.0,2020.0
ST_Reg6.00in,mitra,0.95,0.6,10,True,-1,0.0,2024-11-01,0.7034172422438163,0.5,664.9025214324447,243.18729274569003,34064.5299377828,6720.0,0.0,2000.0
ST_Reg6.00in,mitra,0.95,0.7,10,True,-1,0.0,2024-11-01,0.7679500762685794,0.5,743.7499113681552,177.48113446593132,27704.17381630215,6720.0,0.0,2000.0
ST_Reg6.00in,mitra,0.95,0.8,10,True,-1,0.0,2024-11-01,0.8265305293409614,0.5,820.7791194856837,117.22952164071806,21923.817694821508,6720.0,0.0,1980.0
ST_Reg6.00in,mitra,0.95,0.9,10,True,-1,0.0,2024-11-01,0.8664655655663526,0.8333333333333334,926.0441823689904,81.57739994491914,19160.0,6720.0,102.64860060588944,1960.0
ST_Reg6.00in,mitra,0.95,1.0,10,True,-1,0.0,2024-11-01,0.8879765102412736,0.8333333333333334,1053.820135292144,68.4361682889674,19120.0,6720.0,247.2021488213586,1960.0
ST_Reg6.00in,mitra,0.95,1.1,10,True,-1,0.0,2024-11-01,0.9065112644400042,0.8333333333333334,1179.777906397116,57.11311845119747,19260.0,6720.0,391.75569703682777,1940.0
ST_Reg6.00in,mitra,0.95,1.2,10,True,-1,0.0,2024-11-01,0.9280222091149252,0.8333333333333334,1307.55385932027,43.97188679524573,19220.0,6720.0,536.3092452522969,1940.0
ST_Reg6.00in,mitra,0.95,1.2816,10,True,-1,0.0,2024-11-01,0.9466703780648987,0.8333333333333334,1410.5681278146546,32.5795508548982,19100.0,6720.0,641.6249405961198,1940.0
ST_Reg6.00in,mitra,0.95,1.3,10,True,-1,0.0,2024-11-01,0.9495331537898462,0.8333333333333334,1438.9661758797874,30.83065513929399,19220.0,6720.0,680.8627934677661,1920.0
ST_Reg6.00in,mitra,0.95,1.4,10,True,-1,0.0,2024-11-01,0.9710440984647671,0.8333333333333334,1563.1057651665774,17.68942348334225,19140.0,6720.0,825.4163416832353,1920.0
ST_Reg6.00in,mitra,0.95,1.5,10,True,-1,0.0,2024-11-01,0.9895788526634977,0.8333333333333334,1685.4271726351858,6.366373645572325,19240.0,6720.0,949.9698898987044,1920.0
ST_Reg6.00in,mitra,0.95,1.6,10,True,-1,0.0,2024-11-01,1.0,1.0,1823.6143472050833,0.0,20059.757819255916,6720.0,1094.523438114174,1900.0
ST_Reg6.00in,mitra,0.95,1.6449,10,True,-1,0.0,2024-11-01,1.0,1.0,1890.558890353828,0.0,20796.14779389211,6720.0,1161.4679812629192,1900.0
ST_Reg6.00in,mitra,0.95,1.7,10,True,-1,0.0,2024-11-01,1.0,1.0,1968.1678954205524,0.0,21649.846849626076,6720.0,1239.0769863296428,1900.0
ST_Reg6.00in,mitra,0.95,1.8,10,True,-1,0.0,2024-11-01,1.0,1.0,2098.175989090567,0.0,23079.935879996236,6720.0,1383.6305345451128,1880.0
ST_Reg6.00in,mitra,0.95,1.9,10,True,-1,0.0,2024-11-01,1.0,1.0,2242.7295373060356,0.0,24670.024910366392,6720.0,1528.184082760581,1880.0
ST_Reg6.00in,mitra,0.95,2.0,10,True,-1,0.0,2024-11-01,1.0,1.0,2389.1012673396876,0.0,26280.113940736563,6720.0,1672.7376309760512,1860.0
ST_Reg6.00in,mitra,0.95,2.0537,10,True,-1,0.0,2024-11-01,1.0,1.0,2465.2465227313933,0.0,27117.711750045324,6720.0,1748.8828863677572,1860.0
ST_Reg6.00in,mitra,0.95,2.1,10,True,-1,0.0,2024-11-01,1.0,1.0,2526.382088282428,0.0,27790.202971106708,6720.0,1817.2911791915194,1840.0
ST_Reg6.00in,mitra,0.95,2.2,10,True,-1,0.0,2024-11-01,1.0,1.0,2667.2992728615354,0.0,29340.29200147689,6720.0,1961.8447274069895,1840.0
ST_Reg6.00in,mitra,0.95,2.3,10,True,-1,0.0,2024-11-01,1.0,1.0,2808.2164574406397,0.0,30890.381031847035,6720.0,2106.3982756224577,1820.0
ST_Reg6.00in,mitra,0.95,2.4,10,True,-1,0.0,2024-11-01,1.0,1.0,2949.133642019746,0.0,32440.470062217206,6720.0,2250.951823837928,1820.0
ST_Reg6.00in,mitra,0.95,2.5,10,True,-1,0.0,2024-11-01,1.0,1.0,3086.4144629624875,0.0,33950.55909258736,6720.0,2395.505372053396,1800.0
ST_Reg6.00in,mitra,0.95,2.6,10,True,-1,0.0,2024-11-01,1.0,1.0,3227.3316475415927,0.0,35500.64812295752,6720.0,2520.058920268866,1820.0
ST_Reg6.00in,mitra,0.95,2.7,10,True,-1,0.0,2024-11-01,1.0,1.0,3364.6124684843353,0.0,37010.73715332769,6720.0,2664.6124684843353,1800.0
ST_Reg6.00in,mitra,0.95,2.8,10,True,-1,0.0,2024-11-01,1.0,1.0,3501.893289427077,0.0,38520.82618369785,6720.0,2809.1660166998045,1780.0
ST_Reg6.00in,mitra,0.95,2.9,10,True,-1,0.0,2024-11-01,1.0,1.0,3646.4468376425457,0.0,40110.915214068,6720.0,2953.7195649152736,1780.0
ST_Reg6.00in,mitra,0.95,3.0,10,True,-1,0.0,2024-11-01,1.0,1.0,3791.000385858016,0.0,41701.004244438176,6720.0,3098.273113130743,1760.0
ST_Reg6.00in,mitra,0.95,3.5,10,True,-1,0.0,2024-11-01,1.0,1.0,4484.6772178444535,0.0,49331.44939628899,6720.0,3821.0408542080895,1700.0
ST_Reg6.00in,mitra,0.95,4.0,10,True,-1,0.0,2024-11-01,1.0,1.0,5185.6267771036155,0.0,57041.89454813977,6720.0,4523.808595285434,1660.0
ST_Reg6.00in,naive,0.95,0.0,10,True,-1,0.0,2024-11-01,0.5,0.6666666666666666,3185.4545454545455,872.7272727272727,131040.0,6720.0,6240.0,0.0
ST_Reg6.00in,naive,0.95,0.1,10,True,-1,0.0,2024-11-01,0.5615125989872229,0.6666666666666666,3503.050241487179,704.2310308384953,115998.96604859344,6720.0,6753.364665194138,0.0
ST_Reg6.00in,naive,0.95,0.2,10,True,-1,0.0,2024-11-01,0.6200490074982555,0.6666666666666666,3807.9186647925394,543.0075162224447,101617.93209718686,6720.0,7246.729330388276,0.0
ST_Reg6.00in,naive,0.95,0.3,10,True,-1,0.0,2024-11-01,0.6905041653519093,0.6666666666666666,4121.877997188809,378.14763797003087,86936.89814578029,6720.0,7760.093995582414,0.0
ST_Reg6.00in,naive,0.95,0.4,10,True,-1,0.0,2024-11-01,0.79664563404413,0.8333333333333334,4458.284358817181,248.46206167699017,76371.9547314579,6720.0,8253.458660776554,0.0
ST_Reg6.00in,naive,0.95,0.5,10,True,-1,0.0,2024-11-01,0.8700629949361149,0.8333333333333334,4847.4009030669295,158.75939527805596,70784.94341432239,6720.0,8766.823325970692,0.0
ST_Reg6.00in,naive,0.95,0.6,10,True,-1,0.0,2024-11-01,0.9434803558280997,0.8333333333333334,5223.790174589406,69.05672887912178,65057.932097186866,6720.0,9260.18799116483,0.0
ST_Reg6.00in,naive,0.95,0.7,10,True,-1,0.0,2024-11-01,1.0,1.0,5637.189019995331,0.0,62009.079219948646,6720.0,9773.552656358968,0.0
ST_Reg6.00in,naive,0.95,0.8,10,True,-1,0.0,2024-11-01,1.0,1.0,6103.280957916743,0.0,67136.09053708418,6720.0,10266.917321553108,0.0
ST_Reg6.00in,naive,0.95,0.9,10,True,-1,0.0,2024-11-01,1.0,1.0,6582.100168565427,0.0,72403.1018542197,6720.0,10780.281986747246,0.0
ST_Reg6.00in,naive,0.95,1.0,10,True,-1,0.0,2024-11-01,1.0,1.0,7048.1921064868375,0.0,77530.11317135522,6720.0,11273.646651941384,0.0
ST_Reg6.00in,naive,0.95,1.1,10,True,-1,0.0,2024-11-01,1.0,1.0,7527.0113171355215,0.0,82797.12448849074,6720.0,11787.011317135522,0.0
ST_Reg6.00in,naive,0.95,1.2,10,True,-1,0.0,2024-11-01,1.0,1.0,7996.739618693296,0.0,87964.13580562625,6720.0,12280.37598232966,0.0
ST_Reg6.00in,naive,0.95,1.2816,10,True,-1,0.0,2024-11-01,1.0,1.0,8383.310640037169,0.0,92216.41704040885,6720.0,12692.401549128079,0.0
ST_Reg6.00in,naive,0.95,1.3,10,True,-1,0.0,2024-11-01,1.0,1.0,8473.740647523797,0.0,93211.14712276177,6720.0,12793.740647523799,0.0
ST_Reg6.00in,naive,0.95,1.4,10,True,-1,0.0,2024-11-01,1.0,1.0,8945.287130899755,0.0,98398.15843989729,6720.0,13287.105312717937,0.0
ST_Reg6.00in,naive,0.95,1.5,10,True,-1,0.0,2024-11-01,1.0,1.0,9418.651796093893,0.0,103605.16975703283,6720.0,13800.469977912077,0.0
ST_Reg6.00in,naive,0.95,1.6,10,True,-1,0.0,2024-11-01,1.0,1.0,9890.19827946985,0.0,108792.18107416836,6720.0,14293.834643106216,0.0
ST_Reg6.00in,naive,0.95,1.6449,10,True,-1,0.0,2024-11-01,1.0,1.0,10103.515377778383,0.0,111138.66915556222,6720.0,14523.515377778383,0.0
ST_Reg6.00in,naive,0.95,1.7,10,True,-1,0.0,2024-11-01,1.0,1.0,10363.562944663992,0.0,113999.19239130392,6720.0,14807.199308300354,0.0
ST_Reg6.00in,naive,0.95,1.8,10,True,-1,0.0,2024-11-01,1.0,1.0,10835.109428039945,0.0,119186.2037084394,6720.0,15300.563973494493,0.0
ST_Reg6.00in,naive,0.95,1.9,10,True,-1,0.0,2024-11-01,1.0,1.0,11308.474093234086,0.0,124393.21502557496,6720.0,15813.92863868863,0.0
ST_Reg6.00in,naive,0.95,2.0,10,True,-1,0.0,2024-11-01,1.0,1.0,11783.656940246403,0.0,129620.22634271043,6720.0,16307.293303882769,0.0
ST_Reg6.00in,naive,0.95,2.0537,10,True,-1,0.0,2024-11-01,1.0,1.0,12042.673765455656,0.0,132469.4114200122,6720.0,16586.31012909202,0.0
ST_Reg6.00in,naive,0.95,2.1,10,True,-1,0.0,2024-11-01,1.0,1.0,12249.748878167818,0.0,134747.237659846,6720.0,16800.657969076907,0.0
ST_Reg6.00in,naive,0.95,2.2,10,True,-1,0.0,2024-11-01,1.0,1.0,12728.568088816497,0.0,140014.24897698147,6720.0,17314.022634271045,0.0
ST_Reg6.00in,naive,0.95,2.3,10,True,-1,0.0,2024-11-01,1.0,1.0,13198.296390374277,0.0,145181.26029411703,6720.0,17807.387299465183,0.0
ST_Reg6.00in,naive,0.95,2.4,10,True,-1,0.0,2024-11-01,1.0,1.0,13677.115601022955,0.0,150448.2716112525,6720.0,18320.75196465932,0.0
ST_Reg6.00in,naive,0.95,2.5,10,True,-1,0.0,2024-11-01,1.0,1.0,14143.20753894437,0.0,155575.28292838807,6720.0,18814.11662985346,0.0
ST_Reg6.00in,naive,0.95,2.6,10,True,-1,0.0,2024-11-01,1.0,1.0,14620.208567774867,0.0,160822.29424552355,6720.0,19327.481295047597,0.0
ST_Reg6.00in,naive,0.95,2.7,10,True,-1,0.0,2024-11-01,1.0,1.0,15091.75505115083,0.0,166009.30556265914,6720.0,19820.84596024174,0.0
ST_Reg6.00in,naive,0.95,2.8,10,True,-1,0.0,2024-11-01,1.0,1.0,15565.119716344961,0.0,171216.31687979458,6720.0,20334.210625435873,0.0
ST_Reg6.00in,naive,0.95,2.9,10,True,-1,0.0,2024-11-01,1.0,1.0,16036.666199720925,0.0,176403.32819693018,6720.0,20827.575290630015,0.0
ST_Reg6.00in,naive,0.95,3.0,10,True,-1,0.0,2024-11-01,1.0,1.0,16510.030864915057,0.0,181610.33951406565,6720.0,21340.939955824153,0.0
ST_Reg6.00in,naive,0.95,3.5,10,True,-1,0.0,2024-11-01,1.0,1.0,18878.67237270394,0.0,207665.39609974332,6720.0,23847.763281794847,0.0
ST_Reg6.00in,naive,0.95,4.0,10,True,-1,0.0,2024-11-01,1.0,1.0,21238.222971401898,0.0,233620.45268542087,6720.0,26354.586607765537,0.0
ST_Reg6.00in,rf,0.95,0.0,10,True,-1,0.0,2024-11-01,0.5646904761904762,0.6666666666666666,978.0800000000003,373.4472727272727,51838.08,6720.0,2217.36,2980.0
ST_Reg6.00in,rf,0.95,0.1,10,True,-1,0.0,2024-11-01,0.6185816932505073,0.6666666666666666,1107.9523558703304,318.60877563953517,47234.4412349225,6720.0,2338.4344893217044,3000.0
ST_Reg6.00in,rf,0.95,0.2,10,True,-1,0.0,2024-11-01,0.6724729103105385,0.6666666666666666,1239.642893558843,263.7702785517975,42650.802469845,6720.0,2479.508978643409,3000.0
ST_Reg6.00in,rf,0.95,0.3,10,True,-1,0.0,2024-11-01,0.7263641273705694,0.6666666666666666,1371.3334312473548,208.93178146405998,38067.1637047675,6720.0,2620.5834679651134,2980.0
ST_Reg6.00in,rf,0.95,0.4,10,True,-1,0.0,2024-11-01,0.77727915395441,0.6666666666666666,1497.569423481322,157.72964801268608,33823.52493969001,6720.0,2741.6579572868177,3000.0
ST_Reg6.00in,rf,0.95,0.5,10,True,-1,0.0,2024-11-01,0.830763756935792,0.8333333333333334,1629.756769644111,103.38795939922528,29300.0,6720.0,2882.732446608522,3000.0
ST_Reg6.00in,rf,0.95,0.6,10,True,-1,0.0,2024-11-01,0.848780794037236,0.8333333333333334,1805.2790326638417,92.3811876427067,30019.999999999996,6720.0,3023.8069359302262,2980.0
ST_Reg6.00in,rf,0.95,0.7,10,True,-1,0.0,2024-11-01,0.8638216406624897,0.8333333333333334,2004.4376593199368,83.19259770436996,31200.0,6720.0,3144.8814252519305,3000.0
ST_Reg6.00in,rf,0.95,0.8,10,True,-1,0.0,2024-11-01,0.8818386777639338,0.8333333333333334,2218.141740521486,72.18582594785138,32340.0,6720.0,3285.955914573635,3000.0
ST_Reg6.00in,rf,0.95,0.9,10,True,-1,0.0,2024-11-01,0.899855714865378,0.8333333333333334,2419.118548995764,61.17905419133273,33340.0,6720.0,3407.03040389534,3000.0
ST_Reg6.00in,rf,0.95,1.0,10,True,-1,0.0,2024-11-01,0.9178727519668219,0.8333333333333334,2623.7317211064033,50.17228243481424,34380.0,6720.0,3548.1048932170434,3000.0
ST_Reg6.00in,rf,0.95,1.1,10,True,-1,0.0,2024-11-01,0.9358897890682661,0.8333333333333334,2837.4358023079535,39.16551067829559,35520.0,6720.0,3689.1793825387485,3000.0
ST_Reg6.00in,rf,0.95,1.2,10,True,-1,0.0,2024-11-01,0.9717639690268529,0.8333333333333334,3049.32170169132,17.24964801268619,35440.0,6720.0,3810.253871860452,3000.0
ST_Reg6.00in,rf,0.95,1.2816,10,True,-1,0.0,2024-11-01,1.0,1.0,3235.4506551469635,0.0,35589.9572066166,6720.0,3915.450655146964,3000.0
ST_Reg6.00in,rf,0.95,1.3,10,True,-1,0.0,2024-11-01,1.0,1.0,3284.05563390943,0.0,36124.61197300373,6720.0,3951.328361182157,3000.0
ST_Reg6.00in,rf,0.95,1.4,10,True,-1,0.0,2024-11-01,1.0,1.0,3532.40285050386,0.0,38856.43135554246,6720.0,4072.4028505038605,3020.0
ST_Reg6.00in,rf,0.95,1.5,10,True,-1,0.0,2024-11-01,1.0,1.0,3797.1137034619287,0.0,41768.25073808122,6720.0,4213.477339825566,3000.0
ST_Reg6.00in,rf,0.95,1.6,10,True,-1,0.0,2024-11-01,1.0,1.0,4150.915465510907,0.0,45660.070120619974,6720.0,4354.551829147271,3000.0
ST_Reg6.00in,rf,0.95,1.6449,10,True,-1,0.0,2024-11-01,1.0,1.0,4319.423365761806,0.0,47513.65702337987,6720.0,4408.514274852716,3000.0
ST_Reg6.00in,rf,0.95,1.7,10,True,-1,0.0,2024-11-01,1.0,1.0,4526.535409378065,0.0,49791.889503158716,6720.0,4475.626318468974,3000.0
ST_Reg6.00in,rf,0.95,1.8,10,True,-1,0.0,2024-11-01,1.0,1.0,4905.791716881588,0.0,53963.70888569747,6720.0,4616.700807790679,3000.0
ST_Reg6.00in,rf,0.95,1.9,10,True,-1,0.0,2024-11-01,1.0,1.0,5285.048024385111,0.0,58135.528268236216,6720.0,4757.775297112383,3000.0
ST_Reg6.00in,rf,0.95,2.0,10,True,-1,0.0,2024-11-01,1.0,1.0,5660.66796825227,0.0,62267.34765077497,6720.0,4878.849786434088,3000.0
ST_Reg6.00in,rf,0.95,2.0537,10,True,-1,0.0,2024-11-01,1.0,1.0,5864.121332654388,0.0,64505.33465919828,6720.0,4958.666787199843,3000.0
ST_Reg6.00in,rf,0.95,2.1,10,True,-1,0.0,2024-11-01,1.0,1.0,6050.833366664884,0.0,66559.16703331373,6720.0,5019.924275755793,3000.0
ST_Reg6.00in,rf,0.95,2.2,10,True,-1,0.0,2024-11-01,1.0,1.0,6499.180583259317,0.0,71490.98641585249,6720.0,5140.998765077498,3020.0
ST_Reg6.00in,rf,0.95,2.3,10,True,-1,0.0,2024-11-01,1.0,1.0,6951.164163490111,0.0,76462.80579839121,6720.0,5282.0732543992,3000.0
ST_Reg6.00in,rf,0.95,2.4,10,True,-1,0.0,2024-11-01,1.0,1.0,7403.147743720907,0.0,81434.62518092997,6720.0,5423.147743720905,3000.0
ST_Reg6.00in,rf,0.95,2.5,10,True,-1,0.0,2024-11-01,1.0,1.0,7851.494960315337,0.0,86366.44456346871,6720.0,5544.222233042608,3020.0
ST_Reg6.00in,rf,0.95,2.6,10,True,-1,0.0,2024-11-01,1.0,1.0,8303.478540546133,0.0,91338.26394600747,6720.0,5685.296722364314,3000.0
ST_Reg6.00in,rf,0.95,2.7,10,True,-1,0.0,2024-11-01,1.0,1.0,8795.46212077693,0.0,96750.08332854623,6720.0,6046.371211686019,2780.0
ST_Reg6.00in,rf,0.95,2.8,10,True,-1,0.0,2024-11-01,1.0,1.0,9316.536610098628,0.0,102481.90271108491,6720.0,6567.44570100772,2400.0
ST_Reg6.00in,rf,0.95,2.9,10,True,-1,0.0,2024-11-01,1.0,1.0,9837.611099420334,0.0,108213.72209362367,6720.0,7088.5201903294255,2000.0
ST_Reg6.00in,rf,0.95,3.0,10,True,-1,0.0,2024-11-01,1.0,1.0,10358.685588742039,0.0,113945.54147616243,6720.0,7609.594679651131,1620.0
ST_Reg6.00in,rf,0.95,3.5,10,True,-1,0.0,2024-11-01,1.0,1.0,12964.058035350563,0.0,142604.6383888562,6720.0,10214.967126259653,0.0
ST_Reg6.00in,rf,0.95,4.0,10,True,-1,0.0,2024-11-01,1.0,1.0,15569.430481959082,0.0,171263.7353015499,6720.0,12820.339572868175,0.0
ST_Reg6.00in,sba,0.95,0.0,10,True,-1,0.0,2024-11-01,0.2531923691644365,0.5,202.21437839591272,991.6707485199903,111308.14049955398,6720.0,0.0,2360.0
ST_Reg6.00in,sba,0.95,0.1,10,True,-1,0.0,2024-11-01,0.2746952901671498,0.5,241.62336816088538,886.5801091467299,100181.66905591002,6720.0,0.0,2380.0
ST_Reg6.00in,sba,0.95,0.2,10,True,-1,0.0,2024-11-01,0.296198211169863,0.5,281.03235792585804,788.7621970461968,89855.19761226609,6720.0,0.0,2400.0
ST_Reg6.00in,sba,0.95,0.3,10,True,-1,0.0,2024-11-01,0.33183083577372396,0.5,329.07331207262274,688.6671584183647,79373.19385881897,6720.0,0.0,2400.0
ST_Reg6.00in,sba,0.95,0.4,10,True,-1,0.0,2024-11-01,0.37483667777915053,0.5,381.618631759253,596.7128489667618,69836.2183356956,6720.0,0.0,2440.0
ST_Reg6.00in,sba,0.95,0.5,10,True,-1,0.0,2024-11-01,0.4303352082482943,0.5,440.33683625973407,510.93142432900936,61046.16187504811,6720.0,0.0,2440.0
ST_Reg6.00in,sba,0.95,0.6,10,True,-1,0.0,2024-11-01,0.4948439712564341,0.5,519.1548157896796,445.2497747207217,54688.17819296586,6720.0,0.0,2460.0
ST_Reg6.00in,sba,0.95,0.7,10,True,-1,0.0,2024-11-01,0.5593527342645739,0.5,594.3364316832611,379.56812511243385,48290.19451088359,6720.0,0.0,2480.0
ST_Reg6.00in,sba,0.95,0.8,10,True,-1,0.0,2024-11-01,0.6238614972727137,0.5,671.3362293950248,312.0682936859643,41712.21082880134,6720.0,0.0,2480.0
ST_Reg6.00in,sba,0.95,0.9,10,True,-1,0.0,2024-11-01,0.6883702602808537,0.5,750.1542089249702,246.3866440776763,35354.227146719066,6720.0,0.0,2500.0
ST_Reg6.00in,sba,0.95,1.0,10,True,-1,0.0,2024-11-01,0.7499028328128029,0.5,827.1540066367336,182.52317628757035,29176.24346463681,6720.0,0.0,2520.0
ST_Reg6.00in,sba,0.95,1.1,10,True,-1,0.0,2024-11-01,0.8098061432457079,0.6666666666666666,915.2353754949661,122.4685523712059,23539.129891277276,6720.0,50.94864130557835,2520.0
ST_Reg6.00in,sba,0.95,1.2,10,True,-1,0.0,2024-11-01,0.8415845640541386,0.8333333333333334,1034.043882221647,96.7774299596535,22020.0,6720.0,195.44827044381145,2540.0
ST_Reg6.00in,sba,0.95,1.2816,10,True,-1,0.0,2024-11-01,0.8572499952114002,0.8333333333333334,1133.3817889278268,87.20727565267184,22060.0,6720.0,320.7199678206098,2540.0
ST_Reg6.00in,sba,0.95,1.3,10,True,-1,0.0,2024-11-01,0.8601112945806614,0.8333333333333334,1163.5889996200406,85.45928185617777,22200.0,6720.0,359.94789958204456,2540.0
ST_Reg6.00in,sba,0.95,1.4,10,True,-1,0.0,2024-11-01,0.8816142155833746,0.8333333333333334,1294.952298836616,72.32295193452022,22200.0,6720.0,504.44752872027766,2560.0
ST_Reg6.00in,sba,0.95,1.5,10,True,-1,0.0,2024-11-01,0.9031171365860879,0.8333333333333334,1426.3155980531917,59.18662201286266,22200.0,6720.0,648.9471578585108,2580.0
ST_Reg6.00in,sba,0.95,1.6,10,True,-1,0.0,2024-11-01,0.9216438671126107,0.8333333333333334,1559.497079087949,47.86847390938692,22420.0,6720.0,813.4467869967439,2580.0
ST_Reg6.00in,sba,0.95,1.6449,10,True,-1,0.0,2024-11-01,0.9316022500714004,0.8333333333333334,1620.3337458907374,41.78480722910808,22420.0,6720.0,880.3671204798111,2580.0
ST_Reg6.00in,sba,0.95,1.7,10,True,-1,0.0,2024-11-01,0.9431467881153239,0.8333333333333334,1690.8603783045241,34.732143987729366,22419.999999999996,6720.0,957.946416134977,2600.0
ST_Reg6.00in,sba,0.95,1.8,10,True,-1,0.0,2024-11-01,0.9646497091180374,0.8333333333333334,1818.587313884737,21.59581406607173,22379.999999999996,6720.0,1102.446045273211,2620.0
ST_Reg6.00in,sba,0.95,1.9,10,True,-1,0.0,2024-11-01,0.98317643964456,0.8333333333333334,1951.7687949194938,10.277665962596075,22600.0,6720.0,1266.9456744114432,2620.0
ST_Reg6.00in,sba,0.95,2.0,10,True,-1,0.0,2024-11-01,1.0,1.0,2076.8998490042227,0.0,22845.89833904645,6720.0,1411.4453035496772,2640.0
ST_Reg6.00in,sba,0.95,2.0537,10,True,-1,0.0,2024-11-01,1.0,1.0,2162.1070589423616,0.0,23783.177648365978,6720.0,1487.5616043969076,2660.0
ST_Reg6.00in,sba,0.95,2.1,10,True,-1,0.0,2024-11-01,1.0,1.0,2221.3994781424553,0.0,24435.39425956701,6720.0,1575.9449326879094,2640.0
ST_Reg6.00in,sba,0.95,2.2,10,True,-1,0.0,2024-11-01,1.0,1.0,2365.8991072806893,0.0,26024.890180087583,6720.0,1720.4445618261434,2660.0
ST_Reg6.00in,sba,0.95,2.3,10,True,-1,0.0,2024-11-01,1.0,1.0,2510.398736418921,0.0,27614.38610060813,6720.0,1864.9441909643756,2680.0
ST_Reg6.00in,sba,0.95,2.4,10,True,-1,0.0,2024-11-01,1.0,1.0,2651.2620019207916,0.0,29163.882021128706,6720.0,2029.4438201026096,2680.0
ST_Reg6.00in,sba,0.95,2.5,10,True,-1,0.0,2024-11-01,1.0,1.0,2795.7616310590247,0.0,30753.377941649273,6720.0,2173.9434492408427,2700.0
ST_Reg6.00in,sba,0.95,2.6,10,True,-1,0.0,2024-11-01,1.0,1.0,2940.2612601972573,0.0,32342.87386216983,6720.0,2318.443078379076,2740.0
ST_Reg6.00in,sba,0.95,2.7,10,True,-1,0.0,2024-11-01,1.0,1.0,3084.7608893354904,0.0,33932.369782690395,6720.0,2482.942707517309,2740.0
ST_Reg6.00in,sba,0.95,2.8,10,True,-1,0.0,2024-11-01,1.0,1.0,3229.260518473724,0.0,35521.86570321096,6720.0,2627.442336655542,2760.0
ST_Reg6.00in,sba,0.95,2.9,10,True,-1,0.0,2024-11-01,1.0,1.0,3373.760147611957,0.0,37111.36162373153,6720.0,2791.941965793775,2760.0
ST_Reg6.00in,sba,0.95,3.0,10,True,-1,0.0,2024-11-01,1.0,1.0,3514.6234131138267,0.0,38660.857544252096,6720.0,2936.4415949320082,2780.0
ST_Reg6.00in,sba,0.95,3.5,10,True,-1,0.0,2024-11-01,1.0,1.0,4233.485195168629,0.0,46568.337146854916,6720.0,3698.9397406231747,2840.0
ST_Reg6.00in,sba,0.95,4.0,10,True,-1,0.0,2024-11-01,1.0,1.0,4946.892431768886,0.0,54415.81674945775,6720.0,4461.43788631434,2900.0
ST_Reg6.00in,ses,0.95,0.0,10,True,-1,0.0,2024-11-01,0.2618701903039917,0.5,218.11845786622482,883.8053244779459,99617.88872910253,6720.0,0.0,2280.0
ST_Reg6.00in,ses,0.95,0.1,10,True,-1,0.0,2024-11-01,0.28936712719891095,0.5,268.5128440300041,760.3293856169588,86589.87370219552,6720.0,0.0,2280.0
ST_Reg6.00in,ses,0.95,0.2,10,True,-1,0.0,2024-11-01,0.324204318663851,0.5,319.7550948038325,646.7922204569294,74664.45029310438,6720.0,0.0,2280.0
ST_Reg6.00in,ses,0.95,0.3,10,True,-1,0.0,2024-11-01,0.38427347915672494,0.5,393.1486872605803,555.4063969798194,65419.33922764652,6720.0,0.0,2300.0
ST_Reg6.00in,ses,0.95,0.4,10,True,-1,0.0,2024-11-01,0.45485952793672074,0.5,481.2101868608661,482.3248442826116,58349.0449265568,6720.0,0.0,2300.0
ST_Reg6.00in,ses,0.95,0.5,10,True,-1,0.0,2024-11-01,0.5284217671929072,0.5,571.089868279334,407.4251097672217,51098.750625467066,6720.0,0.0,2320.0
ST_Reg6.00in,ses,0.95,0.6,10,True,-1,0.0,2024-11-01,0.6019840064490936,0.5,660.9695496978017,332.52537525183203,43848.456324377345,6720.0,0.0,2320.0
ST_Reg6.00in,ses,0.95,0.7,10,True,-1,0.0,2024-11-01,0.6755462457052801,0.5,750.8492311162695,257.6256407364421,36598.162023287594,6720.0,0.0,2340.0
ST_Reg6.00in,ses,0.95,0.8,10,True,-1,0.0,2024-11-01,0.7491084849614663,0.5,840.7289125347369,182.72590622105244,29347.867722197876,6720.0,0.0,2340.0
ST_Reg6.00in,ses,0.95,0.9,10,True,-1,0.0,2024-11-01,0.8073757209070067,0.6666666666666666,949.2963070891218,126.51388484157934,24358.786710554068,6720.0,102.7824222475424,2340.0
ST_Reg6.00in,ses,0.95,1.0,10,True,-1,0.0,2024-11-01,0.8433871783008036,0.8333333333333334,1079.6016710740003,95.67619652896362,22400.0,6720.0,267.56183818140016,2360.0
ST_Reg6.00in,ses,0.95,1.1,10,True,-1,0.0,2024-11-01,0.8679079247195324,0.8333333333333334,1229.4011401047794,80.69624962588568,22400.0,6720.0,432.34125411525747,2360.0
ST_Reg6.00in,ses,0.95,1.2,10,True,-1,0.0,2024-11-01,0.8924286711382611,0.8333333333333334,1379.2006091355588,65.71630272280775,22400.0,6720.0,597.1206700491148,2380.0
ST_Reg6.00in,ses,0.95,1.2816,10,True,-1,0.0,2024-11-01,0.913532838311182,0.8333333333333334,1500.8551576828575,52.823575140805175,22320.0,6720.0,718.9406734511431,2400.0
ST_Reg6.00in,ses,0.95,1.3,10,True,-1,0.0,2024-11-01,0.91694941755699,0.8333333333333334,1529.0000781663389,50.73635581972973,22400.0,6720.0,761.900085982973,2380.0
ST_Reg6.00in,ses,0.95,1.4,10,True,-1,0.0,2024-11-01,0.9414701639757188,0.8333333333333334,1678.7995471971187,35.75640891665179,22400.0,6720.0,926.6795019168303,2380.0
ST_Reg6.00in,ses,0.95,1.5,10,True,-1,0.0,2024-11-01,0.963014719918257,0.8333333333333334,1826.780834409716,22.594643831755672,22580.0,6720.0,1091.4589178506876,2400.0
ST_Reg6.00in,ses,0.95,1.6,10,True,-1,0.0,2024-11-01,0.987535466336986,0.8333333333333334,1985.6712125314052,7.614696928677652,22680.0,6720.0,1256.2383337845458,2400.0
ST_Reg6.00in,ses,0.95,1.6449,10,True,-1,0.0,2024-11-01,0.9988488529075666,0.8333333333333334,2045.694810489862,0.7032462237411065,22580.000000000004,6720.0,1332.2642915388478,2400.0
ST_Reg6.00in,ses,0.95,1.7,10,True,-1,0.0,2024-11-01,1.0,1.0,2142.8359315365856,0.0,23571.19524690244,6720.0,1421.0177497184031,2420.0
ST_Reg6.00in,ses,0.95,1.8,10,True,-1,0.0,2024-11-01,1.0,1.0,2307.6153474704424,0.0,25383.768822174865,6720.0,1585.7971656522604,2420.0
ST_Reg6.00in,ses,0.95,1.9,10,True,-1,0.0,2024-11-01,1.0,1.0,2472.3947634042993,0.0,27196.34239744729,6720.0,1750.5765815861178,2440.0
ST_Reg6.00in,ses,0.95,2.0,10,True,-1,0.0,2024-11-01,1.0,1.0,2637.174179338157,0.0,29008.915972719726,6720.0,1915.355997519975,2440.0
ST_Reg6.00in,ses,0.95,2.0537,10,True,-1,0.0,2024-11-01,1.0,1.0,2727.817089331003,0.0,30005.987982641032,6720.0,2022.3625438764575,2420.0
ST_Reg6.00in,ses,0.95,2.1,10,True,-1,0.0,2024-11-01,1.0,1.0,2801.9535952720153,0.0,30821.48954799217,6720.0,2100.1354134538333,2420.0
ST_Reg6.00in,ses,0.95,2.2,10,True,-1,0.0,2024-11-01,1.0,1.0,2963.09664756951,0.0,32594.063123264612,6720.0,2264.9148293876915,2440.0
ST_Reg6.00in,ses,0.95,2.3,10,True,-1,0.0,2024-11-01,1.0,1.0,3131.5124271397294,0.0,34446.636698537026,6720.0,2449.694245321548,2420.0
ST_Reg6.00in,ses,0.95,2.4,10,True,-1,0.0,2024-11-01,1.0,1.0,3296.2918430735876,0.0,36259.21027380946,6720.0,2614.473661255406,2440.0
ST_Reg6.00in,ses,0.95,2.5,10,True,-1,0.0,2024-11-01,1.0,1.0,3464.707622643809,0.0,38111.7838490819,6720.0,2799.2530771892634,2420.0
ST_Reg6.00in,ses,0.95,2.6,10,True,-1,0.0,2024-11-01,1.0,1.0,3629.4870385776667,0.0,39924.35742435433,6720.0,2964.0324931231207,2420.0
ST_Reg6.00in,ses,0.95,2.7,10,True,-1,0.0,2024-11-01,1.0,1.0,3794.2664545115244,0.0,41736.93099962677,6720.0,3148.811909056978,2420.0
ST_Reg6.00in,ses,0.95,2.8,10,True,-1,0.0,2024-11-01,1.0,1.0,3959.0458704453804,0.0,43549.50457489918,6720.0,3313.5913249908353,2420.0
ST_Reg6.00in,ses,0.95,2.9,10,True,-1,0.0,2024-11-01,1.0,1.0,4127.461650015603,0.0,45402.07815017163,6720.0,3498.3707409246936,2420.0
ST_Reg6.00in,ses,0.95,3.0,10,True,-1,0.0,2024-11-01,1.0,1.0,4301.331975040369,0.0,47314.65172544406,6720.0,3663.150156858551,2420.0
ST_Reg6.00in,ses,0.95,3.5,10,True,-1,0.0,2024-11-01,1.0,1.0,5132.501781982385,0.0,56457.519601806234,6720.0,4547.047236527839,2400.0
ST_Reg6.00in,ses,0.95,4.0,10,True,-1,0.0,2024-11-01,1.0,1.0,5960.035225288037,0.0,65560.3874781684,6720.0,5410.944316197127,2400.0
ST_Reg6.00in,tsb,0.95,0.0,10,True,-1,0.0,2024-11-01,0.29116407902168906,0.5,271.80616664338646,697.001737435818,79660.05895101723,6720.0,0.0,2100.0
ST_Reg6.00in,tsb,0.95,0.1,10,True,-1,0.0,2024-11-01,0.33291702796552214,0.5,332.2186232596925,601.6359957684381,69834.3643903848,6720.0,0.0,2120.0
ST_Reg6.00in,tsb,0.95,0.2,10,True,-1,0.0,2024-11-01,0.40246086648502477,0.5,417.18854959624844,530.8277238213082,62980.12366590263,6720.0,0.0,2140.0
ST_Reg6.00in,tsb,0.95,0.3,10,True,-1,0.0,2024-11-01,0.46902851452833694,0.5,500.34029411462257,461.83763369236,56305.88294142044,6720.0,0.0,2180.0
ST_Reg6.00in,tsb,0.95,0.4,10,True,-1,0.0,2024-11-01,0.5385723530478396,0.5,585.3102204511786,391.02936174523,49451.64221693827,6720.0,0.0,2200.0
ST_Reg6.00in,tsb,0.95,0.5,10,True,-1,0.0,2024-11-01,0.6051400010911517,0.5,668.4619649695527,322.03927161628184,42777.401492456076,6720.0,0.0,2220.0
ST_Reg6.00in,tsb,0.95,0.6,10,True,-1,0.0,2024-11-01,0.6746838396106544,0.5,753.4318913061087,251.23099966915188,35923.1607679739,6720.0,0.0,2240.0
ST_Reg6.00in,tsb,0.95,0.7,10,True,-1,0.0,2024-11-01,0.7342470235153428,0.6666666666666666,845.1418174629467,190.7990911786677,30284.46002174586,6720.0,47.06999901155177,2260.0
ST_Reg6.00in,tsb,0.95,0.8,10,True,-1,0.0,2024-11-01,0.783585773004535,0.6666666666666666,963.8895980329002,144.67776437402608,26517.33965950477,6720.0,202.8481972952377,2280.0
ST_Reg6.00in,tsb,0.95,0.9,10,True,-1,0.0,2024-11-01,0.8242003564849588,0.8333333333333334,1078.7512687081123,107.39760040191604,23680.0,6720.0,358.6263955789236,2300.0
ST_Reg6.00in,tsb,0.95,1.0,10,True,-1,0.0,2024-11-01,0.8473816359914598,0.8333333333333334,1220.3678126023724,93.23594601249005,23680.0,6720.0,514.4045938626095,2320.0
ST_Reg6.00in,tsb,0.95,1.1,10,True,-1,0.0,2024-11-01,0.8705629154979606,0.8333333333333334,1361.9843564966322,79.07429162306404,23680.0,6720.0,670.1827921462955,2340.0
ST_Reg6.00in,tsb,0.95,1.2,10,True,-1,0.0,2024-11-01,0.8907680045282711,0.8333333333333334,1501.7827185727103,66.73081905181988,23860.0,6720.0,825.9609904299814,2360.0
ST_Reg6.00in,tsb,0.95,1.2816,10,True,-1,0.0,2024-11-01,0.9102315476531948,0.8333333333333334,1620.6872729358815,54.840363615502774,23860.0,6720.0,956.7560002294695,2380.0
ST_Reg6.00in,tsb,0.95,1.3,10,True,-1,0.0,2024-11-01,0.9139492840347719,0.8333333333333334,1643.3992624669706,52.56916466239388,23860.000000000004,6720.0,981.7391887136673,2380.0
ST_Reg6.00in,tsb,0.95,1.4,10,True,-1,0.0,2024-11-01,0.9341543730650823,0.8333333333333334,1783.197624543048,40.2256920911497,24039.999999999996,6720.0,1137.5173869973532,2400.0
ST_Reg6.00in,tsb,0.95,1.5,10,True,-1,0.0,2024-11-01,0.9573356525715833,0.8333333333333334,1924.8141684373086,26.064037701723713,24040.000000000004,6720.0,1293.2955852810392,2420.0
ST_Reg6.00in,tsb,0.95,1.6,10,True,-1,0.0,2024-11-01,0.9775407416018936,0.8333333333333334,2064.612530513386,13.720565130479537,24219.999999999996,6720.0,1449.073783564725,2440.0
ST_Reg6.00in,tsb,0.95,1.6449,10,True,-1,0.0,2024-11-01,0.9895890170526934,0.8333333333333334,2130.9438132673636,6.360164127809102,24140.0,6720.0,1510.0381945940999,2460.0
ST_Reg6.00in,tsb,0.95,1.7,10,True,-1,0.0,2024-11-01,1.0,1.0,2206.6701636665935,0.0,24273.371800332527,6720.0,1604.851981848411,2480.0
ST_Reg6.00in,tsb,0.95,1.8,10,True,-1,0.0,2024-11-01,1.0,1.0,2358.8119983139145,0.0,25946.93198145306,6720.0,1760.630180132097,2500.0
ST_Reg6.00in,tsb,0.95,1.9,10,True,-1,0.0,2024-11-01,1.0,1.0,2523.681105688511,0.0,27760.492162573617,6720.0,1916.4083784157829,2520.0
ST_Reg6.00in,tsb,0.95,2.0,10,True,-1,0.0,2024-11-01,1.0,1.0,2679.4593039721954,0.0,29474.05234369415,6720.0,2072.186576699469,2540.0
ST_Reg6.00in,tsb,0.95,2.0537,10,True,-1,0.0,2024-11-01,1.0,1.0,2752.3721964505366,0.0,30276.0941609559,6720.0,2145.0994691778087,2560.0
ST_Reg6.00in,tsb,0.95,2.1,10,True,-1,0.0,2024-11-01,1.0,1.0,2831.6011386195187,0.0,31147.612524814707,6720.0,2227.9647749831547,2560.0
ST_Reg6.00in,tsb,0.95,2.2,10,True,-1,0.0,2024-11-01,1.0,1.0,2987.379336903205,0.0,32861.172705935256,6720.0,2383.7429732668415,2580.0
ST_Reg6.00in,tsb,0.95,2.3,10,True,-1,0.0,2024-11-01,1.0,1.0,3139.521171550527,0.0,34534.7328870558,6720.0,2539.5211715505266,2600.0
ST_Reg6.00in,tsb,0.95,2.4,10,True,-1,0.0,2024-11-01,1.0,1.0,3295.299369834212,0.0,36248.29306817633,6720.0,2695.2993698342125,2620.0
ST_Reg6.00in,tsb,0.95,2.5,10,True,-1,0.0,2024-11-01,1.0,1.0,3451.077568117899,0.0,37961.85324929689,6720.0,2871.0775681178984,2620.0
ST_Reg6.00in,tsb,0.95,2.6,10,True,-1,0.0,2024-11-01,1.0,1.0,3610.4921300379483,0.0,39715.41343041743,6720.0,3046.8557664015852,2620.0
ST_Reg6.00in,tsb,0.95,2.7,10,True,-1,0.0,2024-11-01,1.0,1.0,3766.270328321635,0.0,41428.973611537986,6720.0,3222.633964685271,2620.0
ST_Reg6.00in,tsb,0.95,2.8,10,True,-1,0.0,2024-11-01,1.0,1.0,3925.6848902416828,0.0,43182.53379265851,6720.0,3398.412162968956,2620.0
ST_Reg6.00in,tsb,0.95,2.9,10,True,-1,0.0,2024-11-01,1.0,1.0,4085.0994521617336,0.0,44936.09397377907,6720.0,3574.190361252642,2620.0
ST_Reg6.00in,tsb,0.95,3.0,10,True,-1,0.0,2024-11-01,1.0,1.0,4249.968559536328,0.0,46749.65415489961,6720.0,3749.968559536329,2620.0
ST_Reg6.00in,tsb,0.95,3.5,10,True,-1,0.0,2024-11-01,1.0,1.0,5036.1322782274865,0.0,55397.45506050235,6720.0,4628.859550954759,2640.0
ST_Reg6.00in,tsb,0.95,4.0,10,True,-1,0.0,2024-11-01,1.0,1.0,5831.386906009554,0.0,64145.25596610509,6720.0,5487.750542373189,2660.0
ST_Reg6.00in,xgb,0.95,0.0,10,True,-1,0.0,2024-11-01,0.01238235972289528,0.3333333333333333,7.564496121623299,2160.7186751474032,237762.26372355223,6720.0,0.0,3040.0
ST_Reg6.00in,xgb,0.95,0.1,10,True,-1,0.0,2024-11-01,0.04493198946678349,0.3333333333333333,27.44936083788955,1940.0518461665595,213707.64604753832,6720.0,0.0,3040.0
ST_Reg6.00in,xgb,0.95,0.2,10,True,-1,0.0,2024-11-01,0.07450542873448122,0.3333333333333333,45.51604373597399,1730.2941080948056,190833.02837152436,6720.0,0.0,3060.0
ST_Reg6.00in,xgb,0.95,0.3,10,True,-1,0.0,2024-11-01,0.11003124895455992,0.3333333333333333,65.40090845224023,1513.2636427503248,167178.41069551036,6720.0,0.0,3080.0
ST_Reg6.00in,xgb,0.95,0.4,10,True,-1,0.0,2024-11-01,0.14258087869844813,0.3333333333333333,83.46759135032467,1299.8695410422079,143903.79301949643,6720.0,0.0,3100.0
ST_Reg6.00in,xgb,0.95,0.5,10,True,-1,0.0,2024-11-01,0.20145149307514856,0.3333333333333333,103.35245606659083,1075.5663484250008,119449.1753434826,6720.0,0.0,3100.0
ST_Reg6.00in,xgb,0.95,0.6,10,True,-1,0.0,2024-11-01,0.28077850979676844,0.3333333333333333,128.292823383896,865.4095674997407,96606.27348219433,6720.0,0.0,3120.0
ST_Reg6.00in,xgb,0.95,0.7,10,True,-1,0.0,2024-11-01,0.3554595358602252,0.5,208.85237836012973,709.0537924152276,80293.29332763645,6720.0,0.0,3140.0
ST_Reg6.00in,xgb,0.95,0.8,10,True,-1,0.0,2024-11-01,0.4265111763003826,0.5,288.3918372251947,549.8597394013638,63656.881543627154,6720.0,0.0,3140.0
ST_Reg6.00in,xgb,0.95,0.9,10,True,-1,0.0,2024-11-01,0.5261061298727143,0.5,408.2605804990255,432.8131526144485,52100.31317307861,6720.0,0.0,3160.0
ST_Reg6.00in,xgb,0.95,1.0,10,True,-1,0.0,2024-11-01,0.6326835905329503,0.5,534.8424960693502,324.2979199422081,41556.03865040575,6720.0,0.0,3180.0
ST_Reg6.00in,xgb,0.95,1.1,10,True,-1,0.0,2024-11-01,0.7422372416693769,0.5,663.2425934578569,212.14632363360414,30631.76412773288,6720.0,0.0,3180.0
ST_Reg6.00in,xgb,0.95,1.2,10,True,-1,0.0,2024-11-01,0.848814702329613,0.5,789.8245090281816,103.63109096136378,20087.489605060015,6720.0,0.0,3200.0
ST_Reg6.00in,xgb,0.95,1.2816,10,True,-1,0.0,2024-11-01,0.898205081187233,0.8333333333333334,941.7619505256417,62.18744131107219,17200.0,6720.0,175.93814557820588,3220.0
ST_Reg6.00in,xgb,0.95,1.3,10,True,-1,0.0,2024-11-01,0.9057656416315369,0.8333333333333334,984.3137379672077,57.56862620327923,17160.0,6720.0,226.74511176392843,3220.0
ST_Reg6.00in,xgb,0.95,1.4,10,True,-1,0.0,2024-11-01,0.9412914618516156,0.8333333333333334,1201.3442033116883,35.86557966883117,17160.0,6720.0,485.4786236428572,3220.0
ST_Reg6.00in,xgb,0.95,1.5,10,True,-1,0.0,2024-11-01,0.9768172820716944,0.8333333333333334,1420.192850474351,14.162533134383095,17180.0,6720.0,744.212135521786,3220.0
ST_Reg6.00in,xgb,0.95,1.6,10,True,-1,0.0,2024-11-01,1.0,1.0,1644.763829218896,0.0,18092.402121407857,6720.0,1002.9456474007143,3220.0
ST_Reg6.00in,xgb,0.95,1.6449,10,True,-1,0.0,2024-11-01,1.0,1.0,1747.4988124161712,0.0,19222.486936577883,6720.0,1109.3169942343534,3220.0
ST_Reg6.00in,xgb,0.95,1.7,10,True,-1,0.0,2024-11-01,1.0,1.0,1881.6791592796433,0.0,20698.470752076075,6720.0,1261.679159279643,3220.0
ST_Reg6.00in,xgb,0.95,1.8,10,True,-1,0.0,2024-11-01,1.0,1.0,2120.412671158571,0.0,23324.539382744282,6720.0,1500.4126711585714,3240.0
ST_Reg6.00in,xgb,0.95,1.9,10,True,-1,0.0,2024-11-01,1.0,1.0,2357.3280012193186,0.0,25930.608013412504,6720.0,1759.1461830375001,3240.0
ST_Reg6.00in,xgb,0.95,2.0,10,True,-1,0.0,2024-11-01,1.0,1.0,2596.061513098247,0.0,28556.676644080715,6720.0,2017.879694916429,3240.0
ST_Reg6.00in,xgb,0.95,2.0537,10,True,-1,0.0,2024-11-01,1.0,1.0,2722.146863522686,0.0,29943.615498749547,6720.0,2149.4195907954136,3240.0
ST_Reg6.00in,xgb,0.95,2.1,10,True,-1,0.0,2024-11-01,1.0,1.0,2836.613206795358,0.0,31202.745274748937,6720.0,2276.6132067953577,3240.0
ST_Reg6.00in,xgb,0.95,2.2,10,True,-1,0.0,2024-11-01,1.0,1.0,3078.98308231065,0.0,33868.81390541715,6720.0,2535.3467186742864,3240.0
ST_Reg6.00in,xgb,0.95,2.3,10,True,-1,0.0,2024-11-01,1.0,1.0,3315.898412371396,0.0,36474.88253608535,6720.0,2794.0802305532143,3240.0
ST_Reg6.00in,xgb,0.95,2.4,10,True,-1,0.0,2024-11-01,1.0,1.0,3550.9955606139624,0.0,39060.951166753584,6720.0,3032.813742432143,3260.0
ST_Reg6.00in,xgb,0.95,2.5,10,True,-1,0.0,2024-11-01,1.0,1.0,3791.5472543110723,0.0,41707.019797421795,6720.0,3291.547254311072,3260.0
ST_Reg6.00in,xgb,0.95,2.6,10,True,-1,0.0,2024-11-01,1.0,1.0,4030.2807661900006,0.0,44333.088428090006,6720.0,3550.2807661900006,3260.0
ST_Reg6.00in,xgb,0.95,2.7,10,True,-1,0.0,2024-11-01,1.0,1.0,4265.377914432565,0.0,46919.15705875822,6720.0,3809.0142780689293,3260.0
ST_Reg6.00in,xgb,0.95,2.8,10,True,-1,0.0,2024-11-01,1.0,1.0,4509.565971766039,0.0,49605.22568942643,6720.0,4067.747789947858,3280.0
ST_Reg6.00in,xgb,0.95,2.9,10,True,-1,0.0,2024-11-01,1.0,1.0,4748.299483644969,0.0,52231.29432009466,6720.0,4326.481301826787,3280.0
ST_Reg6.00in,xgb,0.95,3.0,10,True,-1,0.0,2024-11-01,1.0,1.0,4988.85117734208,0.0,54877.36295076287,6720.0,4585.214813705716,3280.0
ST_Reg6.00in,xgb,0.95,3.5,10,True,-1,0.0,2024-11-01,1.0,1.0,6182.518736736722,0.0,68007.70610410394,6720.0,5858.882373100359,3300.0
ST_Reg6.00in,xgb,0.95,4.0,10,True,-1,0.0,2024-11-01,1.0,1.0,7374.368114313184,0.0,81118.04925744503,6720.0,7132.5499324950015,3320.0
ST_VA10cm,arima,0.95,0.0,10,True,-1,0.0,2024-11-01,,1.0,4080.0,0.0,44880.0,0.0,4080.0,0.0
ST_VA10cm,arima,0.95,0.1,10,True,-1,0.0,2024-11-01,,1.0,4140.0,0.0,45540.0,0.0,4140.0,0.0
ST_VA10cm,arima,0.95,0.2,10,True,-1,0.0,2024-11-01,,1.0,4220.0,0.0,46420.0,0.0,4220.0,0.0
ST_VA10cm,arima,0.95,0.3,10,True,-1,0.0,2024-11-01,,1.0,4280.0,0.0,47080.0,0.0,4280.0,0.0
ST_VA10cm,arima,0.95,0.4,10,True,-1,0.0,2024-11-01,,1.0,4340.0,0.0,47740.0,0.0,4340.0,0.0
ST_VA10cm,arima,0.95,0.5,10,True,-1,0.0,2024-11-01,,1.0,4420.0,0.0,48620.0,0.0,4420.0,0.0
ST_VA10cm,arima,0.95,0.6,10,True,-1,0.0,2024-11-01,,1.0,4480.0,0.0,49280.0,0.0,4480.0,0.0
ST_VA10cm,arima,0.95,0.7,10,True,-1,0.0,2024-11-01,,1.0,4540.0,0.0,49940.0,0.0,4540.0,0.0
ST_VA10cm,arima,0.95,0.8,10,True,-1,0.0,2024-11-01,,1.0,4620.0,0.0,50820.0,0.0,4620.0,0.0
ST_VA10cm,arima,0.95,0.9,10,True,-1,0.0,2024-11-01,,1.0,4680.0,0.0,51480.0,0.0,4680.0,0.0
ST_VA10cm,arima,0.95,1.0,10,True,-1,0.0,2024-11-01,,1.0,4740.0,0.0,52140.0,0.0,4740.0,0.0
ST_VA10cm,arima,0.95,1.1,10,True,-1,0.0,2024-11-01,,1.0,4820.0,0.0,53020.0,0.0,4820.0,0.0
ST_VA10cm,arima,0.95,1.2,10,True,-1,0.0,2024-11-01,,1.0,4880.0,0.0,53680.0,0.0,4880.0,0.0
ST_VA10cm,arima,0.95,1.2816,10,True,-1,0.0,2024-11-01,,1.0,4940.0,0.0,54340.0,0.0,4940.0,0.0
ST_VA10cm,arima,0.95,1.3,10,True,-1,0.0,2024-11-01,,1.0,4960.0,0.0,54560.0,0.0,4960.0,0.0
ST_VA10cm,arima,0.95,1.4,10,True,-1,0.0,2024-11-01,,1.0,5020.0,0.0,55220.0,0.0,5020.0,0.0
ST_VA10cm,arima,0.95,1.5,10,True,-1,0.0,2024-11-01,,1.0,5080.0,0.0,55880.0,0.0,5080.0,0.0
ST_VA10cm,arima,0.95,1.6,10,True,-1,0.0,2024-11-01,,1.0,5160.0,0.0,56760.0,0.0,5160.0,0.0
ST_VA10cm,arima,0.95,1.6449,10,True,-1,0.0,2024-11-01,,1.0,5180.0,0.0,56980.0,0.0,5180.0,0.0
ST_VA10cm,arima,0.95,1.7,10,True,-1,0.0,2024-11-01,,1.0,5220.0,0.0,57420.0,0.0,5220.0,0.0
ST_VA10cm,arima,0.95,1.8,10,True,-1,0.0,2024-11-01,,1.0,5280.0,0.0,58080.0,0.0,5280.0,0.0
ST_VA10cm,arima,0.95,1.9,10,True,-1,0.0,2024-11-01,,1.0,5360.0,0.0,58960.0,0.0,5360.0,0.0
ST_VA10cm,arima,0.95,2.0,10,True,-1,0.0,2024-11-01,,1.0,5500.0,0.0,60500.0,0.0,5500.0,0.0
ST_VA10cm,arima,0.95,2.0537,10,True,-1,0.0,2024-11-01,,1.0,5640.0,0.0,62040.0,0.0,5640.0,0.0
ST_VA10cm,arima,0.95,2.1,10,True,-1,0.0,2024-11-01,,1.0,5760.0,0.0,63360.0,0.0,5760.0,0.0
ST_VA10cm,arima,0.95,2.2,10,True,-1,0.0,2024-11-01,,1.0,6040.0,0.0,66440.0,0.0,6040.0,0.0
ST_VA10cm,arima,0.95,2.3,10,True,-1,0.0,2024-11-01,,1.0,6300.0,0.0,69300.0,0.0,6300.0,0.0
ST_VA10cm,arima,0.95,2.4,10,True,-1,0.0,2024-11-01,,1.0,6560.0,0.0,72160.0,0.0,6560.0,0.0
ST_VA10cm,arima,0.95,2.5,10,True,-1,0.0,2024-11-01,,1.0,6840.0,0.0,75240.0,0.0,6840.0,0.0
ST_VA10cm,arima,0.95,2.6,10,True,-1,0.0,2024-11-01,,1.0,7100.0,0.0,78100.0,0.0,7100.0,0.0
ST_VA10cm,arima,0.95,2.7,10,True,-1,0.0,2024-11-01,,1.0,7360.0,0.0,80960.0,0.0,7360.0,0.0
ST_VA10cm,arima,0.95,2.8,10,True,-1,0.0,2024-11-01,,1.0,7620.0,0.0,83820.0,0.0,7620.0,0.0
ST_VA10cm,arima,0.95,2.9,10,True,-1,0.0,2024-11-01,,1.0,7900.0,0.0,86900.0,0.0,7900.0,0.0
ST_VA10cm,arima,0.95,3.0,10,True,-1,0.0,2024-11-01,,1.0,8160.0,0.0,89760.0,0.0,8160.0,0.0
ST_VA10cm,arima,0.95,3.5,10,True,-1,0.0,2024-11-01,,1.0,9480.0,0.0,104280.0,0.0,9480.0,0.0
ST_VA10cm,arima,0.95,4.0,10,True,-1,0.0,2024-11-01,,1.0,10818.181818181818,0.0,119000.0,0.0,10820.0,0.0
ST_VA10cm,croston,0.95,0.0,10,True,-1,0.0,2024-11-01,,1.0,7500.0,0.0,82500.0,0.0,7500.0,0.0
ST_VA10cm,croston,0.95,0.1,10,True,-1,0.0,2024-11-01,,1.0,8125.454545454545,0.0,89380.0,0.0,8260.0,0.0
ST_VA10cm,croston,0.95,0.2,10,True,-1,0.0,2024-11-01,,1.0,8741.818181818182,0.0,96160.0,0.0,9000.0,0.0
ST_VA10cm,croston,0.95,0.3,10,True,-1,0.0,2024-11-01,,1.0,9363.636363636364,0.0,103000.0,0.0,9760.0,0.0
ST_VA10cm,croston,0.95,0.4,10,True,-1,0.0,2024-11-01,,1.0,9972.727272727272,0.0,109700.0,0.0,10500.0,0.0
ST_VA10cm,croston,0.95,0.5,10,True,-1,0.0,2024-11-01,,1.0,10592.727272727272,0.0,116520.0,0.0,11260.0,0.0
ST_VA10cm,croston,0.95,0.6,10,True,-1,0.0,2024-11-01,,1.0,11210.90909090909,0.0,123320.0,0.0,12000.0,0.0
ST_VA10cm,croston,0.95,0.7,10,True,-1,0.0,2024-11-01,,1.0,11823.636363636364,0.0,130060.0,0.0,12760.0,0.0
ST_VA10cm,croston,0.95,0.8,10,True,-1,0.0,2024-11-01,,1.0,12440.0,0.0,136840.0,0.0,13500.0,0.0
ST_VA10cm,croston,0.95,0.9,10,True,-1,0.0,2024-11-01,,1.0,13061.818181818182,0.0,143680.0,0.0,14260.0,0.0
ST_VA10cm,croston,0.95,1.0,10,True,-1,0.0,2024-11-01,,1.0,13670.90909090909,0.0,150380.0,0.0,15000.0,0.0
ST_VA10cm,croston,0.95,1.1,10,True,-1,0.0,2024-11-01,,1.0,14292.727272727272,0.0,157220.0,0.0,15760.0,0.0
ST_VA10cm,croston,0.95,1.2,10,True,-1,0.0,2024-11-01,,1.0,14909.09090909091,0.0,164000.0,0.0,16500.0,0.0
ST_VA10cm,croston,0.95,1.2816,10,True,-1,0.0,2024-11-01,,1.0,15410.90909090909,0.0,169520.0,0.0,17120.0,0.0
ST_VA10cm,croston,0.95,1.3,10,True,-1,0.0,2024-11-01,,1.0,15521.818181818182,0.0,170740.0,0.0,17260.0,0.0
ST_VA10cm,croston,0.95,1.4,10,True,-1,0.0,2024-11-01,,1.0,16140.0,0.0,177540.0,0.0,18000.0,0.0
ST_VA10cm,croston,0.95,1.5,10,True,-1,0.0,2024-11-01,,1.0,16760.0,0.0,184360.0,0.0,18760.0,0.0
ST_VA10cm,croston,0.95,1.6,10,True,-1,0.0,2024-11-01,,1.0,17372.727272727272,0.0,191100.0,0.0,19500.0,0.0
ST_VA10cm,croston,0.95,1.6449,10,True,-1,0.0,2024-11-01,,1.0,17650.909090909092,0.0,194160.0,0.0,19840.0,0.0
ST_VA10cm,croston,0.95,1.7,10,True,-1,0.0,2024-11-01,,1.0,17990.909090909092,0.0,197900.0,0.0,20260.0,0.0
ST_VA10cm,croston,0.95,1.8,10,True,-1,0.0,2024-11-01,,1.0,18607.272727272728,0.0,204680.0,0.0,21000.0,0.0
ST_VA10cm,croston,0.95,1.9,10,True,-1,0.0,2024-11-01,,1.0,19227.272727272728,0.0,211500.0,0.0,21760.0,0.0
ST_VA10cm,croston,0.95,2.0,10,True,-1,0.0,2024-11-01,,1.0,19838.18181818182,0.0,218220.0,0.0,22500.0,0.0
ST_VA10cm,croston,0.95,2.0537,10,True,-1,0.0,2024-11-01,,1.0,20172.727272727272,0.0,221900.0,0.0,22920.0,0.0
ST_VA10cm,croston,0.95,2.1,10,True,-1,0.0,2024-11-01,,1.0,20458.18181818182,0.0,225040.0,0.0,23260.0,0.0
ST_VA10cm,croston,0.95,2.2,10,True,-1,0.0,2024-11-01,,1.0,21080.0,0.0,231880.0,0.0,24000.0,0.0
ST_VA10cm,croston,0.95,2.3,10,True,-1,0.0,2024-11-01,,1.0,21692.727272727272,0.0,238620.0,0.0,24760.0,0.0
ST_VA10cm,croston,0.95,2.4,10,True,-1,0.0,2024-11-01,,1.0,22309.090909090908,0.0,245400.0,0.0,25500.0,0.0
ST_VA10cm,croston,0.95,2.5,10,True,-1,0.0,2024-11-01,,1.0,22930.909090909092,0.0,252240.0,0.0,26260.0,0.0
ST_VA10cm,croston,0.95,2.6,10,True,-1,0.0,2024-11-01,,1.0,23540.0,0.0,258940.0,0.0,27000.0,0.0
ST_VA10cm,croston,0.95,2.7,10,True,-1,0.0,2024-11-01,,1.0,24160.0,0.0,265760.0,0.0,27760.0,0.0
ST_VA10cm,croston,0.95,2.8,10,True,-1,0.0,2024-11-01,,1.0,24778.18181818182,0.0,272560.0,0.0,28500.0,0.0
ST_VA10cm,croston,0.95,2.9,10,True,-1,0.0,2024-11-01,,1.0,25394.545454545456,0.0,279340.0,0.0,29260.0,0.0
ST_VA10cm,croston,0.95,3.0,10,True,-1,0.0,2024-11-01,,1.0,26007.272727272728,0.0,286080.0,0.0,30000.0,0.0
ST_VA10cm,croston,0.95,3.5,10,True,-1,0.0,2024-11-01,,1.0,29089.090909090908,0.0,319980.0,0.0,33760.0,0.0
ST_VA10cm,croston,0.95,4.0,10,True,-1,0.0,2024-11-01,,1.0,32170.909090909092,0.0,353880.0,0.0,37500.0,0.0
ST_VA10cm,hybrid,0.95,0.0,10,True,-1,0.0,2024-11-01,,1.0,2830.4220379916105,0.0,31134.642417907715,0.0,3899.5129470825195,0.0
ST_VA10cm,hybrid,0.95,0.1,10,True,-1,0.0,2024-11-01,,1.0,2969.8431437856852,0.0,32668.274581642538,0.0,4026.2067801493217,0.0
ST_VA10cm,hybrid,0.95,0.2,10,True,-1,0.0,2024-11-01,,1.0,3109.26424957976,0.0,34201.90674537736,0.0,4152.900613216124,0.0
ST_VA10cm,hybrid,0.95,0.3,10,True,-1,0.0,2024-11-01,,1.0,3241.4126281011077,0.0,35655.53890911218,0.0,4259.594446282926,0.0
ST_VA10cm,hybrid,0.95,0.4,10,True,-1,0.0,2024-11-01,,1.0,3380.8337338951824,0.0,37189.171072847006,0.0,4386.288279349728,0.0
ST_VA10cm,hybrid,0.95,0.5,10,True,-1,0.0,2024-11-01,,1.0,3507.527566961985,0.0,38582.803236581836,0.0,4512.98211241653,0.0
ST_VA10cm,hybrid,0.95,0.6,10,True,-1,0.0,2024-11-01,,1.0,3639.6759454833314,0.0,40036.435400316645,0.0,4619.675945483332,0.0
ST_VA10cm,hybrid,0.95,0.7,10,True,-1,0.0,2024-11-01,,1.0,3779.097051277407,0.0,41570.067564051475,0.0,4746.369778550134,0.0
ST_VA10cm,hybrid,0.95,0.8,10,True,-1,0.0,2024-11-01,,1.0,3911.245429798754,0.0,43023.69972778629,0.0,4853.063611616936,0.0
ST_VA10cm,hybrid,0.95,0.9,10,True,-1,0.0,2024-11-01,,1.0,4050.66653559283,0.0,44557.33189152113,0.0,4979.757444683739,0.0
ST_VA10cm,hybrid,0.95,1.0,10,True,-1,0.0,2024-11-01,,1.0,4177.3603686596325,0.0,45950.96405525596,0.0,5106.451277750541,0.0
ST_VA10cm,hybrid,0.95,1.1,10,True,-1,0.0,2024-11-01,,1.0,4309.508747180978,0.0,47404.596218990766,0.0,5213.145110817342,0.0
ST_VA10cm,hybrid,0.95,1.2,10,True,-1,0.0,2024-11-01,,1.0,4448.929852975052,0.0,48938.228382725574,0.0,5339.838943884144,0.0
ST_VA10cm,hybrid,0.95,1.2816,10,True,-1,0.0,2024-11-01,,1.0,4557.679293484838,0.0,50134.472228333216,0.0,5435.861111666655,0.0
ST_VA10cm,hybrid,0.95,1.3,10,True,-1,0.0,2024-11-01,,1.0,4581.078231496401,0.0,50391.86054646041,0.0,5446.532776950947,0.0
ST_VA10cm,hybrid,0.95,1.4,10,True,-1,0.0,2024-11-01,,1.0,4720.499337290476,0.0,51925.49271019524,0.0,5573.2266100177485,0.0
ST_VA10cm,hybrid,0.95,1.5,10,True,-1,0.0,2024-11-01,,1.0,4847.193170357278,0.0,53319.12487393006,0.0,5699.920443084551,0.0
ST_VA10cm,hybrid,0.95,1.6,10,True,-1,0.0,2024-11-01,,1.0,4979.341548878626,0.0,54772.75703766489,0.0,5806.614276151353,0.0
ST_VA10cm,hybrid,0.95,1.6449,10,True,-1,0.0,2024-11-01,,1.0,5046.914352652893,0.0,55516.057879181826,0.0,5861.459807198347,0.0
ST_VA10cm,hybrid,0.95,1.7,10,True,-1,0.0,2024-11-01,,1.0,5118.7626546727,0.0,56306.389201399696,0.0,5933.308109218155,0.0
ST_VA10cm,hybrid,0.95,1.8,10,True,-1,0.0,2024-11-01,,1.0,5258.183760466775,0.0,57840.02136513453,0.0,6060.001942284957,0.0
ST_VA10cm,hybrid,0.95,1.9,10,True,-1,0.0,2024-11-01,,1.0,5390.332138988122,0.0,59293.65352886934,0.0,6166.695775351759,0.0
ST_VA10cm,hybrid,0.95,2.0,10,True,-1,0.0,2024-11-01,,1.0,5517.025972054926,0.0,60687.28569260418,0.0,6293.389608418562,0.0
ST_VA10cm,hybrid,0.95,2.0537,10,True,-1,0.0,2024-11-01,,1.0,5599.26783313907,0.0,61591.94616452977,0.0,6362.904196775435,0.0
ST_VA10cm,hybrid,0.95,2.1,10,True,-1,0.0,2024-11-01,,1.0,5649.1743505762715,0.0,62140.91785633899,0.0,6400.083441485363,0.0
ST_VA10cm,hybrid,0.95,2.2,10,True,-1,0.0,2024-11-01,,1.0,5788.595456370347,0.0,63674.55002007382,0.0,6526.777274552165,0.0
ST_VA10cm,hybrid,0.95,2.3,10,True,-1,0.0,2024-11-01,,1.0,5928.016562164423,0.0,65208.18218380865,0.0,6653.471107618967,0.0
ST_VA10cm,hybrid,0.95,2.4,10,True,-1,0.0,2024-11-01,,1.0,6060.16494068577,0.0,66661.81434754346,0.0,6760.16494068577,0.0
ST_VA10cm,hybrid,0.95,2.5,10,True,-1,0.0,2024-11-01,,1.0,6186.858773752572,0.0,68055.4465112783,0.0,6886.858773752571,0.0
ST_VA10cm,hybrid,0.95,2.6,10,True,-1,0.0,2024-11-01,,1.0,6326.279879546646,0.0,69589.07867501311,0.0,7013.552606819374,0.0
ST_VA10cm,hybrid,0.95,2.7,10,True,-1,0.0,2024-11-01,,1.0,6458.428258067995,0.0,71042.71083874794,0.0,7120.246439886176,0.0
ST_VA10cm,hybrid,0.95,2.8,10,True,-1,0.0,2024-11-01,,1.0,6597.8493638620685,0.0,72576.34300248275,0.0,7246.9402729529775,0.0
ST_VA10cm,hybrid,0.95,2.9,10,True,-1,0.0,2024-11-01,,1.0,6729.997742383415,0.0,74029.97516621757,0.0,7353.63410601978,0.0
ST_VA10cm,hybrid,0.95,3.0,10,True,-1,0.0,2024-11-01,,1.0,6869.418848177491,0.0,75563.6073299524,0.0,7480.327939086582,0.0
ST_VA10cm,hybrid,0.95,3.5,10,True,-1,0.0,2024-11-01,,1.0,7539.251649875138,0.0,82931.76814862652,0.0,8073.797104420592,0.0
ST_VA10cm,hybrid,0.95,4.0,10,True,-1,0.0,2024-11-01,,1.0,8209.084451572786,0.0,90299.92896730064,0.0,8667.266269754604,0.0
ST_VA10cm,mitra,0.95,0.0,10,True,-1,0.0,2024-11-01,,1.0,718.1818181818181,0.0,7900.0,0.0,840.0,0.0
ST_VA10cm,mitra,0.95,0.1,10,True,-1,0.0,2024-11-01,,1.0,818.1818181818181,0.0,9000.0,0.0,940.0,0.0
ST_VA10cm,mitra,0.95,0.2,10,True,-1,0.0,2024-11-01,,1.0,918.1818181818181,0.0,10100.0,0.0,1040.0,0.0
ST_VA10cm,mitra,0.95,0.3,10,True,-1,0.0,2024-11-01,,1.0,1016.3636363636364,0.0,11180.0,0.0,1140.0,0.0
ST_VA10cm,mitra,0.95,0.4,10,True,-1,0.0,2024-11-01,,1.0,1116.3636363636363,0.0,12280.0,0.0,1240.0,0.0
ST_VA10cm,mitra,0.95,0.5,10,True,-1,0.0,2024-11-01,,1.0,1201.8181818181818,0.0,13220.0,0.0,1320.0,0.0
ST_VA10cm,mitra,0.95,0.6,10,True,-1,0.0,2024-11-01,,1.0,1301.8181818181818,0.0,14320.0,0.0,1420.0,0.0
ST_VA10cm,mitra,0.95,0.7,10,True,-1,0.0,2024-11-01,,1.0,1398.1818181818182,0.0,15380.0,0.0,1520.0,0.0
ST_VA10cm,mitra,0.95,0.8,10,True,-1,0.0,2024-11-01,,1.0,1498.1818181818182,0.0,16480.0,0.0,1620.0,0.0
ST_VA10cm,mitra,0.95,0.9,10,True,-1,0.0,2024-11-01,,1.0,1596.3636363636363,0.0,17560.0,0.0,1720.0,0.0
ST_VA10cm,mitra,0.95,1.0,10,True,-1,0.0,2024-11-01,,1.0,1696.3636363636363,0.0,18660.0,0.0,1820.0,0.0
ST_VA10cm,mitra,0.95,1.1,10,True,-1,0.0,2024-11-01,,1.0,1781.8181818181818,0.0,19600.0,0.0,1900.0,0.0
ST_VA10cm,mitra,0.95,1.2,10,True,-1,0.0,2024-11-01,,1.0,1881.8181818181818,0.0,20700.0,0.0,2000.0,0.0
ST_VA10cm,mitra,0.95,1.2816,10,True,-1,0.0,2024-11-01,,1.0,1961.8181818181818,0.0,21580.0,0.0,2080.0,0.0
ST_VA10cm,mitra,0.95,1.3,10,True,-1,0.0,2024-11-01,,1.0,1978.1818181818182,0.0,21760.0,0.0,2100.0,0.0
ST_VA10cm,mitra,0.95,1.4,10,True,-1,0.0,2024-11-01,,1.0,2078.181818181818,0.0,22860.0,0.0,2200.0,0.0
ST_VA10cm,mitra,0.95,1.5,10,True,-1,0.0,2024-11-01,,1.0,2176.3636363636365,0.0,23940.0,0.0,2300.0,0.0
ST_VA10cm,mitra,0.95,1.6,10,True,-1,0.0,2024-11-01,,1.0,2276.3636363636365,0.0,25040.0,0.0,2400.0,0.0
ST_VA10cm,mitra,0.95,1.6449,10,True,-1,0.0,2024-11-01,,1.0,2316.3636363636365,0.0,25480.0,0.0,2440.0,0.0
ST_VA10cm,mitra,0.95,1.7,10,True,-1,0.0,2024-11-01,,1.0,2361.818181818182,0.0,25980.0,0.0,2480.0,0.0
ST_VA10cm,mitra,0.95,1.8,10,True,-1,0.0,2024-11-01,,1.0,2461.818181818182,0.0,27080.0,0.0,2580.0,0.0
ST_VA10cm,mitra,0.95,1.9,10,True,-1,0.0,2024-11-01,,1.0,2558.181818181818,0.0,28140.0,0.0,2680.0,0.0
ST_VA10cm,mitra,0.95,2.0,10,True,-1,0.0,2024-11-01,,1.0,2658.181818181818,0.0,29240.0,0.0,2780.0,0.0
ST_VA10cm,mitra,0.95,2.0537,10,True,-1,0.0,2024-11-01,,1.0,2716.3636363636365,0.0,29880.0,0.0,2840.0,0.0
ST_VA10cm,mitra,0.95,2.1,10,True,-1,0.0,2024-11-01,,1.0,2756.3636363636365,0.0,30320.0,0.0,2880.0,0.0
ST_VA10cm,mitra,0.95,2.2,10,True,-1,0.0,2024-11-01,,1.0,2856.3636363636365,0.0,31420.0,0.0,2980.0,0.0
ST_VA10cm,mitra,0.95,2.3,10,True,-1,0.0,2024-11-01,,1.0,2956.3636363636365,0.0,32520.0,0.0,3080.0,0.0
ST_VA10cm,mitra,0.95,2.4,10,True,-1,0.0,2024-11-01,,1.0,3041.818181818182,0.0,33460.0,0.0,3160.0,0.0
ST_VA10cm,mitra,0.95,2.5,10,True,-1,0.0,2024-11-01,,1.0,3141.818181818182,0.0,34560.0,0.0,3260.0,0.0
ST_VA10cm,mitra,0.95,2.6,10,True,-1,0.0,2024-11-01,,1.0,3238.181818181818,0.0,35620.0,0.0,3360.0,0.0
ST_VA10cm,mitra,0.95,2.7,10,True,-1,0.0,2024-11-01,,1.0,3338.181818181818,0.0,36720.0,0.0,3460.0,0.0
ST_VA10cm,mitra,0.95,2.8,10,True,-1,0.0,2024-11-01,,1.0,3436.3636363636365,0.0,37800.0,0.0,3560.0,0.0
ST_VA10cm,mitra,0.95,2.9,10,True,-1,0.0,2024-11-01,,1.0,3536.3636363636365,0.0,38900.0,0.0,3660.0,0.0
ST_VA10cm,mitra,0.95,3.0,10,True,-1,0.0,2024-11-01,,1.0,3621.818181818182,0.0,39840.0,0.0,3740.0,0.0
ST_VA10cm,mitra,0.95,3.5,10,True,-1,0.0,2024-11-01,,1.0,4116.363636363636,0.0,45280.0,0.0,4240.0,0.0
ST_VA10cm,mitra,0.95,4.0,10,True,-1,0.0,2024-11-01,,1.0,4596.363636363636,0.0,50560.0,0.0,4720.0,0.0
ST_VA10cm,naive,0.95,0.0,10,True,-1,0.0,2024-11-01,,1.0,0.0,0.0,0.0,0.0,0.0,0.0
ST_VA10cm,naive,0.95,0.1,10,True,-1,0.0,2024-11-01,,1.0,240.0,0.0,2640.0,0.0,240.0,0.0
ST_VA10cm,naive,0.95,0.2,10,True,-1,0.0,2024-11-01,,1.0,480.0,0.0,5280.0,0.0,480.0,0.0
ST_VA10cm,naive,0.95,0.3,10,True,-1,0.0,2024-11-01,,1.0,720.0,0.0,7920.0,0.0,720.0,0.0
ST_VA10cm,naive,0.95,0.4,10,True,-1,0.0,2024-11-01,,1.0,960.0,0.0,10560.0,0.0,960.0,0.0
ST_VA10cm,naive,0.95,0.5,10,True,-1,0.0,2024-11-01,,1.0,1200.0,0.0,13200.0,0.0,1200.0,0.0
ST_VA10cm,naive,0.95,0.6,10,True,-1,0.0,2024-11-01,,1.0,1440.0,0.0,15840.0,0.0,1440.0,0.0
ST_VA10cm,naive,0.95,0.7,10,True,-1,0.0,2024-11-01,,1.0,1680.0,0.0,18480.0,0.0,1680.0,0.0
ST_VA10cm,naive,0.95,0.8,10,True,-1,0.0,2024-11-01,,1.0,1900.0,0.0,20900.0,0.0,1900.0,0.0
ST_VA10cm,naive,0.95,0.9,10,True,-1,0.0,2024-11-01,,1.0,2140.0,0.0,23540.0,0.0,2140.0,0.0
ST_VA10cm,naive,0.95,1.0,10,True,-1,0.0,2024-11-01,,1.0,2380.0,0.0,26180.0,0.0,2380.0,0.0
ST_VA10cm,naive,0.95,1.1,10,True,-1,0.0,2024-11-01,,1.0,2620.0,0.0,28820.0,0.0,2620.0,0.0
ST_VA10cm,naive,0.95,1.2,10,True,-1,0.0,2024-11-01,,1.0,2860.0,0.0,31460.0,0.0,2860.0,0.0
ST_VA10cm,naive,0.95,1.2816,10,True,-1,0.0,2024-11-01,,1.0,3040.0,0.0,33440.0,0.0,3040.0,0.0
ST_VA10cm,naive,0.95,1.3,10,True,-1,0.0,2024-11-01,,1.0,3100.0,0.0,34100.0,0.0,3100.0,0.0
ST_VA10cm,naive,0.95,1.4,10,True,-1,0.0,2024-11-01,,1.0,3340.0,0.0,36740.0,0.0,3340.0,0.0
ST_VA10cm,naive,0.95,1.5,10,True,-1,0.0,2024-11-01,,1.0,3560.0,0.0,39160.0,0.0,3560.0,0.0
ST_VA10cm,naive,0.95,1.6,10,True,-1,0.0,2024-11-01,,1.0,3800.0,0.0,41800.0,0.0,3800.0,0.0
ST_VA10cm,naive,0.95,1.6449,10,True,-1,0.0,2024-11-01,,1.0,3920.0,0.0,43120.0,0.0,3920.0,0.0
ST_VA10cm,naive,0.95,1.7,10,True,-1,0.0,2024-11-01,,1.0,4040.0,0.0,44440.0,0.0,4040.0,0.0
ST_VA10cm,naive,0.95,1.8,10,True,-1,0.0,2024-11-01,,1.0,4280.0,0.0,47080.0,0.0,4280.0,0.0
ST_VA10cm,naive,0.95,1.9,10,True,-1,0.0,2024-11-01,,1.0,4520.0,0.0,49720.0,0.0,4520.0,0.0
ST_VA10cm,naive,0.95,2.0,10,True,-1,0.0,2024-11-01,,1.0,4760.0,0.0,52360.0,0.0,4760.0,0.0
ST_VA10cm,naive,0.95,2.0537,10,True,-1,0.0,2024-11-01,,1.0,4880.0,0.0,53680.0,0.0,4880.0,0.0
ST_VA10cm,naive,0.95,2.1,10,True,-1,0.0,2024-11-01,,1.0,5000.0,0.0,55000.0,0.0,5000.0,0.0
ST_VA10cm,naive,0.95,2.2,10,True,-1,0.0,2024-11-01,,1.0,5220.0,0.0,57420.0,0.0,5220.0,0.0
ST_VA10cm,naive,0.95,2.3,10,True,-1,0.0,2024-11-01,,1.0,5460.0,0.0,60060.0,0.0,5460.0,0.0
ST_VA10cm,naive,0.95,2.4,10,True,-1,0.0,2024-11-01,,1.0,5700.0,0.0,62700.0,0.0,5700.0,0.0
ST_VA10cm,naive,0.95,2.5,10,True,-1,0.0,2024-11-01,,1.0,5940.0,0.0,65340.0,0.0,5940.0,0.0
ST_VA10cm,naive,0.95,2.6,10,True,-1,0.0,2024-11-01,,1.0,6180.0,0.0,67980.0,0.0,6180.0,0.0
ST_VA10cm,naive,0.95,2.7,10,True,-1,0.0,2024-11-01,,1.0,6420.0,0.0,70620.0,0.0,6420.0,0.0
ST_VA10cm,naive,0.95,2.8,10,True,-1,0.0,2024-11-01,,1.0,6660.0,0.0,73260.0,0.0,6660.0,0.0
ST_VA10cm,naive,0.95,2.9,10,True,-1,0.0,2024-11-01,,1.0,6880.0,0.0,75680.0,0.0,6880.0,0.0
ST_VA10cm,naive,0.95,3.0,10,True,-1,0.0,2024-11-01,,1.0,7120.0,0.0,78320.0,0.0,7120.0,0.0
ST_VA10cm,naive,0.95,3.5,10,True,-1,0.0,2024-11-01,,1.0,8320.0,0.0,91520.0,0.0,8320.0,0.0
ST_VA10cm,naive,0.95,4.0,10,True,-1,0.0,2024-11-01,,1.0,9500.0,0.0,104500.0,0.0,9500.0,0.0
ST_VA10cm,rf,0.95,0.0,10,True,-1,0.0,2024-11-01,,1.0,1406.68,0.0,15473.480000000001,0.0,1406.68,0.0
ST_VA10cm,rf,0.95,0.1,10,True,-1,0.0,2024-11-01,,1.0,1496.008314424375,0.0,16456.091458668125,0.0,1496.008314424375,0.0
ST_VA10cm,rf,0.95,0.2,10,True,-1,0.0,2024-11-01,,1.0,1585.33662884875,0.0,17438.70291733625,0.0,1585.3366288487498,0.0
ST_VA10cm,rf,0.95,0.3,10,True,-1,0.0,2024-11-01,,1.0,1654.6649432731247,0.0,18201.31437600437,0.0,1654.6649432731247,0.0
ST_VA10cm,rf,0.95,0.4,10,True,-1,0.0,2024-11-01,,1.0,1743.9932576974993,0.0,19183.925834672493,0.0,1743.9932576974993,0.0
ST_VA10cm,rf,0.95,0.5,10,True,-1,0.0,2024-11-01,,1.0,1833.321572121874,0.0,20166.537293340614,0.0,1833.3215721218744,0.0
ST_VA10cm,rf,0.95,0.6,10,True,-1,0.0,2024-11-01,,1.0,1922.649886546249,0.0,21149.14875200874,0.0,1922.649886546249,0.0
ST_VA10cm,rf,0.95,0.7,10,True,-1,0.0,2024-11-01,,1.0,2011.9782009706244,0.0,22131.760210676868,0.0,2011.9782009706241,0.0
ST_VA10cm,rf,0.95,0.8,10,True,-1,0.0,2024-11-01,,1.0,2081.3065153949983,0.0,22894.371669344982,0.0,2081.3065153949988,0.0
ST_VA10cm,rf,0.95,0.9,10,True,-1,0.0,2024-11-01,,1.0,2170.6348298193734,0.0,23876.983128013107,0.0,2170.6348298193734,0.0
ST_VA10cm,rf,0.95,1.0,10,True,-1,0.0,2024-11-01,,1.0,2259.963144243749,0.0,24859.594586681236,0.0,2259.9631442437485,0.0
ST_VA10cm,rf,0.95,1.1,10,True,-1,0.0,2024-11-01,,1.0,2349.291458668123,0.0,25842.206045349354,0.0,2349.2914586681236,0.0
ST_VA10cm,rf,0.95,1.2,10,True,-1,0.0,2024-11-01,,1.0,2418.6197730924982,0.0,26604.81750401748,0.0,2418.6197730924982,0.0
ST_VA10cm,rf,0.95,1.2816,10,True,-1,0.0,2024-11-01,,1.0,2506.231677662788,0.0,27568.54845429067,0.0,2506.231677662788,0.0
ST_VA10cm,rf,0.95,1.3,10,True,-1,0.0,2024-11-01,,1.0,2507.9480875168733,0.0,27587.428962685604,0.0,2507.948087516873,0.0
ST_VA10cm,rf,0.95,1.4,10,True,-1,0.0,2024-11-01,,1.0,2597.2764019412484,0.0,28570.040421353733,0.0,2597.276401941248,0.0
ST_VA10cm,rf,0.95,1.5,10,True,-1,0.0,2024-11-01,,1.0,2686.6047163656226,0.0,29552.65188002185,0.0,2686.604716365623,0.0
ST_VA10cm,rf,0.95,1.6,10,True,-1,0.0,2024-11-01,,1.0,2790.478485335452,0.0,30695.263338689976,0.0,2795.9330307899977,0.0
ST_VA10cm,rf,0.95,1.6449,10,True,-1,0.0,2024-11-01,,1.0,2843.7578076029054,0.0,31281.33588363196,0.0,2860.121443966542,0.0
ST_VA10cm,rf,0.95,1.7,10,True,-1,0.0,2024-11-01,,1.0,2903.44316339619,0.0,31937.87479735809,0.0,2925.2613452143723,0.0
ST_VA10cm,rf,0.95,1.8,10,True,-1,0.0,2024-11-01,,1.0,3007.31693236602,0.0,33080.48625602622,0.0,3034.5896596387474,0.0
ST_VA10cm,rf,0.95,1.9,10,True,-1,0.0,2024-11-01,,1.0,3125.7361558813045,0.0,34383.09771469435,0.0,3163.9179740631225,0.0
ST_VA10cm,rf,0.95,2.0,10,True,-1,0.0,2024-11-01,,1.0,3229.6099248511337,0.0,35525.70917336247,0.0,3273.246288487497,0.0
ST_VA10cm,rf,0.95,2.0537,10,True,-1,0.0,2024-11-01,,1.0,3289.1646842424775,0.0,36180.811526667254,0.0,3338.2555933333865,0.0
ST_VA10cm,rf,0.95,2.1,10,True,-1,0.0,2024-11-01,,1.0,3342.574602911872,0.0,36768.32063203059,0.0,3402.574602911872,0.0
ST_VA10cm,rf,0.95,2.2,10,True,-1,0.0,2024-11-01,,1.0,3460.9938264271555,0.0,38070.93209069871,0.0,3531.902917336247,0.0
ST_VA10cm,rf,0.95,2.3,10,True,-1,0.0,2024-11-01,,1.0,3564.867595396985,0.0,39213.543549366834,0.0,3641.2312317606215,0.0
ST_VA10cm,rf,0.95,2.4,10,True,-1,0.0,2024-11-01,,1.0,3683.286818912269,0.0,40516.15500803496,0.0,3770.5595461849966,0.0
ST_VA10cm,rf,0.95,2.5,10,True,-1,0.0,2024-11-01,,1.0,3787.1605878820988,0.0,41658.766466703084,0.0,3879.8878606093713,0.0
ST_VA10cm,rf,0.95,2.6,10,True,-1,0.0,2024-11-01,,1.0,3900.1252659428374,0.0,42901.37792537121,0.0,4009.2161750337464,0.0
ST_VA10cm,rf,0.95,2.7,10,True,-1,0.0,2024-11-01,,1.0,4003.9990349126674,0.0,44043.98938403934,0.0,4118.5444894581215,0.0
ST_VA10cm,rf,0.95,2.8,10,True,-1,0.0,2024-11-01,,1.0,4122.418258427949,0.0,45346.60084270744,0.0,4247.872803882496,0.0
ST_VA10cm,rf,0.95,2.9,10,True,-1,0.0,2024-11-01,,1.0,4226.292027397779,0.0,46489.21230137557,0.0,4357.201118306871,0.0
ST_VA10cm,rf,0.95,3.0,10,True,-1,0.0,2024-11-01,,1.0,4344.711250913064,0.0,47791.8237600437,0.0,4486.529432731246,0.0
ST_VA10cm,rf,0.95,3.5,10,True,-1,0.0,2024-11-01,,1.0,4882.26191394403,0.0,53704.881053384335,0.0,5073.17100485312,0.0
ST_VA10cm,rf,0.95,4.0,10,True,-1,0.0,2024-11-01,,1.0,5439.812576974995,0.0,59837.93834672494,0.0,5679.812576974994,0.0
ST_VA10cm,sba,0.95,0.0,10,True,-1,0.0,2024-11-01,,1.0,7140.0,0.0,78540.0,0.0,7140.0,0.0
ST_VA10cm,sba,0.95,0.1,10,True,-1,0.0,2024-11-01,,1.0,7718.181818181818,0.0,84900.0,0.0,7840.0,0.0
ST_VA10cm,sba,0.95,0.2,10,True,-1,0.0,2024-11-01,,1.0,8309.09090909091,0.0,91400.0,0.0,8560.0,0.0
ST_VA10cm,sba,0.95,0.3,10,True,-1,0.0,2024-11-01,,1.0,8894.545454545454,0.0,97840.0,0.0,9280.0,0.0
ST_VA10cm,sba,0.95,0.4,10,True,-1,0.0,2024-11-01,,1.0,9478.181818181818,0.0,104260.0,0.0,9980.0,0.0
ST_VA10cm,sba,0.95,0.5,10,True,-1,0.0,2024-11-01,,1.0,10067.272727272728,0.0,110740.0,0.0,10700.0,0.0
ST_VA10cm,sba,0.95,0.6,10,True,-1,0.0,2024-11-01,,1.0,10654.545454545454,0.0,117200.0,0.0,11400.0,0.0
ST_VA10cm,sba,0.95,0.7,10,True,-1,0.0,2024-11-01,,1.0,11236.363636363636,0.0,123600.0,0.0,12120.0,0.0
ST_VA10cm,sba,0.95,0.8,10,True,-1,0.0,2024-11-01,,1.0,11825.454545454546,0.0,130080.0,0.0,12840.0,0.0
ST_VA10cm,sba,0.95,0.9,10,True,-1,0.0,2024-11-01,,1.0,12405.454545454546,0.0,136460.0,0.0,13540.0,0.0
ST_VA10cm,sba,0.95,1.0,10,True,-1,0.0,2024-11-01,,1.0,13001.818181818182,0.0,143020.0,0.0,14260.0,0.0
ST_VA10cm,sba,0.95,1.1,10,True,-1,0.0,2024-11-01,,1.0,13589.09090909091,0.0,149480.0,0.0,14980.0,0.0
ST_VA10cm,sba,0.95,1.2,10,True,-1,0.0,2024-11-01,,1.0,14170.90909090909,0.0,155880.0,0.0,15680.0,0.0
ST_VA10cm,sba,0.95,1.2816,10,True,-1,0.0,2024-11-01,,1.0,14649.09090909091,0.0,161140.0,0.0,16260.0,0.0
ST_VA10cm,sba,0.95,1.3,10,True,-1,0.0,2024-11-01,,1.0,14758.181818181818,0.0,162340.0,0.0,16400.0,0.0
ST_VA10cm,sba,0.95,1.4,10,True,-1,0.0,2024-11-01,,1.0,15343.636363636364,0.0,168780.0,0.0,17100.0,0.0
ST_VA10cm,sba,0.95,1.5,10,True,-1,0.0,2024-11-01,,1.0,15927.272727272728,0.0,175200.0,0.0,17820.0,0.0
ST_VA10cm,sba,0.95,1.6,10,True,-1,0.0,2024-11-01,,1.0,16520.0,0.0,181720.0,0.0,18540.0,0.0
ST_VA10cm,sba,0.95,1.6449,10,True,-1,0.0,2024-11-01,,1.0,16778.18181818182,0.0,184560.0,0.0,18860.0,0.0
ST_VA10cm,sba,0.95,1.7,10,True,-1,0.0,2024-11-01,,1.0,17103.636363636364,0.0,188140.0,0.0,19240.0,0.0
ST_VA10cm,sba,0.95,1.8,10,True,-1,0.0,2024-11-01,,1.0,17689.090909090908,0.0,194580.0,0.0,19960.0,0.0
ST_VA10cm,sba,0.95,1.9,10,True,-1,0.0,2024-11-01,,1.0,18274.545454545456,0.0,201020.0,0.0,20680.0,0.0
ST_VA10cm,sba,0.95,2.0,10,True,-1,0.0,2024-11-01,,1.0,18858.18181818182,0.0,207440.0,0.0,21380.0,0.0
ST_VA10cm,sba,0.95,2.0537,10,True,-1,0.0,2024-11-01,,1.0,19174.545454545456,0.0,210920.0,0.0,21760.0,0.0
ST_VA10cm,sba,0.95,2.1,10,True,-1,0.0,2024-11-01,,1.0,19443.636363636364,0.0,213880.0,0.0,22100.0,0.0
ST_VA10cm,sba,0.95,2.2,10,True,-1,0.0,2024-11-01,,1.0,20034.545454545456,0.0,220380.0,0.0,22800.0,0.0
ST_VA10cm,sba,0.95,2.3,10,True,-1,0.0,2024-11-01,,1.0,20620.0,0.0,226820.0,0.0,23520.0,0.0
ST_VA10cm,sba,0.95,2.4,10,True,-1,0.0,2024-11-01,,1.0,21210.909090909092,0.0,233320.0,0.0,24240.0,0.0
ST_VA10cm,sba,0.95,2.5,10,True,-1,0.0,2024-11-01,,1.0,21792.727272727272,0.0,239720.0,0.0,24940.0,0.0
ST_VA10cm,sba,0.95,2.6,10,True,-1,0.0,2024-11-01,,1.0,22380.0,0.0,246180.0,0.0,25660.0,0.0
ST_VA10cm,sba,0.95,2.7,10,True,-1,0.0,2024-11-01,,1.0,22969.090909090908,0.0,252660.0,0.0,26380.0,0.0
ST_VA10cm,sba,0.95,2.8,10,True,-1,0.0,2024-11-01,,1.0,23556.363636363636,0.0,259120.0,0.0,27080.0,0.0
ST_VA10cm,sba,0.95,2.9,10,True,-1,0.0,2024-11-01,,1.0,24138.18181818182,0.0,265520.0,0.0,27800.0,0.0
ST_VA10cm,sba,0.95,3.0,10,True,-1,0.0,2024-11-01,,1.0,24725.454545454544,0.0,271980.0,0.0,28500.0,0.0
ST_VA10cm,sba,0.95,3.5,10,True,-1,0.0,2024-11-01,,1.0,27660.0,0.0,304260.0,0.0,32080.0,0.0
ST_VA10cm,sba,0.95,4.0,10,True,-1,0.0,2024-11-01,,1.0,30590.909090909092,0.0,336500.0,0.0,35640.0,0.0
ST_VA10cm,ses,0.95,0.0,10,True,-1,0.0,2024-11-01,,1.0,360.0,0.0,3960.0,0.0,360.0,0.0
ST_VA10cm,ses,0.95,0.1,10,True,-1,0.0,2024-11-01,,1.0,440.0,0.0,4840.0,0.0,440.0,0.0
ST_VA10cm,ses,0.95,0.2,10,True,-1,0.0,2024-11-01,,1.0,500.0,0.0,5500.0,0.0,500.0,0.0
ST_VA10cm,ses,0.95,0.3,10,True,-1,0.0,2024-11-01,,1.0,600.0,0.0,6600.0,0.0,600.0,0.0
ST_VA10cm,ses,0.95,0.4,10,True,-1,0.0,2024-11-01,,1.0,680.0,0.0,7480.0,0.0,680.0,0.0
ST_VA10cm,ses,0.95,0.5,10,True,-1,0.0,2024-11-01,,1.0,780.0,0.0,8580.0,0.0,780.0,0.0
ST_VA10cm,ses,0.95,0.6,10,True,-1,0.0,2024-11-01,,1.0,880.0,0.0,9680.0,0.0,880.0,0.0
ST_VA10cm,ses,0.95,0.7,10,True,-1,0.0,2024-11-01,,1.0,980.0,0.0,10780.0,0.0,980.0,0.0
ST_VA10cm,ses,0.95,0.8,10,True,-1,0.0,2024-11-01,,1.0,1080.0,0.0,11880.0,0.0,1080.0,0.0
ST_VA10cm,ses,0.95,0.9,10,True,-1,0.0,2024-11-01,,1.0,1180.0,0.0,12980.0,0.0,1180.0,0.0
ST_VA10cm,ses,0.95,1.0,10,True,-1,0.0,2024-11-01,,1.0,1280.0,0.0,14080.0,0.0,1280.0,0.0
ST_VA10cm,ses,0.95,1.1,10,True,-1,0.0,2024-11-01,,1.0,1380.0,0.0,15180.0,0.0,1380.0,0.0
ST_VA10cm,ses,0.95,1.2,10,True,-1,0.0,2024-11-01,,1.0,1460.0,0.0,16060.0,0.0,1460.0,0.0
ST_VA10cm,ses,0.95,1.2816,10,True,-1,0.0,2024-11-01,,1.0,1540.0,0.0,16940.0,0.0,1540.0,0.0
ST_VA10cm,ses,0.95,1.3,10,True,-1,0.0,2024-11-01,,1.0,1560.0,0.0,17160.0,0.0,1560.0,0.0
ST_VA10cm,ses,0.95,1.4,10,True,-1,0.0,2024-11-01,,1.0,1660.0,0.0,18260.0,0.0,1660.0,0.0
ST_VA10cm,ses,0.95,1.5,10,True,-1,0.0,2024-11-01,,1.0,1760.0,0.0,19360.0,0.0,1760.0,0.0
ST_VA10cm,ses,0.95,1.6,10,True,-1,0.0,2024-11-01,,1.0,1860.0,0.0,20460.0,0.0,1860.0,0.0
ST_VA10cm,ses,0.95,1.6449,10,True,-1,0.0,2024-11-01,,1.0,1900.0,0.0,20900.0,0.0,1900.0,0.0
ST_VA10cm,ses,0.95,1.7,10,True,-1,0.0,2024-11-01,,1.0,1960.0,0.0,21560.0,0.0,1960.0,0.0
ST_VA10cm,ses,0.95,1.8,10,True,-1,0.0,2024-11-01,,1.0,2060.0,0.0,22660.0,0.0,2060.0,0.0
ST_VA10cm,ses,0.95,1.9,10,True,-1,0.0,2024-11-01,,1.0,2160.0,0.0,23760.0,0.0,2160.0,0.0
ST_VA10cm,ses,0.95,2.0,10,True,-1,0.0,2024-11-01,,1.0,2240.0,0.0,24640.0,0.0,2240.0,0.0
ST_VA10cm,ses,0.95,2.0537,10,True,-1,0.0,2024-11-01,,1.0,2300.0,0.0,25300.0,0.0,2300.0,0.0
ST_VA10cm,ses,0.95,2.1,10,True,-1,0.0,2024-11-01,,1.0,2340.0,0.0,25740.0,0.0,2340.0,0.0
ST_VA10cm,ses,0.95,2.2,10,True,-1,0.0,2024-11-01,,1.0,2440.0,0.0,26840.0,0.0,2440.0,0.0
ST_VA10cm,ses,0.95,2.3,10,True,-1,0.0,2024-11-01,,1.0,2540.0,0.0,27940.0,0.0,2540.0,0.0
ST_VA10cm,ses,0.95,2.4,10,True,-1,0.0,2024-11-01,,1.0,2640.0,0.0,29040.0,0.0,2640.0,0.0
ST_VA10cm,ses,0.95,2.5,10,True,-1,0.0,2024-11-01,,1.0,2740.0,0.0,30140.0,0.0,2740.0,0.0
ST_VA10cm,ses,0.95,2.6,10,True,-1,0.0,2024-11-01,,1.0,2840.0,0.0,31240.0,0.0,2840.0,0.0
ST_VA10cm,ses,0.95,2.7,10,True,-1,0.0,2024-11-01,,1.0,2940.0,0.0,32340.0,0.0,2940.0,0.0
ST_VA10cm,ses,0.95,2.8,10,True,-1,0.0,2024-11-01,,1.0,3020.0,0.0,33220.0,0.0,3020.0,0.0
ST_VA10cm,ses,0.95,2.9,10,True,-1,0.0,2024-11-01,,1.0,3120.0,0.0,34320.0,0.0,3120.0,0.0
ST_VA10cm,ses,0.95,3.0,10,True,-1,0.0,2024-11-01,,1.0,3220.0,0.0,35420.0,0.0,3220.0,0.0
ST_VA10cm,ses,0.95,3.5,10,True,-1,0.0,2024-11-01,,1.0,3720.0,0.0,40920.0,0.0,3720.0,0.0
ST_VA10cm,ses,0.95,4.0,10,True,-1,0.0,2024-11-01,,1.0,4220.0,0.0,46420.0,0.0,4220.0,0.0
ST_VA10cm,tsb,0.95,0.0,10,True,-1,0.0,2024-11-01,,1.0,680.0,0.0,7480.0,0.0,680.0,0.0
ST_VA10cm,tsb,0.95,0.1,10,True,-1,0.0,2024-11-01,,1.0,760.0,0.0,8360.0,0.0,760.0,0.0
ST_VA10cm,tsb,0.95,0.2,10,True,-1,0.0,2024-11-01,,1.0,820.0,0.0,9020.0,0.0,820.0,0.0
ST_VA10cm,tsb,0.95,0.3,10,True,-1,0.0,2024-11-01,,1.0,880.0,0.0,9680.0,0.0,880.0,0.0
ST_VA10cm,tsb,0.95,0.4,10,True,-1,0.0,2024-11-01,,1.0,960.0,0.0,10560.0,0.0,960.0,0.0
ST_VA10cm,tsb,0.95,0.5,10,True,-1,0.0,2024-11-01,,1.0,1020.0,0.0,11220.0,0.0,1020.0,0.0
ST_VA10cm,tsb,0.95,0.6,10,True,-1,0.0,2024-11-01,,1.0,1080.0,0.0,11880.0,0.0,1080.0,0.0
ST_VA10cm,tsb,0.95,0.7,10,True,-1,0.0,2024-11-01,,1.0,1160.0,0.0,12760.0,0.0,1160.0,0.0
ST_VA10cm,tsb,0.95,0.8,10,True,-1,0.0,2024-11-01,,1.0,1240.0,0.0,13640.0,0.0,1240.0,0.0
ST_VA10cm,tsb,0.95,0.9,10,True,-1,0.0,2024-11-01,,1.0,1340.0,0.0,14740.0,0.0,1340.0,0.0
ST_VA10cm,tsb,0.95,1.0,10,True,-1,0.0,2024-11-01,,1.0,1440.0,0.0,15840.0,0.0,1440.0,0.0
ST_VA10cm,tsb,0.95,1.1,10,True,-1,0.0,2024-11-01,,1.0,1540.0,0.0,16940.0,0.0,1540.0,0.0
ST_VA10cm,tsb,0.95,1.2,10,True,-1,0.0,2024-11-01,,1.0,1640.0,0.0,18040.0,0.0,1640.0,0.0
ST_VA10cm,tsb,0.95,1.2816,10,True,-1,0.0,2024-11-01,,1.0,1720.0,0.0,18920.0,0.0,1720.0,0.0
ST_VA10cm,tsb,0.95,1.3,10,True,-1,0.0,2024-11-01,,1.0,1740.0,0.0,19140.0,0.0,1740.0,0.0
ST_VA10cm,tsb,0.95,1.4,10,True,-1,0.0,2024-11-01,,1.0,1840.0,0.0,20240.0,0.0,1840.0,0.0
ST_VA10cm,tsb,0.95,1.5,10,True,-1,0.0,2024-11-01,,1.0,1940.0,0.0,21340.0,0.0,1940.0,0.0
ST_VA10cm,tsb,0.95,1.6,10,True,-1,0.0,2024-11-01,,1.0,2040.0,0.0,22440.0,0.0,2040.0,0.0
ST_VA10cm,tsb,0.95,1.6449,10,True,-1,0.0,2024-11-01,,1.0,2080.0,0.0,22880.0,0.0,2080.0,0.0
ST_VA10cm,tsb,0.95,1.7,10,True,-1,0.0,2024-11-01,,1.0,2140.0,0.0,23540.0,0.0,2140.0,0.0
ST_VA10cm,tsb,0.95,1.8,10,True,-1,0.0,2024-11-01,,1.0,2240.0,0.0,24640.0,0.0,2240.0,0.0
ST_VA10cm,tsb,0.95,1.9,10,True,-1,0.0,2024-11-01,,1.0,2340.0,0.0,25740.0,0.0,2340.0,0.0
ST_VA10cm,tsb,0.95,2.0,10,True,-1,0.0,2024-11-01,,1.0,2440.0,0.0,26840.0,0.0,2440.0,0.0
ST_VA10cm,tsb,0.95,2.0537,10,True,-1,0.0,2024-11-01,,1.0,2500.0,0.0,27500.0,0.0,2500.0,0.0
ST_VA10cm,tsb,0.95,2.1,10,True,-1,0.0,2024-11-01,,1.0,2540.0,0.0,27940.0,0.0,2540.0,0.0
ST_VA10cm,tsb,0.95,2.2,10,True,-1,0.0,2024-11-01,,1.0,2640.0,0.0,29040.0,0.0,2640.0,0.0
ST_VA10cm,tsb,0.95,2.3,10,True,-1,0.0,2024-11-01,,1.0,2740.0,0.0,30140.0,0.0,2740.0,0.0
ST_VA10cm,tsb,0.95,2.4,10,True,-1,0.0,2024-11-01,,1.0,2840.0,0.0,31240.0,0.0,2840.0,0.0
ST_VA10cm,tsb,0.95,2.5,10,True,-1,0.0,2024-11-01,,1.0,2940.0,0.0,32340.0,0.0,2940.0,0.0
ST_VA10cm,tsb,0.95,2.6,10,True,-1,0.0,2024-11-01,,1.0,3040.0,0.0,33440.0,0.0,3040.0,0.0
ST_VA10cm,tsb,0.95,2.7,10,True,-1,0.0,2024-11-01,,1.0,3140.0,0.0,34540.0,0.0,3140.0,0.0
ST_VA10cm,tsb,0.95,2.8,10,True,-1,0.0,2024-11-01,,1.0,3240.0,0.0,35640.0,0.0,3240.0,0.0
ST_VA10cm,tsb,0.95,2.9,10,True,-1,0.0,2024-11-01,,1.0,3340.0,0.0,36740.0,0.0,3340.0,0.0
ST_VA10cm,tsb,0.95,3.0,10,True,-1,0.0,2024-11-01,,1.0,3440.0,0.0,37840.0,0.0,3440.0,0.0
ST_VA10cm,tsb,0.95,3.5,10,True,-1,0.0,2024-11-01,,1.0,3960.0,0.0,43560.0,0.0,3960.0,0.0
ST_VA10cm,tsb,0.95,4.0,10,True,-1,0.0,2024-11-01,,1.0,4498.181818181818,0.0,49480.0,0.0,4500.0,0.0
ST_VA10cm,xgb,0.95,0.0,10,True,-1,0.0,2024-11-01,,1.0,20.011027309141355,0.0,220.1213004005549,0.0,20.011027309141355,0.0
ST_VA10cm,xgb,0.95,0.1,10,True,-1,0.0,2024-11-01,,1.0,100.26466449425402,0.0,1102.9113094367942,0.0,100.26466449425402,0.0
ST_VA10cm,xgb,0.95,0.2,10,True,-1,0.0,2024-11-01,,1.0,200.5183016793667,0.0,2205.7013184730336,0.0,200.5183016793667,0.0
ST_VA10cm,xgb,0.95,0.3,10,True,-1,0.0,2024-11-01,,1.0,300.7719388644791,0.0,3308.4913275092704,0.0,300.7719388644791,0.0
ST_VA10cm,xgb,0.95,0.4,10,True,-1,0.0,2024-11-01,,1.0,401.02557604959185,0.0,4411.28133654551,0.0,401.0255760495918,0.0
ST_VA10cm,xgb,0.95,0.5,10,True,-1,0.0,2024-11-01,,1.0,501.27921323470434,0.0,5514.071345581748,0.0,501.27921323470446,0.0
ST_VA10cm,xgb,0.95,0.6,10,True,-1,0.0,2024-11-01,,1.0,596.0783049652716,0.0,6556.861354617988,0.0,601.5328504198171,0.0
ST_VA10cm,xgb,0.95,0.7,10,True,-1,0.0,2024-11-01,,1.0,681.7864876049298,0.0,7499.651363654228,0.0,681.7864876049298,0.0
ST_VA10cm,xgb,0.95,0.8,10,True,-1,0.0,2024-11-01,,1.0,782.0401247900426,0.0,8602.441372690468,0.0,782.0401247900425,0.0
ST_VA10cm,xgb,0.95,0.9,10,True,-1,0.0,2024-11-01,,1.0,882.2937619751549,0.0,9705.231381726704,0.0,882.2937619751549,0.0
ST_VA10cm,xgb,0.95,1.0,10,True,-1,0.0,2024-11-01,,1.0,982.5473991602673,0.0,10808.02139076294,0.0,982.5473991602676,0.0
ST_VA10cm,xgb,0.95,1.1,10,True,-1,0.0,2024-11-01,,1.0,1082.80103634538,0.0,11910.81139979918,0.0,1082.8010363453802,0.0
ST_VA10cm,xgb,0.95,1.2,10,True,-1,0.0,2024-11-01,,1.0,1177.6001280759474,0.0,12953.60140883542,0.0,1183.054673530493,0.0
ST_VA10cm,xgb,0.95,1.2816,10,True,-1,0.0,2024-11-01,,1.0,1257.8070960189996,0.0,13835.878056208996,0.0,1263.2616414735448,0.0
ST_VA10cm,xgb,0.95,1.3,10,True,-1,0.0,2024-11-01,,1.0,1263.3083107156056,0.0,13896.39141787166,0.0,1263.3083107156056,0.0
ST_VA10cm,xgb,0.95,1.4,10,True,-1,0.0,2024-11-01,,1.0,1363.5619479007182,0.0,14999.1814269079,0.0,1363.5619479007182,0.0
ST_VA10cm,xgb,0.95,1.5,10,True,-1,0.0,2024-11-01,,1.0,1463.815585085831,0.0,16101.971435944139,0.0,1463.8155850858307,0.0
ST_VA10cm,xgb,0.95,1.6,10,True,-1,0.0,2024-11-01,,1.0,1564.0692222709433,0.0,17204.761444980377,0.0,1564.0692222709433,0.0
ST_VA10cm,xgb,0.95,1.6449,10,True,-1,0.0,2024-11-01,,1.0,1604.183105367059,0.0,17646.014159037648,0.0,1604.183105367059,0.0
ST_VA10cm,xgb,0.95,1.7,10,True,-1,0.0,2024-11-01,,1.0,1664.3228594560562,0.0,18307.55145401662,0.0,1664.322859456056,0.0
ST_VA10cm,xgb,0.95,1.8,10,True,-1,0.0,2024-11-01,,1.0,1759.1219511866234,0.0,19350.341463052857,0.0,1764.5764966411687,0.0
ST_VA10cm,xgb,0.95,1.9,10,True,-1,0.0,2024-11-01,,1.0,1844.8301338262818,0.0,20293.1314720891,0.0,1844.8301338262813,0.0
ST_VA10cm,xgb,0.95,2.0,10,True,-1,0.0,2024-11-01,,1.0,1945.0837710113942,0.0,21395.921481125337,0.0,1945.083771011394,0.0
ST_VA10cm,xgb,0.95,2.0537,10,True,-1,0.0,2024-11-01,,1.0,2005.2199741797995,0.0,22057.419715977794,0.0,2005.2199741797995,0.0
ST_VA10cm,xgb,0.95,2.1,10,True,-1,0.0,2024-11-01,,1.0,2045.3374081965062,0.0,22498.711490161568,0.0,2045.3374081965064,0.0
ST_VA10cm,xgb,0.95,2.2,10,True,-1,0.0,2024-11-01,,1.0,2145.5910453816186,0.0,23601.501499197806,0.0,2145.591045381619,0.0
ST_VA10cm,xgb,0.95,2.3,10,True,-1,0.0,2024-11-01,,1.0,2245.844682566731,0.0,24704.291508234044,0.0,2245.8446825667315,0.0
ST_VA10cm,xgb,0.95,2.4,10,True,-1,0.0,2024-11-01,,1.0,2340.643774297299,0.0,25747.081517270286,0.0,2346.0983197518444,0.0
ST_VA10cm,xgb,0.95,2.5,10,True,-1,0.0,2024-11-01,,1.0,2426.351956936957,0.0,26689.871526306528,0.0,2426.3519569369573,0.0
ST_VA10cm,xgb,0.95,2.6,10,True,-1,0.0,2024-11-01,,1.0,2526.6055941220698,0.0,27792.661535342766,0.0,2526.6055941220698,0.0
ST_VA10cm,xgb,0.95,2.7,10,True,-1,0.0,2024-11-01,,1.0,2626.859231307182,0.0,28895.451544379004,0.0,2626.859231307182,0.0
ST_VA10cm,xgb,0.95,2.8,10,True,-1,0.0,2024-11-01,,1.0,2727.112868492295,0.0,29998.241553415246,0.0,2727.112868492295,0.0
ST_VA10cm,xgb,0.95,2.9,10,True,-1,0.0,2024-11-01,,1.0,2827.3665056774075,0.0,31101.031562451484,0.0,2827.3665056774075,0.0
ST_VA10cm,xgb,0.95,3.0,10,True,-1,0.0,2024-11-01,,1.0,2907.6201428625204,0.0,31983.821571487722,0.0,2907.62014286252,0.0
ST_VA10cm,xgb,0.95,3.5,10,True,-1,0.0,2024-11-01,,1.0,3408.888328788083,0.0,37497.77161666891,0.0,3408.8883287880835,0.0
ST_VA10cm,xgb,0.95,4.0,10,True,-1,0.0,2024-11-01,,1.0,3890.1565147136453,0.0,42791.7216618501,0.0,3890.156514713646,0.0
ST_VA7cm,arima,0.95,0.0,10,True,-1,0.0,2024-11-01,0.35689577874185985,0.6666666666666666,6331.013682508229,13320.726055610603,1534921.0166247569,74000.0,0.0,38360.0
ST_VA7cm,arima,0.95,0.1,10,True,-1,0.0,2024-11-01,0.4020394590258463,0.6666666666666666,7545.789079240956,11663.960020419234,1366039.282117766,74000.0,0.0,38620.0
ST_VA7cm,arima,0.95,0.2,10,True,-1,0.0,2024-11-01,0.4469128690395625,0.6666666666666666,8753.291748700954,10005.375803409694,1196877.5476107767,74000.0,0.0,38860.0
ST_VA7cm,arima,0.95,0.3,10,True,-1,0.0,2024-11-01,0.492056549323549,0.8333333333333334,10406.646172695977,8787.188795480626,1081063.8754025246,74000.0,0.0,39120.0
ST_VA7cm,arima,0.95,0.4,10,True,-1,0.0,2024-11-01,0.5369299593372652,0.8333333333333334,12217.900176885976,7735.992276837444,985356.0523978646,74000.0,0.0,39360.0
ST_VA7cm,arima,0.95,0.5,10,True,-1,0.0,2024-11-01,0.6071202522154764,0.8333333333333334,14029.154181075975,6688.432121830625,890048.2293932044,74000.0,0.0,39640.0
ST_VA7cm,arima,0.95,0.6,10,True,-1,0.0,2024-11-01,0.6745146172025355,0.8333333333333334,15887.142882810307,5671.2430280045,798595.3047914084,74000.0,0.0,39880.0
ST_VA7cm,arima,0.95,0.7,10,True,-1,0.0,2024-11-01,0.7023610001892246,0.8333333333333334,18000.272554365307,4921.922176726319,739414.4375379134,74000.0,0.0,40140.0
ST_VA7cm,arima,0.95,0.8,10,True,-1,0.0,2024-11-01,0.7299371129056436,0.8333333333333334,20126.12949864758,4172.601325448137,680373.5702844184,74000.0,0.0,40380.0
ST_VA7cm,arima,0.95,0.9,10,True,-1,0.0,2024-11-01,0.7618375499463867,0.8333333333333334,22239.259170202575,3368.735019624503,615192.7030309236,74000.0,0.0,40640.0
ST_VA7cm,arima,0.95,1.0,10,True,-1,0.0,2024-11-01,0.806710959960103,0.8333333333333334,24566.318121220786,2600.6161750822503,556297.2785924762,74000.0,1176.6110370476235,40900.0
ST_VA7cm,arima,0.95,1.1,10,True,-1,0.0,2024-11-01,0.8518546402440894,0.8333333333333334,27066.83549114214,1993.228476715888,516990.3228413112,74000.0,3237.243378062616,41160.0
ST_VA7cm,arima,0.95,1.2,10,True,-1,0.0,2024-11-01,0.8967280502578057,0.8333333333333334,29558.261951972603,1389.4771419858866,477983.3670901462,74000.0,5317.875719077623,41400.0
ST_VA7cm,arima,0.95,1.2816,10,True,-1,0.0,2024-11-01,0.9333771852614305,0.8333333333333334,31591.745944010254,896.3796892098431,446110.9711971955,74000.0,7009.911709345863,41600.0
ST_VA7cm,arima,0.95,1.3,10,True,-1,0.0,2024-11-01,0.9416014602715218,0.8333333333333334,32046.052049166687,785.7258072558881,438936.41133898124,74000.0,7378.508060092616,41660.0
ST_VA7cm,arima,0.95,1.4,10,True,-1,0.0,2024-11-01,0.9867451405555082,0.8333333333333334,34550.205782724406,178.33810888952576,399669.4555878163,74000.0,9459.140401107608,41900.0
ST_VA7cm,arima,0.95,1.5,10,True,-1,0.0,2024-11-01,1.0,1.0,37463.40910575899,0.0,412097.50016334886,74000.0,11519.772742122615,42160.0
ST_VA7cm,arima,0.95,1.6,10,True,-1,0.0,2024-11-01,1.0,1.0,40574.95053768308,0.0,446324.45591451385,74000.0,13600.405083137623,42420.0
ST_VA7cm,arima,0.95,1.6449,10,True,-1,0.0,2024-11-01,1.0,1.0,41950.19627698062,0.0,461452.1590467868,74000.0,14517.469004253348,42540.0
ST_VA7cm,arima,0.95,1.7,10,True,-1,0.0,2024-11-01,1.0,1.0,43666.49196960716,0.0,480331.4116656787,74000.0,15661.037424152615,42680.0
ST_VA7cm,arima,0.95,1.8,10,True,-1,0.0,2024-11-01,1.0,1.0,46761.669765167615,0.0,514378.3674168438,74000.0,17741.669765167608,42920.0
ST_VA7cm,arima,0.95,1.9,10,True,-1,0.0,2024-11-01,1.0,1.0,49869.57483345535,0.0,548565.3231680088,74000.0,19802.302106182615,43180.0
ST_VA7cm,arima,0.95,2.0,10,True,-1,0.0,2024-11-01,1.0,1.0,52964.752629015784,0.0,582612.2789191736,74000.0,21882.934447197607,43420.0
ST_VA7cm,arima,0.95,2.0537,10,True,-1,0.0,2024-11-01,1.0,1.0,54633.59583250449,0.0,600969.5541575494,74000.0,22995.41401432267,43560.0
ST_VA7cm,arima,0.95,2.1,10,True,-1,0.0,2024-11-01,1.0,1.0,56072.657697303526,0.0,616799.2346703388,74000.0,23943.566788212614,43700.0
ST_VA7cm,arima,0.95,2.2,10,True,-1,0.0,2024-11-01,1.0,1.0,59167.83549286395,0.0,650846.1904215035,74000.0,26024.199129227607,43940.0
ST_VA7cm,arima,0.95,2.3,10,True,-1,0.0,2024-11-01,1.0,1.0,62419.37692478805,0.0,686613.1461726686,74000.0,28964.8314702426,43320.0
ST_VA7cm,arima,0.95,2.4,10,True,-1,0.0,2024-11-01,1.0,1.0,65760.00926580306,0.0,723360.1019238337,74000.0,32305.463811257607,42300.0
ST_VA7cm,arima,0.95,2.5,10,True,-1,0.0,2024-11-01,1.0,1.0,69080.64160681804,0.0,759887.0576749984,74000.0,35626.0961522726,41300.0
ST_VA7cm,arima,0.95,2.6,10,True,-1,0.0,2024-11-01,1.0,1.0,72401.27394783305,0.0,796414.0134261636,74000.0,38946.72849328761,40300.0
ST_VA7cm,arima,0.95,2.7,10,True,-1,0.0,2024-11-01,1.0,1.0,75741.90628884807,0.0,833160.9691773287,74000.0,42287.36083430261,39300.0
ST_VA7cm,arima,0.95,2.8,10,True,-1,0.0,2024-11-01,1.0,1.0,79062.53862986308,0.0,869687.9249284938,74000.0,45607.993175317606,38300.0
ST_VA7cm,arima,0.95,2.9,10,True,-1,0.0,2024-11-01,1.0,1.0,82403.17097087804,0.0,906434.8806796585,74000.0,48948.6255163326,37280.0
ST_VA7cm,arima,0.95,3.0,10,True,-1,0.0,2024-11-01,1.0,1.0,85723.80331189306,0.0,942961.8364308237,74000.0,52269.257857347606,36280.0
ST_VA7cm,arima,0.95,3.5,10,True,-1,0.0,2024-11-01,1.0,1.0,102366.96501696808,0.0,1126036.615186649,74000.0,68912.41956242261,31260.0
ST_VA7cm,arima,0.95,4.0,10,True,-1,0.0,2024-11-01,1.0,1.0,119010.12672204302,0.0,1309111.3939424732,74000.0,85555.58126749759,26240.0
ST_VA7cm,croston,0.95,0.0,10,True,-1,0.0,2024-11-01,0.3696904244036514,0.6666666666666666,6675.305965770983,13158.21455990078,1520831.9672125669,74000.0,0.0,39520.0
ST_VA7cm,croston,0.95,0.1,10,True,-1,0.0,2024-11-01,0.40102911329347213,0.6666666666666666,7453.147048624341,11631.53811945286,1361453.8106746823,74000.0,0.0,39540.0
ST_VA7cm,croston,0.95,0.2,10,True,-1,0.0,2024-11-01,0.43236780218329285,0.6666666666666666,8227.351767841335,10108.4980426413,1202435.6541367979,74000.0,0.0,39580.0
ST_VA7cm,croston,0.95,0.3,10,True,-1,0.0,2024-11-01,0.4707335181001406,0.8333333333333334,9105.971094223858,8693.508936631633,1056451.665065942,74000.0,0.0,39620.0
ST_VA7cm,croston,0.95,0.4,10,True,-1,0.0,2024-11-01,0.5173876572231659,0.8333333333333334,10318.18726395844,7608.480310337664,950432.894040686,74000.0,0.0,39660.0
ST_VA7cm,croston,0.95,0.5,10,True,-1,0.0,2024-11-01,0.5841190890568614,0.8333333333333334,11534.039797329386,6523.451684043695,844454.1230154297,74000.0,0.0,39700.0
ST_VA7cm,croston,0.95,0.6,10,True,-1,0.0,2024-11-01,0.6505802506202867,0.8333333333333334,12744.437785245786,5440.241239567907,738615.3519901733,74000.0,0.0,39740.0
ST_VA7cm,croston,0.95,0.7,10,True,-1,0.0,2024-11-01,0.7173116824539821,0.8333333333333334,13956.653954980366,4355.212613273937,632596.5809649171,74000.0,0.0,39780.0
ST_VA7cm,croston,0.95,0.8,10,True,-1,0.0,2024-11-01,0.7663458814681632,0.8333333333333334,15287.924236409863,3385.6017350385187,540583.3574547456,74000.0,0.0,39800.0
ST_VA7cm,croston,0.95,0.9,10,True,-1,0.0,2024-11-01,0.7993061919796056,0.8333333333333334,16903.447623492484,2700.2439624562157,482964.759728601,74000.0,948.6582064908143,39840.0
ST_VA7cm,croston,0.95,1.0,10,True,-1,0.0,2024-11-01,0.8325367727613181,0.8333333333333334,18753.590059912534,2253.1416028477197,454135.066972287,74000.0,3227.7211843375408,39880.0
ST_VA7cm,croston,0.95,1.1,10,True,-1,0.0,2024-11-01,0.8654970832727605,0.8333333333333334,20607.36885996896,1809.6756068755851,425745.3742159729,74000.0,5506.784162184282,39920.0
ST_VA7cm,croston,0.95,1.2,10,True,-1,0.0,2024-11-01,0.8984573937842029,0.8333333333333334,22461.14766002537,1366.209610903453,397355.6814596589,74000.0,7785.847140031008,39960.0
ST_VA7cm,croston,0.95,1.2816,10,True,-1,0.0,2024-11-01,0.9251951693237022,0.8333333333333334,23974.54388814414,1006.4649945538272,374431.1321705065,74000.0,9644.44252995395,40000.0
ST_VA7cm,croston,0.95,1.3,10,True,-1,0.0,2024-11-01,0.9314177042956453,0.8333333333333334,24311.29009644543,922.7436149313183,368925.9887033448,74000.0,10064.91011787775,40000.0
ST_VA7cm,croston,0.95,1.4,10,True,-1,0.0,2024-11-01,0.9643780148070875,0.8333333333333334,26165.068896501845,479.27761895918627,340536.29594703077,74000.0,12343.973095724476,40040.0
ST_VA7cm,croston,0.95,1.5,10,True,-1,0.0,2024-11-01,0.99733832531853,0.8333333333333334,28022.48406019463,35.811622987051535,312186.6031907166,74000.0,14643.036073571217,40060.0
ST_VA7cm,croston,0.95,1.6,10,True,-1,0.0,2024-11-01,1.0,1.0,30287.553596872498,0.0,333163.0895655975,74000.0,16922.09905141795,40100.0
ST_VA7cm,croston,0.95,1.6449,10,True,-1,0.0,2024-11-01,1.0,1.0,31316.263783016588,0.0,344478.90161318245,74000.0,17941.718328471135,40120.0
ST_VA7cm,croston,0.95,1.7,10,True,-1,0.0,2024-11-01,1.0,1.0,32581.16202926468,0.0,358392.7823219115,74000.0,19201.162029264684,40140.0
ST_VA7cm,croston,0.95,1.8,10,True,-1,0.0,2024-11-01,1.0,1.0,34878.406825293234,0.0,383662.4750782256,74000.0,21480.22500711141,40180.0
ST_VA7cm,croston,0.95,1.9,10,True,-1,0.0,2024-11-01,1.0,1.0,37175.65162132179,0.0,408932.16783453966,74000.0,23759.28798495815,40220.0
ST_VA7cm,croston,0.95,2.0,10,True,-1,0.0,2024-11-01,1.0,1.0,39476.5327809867,0.0,434241.8605908537,74000.0,26038.350962804892,40260.0
ST_VA7cm,croston,0.95,2.0537,10,True,-1,0.0,2024-11-01,1.0,1.0,40710.36778190859,0.0,447814.0456009945,74000.0,27270.367781908586,40280.0
ST_VA7cm,croston,0.95,2.1,10,True,-1,0.0,2024-11-01,1.0,1.0,41773.77757701526,0.0,459511.55334716785,74000.0,28317.41394065162,40300.0
ST_VA7cm,croston,0.95,2.2,10,True,-1,0.0,2024-11-01,1.0,1.0,44071.02237304381,0.0,484781.2461034819,74000.0,30596.47691849836,40340.0
ST_VA7cm,croston,0.95,2.3,10,True,-1,0.0,2024-11-01,1.0,1.0,46371.90353270873,0.0,510090.93885979604,74000.0,32895.539896345086,40360.0
ST_VA7cm,croston,0.95,2.4,10,True,-1,0.0,2024-11-01,1.0,1.0,48669.14832873728,0.0,535360.6316161101,74000.0,35174.60287419183,40400.0
ST_VA7cm,croston,0.95,2.5,10,True,-1,0.0,2024-11-01,1.0,1.0,50966.393124765826,0.0,560630.324372424,74000.0,37453.66585203855,40440.0
ST_VA7cm,croston,0.95,2.6,10,True,-1,0.0,2024-11-01,1.0,1.0,53263.63792079438,0.0,585900.0171287382,74000.0,39732.728829885295,40480.0
ST_VA7cm,croston,0.95,2.7,10,True,-1,0.0,2024-11-01,1.0,1.0,55557.24635318658,0.0,611129.7098850524,74000.0,42011.79180773202,40520.0
ST_VA7cm,croston,0.95,2.8,10,True,-1,0.0,2024-11-01,1.0,1.0,57858.1275128515,0.0,636439.4026413665,74000.0,44290.85478557876,40560.0
ST_VA7cm,croston,0.95,2.9,10,True,-1,0.0,2024-11-01,1.0,1.0,60153.554127061856,0.0,661689.0953976804,74000.0,46569.91776342549,40600.0
ST_VA7cm,croston,0.95,3.0,10,True,-1,0.0,2024-11-01,1.0,1.0,62450.798923090406,0.0,686958.7881539945,74000.0,48868.98074127223,40620.0
ST_VA7cm,croston,0.95,3.5,10,True,-1,0.0,2024-11-01,1.0,1.0,73940.65926686952,0.0,813347.2519355648,74000.0,60264.29563050589,40820.0
ST_VA7cm,croston,0.95,4.0,10,True,-1,0.0,2024-11-01,1.0,1.0,85430.51961064865,0.0,939735.7157171352,74000.0,71679.61051973957,41000.0
ST_VA7cm,hybrid,0.95,0.0,10,True,-1,0.0,2024-11-01,0.16744276613802522,0.5,2252.866308038885,23502.101613825016,2610012.7069091797,74000.0,0.0,40100.0
ST_VA7cm,hybrid,0.95,0.1,10,True,-1,0.0,2024-11-01,0.20213724412089523,0.5,2719.664739081136,21848.781401407614,2433282.26628473,74000.0,0.0,40980.0
ST_VA7cm,hybrid,0.95,0.2,10,True,-1,0.0,2024-11-01,0.23710199237403554,0.5,3190.0995337597506,20190.006643535668,2255991.8256602804,74000.0,0.0,41860.0
ST_VA7cm,hybrid,0.95,0.3,10,True,-1,0.0,2024-11-01,0.27179647035690546,0.6666666666666666,4041.0686568767296,18917.220759556632,2125346.0387768736,74000.0,0.0,42740.0
ST_VA7cm,hybrid,0.95,0.4,10,True,-1,0.0,2024-11-01,0.3067612186100458,0.6666666666666666,4981.93824623396,17725.244432726933,2004578.2083085363,74000.0,0.0,43620.0
ST_VA7cm,hybrid,0.95,0.5,10,True,-1,0.0,2024-11-01,0.3414556965929158,0.6666666666666666,5915.535108318461,16542.359014988142,1884730.3778401986,74000.0,0.0,44500.0
ST_VA7cm,hybrid,0.95,0.6,10,True,-1,0.0,2024-11-01,0.376420444846056,0.6666666666666666,6856.404697675689,15241.291779067542,1751962.547371862,74000.0,0.0,45400.0
ST_VA7cm,hybrid,0.95,0.7,10,True,-1,0.0,2024-11-01,0.41111492282892603,0.6666666666666666,7790.001559760191,13774.769997692394,1600914.7169035254,74000.0,0.0,46280.0
ST_VA7cm,hybrid,0.95,0.8,10,True,-1,0.0,2024-11-01,0.44580940081179615,0.6666666666666666,8723.598421844696,12308.248216317237,1449866.8864351877,74000.0,0.0,47180.0
ST_VA7cm,hybrid,0.95,0.9,10,True,-1,0.0,2024-11-01,0.4807741490649363,0.8333333333333334,9951.247471348339,11119.414985997597,1332599.3706445675,74000.0,0.0,48060.0
ST_VA7cm,hybrid,0.95,1.0,10,True,-1,0.0,2024-11-01,0.5154686270478064,0.8333333333333334,11351.642764475093,10119.691635664696,1238034.1503323426,74000.0,0.0,49200.0
ST_VA7cm,hybrid,0.95,1.1,10,True,-1,0.0,2024-11-01,0.5504333753009466,0.8333333333333334,12762.947148510937,9110.877376240887,1142588.930020118,74000.0,0.0,50620.0
ST_VA7cm,hybrid,0.95,1.2,10,True,-1,0.0,2024-11-01,0.5851278532838166,0.8333333333333334,14163.342441637686,8111.154025907989,1048023.7097078933,74000.0,0.0,52040.0
ST_VA7cm,hybrid,0.95,1.2816,10,True,-1,0.0,2024-11-01,0.6135726013718926,0.8333333333333334,15311.47590992003,7292.55795385452,970607.6099331175,74000.0,0.0,53200.0
ST_VA7cm,hybrid,0.95,1.3,10,True,-1,0.0,2024-11-01,0.6200926015369569,0.8333333333333334,15574.646825673535,7105.976130120541,952978.4893956684,74000.0,0.0,53460.0
ST_VA7cm,hybrid,0.95,1.4,10,True,-1,0.0,2024-11-01,0.6547870795198268,0.8333333333333334,17198.15519920639,6329.36586019375,885409.9518125829,74000.0,0.0,54900.0
ST_VA7cm,hybrid,0.95,1.5,10,True,-1,0.0,2024-11-01,0.6897518277729671,0.8333333333333334,18844.676980581542,5559.405361745612,818826.0365784143,74000.0,0.0,56320.0
ST_VA7cm,hybrid,0.95,1.6,10,True,-1,0.0,2024-11-01,0.7244463057558372,0.8333333333333334,20478.471489229425,4793.081226933835,752502.1213442455,74000.0,0.0,57740.0
ST_VA7cm,hybrid,0.95,1.6449,10,True,-1,0.0,2024-11-01,0.7401508831269026,0.8333333333333334,21218.01431452141,4446.848963130623,722551.543404104,74000.0,0.0,58380.0
ST_VA7cm,hybrid,0.95,1.7,10,True,-1,0.0,2024-11-01,0.7594110540089773,0.8333333333333334,22124.993270604573,4023.120728485699,685918.2061100772,74000.0,0.0,59180.0
ST_VA7cm,hybrid,0.95,1.8,10,True,-1,0.0,2024-11-01,0.7941055319918474,0.8333333333333334,23758.787779252452,3256.7965936739242,619594.2908759087,74000.0,0.0,60600.0
ST_VA7cm,hybrid,0.95,1.9,10,True,-1,0.0,2024-11-01,0.8290702802449877,0.8333333333333334,25405.309560627604,2483.199731589422,552610.37564174,74000.0,0.0,62020.0
ST_VA7cm,hybrid,0.95,2.0,10,True,-1,0.0,2024-11-01,0.8637647582278577,0.8333333333333334,27155.211725432113,1832.9832529342782,500335.48680252384,74000.0,638.5921088614705,63440.0
ST_VA7cm,hybrid,0.95,2.0537,10,True,-1,0.0,2024-11-01,0.8826110983100642,0.8333333333333334,28201.726497682077,1579.414313646408,483954.5659756077,74000.0,1513.2212749447572,64220.0
ST_VA7cm,hybrid,0.95,2.1,10,True,-1,0.0,2024-11-01,0.898729506480998,0.8333333333333334,29101.25921057679,1362.5484582556635,469994.18172446766,74000.0,2285.9834795938514,64860.0
ST_VA7cm,hybrid,0.95,2.2,10,True,-1,0.0,2024-11-01,0.933423984463868,0.8333333333333334,31034.57942299419,895.7500272134123,439912.87664641143,74000.0,3933.3748503262323,66300.0
ST_VA7cm,hybrid,0.95,2.3,10,True,-1,0.0,2024-11-01,0.9683887327170083,0.8333333333333334,32980.62690813887,425.3152325347976,409571.57156835526,74000.0,5580.766221058613,67720.0
ST_VA7cm,hybrid,0.95,2.4,10,True,-1,0.0,2024-11-01,1.0,1.0,34955.430319063715,0.0,384509.73350970086,74000.0,7228.1575917909795,69140.0
ST_VA7cm,hybrid,0.95,2.5,10,True,-1,0.0,2024-11-01,1.0,1.0,37355.54896252337,0.0,410911.03858775704,74000.0,8875.548962523375,70580.0
ST_VA7cm,hybrid,0.95,2.6,10,True,-1,0.0,2024-11-01,1.0,1.0,39772.03124234666,0.0,437492.34366581327,74000.0,10522.940333255756,72000.0
ST_VA7cm,hybrid,0.95,2.7,10,True,-1,0.0,2024-11-01,1.0,1.0,42175.78624944268,0.0,463933.6487438695,74000.0,12190.331703988137,73400.0
ST_VA7cm,hybrid,0.95,2.8,10,True,-1,0.0,2024-11-01,1.0,1.0,44592.26852926595,0.0,490514.95382192545,74000.0,13837.723074720503,74840.0
ST_VA7cm,hybrid,0.95,2.9,10,True,-1,0.0,2024-11-01,1.0,1.0,46992.387172725634,0.0,516916.258899982,74000.0,15485.114445452899,76260.0
ST_VA7cm,hybrid,0.95,3.0,10,True,-1,0.0,2024-11-01,1.0,1.0,49408.869452548905,0.0,543497.5639780379,74000.0,17132.505816185265,77700.0
ST_VA7cm,hybrid,0.95,3.5,10,True,-1,0.0,2024-11-01,1.0,1.0,62024.008124392625,0.0,682264.0893683189,74000.0,28569.46266984717,81620.0
ST_VA7cm,hybrid,0.95,4.0,10,True,-1,0.0,2024-11-01,1.0,1.0,74920.96497805453,0.0,824130.6147585999,74000.0,41466.419523509074,84100.0
ST_VA7cm,mitra,0.95,0.0,10,True,-1,0.0,2024-11-01,0.30968468468468463,0.6666666666666666,5060.60606060606,13991.212121212126,1594700.0000000005,74000.0,0.0,35840.0
ST_VA7cm,mitra,0.95,0.1,10,True,-1,0.0,2024-11-01,0.33303971801828497,0.6666666666666666,5689.068775764759,12804.12964241167,1471034.0171986958,74000.0,0.0,36000.0
ST_VA7cm,mitra,0.95,0.2,10,True,-1,0.0,2024-11-01,0.356124481081615,0.6666666666666666,6310.25876365073,11622.50170906577,1347888.0343973925,74000.0,0.0,36180.0
ST_VA7cm,mitra,0.95,0.3,10,True,-1,0.0,2024-11-01,0.37947951441521527,0.6666666666666666,6938.721478809429,10435.419230265317,1224222.0515960888,74000.0,0.0,36340.0
ST_VA7cm,mitra,0.95,0.4,10,True,-1,0.0,2024-11-01,0.4135069333354689,0.6666666666666666,7559.9114666954,9253.791296919413,1101076.068794785,74000.0,0.0,36500.0
ST_VA7cm,mitra,0.95,0.5,10,True,-1,0.0,2024-11-01,0.46373051351618305,0.6666666666666666,8188.374181854099,8070.345181755326,977810.0859934809,74000.0,0.0,36680.0
ST_VA7cm,mitra,0.95,0.6,10,True,-1,0.0,2024-11-01,0.5136838234266269,0.6666666666666666,8809.564169740072,6888.71724840942,854664.103192177,74000.0,0.0,36840.0
ST_VA7cm,mitra,0.95,0.7,10,True,-1,0.0,2024-11-01,0.563907403607341,0.8333333333333334,9602.494872802701,5878.830030240173,752298.7469272487,74000.0,0.0,37020.0
ST_VA7cm,mitra,0.95,0.8,10,True,-1,0.0,2024-11-01,0.6181850378421093,0.8333333333333334,10572.461672813479,4978.706181746344,663954.7583930462,74000.0,0.0,37180.0
ST_VA7cm,mitra,0.95,0.9,10,True,-1,0.0,2024-11-01,0.6724626720768775,0.8333333333333334,11531.519381915163,4076.7641514343336,575290.7698588435,74000.0,0.0,37340.0
ST_VA7cm,mitra,0.95,1.0,10,True,-1,0.0,2024-11-01,0.7264700360413752,0.8333333333333334,12543.19369711337,3225.6205454006686,492793.3906623206,74000.0,239.39133353088255,37520.0
ST_VA7cm,mitra,0.95,1.1,10,True,-1,0.0,2024-11-01,0.7807476702761434,0.8333333333333334,13858.300945612586,2679.728054486189,447211.39639521926,74000.0,2187.663800217306,37680.0
ST_VA7cm,mitra,0.95,1.2,10,True,-1,0.0,2024-11-01,0.8347550342406411,0.8333333333333334,15167.953648657252,2135.653745389894,401769.4021281181,74000.0,4115.936266903722,37860.0
ST_VA7cm,mitra,0.95,1.2816,10,True,-1,0.0,2024-11-01,0.8697854945908088,0.8333333333333334,16308.830854316242,1751.9769818691182,372114.60740308167,74000.0,5704.12659971985,38000.0
ST_VA7cm,mitra,0.95,1.3,10,True,-1,0.0,2024-11-01,0.8746514693728398,0.8333333333333334,16588.898054755573,1686.50750298361,367993.7039305084,74000.0,6064.208733590145,38020.0
ST_VA7cm,mitra,0.95,1.4,10,True,-1,0.0,2024-11-01,0.9015200162199536,0.8333333333333334,18081.120982044467,1325.003418131533,344642.70679695776,74000.0,7992.481200276568,38200.0
ST_VA7cm,mitra,0.95,1.5,10,True,-1,0.0,2024-11-01,0.9283885630670674,0.8333333333333334,19589.707545696994,963.4993332794561,321471.70966340706,74000.0,9940.753666962992,38360.0
ST_VA7cm,mitra,0.95,1.6,10,True,-1,0.0,2024-11-01,0.9555273801844516,0.8333333333333334,21085.56683662225,598.3588847910155,297760.7125298564,74000.0,11889.026133649415,38520.0
ST_VA7cm,mitra,0.95,1.6449,10,True,-1,0.0,2024-11-01,0.967552709070157,0.8333333333333334,21759.100385520418,436.56355069243267,287372.0948168922,74000.0,12758.90047119162,38600.0
ST_VA7cm,mitra,0.95,1.7,10,True,-1,0.0,2024-11-01,0.9823959270315654,0.8333333333333334,22585.062491183868,236.8547999389385,274489.7153963058,74000.0,13817.298600335838,38700.0
ST_VA7cm,mitra,0.95,1.8,10,True,-1,0.0,2024-11-01,1.0,1.0,24236.480157931357,0.0,266601.2817372449,74000.0,15765.571067022262,38860.0
ST_VA7cm,mitra,0.95,1.9,10,True,-1,0.0,2024-11-01,1.0,1.0,26115.661715526858,0.0,287272.27887079545,74000.0,17693.843533708678,39040.0
ST_VA7cm,mitra,0.95,2.0,10,True,-1,0.0,2024-11-01,1.0,1.0,28003.93418221328,0.0,308043.2760043461,74000.0,19642.1160003951,39200.0
ST_VA7cm,mitra,0.95,2.0537,10,True,-1,0.0,2024-11-01,1.0,1.0,29011.00195136934,0.0,319121.02146506275,74000.0,20674.638315005708,39300.0
ST_VA7cm,mitra,0.95,2.1,10,True,-1,0.0,2024-11-01,1.0,1.0,29886.752103445164,0.0,328754.2731378968,74000.0,21590.388467081524,39360.0
ST_VA7cm,mitra,0.95,2.2,10,True,-1,0.0,2024-11-01,1.0,1.0,31771.388206495227,0.0,349485.2702714475,74000.0,23518.660933767947,39540.0
ST_VA7cm,mitra,0.95,2.3,10,True,-1,0.0,2024-11-01,1.0,1.0,33654.206127727084,0.0,370196.26740499795,74000.0,25466.933400454363,39700.0
ST_VA7cm,mitra,0.95,2.4,10,True,-1,0.0,2024-11-01,1.0,1.0,35537.02404895897,0.0,390907.26453854865,74000.0,27395.205867140787,39880.0
ST_VA7cm,mitra,0.95,2.5,10,True,-1,0.0,2024-11-01,1.0,1.0,37425.296515645394,0.0,411678.26167209935,74000.0,29343.47833382721,40040.0
ST_VA7cm,mitra,0.95,2.6,10,True,-1,0.0,2024-11-01,1.0,1.0,39304.47807324091,0.0,432349.25880565005,74000.0,31271.750800513633,40220.0
ST_VA7cm,mitra,0.95,2.7,10,True,-1,0.0,2024-11-01,1.0,1.0,41192.75053992733,0.0,453120.2559392006,74000.0,33220.02326720006,40380.0
ST_VA7cm,mitra,0.95,2.8,10,True,-1,0.0,2024-11-01,1.0,1.0,43075.56846115921,0.0,473831.2530727513,74000.0,35168.29573388648,40540.0
ST_VA7cm,mitra,0.95,2.9,10,True,-1,0.0,2024-11-01,1.0,1.0,44954.7500187547,0.0,494502.2502063017,74000.0,37096.56820057289,40720.0
ST_VA7cm,mitra,0.95,3.0,10,True,-1,0.0,2024-11-01,1.0,1.0,46843.022485441135,0.0,515273.2473398525,74000.0,39044.84066725933,40880.0
ST_VA7cm,mitra,0.95,3.5,10,True,-1,0.0,2024-11-01,1.0,1.0,56264.384818873245,0.0,618908.2330076057,74000.0,48746.20300069143,41740.0
ST_VA7cm,mitra,0.95,4.0,10,True,-1,0.0,2024-11-01,1.0,1.0,65685.74715230535,0.0,722543.2186753589,74000.0,58447.56533412353,42580.0
ST_VA7cm,naive,0.95,0.0,10,True,-1,0.0,2024-11-01,0.0,0.5,0.0,31090.909090909092,3420000.0,74000.0,0.0,152000.0
ST_VA7cm,naive,0.95,0.1,10,True,-1,0.0,2024-11-01,0.07370604857286825,0.5,991.681380798591,27901.070150042706,3080026.211693482,74000.0,0.0,152720.0
ST_VA7cm,naive,0.95,0.2,10,True,-1,0.0,2024-11-01,0.1474120971457365,0.5,1983.362761597182,24711.231209176316,2740052.423386964,74000.0,0.0,153420.0
ST_VA7cm,naive,0.95,0.3,10,True,-1,0.0,2024-11-01,0.22111814571860475,0.5,2975.0441423957727,21525.028631946298,2400478.635080446,74000.0,0.0,154120.0
ST_VA7cm,naive,0.95,0.4,10,True,-1,0.0,2024-11-01,0.294824194291473,0.6666666666666666,4660.723773661456,19029.187941547003,2144478.635080446,74000.0,0.0,154820.0
ST_VA7cm,naive,0.95,0.5,10,True,-1,0.0,2024-11-01,0.3685302428643412,0.6666666666666666,6644.086535258637,16831.030381479206,1924498.2938505576,74000.0,0.0,155540.0
ST_VA7cm,naive,0.95,0.6,10,True,-1,0.0,2024-11-01,0.4422362914372095,0.6666666666666666,8627.449296855819,14501.963730502319,1690117.952620669,74000.0,0.0,156260.0
ST_VA7cm,naive,0.95,0.7,10,True,-1,0.0,2024-11-01,0.5159423400100777,0.8333333333333334,11370.763542224951,12496.48492693375,1499691.740927187,74000.0,0.0,156960.0
ST_VA7cm,naive,0.95,0.8,10,True,-1,0.0,2024-11-01,0.589648388582946,0.8333333333333334,14345.807684620731,10722.736020391814,1337304.8467739278,74000.0,0.0,157660.0
ST_VA7cm,naive,0.95,0.9,10,True,-1,0.0,2024-11-01,0.6633544371558142,0.8333333333333334,17601.59985879198,9058.826054716272,1190088.4644655017,74000.0,0.0,157440.0
ST_VA7cm,naive,0.95,1.0,10,True,-1,0.0,2024-11-01,0.7367902154584122,0.8333333333333334,21059.757418859775,7082.736020391818,1010758.2938505574,74000.0,0.0,154280.0
ST_VA7cm,naive,0.95,1.1,10,True,-1,0.0,2024-11-01,0.8104962640312805,0.8333333333333334,24530.642251654845,5099.373258794634,830768.1232356131,74000.0,0.0,151100.0
ST_VA7cm,naive,0.95,1.2,10,True,-1,0.0,2024-11-01,0.8842023126041487,0.8333333333333334,28001.52708444991,3116.0104971974533,650777.9526206688,74000.0,0.0,147920.0
ST_VA7cm,naive,0.95,1.2816,10,True,-1,0.0,2024-11-01,0.9442491509423118,0.8333333333333334,30829.187289828864,1500.204665552338,504143.57339887467,74000.0,0.0,145340.0
ST_VA7cm,naive,0.95,1.3,10,True,-1,0.0,2024-11-01,0.9579083611770168,0.8333333333333334,31472.411917244972,1132.6477356002752,470787.78200572496,74000.0,0.0,144760.0
ST_VA7cm,naive,0.95,1.4,10,True,-1,0.0,2024-11-01,1.0,1.0,35794.011776036954,0.0,393734.1295364065,74000.0,2339.466321491491,141580.0
ST_VA7cm,naive,0.95,1.5,10,True,-1,0.0,2024-11-01,1.0,1.0,41248.2593704292,0.0,453730.85307472124,74000.0,7793.713915883753,138400.0
ST_VA7cm,naive,0.95,1.6,10,True,-1,0.0,2024-11-01,1.0,1.0,46702.50696482147,0.0,513727.57661303616,74000.0,13247.961510276014,135220.0
ST_VA7cm,naive,0.95,1.6449,10,True,-1,0.0,2024-11-01,1.0,1.0,49148.16413470358,0.0,540629.8054817393,74000.0,15693.61868015812,133800.0
ST_VA7cm,naive,0.95,1.7,10,True,-1,0.0,2024-11-01,1.0,1.0,52156.75455921371,0.0,573724.3001513508,74000.0,18702.20910466826,132040.0
ST_VA7cm,naive,0.95,1.8,10,True,-1,0.0,2024-11-01,1.0,1.0,57611.002153605965,0.0,633721.0236896656,74000.0,24156.45669906051,128880.0
ST_VA7cm,naive,0.95,1.9,10,True,-1,0.0,2024-11-01,1.0,1.0,63045.24974799822,0.0,693497.7472279804,74000.0,29590.704293452756,125720.0
ST_VA7cm,naive,0.95,2.0,10,True,-1,0.0,2024-11-01,1.0,1.0,68499.49734239047,0.0,753494.4707662952,74000.0,35044.951887845,122540.0
ST_VA7cm,naive,0.95,2.0537,10,True,-1,0.0,2024-11-01,1.0,1.0,71435.5283005791,0.0,785790.8113063701,74000.0,37980.98284603364,120840.0
ST_VA7cm,naive,0.95,2.1,10,True,-1,0.0,2024-11-01,1.0,1.0,73953.74493678269,0.0,813491.1943046097,74000.0,40499.19948223725,119360.0
ST_VA7cm,naive,0.95,2.2,10,True,-1,0.0,2024-11-01,1.0,1.0,79407.99253117497,0.0,873487.9178429246,74000.0,45953.44707662951,116200.0
ST_VA7cm,naive,0.95,2.3,10,True,-1,0.0,2024-11-01,1.0,1.0,84862.2401255672,0.0,933484.6413812393,74000.0,51407.694671021745,113020.0
ST_VA7cm,naive,0.95,2.4,10,True,-1,0.0,2024-11-01,1.0,1.0,90316.48771995948,0.0,993481.3649195542,74000.0,56861.94226541401,109840.0
ST_VA7cm,naive,0.95,2.5,10,True,-1,0.0,2024-11-01,1.0,1.0,95770.73531435174,0.0,1053478.0884578691,74000.0,62316.18985980627,106660.0
ST_VA7cm,naive,0.95,2.6,10,True,-1,0.0,2024-11-01,1.0,1.0,101224.98290874394,0.0,1113474.8119961834,74000.0,67770.43745419849,103500.0
ST_VA7cm,naive,0.95,2.7,10,True,-1,0.0,2024-11-01,1.0,1.0,106679.2305031362,0.0,1173471.5355344983,74000.0,73224.68504859076,100320.0
ST_VA7cm,naive,0.95,2.8,10,True,-1,0.0,2024-11-01,1.0,1.0,112133.47809752845,0.0,1233468.259072813,74000.0,78678.93264298298,97140.0
ST_VA7cm,naive,0.95,2.9,10,True,-1,0.0,2024-11-01,1.0,1.0,117567.7256919207,0.0,1293244.9826111277,74000.0,84113.18023737526,93980.0
ST_VA7cm,naive,0.95,3.0,10,True,-1,0.0,2024-11-01,1.0,1.0,123021.97328631299,0.0,1353241.7061494428,74000.0,89567.4278317675,90800.0
ST_VA7cm,naive,0.95,3.5,10,True,-1,0.0,2024-11-01,1.0,1.0,150293.21125827415,0.0,1653225.3238410158,74000.0,116838.66580372874,74940.0
ST_VA7cm,naive,0.95,4.0,10,True,-1,0.0,2024-11-01,1.0,1.0,177544.4492302355,0.0,1952988.9415325904,74000.0,144089.90377569,59080.0
ST_VA7cm,rf,0.95,0.0,10,True,-1,0.0,2024-11-01,0.31840013513513515,0.6666666666666666,5295.130909090909,14068.066363636362,1605733.7399999998,74000.0,0.0,34580.0
ST_VA7cm,rf,0.95,0.1,10,True,-1,0.0,2024-11-01,0.3536776023901022,0.6666666666666666,6244.415482497295,12697.727451084276,1465438.5899267406,74000.0,0.0,34980.0
ST_VA7cm,rf,0.95,0.2,10,True,-1,0.0,2024-11-01,0.38895506964506915,0.6666666666666666,7193.700055903679,11323.752174895833,1324743.439853482,74000.0,0.0,35380.0
ST_VA7cm,rf,0.95,0.3,10,True,-1,0.0,2024-11-01,0.42423253690003615,0.6666666666666666,8142.9846293100645,9953.41326234375,1184448.2897802233,74000.0,0.0,35780.0
ST_VA7cm,rf,0.95,0.4,10,True,-1,0.0,2024-11-01,0.4595100041550031,0.8333333333333334,9092.949258620125,8583.75440569535,1044235.42647131,74000.0,0.0,36180.0
ST_VA7cm,rf,0.95,0.5,10,True,-1,0.0,2024-11-01,0.49478747140997015,0.8333333333333334,10516.876118729704,7691.694143482822,961771.9930891372,74000.0,0.0,36600.0
ST_VA7cm,rf,0.95,0.6,10,True,-1,0.0,2024-11-01,0.5300649386649371,0.8333333333333334,11940.802978839281,6795.997517633935,878908.5597069649,74000.0,0.0,37020.0
ST_VA7cm,rf,0.95,0.7,10,True,-1,0.0,2024-11-01,0.5741983253533218,0.8333333333333334,13375.638929857949,5898.482709966861,795965.126324792,74000.0,0.0,37420.0
ST_VA7cm,rf,0.95,0.8,10,True,-1,0.0,2024-11-01,0.6328613679713638,0.8333333333333334,14799.565789967524,5002.786084117973,713101.6929426197,74000.0,0.0,37820.0
ST_VA7cm,rf,0.95,0.9,10,True,-1,0.0,2024-11-01,0.6769784215109192,0.8333333333333334,16615.238975115655,4346.1085105803595,660839.5648901118,74000.0,776.4031918080218,38220.0
ST_VA7cm,rf,0.95,1.0,10,True,-1,0.0,2024-11-01,0.7003639968739943,0.8333333333333334,18811.129265280022,4031.4662238771666,650383.7065445685,74000.0,2666.935768675583,38620.0
ST_VA7cm,rf,0.95,1.1,10,True,-1,0.0,2024-11-01,0.7237495722370694,0.8333333333333334,20994.292282717113,3716.823937173975,639787.8481990255,74000.0,4557.468345543137,39020.0
ST_VA7cm,rf,0.95,1.2,10,True,-1,0.0,2024-11-01,0.7571351476001444,0.8333333333333334,23190.182572881473,3267.636195925329,614531.9898534825,74000.0,6448.000922410691,39420.0
ST_VA7cm,rf,0.95,1.2816,10,True,-1,0.0,2024-11-01,0.7893550743937111,0.8333333333333334,24984.5890496556,2834.1317263391593,586584.9694435191,74000.0,7972.275505134625,39780.0
ST_VA7cm,rf,0.95,1.3,10,True,-1,0.0,2024-11-01,0.7964666689091656,0.8333333333333334,25382.436499409483,2738.4484546766803,580436.1315079392,74000.0,8318.53349927826,39840.0
ST_VA7cm,rf,0.95,1.4,10,True,-1,0.0,2024-11-01,0.8357981902181867,0.8333333333333334,27578.326789573846,2209.260713428034,546380.273162396,74000.0,10209.066076145813,40240.0
ST_VA7cm,rf,0.95,1.5,10,True,-1,0.0,2024-11-01,0.8748594412569374,0.8333333333333334,29761.489807010934,1683.7093358157515,512584.41481685295,74000.0,12099.598653013367,40660.0
ST_VA7cm,rf,0.95,1.6,10,True,-1,0.0,2024-11-01,0.9141909625659586,0.8333333333333334,31957.38009717531,1154.5215945671027,478528.55647130974,74000.0,13990.131229880935,41060.0
ST_VA7cm,rf,0.95,1.6449,10,True,-1,0.0,2024-11-01,0.9319443291472224,0.8333333333333334,32948.62938291365,915.6581169282806,463157.316074161,74000.0,14843.880356894457,41220.0
ST_VA7cm,rf,0.95,1.7,10,True,-1,0.0,2024-11-01,0.9535224838749796,0.8333333333333334,34153.27038733967,625.3338533184565,444472.6981257666,74000.0,15880.66380674849,41460.0
ST_VA7cm,rf,0.95,1.8,10,True,-1,0.0,2024-11-01,0.9928540051840006,0.8333333333333334,36349.160677504035,96.14611206981036,410416.83978022356,74000.0,17771.196383616043,41860.0
ST_VA7cm,rf,0.95,1.9,10,True,-1,0.0,2024-11-01,1.0,1.0,38961.72896048359,0.0,428579.0185653195,74000.0,19661.728960483597,42260.0
ST_VA7cm,rf,0.95,2.0,10,True,-1,0.0,2024-11-01,1.0,1.0,41686.806991896614,0.0,458554.87691086275,74000.0,21552.26153735115,42660.0
ST_VA7cm,rf,0.95,2.0537,10,True,-1,0.0,2024-11-01,1.0,1.0,43153.90480385631,0.0,474692.95284241944,74000.0,22561.17753112904,42880.0
ST_VA7cm,rf,0.95,2.1,10,True,-1,0.0,2024-11-01,1.0,1.0,44408.24865967327,0.0,488490.73525640595,74000.0,23422.79411421872,43080.0
ST_VA7cm,rf,0.95,2.2,10,True,-1,0.0,2024-11-01,1.0,1.0,47133.32669108629,0.0,518466.59360194916,74000.0,25313.326691086288,43480.0
ST_VA7cm,rf,0.95,2.3,10,True,-1,0.0,2024-11-01,1.0,1.0,49842.04108613564,0.0,548262.4519474921,74000.0,27203.859267953827,43880.0
ST_VA7cm,rf,0.95,2.4,10,True,-1,0.0,2024-11-01,1.0,1.0,52567.11911754867,0.0,578238.3102930353,74000.0,29094.391844821395,44300.0
ST_VA7cm,rf,0.95,2.5,10,True,-1,0.0,2024-11-01,1.0,1.0,55292.19714896169,0.0,608214.1686385786,74000.0,30984.92442168895,44700.0
ST_VA7cm,rf,0.95,2.6,10,True,-1,0.0,2024-11-01,1.0,1.0,58017.27518037469,0.0,638190.0269841215,74000.0,32875.4569985565,45100.0
ST_VA7cm,rf,0.95,2.7,10,True,-1,0.0,2024-11-01,1.0,1.0,60725.98957542404,0.0,667985.8853296645,74000.0,34765.98957542406,45500.0
ST_VA7cm,rf,0.95,2.8,10,True,-1,0.0,2024-11-01,1.0,1.0,63451.06760683707,0.0,697961.7436752077,74000.0,36656.52215229161,45900.0
ST_VA7cm,rf,0.95,2.9,10,True,-1,0.0,2024-11-01,1.0,1.0,66172.50927461374,0.0,727897.6020207511,74000.0,38527.05472915918,46320.0
ST_VA7cm,rf,0.95,3.0,10,True,-1,0.0,2024-11-01,1.0,1.0,68897.58730602673,0.0,757873.460366294,74000.0,40417.58730602673,46720.0
ST_VA7cm,rf,0.95,3.5,10,True,-1,0.0,2024-11-01,1.0,1.0,82490.25019036453,0.0,907392.7520940099,74000.0,49870.25019036453,48740.0
ST_VA7cm,rf,0.95,4.0,10,True,-1,0.0,2024-11-01,1.0,1.0,96837.45852924776,0.0,1065212.0438217253,74000.0,63382.913074702315,47740.0
ST_VA7cm,sba,0.95,0.0,10,True,-1,0.0,2024-11-01,0.35120590318346884,0.6666666666666666,6177.904303846071,13890.48565008756,1595910.3688519383,74000.0,0.0,39520.0
ST_VA7cm,sba,0.95,0.1,10,True,-1,0.0,2024-11-01,0.3807138955554645,0.6666666666666666,6928.301189492499,12450.018372933582,1445713.3341071114,74000.0,0.0,39620.0
ST_VA7cm,sba,0.95,0.2,10,True,-1,0.0,2024-11-01,0.4102218879274601,0.6666666666666666,7673.243529684381,11002.278368506879,1294656.2993622848,74000.0,0.0,39700.0
ST_VA7cm,sba,0.95,0.3,10,True,-1,0.0,2024-11-01,0.43972988029945576,0.6666666666666666,8423.640415330809,9565.447454989266,1144859.264617458,74000.0,0.0,39800.0
ST_VA7cm,sba,0.95,0.4,10,True,-1,0.0,2024-11-01,0.4786973321309109,0.8333333333333334,9363.783224193132,8320.180646505723,1018221.486581754,74000.0,0.0,39900.0
ST_VA7cm,sba,0.95,0.5,10,True,-1,0.0,2024-11-01,0.5347890273841914,0.8333333333333334,10527.560370844592,7285.820903084053,917243.4634185362,74000.0,0.0,39980.0
ST_VA7cm,sba,0.95,0.6,10,True,-1,0.0,2024-11-01,0.5975887959119666,0.8333333333333334,11684.064790223325,6260.55206875329,817185.4402553184,74000.0,0.0,40080.0
ST_VA7cm,sba,0.95,0.7,10,True,-1,0.0,2024-11-01,0.6606588347100119,0.8333333333333334,12847.841936874785,5233.465052604347,717007.4170921007,74000.0,0.0,40160.0
ST_VA7cm,sba,0.95,0.8,10,True,-1,0.0,2024-11-01,0.7237288735080574,0.8333333333333334,14007.982719889884,4202.741672819036,616389.3939288827,74000.0,0.0,40240.0
ST_VA7cm,sba,0.95,0.9,10,True,-1,0.0,2024-11-01,0.7705616183152135,0.8333333333333334,15273.719844298235,3283.0691798815283,529148.5280742487,74000.0,0.0,40340.0
ST_VA7cm,sba,0.95,1.0,10,True,-1,0.0,2024-11-01,0.8016912323088308,0.8333333333333334,16853.305519789206,2668.154328935732,478883.33690061176,74000.0,1105.151190853474,40420.0
ST_VA7cm,sba,0.95,1.1,10,True,-1,0.0,2024-11-01,0.832820846302448,0.8333333333333334,18619.88033067549,2249.3195224761544,452243.83110980736,74000.0,3268.7426263811503,40520.0
ST_VA7cm,sba,0.95,1.2,10,True,-1,0.0,2024-11-01,0.8642207305663355,0.8333333333333334,20388.273323379948,1826.8483523802133,425224.3253190029,74000.0,5432.334061908827,40620.0
ST_VA7cm,sba,0.95,1.2816,10,True,-1,0.0,2024-11-01,0.8896787118013434,0.8333333333333334,21835.0929145177,1484.3227866728346,403461.5285937065,74000.0,7216.22467329941,40680.0
ST_VA7cm,sba,0.95,1.3,10,True,-1,0.0,2024-11-01,0.8953503445599528,0.8333333333333334,22158.48449790259,1408.0135459206358,398624.81952819845,74000.0,7615.925497436503,40700.0
ST_VA7cm,sba,0.95,1.4,10,True,-1,0.0,2024-11-01,0.92647995855357,0.8333333333333334,23930.51385424342,989.1787394610583,372045.31373739406,74000.0,9779.51693296418,40800.0
ST_VA7cm,sba,0.95,1.5,10,True,-1,0.0,2024-11-01,0.9578798428174575,0.8333333333333334,25697.0886651297,566.7075693651171,345005.8079465896,74000.0,11963.108368491856,40860.0
ST_VA7cm,sba,0.95,1.6,10,True,-1,0.0,2024-11-01,0.9890094568110748,0.8333333333333334,27469.11802147053,147.87276290553828,318426.30215578503,74000.0,14126.69980401954,40960.0
ST_VA7cm,sba,0.95,1.6449,10,True,-1,0.0,2024-11-01,1.0,1.0,28300.52508584419,0.0,311305.7759442861,74000.0,15093.252358571466,41020.0
ST_VA7cm,sba,0.95,1.7,10,True,-1,0.0,2024-11-01,1.0,1.0,29503.018512274477,0.0,324533.20363501925,74000.0,16290.291239547209,41060.0
ST_VA7cm,sba,0.95,1.8,10,True,-1,0.0,2024-11-01,1.0,1.0,31693.882675074878,0.0,348632.70942582365,74000.0,18473.882675074885,41140.0
ST_VA7cm,sba,0.95,1.9,10,True,-1,0.0,2024-11-01,1.0,1.0,33882.92865605712,0.0,372712.21521662833,74000.0,20637.474110602576,41240.0
ST_VA7cm,sba,0.95,2.0,10,True,-1,0.0,2024-11-01,1.0,1.0,36077.42918249388,0.0,396851.7210074326,74000.0,22821.065546130238,41320.0
ST_VA7cm,sba,0.95,2.0537,10,True,-1,0.0,2024-11-01,1.0,1.0,37252.85051064497,0.0,409781.35561709467,74000.0,23969.214147008606,41380.0
ST_VA7cm,sba,0.95,2.1,10,True,-1,0.0,2024-11-01,1.0,1.0,38264.656981657936,0.0,420911.2267982373,74000.0,24984.65698165793,41420.0
ST_VA7cm,sba,0.95,2.2,10,True,-1,0.0,2024-11-01,1.0,1.0,40453.702962640156,0.0,444990.7325890417,74000.0,27148.248417185605,41520.0
ST_VA7cm,sba,0.95,2.3,10,True,-1,0.0,2024-11-01,1.0,1.0,42648.20348907692,0.0,469130.2383798461,74000.0,29331.83985271328,41580.0
ST_VA7cm,sba,0.95,2.4,10,True,-1,0.0,2024-11-01,1.0,1.0,44829.9767427864,0.0,493129.7441706504,74000.0,31495.431288240943,41680.0
ST_VA7cm,sba,0.95,2.5,10,True,-1,0.0,2024-11-01,1.0,1.0,47024.47726922317,0.0,517269.2499614549,74000.0,33659.022723768634,41780.0
ST_VA7cm,sba,0.95,2.6,10,True,-1,0.0,2024-11-01,1.0,1.0,49209.88688656904,0.0,541308.7557522594,74000.0,35842.61415929631,41860.0
ST_VA7cm,sba,0.95,2.7,10,True,-1,0.0,2024-11-01,1.0,1.0,51400.75104936945,0.0,565408.2615430639,74000.0,38006.20559482399,41960.0
ST_VA7cm,sba,0.95,2.8,10,True,-1,0.0,2024-11-01,1.0,1.0,53586.1606667153,0.0,589447.7673338683,74000.0,40189.79703035166,42040.0
ST_VA7cm,sba,0.95,2.9,10,True,-1,0.0,2024-11-01,1.0,1.0,55780.661193152075,0.0,613587.2731246728,74000.0,42353.38846587934,42140.0
ST_VA7cm,sba,0.95,3.0,10,True,-1,0.0,2024-11-01,1.0,1.0,57966.07081049793,0.0,637626.7789154772,74000.0,44516.979901407016,42240.0
ST_VA7cm,sba,0.95,3.5,10,True,-1,0.0,2024-11-01,1.0,1.0,68913.11889722724,0.0,758044.3078694997,74000.0,55374.93707904541,42680.0
ST_VA7cm,sba,0.95,4.0,10,True,-1,0.0,2024-11-01,1.0,1.0,79860.16698395651,0.0,878461.8368235216,74000.0,66232.8942566838,43120.0
ST_VA7cm,ses,0.95,0.0,10,True,-1,0.0,2024-11-01,0.3652736492532869,0.6666666666666666,6556.454561724811,14435.295426072487,1660003.4970469465,74000.0,0.0,56020.0
ST_VA7cm,ses,0.95,0.1,10,True,-1,0.0,2024-11-01,0.39617204719986604,0.6666666666666666,7387.902361014578,13114.807231860854,1523895.7214758543,74000.0,0.0,56360.0
ST_VA7cm,ses,0.95,0.2,10,True,-1,0.0,2024-11-01,0.4270704451464452,0.6666666666666666,8219.350160304342,11801.591764921946,1388587.945904762,74000.0,0.0,56700.0
ST_VA7cm,ses,0.95,0.3,10,True,-1,0.0,2024-11-01,0.4579688430930243,0.6666666666666666,9050.797959594109,10484.739934346673,1252880.170333669,74000.0,0.0,57060.0
ST_VA7cm,ses,0.95,0.4,10,True,-1,0.0,2024-11-01,0.48886724103960344,0.8333333333333334,10277.914092871266,9563.556437758793,1165048.2631750512,74000.0,0.0,57400.0
ST_VA7cm,ses,0.95,0.5,10,True,-1,0.0,2024-11-01,0.5197656389861826,0.8333333333333334,11525.085791805916,8662.428506828404,1079643.0794609895,74000.0,0.0,57760.0
ST_VA7cm,ses,0.95,0.6,10,True,-1,0.0,2024-11-01,0.5506640369327617,0.8333333333333334,12772.257490740565,7764.936939534379,994637.8957469279,74000.0,0.0,58100.0
ST_VA7cm,ses,0.95,0.7,10,True,-1,0.0,2024-11-01,0.5815624348793409,0.8333333333333334,14019.429189675213,6860.172644967626,908832.7120328662,74000.0,0.0,58440.0
ST_VA7cm,ses,0.95,0.8,10,True,-1,0.0,2024-11-01,0.6303270710572452,0.8333333333333334,15266.600888609857,5959.044714037241,823427.5283188048,74000.0,0.0,58800.0
ST_VA7cm,ses,0.95,0.9,10,True,-1,0.0,2024-11-01,0.6647105821238505,0.8333333333333334,16660.00741274132,5207.787971940023,756116.7584535572,74000.0,0.0,59160.0
ST_VA7cm,ses,0.95,1.0,10,True,-1,0.0,2024-11-01,0.6902035746650241,0.8333333333333334,18115.041061498407,4510.885627195716,695462.8706680111,74000.0,0.0,59480.0
ST_VA7cm,ses,0.95,1.1,10,True,-1,0.0,2024-11-01,0.7154262969359276,0.8333333333333334,19577.628523575255,3828.8098230438827,636522.9942941549,74000.0,41.54597325864597,59840.0
ST_VA7cm,ses,0.95,1.2,10,True,-1,0.0,2024-11-01,0.7409192894771013,0.8333333333333334,21382.931526522676,3485.813196126274,618651.6983656395,74000.0,1968.0274213054945,60200.0
ST_VA7cm,ses,0.95,1.2816,10,True,-1,0.0,2024-11-01,0.7615161659852937,0.8333333333333334,22857.251504200507,3208.6915849251395,604385.840887971,74000.0,3552.196282911733,60480.0
ST_VA7cm,ses,0.95,1.3,10,True,-1,0.0,2024-11-01,0.7669528225588157,0.8333333333333334,23191.870893106472,3135.543841935935,600020.402437124,74000.0,3914.5088693523576,60540.0
ST_VA7cm,ses,0.95,1.4,10,True,-1,0.0,2024-11-01,0.7978512205053947,0.8333333333333334,24997.173896053897,2719.8199422910534,574149.1065086087,74000.0,5840.990317399206,60880.0
ST_VA7cm,ses,0.95,1.5,10,True,-1,0.0,2024-11-01,0.8287496184519738,0.8333333333333334,26802.476899001325,2304.0960426461706,548277.8105800933,74000.0,7767.471765446062,61240.0
ST_VA7cm,ses,0.95,1.6,10,True,-1,0.0,2024-11-01,0.8596480163985529,0.8333333333333334,28611.416265585114,1888.3721430012877,522446.5146515779,74000.0,9713.953213492918,61580.0
ST_VA7cm,ses,0.95,1.6449,10,True,-1,0.0,2024-11-01,0.8734551808603508,0.8333333333333334,29418.28640481761,1702.6030211516443,510887.4827796746,74000.0,10575.683383665957,61740.0
ST_VA7cm,ses,0.95,1.7,10,True,-1,0.0,2024-11-01,0.8905464143451319,0.8333333333333334,30416.71926853253,1472.648243356406,496575.21872306254,74000.0,11640.434661539766,61940.0
ST_VA7cm,ses,0.95,1.8,10,True,-1,0.0,2024-11-01,0.9214448122917112,0.8333333333333334,32222.022271479967,1056.924343711522,470703.92279454705,74000.0,13566.91610958663,62280.0
ST_VA7cm,ses,0.95,1.9,10,True,-1,0.0,2024-11-01,0.9523432102382904,0.8333333333333334,34030.96163806377,641.2004440666377,444872.62686603155,74000.0,15513.397557633492,62620.0
ST_VA7cm,ses,0.95,2.0,10,True,-1,0.0,2024-11-01,0.9832416081848695,0.8333333333333334,35836.264641011185,225.4765444217562,419001.33093751624,74000.0,17439.87900568034,62980.0
ST_VA7cm,ses,0.95,2.0537,10,True,-1,0.0,2024-11-01,0.9999191830173175,0.8333333333333334,36809.652353593956,1.087355767001017,405025.7850239036,74000.0,18474.019543281494,63160.0
ST_VA7cm,ses,0.95,2.1,10,True,-1,0.0,2024-11-01,1.0,1.0,37831.81499918173,0.0,416149.9649909991,74000.0,19366.36045372719,63320.0
ST_VA7cm,ses,0.95,2.2,10,True,-1,0.0,2024-11-01,1.0,1.0,40056.47826541041,0.0,440621.2609195146,74000.0,21312.841901774053,63660.0
ST_VA7cm,ses,0.95,2.3,10,True,-1,0.0,2024-11-01,1.0,1.0,42277.505168002725,0.0,465052.55684802996,74000.0,23239.3233498209,64020.0
ST_VA7cm,ses,0.95,2.4,10,True,-1,0.0,2024-11-01,1.0,1.0,44498.53207059504,0.0,489483.85277654545,74000.0,25165.804797867764,64380.0
ST_VA7cm,ses,0.95,2.5,10,True,-1,0.0,2024-11-01,1.0,1.0,46723.19533682371,0.0,513955.1487050608,74000.0,27112.286245914613,64700.0
ST_VA7cm,ses,0.95,2.6,10,True,-1,0.0,2024-11-01,1.0,1.0,48944.22223941603,0.0,538386.4446335763,74000.0,29038.767693961476,65060.0
ST_VA7cm,ses,0.95,2.7,10,True,-1,0.0,2024-11-01,1.0,1.0,51165.249142008346,0.0,562817.7405620918,74000.0,30965.24914200834,65420.0
ST_VA7cm,ses,0.95,2.8,10,True,-1,0.0,2024-11-01,1.0,1.0,53389.91240823699,0.0,587289.0364906068,74000.0,32911.73059005517,65760.0
ST_VA7cm,ses,0.95,2.9,10,True,-1,0.0,2024-11-01,1.0,1.0,55610.93931082932,0.0,611720.3324191226,74000.0,34838.212038102036,66100.0
ST_VA7cm,ses,0.95,3.0,10,True,-1,0.0,2024-11-01,1.0,1.0,57831.96621342164,0.0,636151.6283476381,74000.0,36764.6934861489,66460.0
ST_VA7cm,ses,0.95,3.5,10,True,-1,0.0,2024-11-01,1.0,1.0,68944.3734536559,0.0,758388.107990215,74000.0,46437.100726383185,68200.0
ST_VA7cm,ses,0.95,4.0,10,True,-1,0.0,2024-11-01,1.0,1.0,80056.78069389018,0.0,880624.587632792,74000.0,56109.50796661744,69920.0
ST_VA7cm,tsb,0.95,0.0,10,True,-1,0.0,2024-11-01,0.3080645597624951,0.6666666666666666,5017.009971790776,16612.959822093413,1882612.6901199738,74000.0,0.0,46880.0
ST_VA7cm,tsb,0.95,0.1,10,True,-1,0.0,2024-11-01,0.33861778221368505,0.6666666666666666,5839.169412295524,15381.453528482833,1756190.7516683622,74000.0,0.0,47380.0
ST_VA7cm,tsb,0.95,0.2,10,True,-1,0.0,2024-11-01,0.369171004664875,0.6666666666666666,6661.328852800273,14157.21996214498,1630568.8132167507,74000.0,0.0,47900.0
ST_VA7cm,tsb,0.95,0.3,10,True,-1,0.0,2024-11-01,0.399724227116065,0.6666666666666666,7483.488293305021,12925.713668534398,1504146.8747651388,74000.0,0.0,48400.0
ST_VA7cm,tsb,0.95,0.4,10,True,-1,0.0,2024-11-01,0.430277449567255,0.6666666666666666,8305.64773380977,11694.207374923812,1377724.9363135267,74000.0,0.0,48920.0
ST_VA7cm,tsb,0.95,0.5,10,True,-1,0.0,2024-11-01,0.4611009422887152,0.8333333333333334,9157.165306926321,10486.60466847049,1254255.3319079434,74000.0,0.0,49440.0
ST_VA7cm,tsb,0.95,0.6,10,True,-1,0.0,2024-11-01,0.4916541647399052,0.8333333333333334,10390.404467683446,9666.17809511228,1177574.0396068688,74000.0,0.0,49940.0
ST_VA7cm,tsb,0.95,0.7,10,True,-1,0.0,2024-11-01,0.522207387191095,0.8333333333333334,11623.643628440566,8849.387885390437,1101292.7473057944,74000.0,0.0,50440.0
ST_VA7cm,tsb,0.95,0.8,10,True,-1,0.0,2024-11-01,0.5527606096422851,0.8333333333333334,12856.88278919769,8032.597675668591,1025011.4550047198,74000.0,0.0,50960.0
ST_VA7cm,tsb,0.95,0.9,10,True,-1,0.0,2024-11-01,0.583313832093475,0.8333333333333334,14090.12194995481,7212.171102310385,948330.1627036452,74000.0,0.0,51480.0
ST_VA7cm,tsb,0.95,1.0,10,True,-1,0.0,2024-11-01,0.6138670545446651,0.8333333333333334,15323.361110711936,6395.38089258854,872048.8704025707,74000.0,0.0,51980.0
ST_VA7cm,tsb,0.95,1.1,10,True,-1,0.0,2024-11-01,0.644420276995855,0.8333333333333334,16709.97304398663,5630.145273566082,803125.6835761219,74000.0,0.0,52500.0
ST_VA7cm,tsb,0.95,1.2,10,True,-1,0.0,2024-11-01,0.674973499447045,0.8333333333333334,18148.752064869936,4895.258560334062,738114.7143503162,74000.0,0.0,53000.0
ST_VA7cm,tsb,0.95,1.2816,10,True,-1,0.0,2024-11-01,0.7000476316699188,0.8333333333333334,19329.51574591072,4293.263729609459,684883.6834620584,74000.0,0.0,53420.0
ST_VA7cm,tsb,0.95,1.3,10,True,-1,0.0,2024-11-01,0.705526721898235,0.8333333333333334,19587.531085753246,4160.37184710204,673103.7451245101,74000.0,0.0,53500.0
ST_VA7cm,tsb,0.95,1.4,10,True,-1,0.0,2024-11-01,0.7360799443494248,0.8333333333333334,21148.112994246996,3550.92438511683,623230.9252995682,74000.0,669.915881857436,54020.0
ST_VA7cm,tsb,0.95,1.5,10,True,-1,0.0,2024-11-01,0.7669034370708852,0.8333333333333334,22923.42628083723,3136.20830122809,597140.6022242995,74000.0,2450.8543432455044,54540.0
ST_VA7cm,tsb,0.95,1.6,10,True,-1,0.0,2024-11-01,0.7974566595220751,0.8333333333333334,24686.012294700184,2725.128580975717,571310.2791490308,74000.0,4231.792804633558,55040.0
ST_VA7cm,tsb,0.95,1.6449,10,True,-1,0.0,2024-11-01,0.8110647861323891,0.8333333333333334,25469.922505833736,2542.0374229460376,559793.2640882353,74000.0,5018.794173796792,55280.0
ST_VA7cm,tsb,0.95,1.7,10,True,-1,0.0,2024-11-01,0.8280098819732651,0.8333333333333334,26444.961944926774,2314.0488607233433,545439.9560737623,74000.0,5992.731266021612,55560.0
ST_VA7cm,tsb,0.95,1.8,10,True,-1,0.0,2024-11-01,0.8585631044244552,0.8333333333333334,28207.54795878974,1902.9691404709672,519609.6329984935,74000.0,7773.6697274096805,56060.0
ST_VA7cm,tsb,0.95,1.9,10,True,-1,0.0,2024-11-01,0.889116326875645,0.8333333333333334,29970.13397265269,1491.8894202185938,493779.3099232249,74000.0,9554.608188797734,56560.0
ST_VA7cm,tsb,0.95,2.0,10,True,-1,0.0,2024-11-01,0.919669549326835,0.8333333333333334,31729.08362287928,1080.8096999662203,467908.9868479563,74000.0,11315.546650185788,57100.0
ST_VA7cm,tsb,0.95,2.0537,10,True,-1,0.0,2024-11-01,0.936156629783124,0.8333333333333334,32680.028675960053,858.9835265543317,453968.5033565371,74000.0,12275.590603951176,57360.0
ST_VA7cm,tsb,0.95,2.1,10,True,-1,0.0,2024-11-01,0.950222771778025,0.8333333333333334,33491.66963674224,669.7299797138443,442078.66377268755,74000.0,13096.485111573857,57600.0
ST_VA7cm,tsb,0.95,2.2,10,True,-1,0.0,2024-11-01,0.980775994229215,0.8333333333333334,35254.2556506052,258.65025946147085,416248.340697419,74000.0,14877.42357296191,58100.0
ST_VA7cm,tsb,0.95,2.3,10,True,-1,0.0,2024-11-01,1.0,1.0,37165.634761622685,0.0,408821.9823778495,74000.0,16638.362034349964,58620.0
ST_VA7cm,tsb,0.95,2.4,10,True,-1,0.0,2024-11-01,1.0,1.0,39339.300495738025,0.0,432732.3054531183,74000.0,18419.300495738018,59120.0
ST_VA7cm,tsb,0.95,2.5,10,True,-1,0.0,2024-11-01,1.0,1.0,41529.329866217,0.0,456822.628528387,74000.0,20200.238957126086,59620.0
ST_VA7cm,tsb,0.95,2.6,10,True,-1,0.0,2024-11-01,1.0,1.0,43699.359236695964,0.0,480692.9516036556,74000.0,21961.17741851414,60160.0
ST_VA7cm,tsb,0.95,2.7,10,True,-1,0.0,2024-11-01,1.0,1.0,45873.02497081129,0.0,504603.2746789242,74000.0,23742.115879902194,60660.0
ST_VA7cm,tsb,0.95,2.8,10,True,-1,0.0,2024-11-01,1.0,1.0,48046.690704926616,0.0,528513.5977541928,74000.0,25523.054341290248,61160.0
ST_VA7cm,tsb,0.95,2.9,10,True,-1,0.0,2024-11-01,1.0,1.0,50216.72007540558,0.0,552383.9208294614,74000.0,27283.992802678316,61680.0
ST_VA7cm,tsb,0.95,3.0,10,True,-1,0.0,2024-11-01,1.0,1.0,52390.385809520914,0.0,576294.2439047301,74000.0,29064.93126406637,62180.0
ST_VA7cm,tsb,0.95,3.5,10,True,-1,0.0,2024-11-01,1.0,1.0,63267.80538918849,0.0,695945.8592810734,74000.0,37929.62357100667,64740.0
ST_VA7cm,tsb,0.95,4.0,10,True,-1,0.0,2024-11-01,1.0,1.0,74132.49769612876,0.0,815457.4746574163,74000.0,46814.31587794695,67280.0
ST_VA7cm,xgb,0.95,0.0,10,True,-1,0.0,2024-11-01,0.005279322363234855,0.5,71.03088270534168,30651.270118735054,3372421.0527706146,74000.0,0.0,39340.0
ST_VA7cm,xgb,0.95,0.1,10,True,-1,0.0,2024-11-01,0.048241078427158385,0.5,649.0617824744946,28766.494706137502,3171454.097282345,74000.0,0.0,40940.0
ST_VA7cm,xgb,0.95,0.2,10,True,-1,0.0,2024-11-01,0.09255418584243326,0.5,1245.2745004254657,26836.264748085407,2965687.1417940753,74000.0,0.0,42640.0
ST_VA7cm,xgb,0.95,0.3,10,True,-1,0.0,2024-11-01,0.13686729325770813,0.5,1841.4872183764367,24902.398426396943,2759520.186305804,74000.0,0.0,44320.0
ST_VA7cm,xgb,0.95,0.4,10,True,-1,0.0,2024-11-01,0.181180400672983,0.5,2437.6999363274076,22975.804831981208,2554153.2308175345,74000.0,0.0,46040.0
ST_VA7cm,xgb,0.95,0.5,10,True,-1,0.0,2024-11-01,0.2252232378179876,0.5,3030.276290642015,21051.02941938366,2348946.275329265,74000.0,0.0,47720.0
ST_VA7cm,xgb,0.95,0.6,10,True,-1,0.0,2024-11-01,0.2695363452332625,0.6666666666666666,3980.2507444586995,19474.561197197272,2185984.4898807458,74000.0,0.0,49420.0
ST_VA7cm,xgb,0.95,0.7,10,True,-1,0.0,2024-11-01,0.3138494526485373,0.6666666666666666,5172.6761803606405,18140.543957096153,2052359.273264544,74000.0,0.0,51100.0
ST_VA7cm,xgb,0.95,0.8,10,True,-1,0.0,2024-11-01,0.35816256006381225,0.6666666666666666,6365.101616262584,16624.70853517684,1898734.0566483408,74000.0,0.0,52800.0
ST_VA7cm,xgb,0.95,0.9,10,True,-1,0.0,2024-11-01,0.4024756674790871,0.6666666666666666,7557.527052164525,14847.054931439356,1716308.8400321389,74000.0,0.0,54480.0
ST_VA7cm,xgb,0.95,1.0,10,True,-1,0.0,2024-11-01,0.446788774894362,0.6666666666666666,8749.952488066467,13073.037691338226,1534283.6234159358,74000.0,0.0,56180.0
ST_VA7cm,xgb,0.95,1.1,10,True,-1,0.0,2024-11-01,0.49110188230963686,0.8333333333333334,10368.112340498068,11721.118504130398,1403372.2711998224,74000.0,0.0,57860.0
ST_VA7cm,xgb,0.95,1.2,10,True,-1,0.0,2024-11-01,0.5354149897249117,0.8333333333333334,12156.750494350981,10539.677618343878,1293088.7934556874,74000.0,0.0,59540.0
ST_VA7cm,xgb,0.95,1.2816,10,True,-1,0.0,2024-11-01,0.5715398907811814,0.8333333333333334,13614.882864258596,9579.112764632988,1203466.1156164731,74000.0,0.0,60940.0
ST_VA7cm,xgb,0.95,1.3,10,True,-1,0.0,2024-11-01,0.5797280971401866,0.8333333333333334,13945.388648203896,9361.873096193724,1183205.3157115525,74000.0,0.0,61240.0
ST_VA7cm,xgb,0.95,1.4,10,True,-1,0.0,2024-11-01,0.6237709342851911,0.8333333333333334,15737.576723611728,8200.345768325766,1075151.3784755634,74000.0,0.0,62940.0
ST_VA7cm,xgb,0.95,1.5,10,True,-1,0.0,2024-11-01,0.668084041700466,0.8333333333333334,17824.321236440126,7320.647605151097,1001338.7701674621,74000.0,0.0,64640.0
ST_VA7cm,xgb,0.95,1.6,10,True,-1,0.0,2024-11-01,0.7123971491157409,0.8333333333333334,19911.065749268528,6437.313078340061,927126.1618593605,74000.0,0.0,66320.0
ST_VA7cm,xgb,0.95,1.6449,10,True,-1,0.0,2024-11-01,0.7321945451560101,0.8333333333333334,20843.34312643757,6042.764966711,893980.9207290232,74000.0,0.0,67080.0
ST_VA7cm,xgb,0.95,1.7,10,True,-1,0.0,2024-11-01,0.7567102565310158,0.8333333333333334,21997.810262096926,5557.614915165394,853313.5535512595,74000.0,0.0,68020.0
ST_VA7cm,xgb,0.95,1.8,10,True,-1,0.0,2024-11-01,0.8010233639462906,0.8333333333333334,24084.554774925324,4674.280388354361,779100.9452431583,74000.0,0.0,69700.0
ST_VA7cm,xgb,0.95,1.9,10,True,-1,0.0,2024-11-01,0.8453364713615655,0.8333333333333334,26171.299287753718,3794.5822251796912,705288.336935057,74000.0,0.0,71400.0
ST_VA7cm,xgb,0.95,2.0,10,True,-1,0.0,2024-11-01,0.8896495787768404,0.8333333333333334,28258.04380058212,2911.247698368658,631075.7286269558,74000.0,0.0,73080.0
ST_VA7cm,xgb,0.95,2.0537,10,True,-1,0.0,2024-11-01,0.913480582323708,0.8333333333333334,29380.267422152796,2328.1588756529486,579280.417965505,74000.0,0.0,73400.0
ST_VA7cm,xgb,0.95,2.1,10,True,-1,0.0,2024-11-01,0.9339626861921153,0.8333333333333334,30344.78831341052,1777.004080648534,529263.1203188545,74000.0,0.0,73380.0
ST_VA7cm,xgb,0.95,2.2,10,True,-1,0.0,2024-11-01,0.9780055233371199,0.8333333333333334,32418.805553511647,591.851372019319,421710.5120107532,74000.0,0.0,73380.0
ST_VA7cm,xgb,0.95,2.3,10,True,-1,0.0,2024-11-01,1.0,1.0,35106.12413022265,0.0,386167.36543244915,74000.0,1651.5786756771995,73360.0
ST_VA7cm,xgb,0.95,2.4,10,True,-1,0.0,2024-11-01,1.0,1.0,38385.29407895301,0.0,422238.23486848315,74000.0,4930.748624407555,73360.0
ST_VA7cm,xgb,0.95,2.5,10,True,-1,0.0,2024-11-01,1.0,1.0,41664.46402768335,0.0,458309.10430451686,74000.0,8209.918573137897,73340.0
ST_VA7cm,xgb,0.95,2.6,10,True,-1,0.0,2024-11-01,1.0,1.0,44943.63397641369,0.0,494379.9737405506,74000.0,11489.088521868238,73320.0
ST_VA7cm,xgb,0.95,2.7,10,True,-1,0.0,2024-11-01,1.0,1.0,48222.80392514404,0.0,530450.8431765845,74000.0,14768.25847059858,73300.0
ST_VA7cm,xgb,0.95,2.8,10,True,-1,0.0,2024-11-01,1.0,1.0,51501.973873874354,0.0,566521.7126126179,74000.0,18047.428419328906,73280.0
ST_VA7cm,xgb,0.95,2.9,10,True,-1,0.0,2024-11-01,1.0,1.0,54781.1438226047,0.0,602592.5820486518,74000.0,21326.598368059247,73260.0
ST_VA7cm,xgb,0.95,3.0,10,True,-1,0.0,2024-11-01,1.0,1.0,58060.31377133503,0.0,638663.4514846853,74000.0,24605.76831678959,73240.0
ST_VA7cm,xgb,0.95,3.5,10,True,-1,0.0,2024-11-01,1.0,1.0,74436.16351498677,0.0,818797.7986648544,74000.0,40981.618060441295,73180.0
ST_VA7cm,xgb,0.95,4.0,10,True,-1,0.0,2024-11-01,1.0,1.0,90812.01325863846,0.0,998932.1458450231,74000.0,57357.467804093,73100.0
ST_VA7cmbox,arima,0.95,0.0,10,True,-1,0.0,2024-11-01,,1.0,47680.0,0.0,524480.0,0.0,47680.0,0.0
ST_VA7cmbox,arima,0.95,0.1,10,True,-1,0.0,2024-11-01,,1.0,48400.0,0.0,532400.0,0.0,48400.0,0.0
ST_VA7cmbox,arima,0.95,0.2,10,True,-1,0.0,2024-11-01,,1.0,49120.0,0.0,540320.0,0.0,49120.0,0.0
ST_VA7cmbox,arima,0.95,0.3,10,True,-1,0.0,2024-11-01,,1.0,49840.0,0.0,548240.0,0.0,49840.0,0.0
ST_VA7cmbox,arima,0.95,0.4,10,True,-1,0.0,2024-11-01,,1.0,50540.0,0.0,555940.0,0.0,50540.0,0.0
ST_VA7cmbox,arima,0.95,0.5,10,True,-1,0.0,2024-11-01,,1.0,51260.0,0.0,563860.0,0.0,51260.0,0.0
ST_VA7cmbox,arima,0.95,0.6,10,True,-1,0.0,2024-11-01,,1.0,51980.0,0.0,571780.0,0.0,51980.0,0.0
ST_VA7cmbox,arima,0.95,0.7,10,True,-1,0.0,2024-11-01,,1.0,52700.0,0.0,579700.0,0.0,52700.0,0.0
ST_VA7cmbox,arima,0.95,0.8,10,True,-1,0.0,2024-11-01,,1.0,53400.0,0.0,587400.0,0.0,53400.0,0.0
ST_VA7cmbox,arima,0.95,0.9,10,True,-1,0.0,2024-11-01,,1.0,54120.0,0.0,595320.0,0.0,54120.0,0.0
ST_VA7cmbox,arima,0.95,1.0,10,True,-1,0.0,2024-11-01,,1.0,54840.0,0.0,603240.0,0.0,54840.0,0.0
ST_VA7cmbox,arima,0.95,1.1,10,True,-1,0.0,2024-11-01,,1.0,55560.0,0.0,611160.0,0.0,55560.0,0.0
ST_VA7cmbox,arima,0.95,1.2,10,True,-1,0.0,2024-11-01,,1.0,56280.0,0.0,619080.0,0.0,56280.0,0.0
ST_VA7cmbox,arima,0.95,1.2816,10,True,-1,0.0,2024-11-01,,1.0,56860.0,0.0,625460.0,0.0,56860.0,0.0
ST_VA7cmbox,arima,0.95,1.3,10,True,-1,0.0,2024-11-01,,1.0,56980.0,0.0,626780.0,0.0,56980.0,0.0
ST_VA7cmbox,arima,0.95,1.4,10,True,-1,0.0,2024-11-01,,1.0,57700.0,0.0,634700.0,0.0,57700.0,0.0
ST_VA7cmbox,arima,0.95,1.5,10,True,-1,0.0,2024-11-01,,1.0,58420.0,0.0,642620.0,0.0,58420.0,0.0
ST_VA7cmbox,arima,0.95,1.6,10,True,-1,0.0,2024-11-01,,1.0,59140.0,0.0,650540.0,0.0,59140.0,0.0
ST_VA7cmbox,arima,0.95,1.6449,10,True,-1,0.0,2024-11-01,,1.0,59460.0,0.0,654060.0,0.0,59460.0,0.0
ST_VA7cmbox,arima,0.95,1.7,10,True,-1,0.0,2024-11-01,,1.0,59840.0,0.0,658240.0,0.0,59840.0,0.0
ST_VA7cmbox,arima,0.95,1.8,10,True,-1,0.0,2024-11-01,,1.0,60560.0,0.0,666160.0,0.0,60560.0,0.0
ST_VA7cmbox,arima,0.95,1.9,10,True,-1,0.0,2024-11-01,,1.0,61280.0,0.0,674080.0,0.0,61280.0,0.0
ST_VA7cmbox,arima,0.95,2.0,10,True,-1,0.0,2024-11-01,,1.0,62000.0,0.0,682000.0,0.0,62000.0,0.0
ST_VA7cmbox,arima,0.95,2.0537,10,True,-1,0.0,2024-11-01,,1.0,62380.0,0.0,686180.0,0.0,62380.0,0.0
ST_VA7cmbox,arima,0.95,2.1,10,True,-1,0.0,2024-11-01,,1.0,62720.0,0.0,689920.0,0.0,62720.0,0.0
ST_VA7cmbox,arima,0.95,2.2,10,True,-1,0.0,2024-11-01,,1.0,65480.0,0.0,720280.0,0.0,65480.0,0.0
ST_VA7cmbox,arima,0.95,2.3,10,True,-1,0.0,2024-11-01,,1.0,68360.0,0.0,751960.0,0.0,68360.0,0.0
ST_VA7cmbox,arima,0.95,2.4,10,True,-1,0.0,2024-11-01,,1.0,71240.0,0.0,783640.0,0.0,71240.0,0.0
ST_VA7cmbox,arima,0.95,2.5,10,True,-1,0.0,2024-11-01,,1.0,74120.0,0.0,815320.0,0.0,74120.0,0.0
ST_VA7cmbox,arima,0.95,2.6,10,True,-1,0.0,2024-11-01,,1.0,77020.0,0.0,847220.0,0.0,77020.0,0.0
ST_VA7cmbox,arima,0.95,2.7,10,True,-1,0.0,2024-11-01,,1.0,79900.0,0.0,878900.0,0.0,79900.0,0.0
ST_VA7cmbox,arima,0.95,2.8,10,True,-1,0.0,2024-11-01,,1.0,82780.0,0.0,910580.0,0.0,82780.0,0.0
ST_VA7cmbox,arima,0.95,2.9,10,True,-1,0.0,2024-11-01,,1.0,85678.18181818182,0.0,942460.0,0.0,85680.0,0.0
ST_VA7cmbox,arima,0.95,3.0,10,True,-1,0.0,2024-11-01,,1.0,88560.0,0.0,974160.0,0.0,88560.0,0.0
ST_VA7cmbox,arima,0.95,3.5,10,True,-1,0.0,2024-11-01,,1.0,102998.18181818182,0.0,1132980.0,0.0,103000.0,0.0
ST_VA7cmbox,arima,0.95,4.0,10,True,-1,0.0,2024-11-01,,1.0,117436.36363636363,0.0,1291800.0,0.0,117440.0,0.0
ST_VA7cmbox,croston,0.95,0.0,10,True,-1,0.0,2024-11-01,,1.0,80000.0,0.0,880000.0,0.0,80000.0,0.0
ST_VA7cmbox,croston,0.95,0.1,10,True,-1,0.0,2024-11-01,,1.0,86583.63636363637,0.0,952420.0,0.0,88000.0,0.0
ST_VA7cmbox,croston,0.95,0.2,10,True,-1,0.0,2024-11-01,,1.0,93163.63636363637,0.0,1024800.0,0.0,96000.0,0.0
ST_VA7cmbox,croston,0.95,0.3,10,True,-1,0.0,2024-11-01,,1.0,99738.18181818182,0.0,1097120.0,0.0,104000.0,0.0
ST_VA7cmbox,croston,0.95,0.4,10,True,-1,0.0,2024-11-01,,1.0,106318.18181818182,0.0,1169500.0,0.0,112000.0,0.0
ST_VA7cmbox,croston,0.95,0.5,10,True,-1,0.0,2024-11-01,,1.0,112896.36363636363,0.0,1241860.0,0.0,120000.0,0.0
ST_VA7cmbox,croston,0.95,0.6,10,True,-1,0.0,2024-11-01,,1.0,119472.72727272728,0.0,1314200.0,0.0,128000.0,0.0
ST_VA7cmbox,croston,0.95,0.7,10,True,-1,0.0,2024-11-01,,1.0,126047.27272727272,0.0,1386520.0,0.0,136000.0,0.0
ST_VA7cmbox,croston,0.95,0.8,10,True,-1,0.0,2024-11-01,,1.0,132627.27272727274,0.0,1458900.0,0.0,144000.0,0.0
ST_VA7cmbox,croston,0.95,0.9,10,True,-1,0.0,2024-11-01,,1.0,139203.63636363635,0.0,1531240.0,0.0,152000.0,0.0
ST_VA7cmbox,croston,0.95,1.0,10,True,-1,0.0,2024-11-01,,1.0,145785.45454545456,0.0,1603640.0,0.0,160000.0,0.0
ST_VA7cmbox,croston,0.95,1.1,10,True,-1,0.0,2024-11-01,,1.0,152361.81818181818,0.0,1675980.0,0.0,168000.0,0.0
ST_VA7cmbox,croston,0.95,1.2,10,True,-1,0.0,2024-11-01,,1.0,158936.36363636365,0.0,1748300.0,0.0,176000.0,0.0
ST_VA7cmbox,croston,0.95,1.2816,10,True,-1,0.0,2024-11-01,,1.0,164309.0909090909,0.0,1807400.0,0.0,182540.0,0.0
ST_VA7cmbox,croston,0.95,1.3,10,True,-1,0.0,2024-11-01,,1.0,165516.36363636365,0.0,1820680.0,0.0,184000.0,0.0
ST_VA7cmbox,croston,0.95,1.4,10,True,-1,0.0,2024-11-01,,1.0,172090.9090909091,0.0,1893000.0,0.0,192000.0,0.0
ST_VA7cmbox,croston,0.95,1.5,10,True,-1,0.0,2024-11-01,,1.0,178667.27272727274,0.0,1965340.0,0.0,200000.0,0.0
ST_VA7cmbox,croston,0.95,1.6,10,True,-1,0.0,2024-11-01,,1.0,185245.45454545456,0.0,2037700.0,0.0,208000.0,0.0
ST_VA7cmbox,croston,0.95,1.6449,10,True,-1,0.0,2024-11-01,,1.0,188200.0,0.0,2070200.0,0.0,211600.0,0.0
ST_VA7cmbox,croston,0.95,1.7,10,True,-1,0.0,2024-11-01,,1.0,191829.0909090909,0.0,2110120.0,0.0,216000.0,0.0
ST_VA7cmbox,croston,0.95,1.8,10,True,-1,0.0,2024-11-01,,1.0,198401.81818181818,0.0,2182420.0,0.0,224000.0,0.0
ST_VA7cmbox,croston,0.95,1.9,10,True,-1,0.0,2024-11-01,,1.0,204976.36363636365,0.0,2254740.0,0.0,232000.0,0.0
ST_VA7cmbox,croston,0.95,2.0,10,True,-1,0.0,2024-11-01,,1.0,211560.0,0.0,2327160.0,0.0,240000.0,0.0
ST_VA7cmbox,croston,0.95,2.0537,10,True,-1,0.0,2024-11-01,,1.0,215092.72727272726,0.0,2366020.0,0.0,244300.0,0.0
ST_VA7cmbox,croston,0.95,2.1,10,True,-1,0.0,2024-11-01,,1.0,218130.9090909091,0.0,2399440.0,0.0,248000.0,0.0
ST_VA7cmbox,croston,0.95,2.2,10,True,-1,0.0,2024-11-01,,1.0,224710.9090909091,0.0,2471820.0,0.0,256000.0,0.0
ST_VA7cmbox,croston,0.95,2.3,10,True,-1,0.0,2024-11-01,,1.0,231292.72727272726,0.0,2544220.0,0.0,264000.0,0.0
ST_VA7cmbox,croston,0.95,2.4,10,True,-1,0.0,2024-11-01,,1.0,237869.0909090909,0.0,2616560.0,0.0,272000.0,0.0
ST_VA7cmbox,croston,0.95,2.5,10,True,-1,0.0,2024-11-01,,1.0,244440.0,0.0,2688840.0,0.0,280000.0,0.0
ST_VA7cmbox,croston,0.95,2.6,10,True,-1,0.0,2024-11-01,,1.0,251023.63636363635,0.0,2761260.0,0.0,288000.0,0.0
ST_VA7cmbox,croston,0.95,2.7,10,True,-1,0.0,2024-11-01,,1.0,257600.0,0.0,2833600.0,0.0,296000.0,0.0
ST_VA7cmbox,croston,0.95,2.8,10,True,-1,0.0,2024-11-01,,1.0,264174.54545454547,0.0,2905920.0,0.0,304000.0,0.0
ST_VA7cmbox,croston,0.95,2.9,10,True,-1,0.0,2024-11-01,,1.0,270758.1818181818,0.0,2978340.0,0.0,312000.0,0.0
ST_VA7cmbox,croston,0.95,3.0,10,True,-1,0.0,2024-11-01,,1.0,277332.7272727273,0.0,3050660.0,0.0,320000.0,0.0
ST_VA7cmbox,croston,0.95,3.5,10,True,-1,0.0,2024-11-01,,1.0,310218.1818181818,0.0,3412400.0,0.0,360000.0,0.0
ST_VA7cmbox,croston,0.95,4.0,10,True,-1,0.0,2024-11-01,,1.0,343107.2727272727,0.0,3774180.0,0.0,400000.0,0.0
ST_VA7cmbox,hybrid,0.95,0.0,10,True,-1,0.0,2024-11-01,,1.0,7039.589500427246,0.0,77435.4845046997,0.0,7039.589500427246,0.0
ST_VA7cmbox,hybrid,0.95,0.1,10,True,-1,0.0,2024-11-01,,1.0,7926.283333494049,0.0,87189.11666843454,0.0,7926.283333494048,0.0
ST_VA7cmbox,hybrid,0.95,0.2,10,True,-1,0.0,2024-11-01,,1.0,8812.977166560851,0.0,96942.74883216937,0.0,8812.97716656085,0.0
ST_VA7cmbox,hybrid,0.95,0.3,10,True,-1,0.0,2024-11-01,,1.0,9719.67099962765,0.0,106916.38099590415,0.0,9719.670999627651,0.0
ST_VA7cmbox,hybrid,0.95,0.4,10,True,-1,0.0,2024-11-01,,1.0,10606.364832694455,0.0,116670.013159639,0.0,10606.364832694455,0.0
ST_VA7cmbox,hybrid,0.95,0.5,10,True,-1,0.0,2024-11-01,,1.0,11493.058665761257,0.0,126423.64532337383,0.0,11493.058665761257,0.0
ST_VA7cmbox,hybrid,0.95,0.6,10,True,-1,0.0,2024-11-01,,1.0,12379.75249882806,0.0,136177.27748710866,0.0,12379.752498828058,0.0
ST_VA7cmbox,hybrid,0.95,0.7,10,True,-1,0.0,2024-11-01,,1.0,13266.446331894862,0.0,145930.90965084347,0.0,13266.44633189486,0.0
ST_VA7cmbox,hybrid,0.95,0.8,10,True,-1,0.0,2024-11-01,,1.0,14173.140164961662,0.0,155904.5418145783,0.0,14173.140164961664,0.0
ST_VA7cmbox,hybrid,0.95,0.9,10,True,-1,0.0,2024-11-01,,1.0,15059.833998028469,0.0,165658.17397831316,0.0,15059.833998028465,0.0
ST_VA7cmbox,hybrid,0.95,1.0,10,True,-1,0.0,2024-11-01,,1.0,15946.527831095269,0.0,175411.80614204795,0.0,15946.527831095267,0.0
ST_VA7cmbox,hybrid,0.95,1.1,10,True,-1,0.0,2024-11-01,,1.0,16833.221664162065,0.0,185165.43830578274,0.0,16833.22166416207,0.0
ST_VA7cmbox,hybrid,0.95,1.2,10,True,-1,0.0,2024-11-01,,1.0,17719.915497228874,0.0,194919.0704695176,0.0,17719.91549722887,0.0
ST_VA7cmbox,hybrid,0.95,1.2816,10,True,-1,0.0,2024-11-01,,1.0,18455.93766501138,0.0,203015.3143151252,0.0,18455.93766501138,0.0
ST_VA7cmbox,hybrid,0.95,1.3,10,True,-1,0.0,2024-11-01,,1.0,18626.609330295672,0.0,204892.7026332524,0.0,18626.609330295672,0.0
ST_VA7cmbox,hybrid,0.95,1.4,10,True,-1,0.0,2024-11-01,,1.0,19513.30316336247,0.0,214646.33479698718,0.0,19513.303163362474,0.0
ST_VA7cmbox,hybrid,0.95,1.5,10,True,-1,0.0,2024-11-01,,1.0,20399.99699642928,0.0,224399.96696072206,0.0,20399.996996429276,0.0
ST_VA7cmbox,hybrid,0.95,1.6,10,True,-1,0.0,2024-11-01,,1.0,21286.690829496078,0.0,234153.59912445687,0.0,21286.69082949608,0.0
ST_VA7cmbox,hybrid,0.95,1.6449,10,True,-1,0.0,2024-11-01,,1.0,21681.536360543076,0.0,238496.89996597383,0.0,21681.536360543076,0.0
ST_VA7cmbox,hybrid,0.95,1.7,10,True,-1,0.0,2024-11-01,,1.0,22173.384662562876,0.0,243907.23128819163,0.0,22173.38466256288,0.0
ST_VA7cmbox,hybrid,0.95,1.8,10,True,-1,0.0,2024-11-01,,1.0,23080.078495629685,0.0,253880.86345192653,0.0,23080.078495629685,0.0
ST_VA7cmbox,hybrid,0.95,1.9,10,True,-1,0.0,2024-11-01,,1.0,23966.772328696483,0.0,263634.4956156613,0.0,23966.772328696487,0.0
ST_VA7cmbox,hybrid,0.95,2.0,10,True,-1,0.0,2024-11-01,,1.0,24853.466161763292,0.0,273388.1277793962,0.0,24853.46616176329,0.0
ST_VA7cmbox,hybrid,0.95,2.0537,10,True,-1,0.0,2024-11-01,,1.0,25322.98075012016,0.0,278552.78825132176,0.0,25322.98075012016,0.0
ST_VA7cmbox,hybrid,0.95,2.1,10,True,-1,0.0,2024-11-01,,1.0,25740.15999483009,0.0,283141.759943131,0.0,25740.15999483009,0.0
ST_VA7cmbox,hybrid,0.95,2.2,10,True,-1,0.0,2024-11-01,,1.0,26626.853827896888,0.0,292895.39210686577,0.0,26626.85382789689,0.0
ST_VA7cmbox,hybrid,0.95,2.3,10,True,-1,0.0,2024-11-01,,1.0,27513.54766096369,0.0,302649.0242706006,0.0,27513.547660963693,0.0
ST_VA7cmbox,hybrid,0.95,2.4,10,True,-1,0.0,2024-11-01,,1.0,28420.241494030495,0.0,312622.65643433545,0.0,28420.241494030495,0.0
ST_VA7cmbox,hybrid,0.95,2.5,10,True,-1,0.0,2024-11-01,,1.0,29306.935327097297,0.0,322376.28859807027,0.0,29306.935327097297,0.0
ST_VA7cmbox,hybrid,0.95,2.6,10,True,-1,0.0,2024-11-01,,1.0,30193.6291601641,0.0,332129.9207618051,0.0,30193.6291601641,0.0
ST_VA7cmbox,hybrid,0.95,2.7,10,True,-1,0.0,2024-11-01,,1.0,31080.3229932309,0.0,341883.5529255399,0.0,31080.322993230904,0.0
ST_VA7cmbox,hybrid,0.95,2.8,10,True,-1,0.0,2024-11-01,,1.0,31967.016826297695,0.0,351637.18508927466,0.0,31967.016826297702,0.0
ST_VA7cmbox,hybrid,0.95,2.9,10,True,-1,0.0,2024-11-01,,1.0,32873.710659364515,0.0,361610.81725300965,0.0,32873.71065936451,0.0
ST_VA7cmbox,hybrid,0.95,3.0,10,True,-1,0.0,2024-11-01,,1.0,33760.40449243131,0.0,371364.4494167444,0.0,33760.404492431306,0.0
ST_VA7cmbox,hybrid,0.95,3.5,10,True,-1,0.0,2024-11-01,,1.0,38213.873657765325,0.0,420352.61023541854,0.0,38213.87365776532,0.0
ST_VA7cmbox,hybrid,0.95,4.0,10,True,-1,0.0,2024-11-01,,1.0,43067.34282309934,0.0,473740.7710540927,0.0,43067.34282309933,0.0
ST_VA7cmbox,mitra,0.95,0.0,10,True,-1,0.0,2024-11-01,,1.0,5000.0,0.0,55000.0,0.0,5000.0,0.0
ST_VA7cmbox,mitra,0.95,0.1,10,True,-1,0.0,2024-11-01,,1.0,5860.0,0.0,64460.0,0.0,5860.0,0.0
ST_VA7cmbox,mitra,0.95,0.2,10,True,-1,0.0,2024-11-01,,1.0,6720.0,0.0,73920.0,0.0,6720.0,0.0
ST_VA7cmbox,mitra,0.95,0.3,10,True,-1,0.0,2024-11-01,,1.0,7580.0,0.0,83380.0,0.0,7580.0,0.0
ST_VA7cmbox,mitra,0.95,0.4,10,True,-1,0.0,2024-11-01,,1.0,8440.0,0.0,92840.0,0.0,8440.0,0.0
ST_VA7cmbox,mitra,0.95,0.5,10,True,-1,0.0,2024-11-01,,1.0,9300.0,0.0,102300.0,0.0,9300.0,0.0
ST_VA7cmbox,mitra,0.95,0.6,10,True,-1,0.0,2024-11-01,,1.0,10140.0,0.0,111540.0,0.0,10140.0,0.0
ST_VA7cmbox,mitra,0.95,0.7,10,True,-1,0.0,2024-11-01,,1.0,11000.0,0.0,121000.0,0.0,11000.0,0.0
ST_VA7cmbox,mitra,0.95,0.8,10,True,-1,0.0,2024-11-01,,1.0,11860.0,0.0,130460.0,0.0,11860.0,0.0
ST_VA7cmbox,mitra,0.95,0.9,10,True,-1,0.0,2024-11-01,,1.0,12720.0,0.0,139920.0,0.0,12720.0,0.0
ST_VA7cmbox,mitra,0.95,1.0,10,True,-1,0.0,2024-11-01,,1.0,13580.0,0.0,149380.0,0.0,13580.0,0.0
ST_VA7cmbox,mitra,0.95,1.1,10,True,-1,0.0,2024-11-01,,1.0,14420.0,0.0,158620.0,0.0,14420.0,0.0
ST_VA7cmbox,mitra,0.95,1.2,10,True,-1,0.0,2024-11-01,,1.0,15280.0,0.0,168080.0,0.0,15280.0,0.0
ST_VA7cmbox,mitra,0.95,1.2816,10,True,-1,0.0,2024-11-01,,1.0,15980.0,0.0,175780.0,0.0,15980.0,0.0
ST_VA7cmbox,mitra,0.95,1.3,10,True,-1,0.0,2024-11-01,,1.0,16140.0,0.0,177540.0,0.0,16140.0,0.0
ST_VA7cmbox,mitra,0.95,1.4,10,True,-1,0.0,2024-11-01,,1.0,17000.0,0.0,187000.0,0.0,17000.0,0.0
ST_VA7cmbox,mitra,0.95,1.5,10,True,-1,0.0,2024-11-01,,1.0,17860.0,0.0,196460.0,0.0,17860.0,0.0
ST_VA7cmbox,mitra,0.95,1.6,10,True,-1,0.0,2024-11-01,,1.0,18720.0,0.0,205920.0,0.0,18720.0,0.0
ST_VA7cmbox,mitra,0.95,1.6449,10,True,-1,0.0,2024-11-01,,1.0,19100.0,0.0,210100.0,0.0,19100.0,0.0
ST_VA7cmbox,mitra,0.95,1.7,10,True,-1,0.0,2024-11-01,,1.0,19560.0,0.0,215160.0,0.0,19560.0,0.0
ST_VA7cmbox,mitra,0.95,1.8,10,True,-1,0.0,2024-11-01,,1.0,20420.0,0.0,224620.0,0.0,20420.0,0.0
ST_VA7cmbox,mitra,0.95,1.9,10,True,-1,0.0,2024-11-01,,1.0,21280.0,0.0,234080.0,0.0,21280.0,0.0
ST_VA7cmbox,mitra,0.95,2.0,10,True,-1,0.0,2024-11-01,,1.0,22140.0,0.0,243540.0,0.0,22140.0,0.0
ST_VA7cmbox,mitra,0.95,2.0537,10,True,-1,0.0,2024-11-01,,1.0,22600.0,0.0,248600.0,0.0,22600.0,0.0
ST_VA7cmbox,mitra,0.95,2.1,10,True,-1,0.0,2024-11-01,,1.0,23000.0,0.0,253000.0,0.0,23000.0,0.0
ST_VA7cmbox,mitra,0.95,2.2,10,True,-1,0.0,2024-11-01,,1.0,23840.0,0.0,262240.0,0.0,23840.0,0.0
ST_VA7cmbox,mitra,0.95,2.3,10,True,-1,0.0,2024-11-01,,1.0,24700.0,0.0,271700.0,0.0,24700.0,0.0
ST_VA7cmbox,mitra,0.95,2.4,10,True,-1,0.0,2024-11-01,,1.0,25560.0,0.0,281160.0,0.0,25560.0,0.0
ST_VA7cmbox,mitra,0.95,2.5,10,True,-1,0.0,2024-11-01,,1.0,26420.0,0.0,290620.0,0.0,26420.0,0.0
ST_VA7cmbox,mitra,0.95,2.6,10,True,-1,0.0,2024-11-01,,1.0,27280.0,0.0,300080.0,0.0,27280.0,0.0
ST_VA7cmbox,mitra,0.95,2.7,10,True,-1,0.0,2024-11-01,,1.0,28140.0,0.0,309540.0,0.0,28140.0,0.0
ST_VA7cmbox,mitra,0.95,2.8,10,True,-1,0.0,2024-11-01,,1.0,29000.0,0.0,319000.0,0.0,29000.0,0.0
ST_VA7cmbox,mitra,0.95,2.9,10,True,-1,0.0,2024-11-01,,1.0,29880.0,0.0,328680.0,0.0,29880.0,0.0
ST_VA7cmbox,mitra,0.95,3.0,10,True,-1,0.0,2024-11-01,,1.0,30760.0,0.0,338360.0,0.0,30760.0,0.0
ST_VA7cmbox,mitra,0.95,3.5,10,True,-1,0.0,2024-11-01,,1.0,35160.0,0.0,386760.0,0.0,35160.0,0.0
ST_VA7cmbox,mitra,0.95,4.0,10,True,-1,0.0,2024-11-01,,1.0,39560.0,0.0,435160.0,0.0,39560.0,0.0
ST_VA7cmbox,naive,0.95,0.0,10,True,-1,0.0,2024-11-01,,1.0,0.0,0.0,0.0,0.0,0.0,0.0
ST_VA7cmbox,naive,0.95,0.1,10,True,-1,0.0,2024-11-01,,1.0,2540.0,0.0,27940.0,0.0,2540.0,0.0
ST_VA7cmbox,naive,0.95,0.2,10,True,-1,0.0,2024-11-01,,1.0,5060.0,0.0,55660.0,0.0,5060.0,0.0
ST_VA7cmbox,naive,0.95,0.3,10,True,-1,0.0,2024-11-01,,1.0,7600.0,0.0,83600.0,0.0,7600.0,0.0
ST_VA7cmbox,naive,0.95,0.4,10,True,-1,0.0,2024-11-01,,1.0,10120.0,0.0,111320.0,0.0,10120.0,0.0
ST_VA7cmbox,naive,0.95,0.5,10,True,-1,0.0,2024-11-01,,1.0,12660.0,0.0,139260.0,0.0,12660.0,0.0
ST_VA7cmbox,naive,0.95,0.6,10,True,-1,0.0,2024-11-01,,1.0,15180.0,0.0,166980.0,0.0,15180.0,0.0
ST_VA7cmbox,naive,0.95,0.7,10,True,-1,0.0,2024-11-01,,1.0,17720.0,0.0,194920.0,0.0,17720.0,0.0
ST_VA7cmbox,naive,0.95,0.8,10,True,-1,0.0,2024-11-01,,1.0,20240.0,0.0,222640.0,0.0,20240.0,0.0
ST_VA7cmbox,naive,0.95,0.9,10,True,-1,0.0,2024-11-01,,1.0,22780.0,0.0,250580.0,0.0,22780.0,0.0
ST_VA7cmbox,naive,0.95,1.0,10,True,-1,0.0,2024-11-01,,1.0,25300.0,0.0,278300.0,0.0,25300.0,0.0
ST_VA7cmbox,naive,0.95,1.1,10,True,-1,0.0,2024-11-01,,1.0,27840.0,0.0,306240.0,0.0,27840.0,0.0
ST_VA7cmbox,naive,0.95,1.2,10,True,-1,0.0,2024-11-01,,1.0,30360.0,0.0,333960.0,0.0,30360.0,0.0
ST_VA7cmbox,naive,0.95,1.2816,10,True,-1,0.0,2024-11-01,,1.0,32440.0,0.0,356840.0,0.0,32440.0,0.0
ST_VA7cmbox,naive,0.95,1.3,10,True,-1,0.0,2024-11-01,,1.0,32900.0,0.0,361900.0,0.0,32900.0,0.0
ST_VA7cmbox,naive,0.95,1.4,10,True,-1,0.0,2024-11-01,,1.0,35420.0,0.0,389620.0,0.0,35420.0,0.0
ST_VA7cmbox,naive,0.95,1.5,10,True,-1,0.0,2024-11-01,,1.0,37960.0,0.0,417560.0,0.0,37960.0,0.0
ST_VA7cmbox,naive,0.95,1.6,10,True,-1,0.0,2024-11-01,,1.0,40480.0,0.0,445280.0,0.0,40480.0,0.0
ST_VA7cmbox,naive,0.95,1.6449,10,True,-1,0.0,2024-11-01,,1.0,41620.0,0.0,457820.0,0.0,41620.0,0.0
ST_VA7cmbox,naive,0.95,1.7,10,True,-1,0.0,2024-11-01,,1.0,43020.0,0.0,473220.0,0.0,43020.0,0.0
ST_VA7cmbox,naive,0.95,1.8,10,True,-1,0.0,2024-11-01,,1.0,45540.0,0.0,500940.0,0.0,45540.0,0.0
ST_VA7cmbox,naive,0.95,1.9,10,True,-1,0.0,2024-11-01,,1.0,48080.0,0.0,528880.0,0.0,48080.0,0.0
ST_VA7cmbox,naive,0.95,2.0,10,True,-1,0.0,2024-11-01,,1.0,50600.0,0.0,556600.0,0.0,50600.0,0.0
ST_VA7cmbox,naive,0.95,2.0537,10,True,-1,0.0,2024-11-01,,1.0,51960.0,0.0,571560.0,0.0,51960.0,0.0
ST_VA7cmbox,naive,0.95,2.1,10,True,-1,0.0,2024-11-01,,1.0,53140.0,0.0,584540.0,0.0,53140.0,0.0
ST_VA7cmbox,naive,0.95,2.2,10,True,-1,0.0,2024-11-01,,1.0,55660.0,0.0,612260.0,0.0,55660.0,0.0
ST_VA7cmbox,naive,0.95,2.3,10,True,-1,0.0,2024-11-01,,1.0,58200.0,0.0,640200.0,0.0,58200.0,0.0
ST_VA7cmbox,naive,0.95,2.4,10,True,-1,0.0,2024-11-01,,1.0,60720.0,0.0,667920.0,0.0,60720.0,0.0
ST_VA7cmbox,naive,0.95,2.5,10,True,-1,0.0,2024-11-01,,1.0,63260.0,0.0,695860.0,0.0,63260.0,0.0
ST_VA7cmbox,naive,0.95,2.6,10,True,-1,0.0,2024-11-01,,1.0,65780.0,0.0,723580.0,0.0,65780.0,0.0
ST_VA7cmbox,naive,0.95,2.7,10,True,-1,0.0,2024-11-01,,1.0,68320.0,0.0,751520.0,0.0,68320.0,0.0
ST_VA7cmbox,naive,0.95,2.8,10,True,-1,0.0,2024-11-01,,1.0,70840.0,0.0,779240.0,0.0,70840.0,0.0
ST_VA7cmbox,naive,0.95,2.9,10,True,-1,0.0,2024-11-01,,1.0,73380.0,0.0,807180.0,0.0,73380.0,0.0
ST_VA7cmbox,naive,0.95,3.0,10,True,-1,0.0,2024-11-01,,1.0,75900.0,0.0,834900.0,0.0,75900.0,0.0
ST_VA7cmbox,naive,0.95,3.5,10,True,-1,0.0,2024-11-01,,1.0,88560.0,0.0,974160.0,0.0,88560.0,0.0
ST_VA7cmbox,naive,0.95,4.0,10,True,-1,0.0,2024-11-01,,1.0,101200.0,0.0,1113200.0,0.0,101200.0,0.0
ST_VA7cmbox,rf,0.95,0.0,10,True,-1,0.0,2024-11-01,,1.0,15003.320000000002,0.0,165036.52000000002,0.0,15003.32,0.0
ST_VA7cmbox,rf,0.95,0.1,10,True,-1,0.0,2024-11-01,,1.0,15931.58180670314,0.0,175247.39987373454,0.0,15931.581806703138,0.0
ST_VA7cmbox,rf,0.95,0.2,10,True,-1,0.0,2024-11-01,,1.0,16839.84361340627,0.0,185238.27974746897,0.0,16839.843613406272,0.0
ST_VA7cmbox,rf,0.95,0.3,10,True,-1,0.0,2024-11-01,,1.0,17768.10542010941,0.0,195449.1596212035,0.0,17768.10542010941,0.0
ST_VA7cmbox,rf,0.95,0.4,10,True,-1,0.0,2024-11-01,,1.0,18696.36722681255,0.0,205660.03949493804,0.0,18696.36722681255,0.0
ST_VA7cmbox,rf,0.95,0.5,10,True,-1,0.0,2024-11-01,,1.0,19604.62903351569,0.0,215650.91936867256,0.0,19604.629033515685,0.0
ST_VA7cmbox,rf,0.95,0.6,10,True,-1,0.0,2024-11-01,,1.0,20532.89084021882,0.0,225861.79924240703,0.0,20532.890840218824,0.0
ST_VA7cmbox,rf,0.95,0.7,10,True,-1,0.0,2024-11-01,,1.0,21461.152646921957,0.0,236072.67911614155,0.0,21461.15264692196,0.0
ST_VA7cmbox,rf,0.95,0.8,10,True,-1,0.0,2024-11-01,,1.0,22369.414453625097,0.0,246063.55898987607,0.0,22369.414453625097,0.0
ST_VA7cmbox,rf,0.95,0.9,10,True,-1,0.0,2024-11-01,,1.0,23297.676260328237,0.0,256274.4388636106,0.0,23297.676260328233,0.0
ST_VA7cmbox,rf,0.95,1.0,10,True,-1,0.0,2024-11-01,,1.0,24225.938067031373,0.0,266485.3187373451,0.0,24225.93806703137,0.0
ST_VA7cmbox,rf,0.95,1.1,10,True,-1,0.0,2024-11-01,,1.0,25134.199873734502,0.0,276476.19861107954,0.0,25134.199873734506,0.0
ST_VA7cmbox,rf,0.95,1.2,10,True,-1,0.0,2024-11-01,,1.0,26062.46168043764,0.0,286687.07848481403,0.0,26062.461680437642,0.0
ST_VA7cmbox,rf,0.95,1.2816,10,True,-1,0.0,2024-11-01,,1.0,26809.203314707403,0.0,294901.23646178143,0.0,26809.203314707403,0.0
ST_VA7cmbox,rf,0.95,1.3,10,True,-1,0.0,2024-11-01,,1.0,26990.72348714078,0.0,296897.9583585486,0.0,26990.72348714078,0.0
ST_VA7cmbox,rf,0.95,1.4,10,True,-1,0.0,2024-11-01,,1.0,27898.985293843914,0.0,306888.8382322831,0.0,27898.985293843918,0.0
ST_VA7cmbox,rf,0.95,1.5,10,True,-1,0.0,2024-11-01,,1.0,28827.24710054706,0.0,317099.7181060177,0.0,28827.247100547058,0.0
ST_VA7cmbox,rf,0.95,1.6,10,True,-1,0.0,2024-11-01,,1.0,29755.50890725019,0.0,327310.5979797521,0.0,29755.508907250194,0.0
ST_VA7cmbox,rf,0.95,1.6449,10,True,-1,0.0,2024-11-01,,1.0,30159.218458459898,0.0,331751.4030430589,0.0,30159.2184584599,0.0
ST_VA7cmbox,rf,0.95,1.7,10,True,-1,0.0,2024-11-01,,1.0,30663.770713953323,0.0,337301.47785348655,0.0,30663.77071395333,0.0
ST_VA7cmbox,rf,0.95,1.8,10,True,-1,0.0,2024-11-01,,1.0,31592.03252065647,0.0,347512.35772722116,0.0,31592.032520656467,0.0
ST_VA7cmbox,rf,0.95,1.9,10,True,-1,0.0,2024-11-01,,1.0,32520.2943273596,0.0,357723.2376009556,0.0,32520.294327359603,0.0
ST_VA7cmbox,rf,0.95,2.0,10,True,-1,0.0,2024-11-01,,1.0,33428.55613406275,0.0,367714.1174746902,0.0,33428.55613406274,0.0
ST_VA7cmbox,rf,0.95,2.0537,10,True,-1,0.0,2024-11-01,,1.0,33932.992724262316,0.0,373262.91996688547,0.0,33932.99272426232,0.0
ST_VA7cmbox,rf,0.95,2.1,10,True,-1,0.0,2024-11-01,,1.0,34356.817940765875,0.0,377924.99734842463,0.0,34356.817940765875,0.0
ST_VA7cmbox,rf,0.95,2.2,10,True,-1,0.0,2024-11-01,,1.0,35285.079747469026,0.0,388135.8772221593,0.0,35285.07974746902,0.0
ST_VA7cmbox,rf,0.95,2.3,10,True,-1,0.0,2024-11-01,,1.0,36193.341554172155,0.0,398126.75709589367,0.0,36193.34155417215,0.0
ST_VA7cmbox,rf,0.95,2.4,10,True,-1,0.0,2024-11-01,,1.0,37121.603360875284,0.0,408337.63696962816,0.0,37121.60336087529,0.0
ST_VA7cmbox,rf,0.95,2.5,10,True,-1,0.0,2024-11-01,,1.0,38093.501531214795,0.0,419028.51684336277,0.0,38109.86516757843,0.0
ST_VA7cmbox,rf,0.95,2.6,10,True,-1,0.0,2024-11-01,,1.0,39292.67242882702,0.0,432219.3967170972,0.0,39418.126974281564,0.0
ST_VA7cmbox,rf,0.95,2.7,10,True,-1,0.0,2024-11-01,,1.0,40482.75241734833,0.0,445310.27659083164,0.0,40706.3887809847,0.0
ST_VA7cmbox,rf,0.95,2.8,10,True,-1,0.0,2024-11-01,,1.0,41672.83240586966,0.0,458401.15646456624,0.0,41994.65058768784,0.0
ST_VA7cmbox,rf,0.95,2.9,10,True,-1,0.0,2024-11-01,,1.0,42857.45784893643,0.0,471432.0363383007,0.0,43282.91239439097,0.0
ST_VA7cmbox,rf,0.95,3.0,10,True,-1,0.0,2024-11-01,,1.0,44062.08329200319,0.0,484682.9162120351,0.0,44591.17420109411,0.0
ST_VA7cmbox,rf,0.95,3.5,10,True,-1,0.0,2024-11-01,,1.0,50016.11959824617,0.0,550177.3155807079,0.0,51052.4832346098,0.0
ST_VA7cmbox,rf,0.95,4.0,10,True,-1,0.0,2024-11-01,,1.0,55970.15590448911,0.0,615671.7149493803,0.0,57513.792268125486,0.0
ST_VA7cmbox,sba,0.95,0.0,10,True,-1,0.0,2024-11-01,,1.0,76000.0,0.0,836000.0,0.0,76000.0,0.0
ST_VA7cmbox,sba,0.95,0.1,10,True,-1,0.0,2024-11-01,,1.0,82260.0,0.0,904860.0,0.0,83600.0,0.0
ST_VA7cmbox,sba,0.95,0.2,10,True,-1,0.0,2024-11-01,,1.0,88520.0,0.0,973720.0,0.0,91200.0,0.0
ST_VA7cmbox,sba,0.95,0.3,10,True,-1,0.0,2024-11-01,,1.0,94769.09090909091,0.0,1042460.0,0.0,98800.0,0.0
ST_VA7cmbox,sba,0.95,0.4,10,True,-1,0.0,2024-11-01,,1.0,101029.09090909091,0.0,1111320.0,0.0,106400.0,0.0
ST_VA7cmbox,sba,0.95,0.5,10,True,-1,0.0,2024-11-01,,1.0,107278.18181818182,0.0,1180060.0,0.0,114000.0,0.0
ST_VA7cmbox,sba,0.95,0.6,10,True,-1,0.0,2024-11-01,,1.0,113534.54545454546,0.0,1248880.0,0.0,121600.0,0.0
ST_VA7cmbox,sba,0.95,0.7,10,True,-1,0.0,2024-11-01,,1.0,119787.27272727272,0.0,1317660.0,0.0,129200.0,0.0
ST_VA7cmbox,sba,0.95,0.8,10,True,-1,0.0,2024-11-01,,1.0,126047.27272727272,0.0,1386520.0,0.0,136800.0,0.0
ST_VA7cmbox,sba,0.95,0.9,10,True,-1,0.0,2024-11-01,,1.0,132296.36363636365,0.0,1455260.0,0.0,144400.0,0.0
ST_VA7cmbox,sba,0.95,1.0,10,True,-1,0.0,2024-11-01,,1.0,138550.9090909091,0.0,1524060.0,0.0,152000.0,0.0
ST_VA7cmbox,sba,0.95,1.1,10,True,-1,0.0,2024-11-01,,1.0,144807.27272727274,0.0,1592880.0,0.0,159600.0,0.0
ST_VA7cmbox,sba,0.95,1.2,10,True,-1,0.0,2024-11-01,,1.0,151060.0,0.0,1661660.0,0.0,167200.0,0.0
ST_VA7cmbox,sba,0.95,1.2816,10,True,-1,0.0,2024-11-01,,1.0,156170.9090909091,0.0,1717880.0,0.0,173420.0,0.0
ST_VA7cmbox,sba,0.95,1.3,10,True,-1,0.0,2024-11-01,,1.0,157316.36363636365,0.0,1730480.0,0.0,174800.0,0.0
ST_VA7cmbox,sba,0.95,1.4,10,True,-1,0.0,2024-11-01,,1.0,163572.72727272726,0.0,1799300.0,0.0,182400.0,0.0
ST_VA7cmbox,sba,0.95,1.5,10,True,-1,0.0,2024-11-01,,1.0,169821.81818181818,0.0,1868040.0,0.0,190000.0,0.0
ST_VA7cmbox,sba,0.95,1.6,10,True,-1,0.0,2024-11-01,,1.0,176078.18181818182,0.0,1936860.0,0.0,197600.0,0.0
ST_VA7cmbox,sba,0.95,1.6449,10,True,-1,0.0,2024-11-01,,1.0,178889.0909090909,0.0,1967780.0,0.0,201020.0,0.0
ST_VA7cmbox,sba,0.95,1.7,10,True,-1,0.0,2024-11-01,,1.0,182334.54545454544,0.0,2005680.0,0.0,205200.0,0.0
ST_VA7cmbox,sba,0.95,1.8,10,True,-1,0.0,2024-11-01,,1.0,188587.27272727274,0.0,2074460.0,0.0,212800.0,0.0
ST_VA7cmbox,sba,0.95,1.9,10,True,-1,0.0,2024-11-01,,1.0,194838.18181818182,0.0,2143220.0,0.0,220400.0,0.0
ST_VA7cmbox,sba,0.95,2.0,10,True,-1,0.0,2024-11-01,,1.0,201098.18181818182,0.0,2212080.0,0.0,228000.0,0.0
ST_VA7cmbox,sba,0.95,2.0537,10,True,-1,0.0,2024-11-01,,1.0,204458.18181818182,0.0,2249040.0,0.0,232100.0,0.0
ST_VA7cmbox,sba,0.95,2.1,10,True,-1,0.0,2024-11-01,,1.0,207347.27272727274,0.0,2280820.0,0.0,235600.0,0.0
ST_VA7cmbox,sba,0.95,2.2,10,True,-1,0.0,2024-11-01,,1.0,213607.27272727274,0.0,2349680.0,0.0,243200.0,0.0
ST_VA7cmbox,sba,0.95,2.3,10,True,-1,0.0,2024-11-01,,1.0,219860.0,0.0,2418460.0,0.0,250800.0,0.0
ST_VA7cmbox,sba,0.95,2.4,10,True,-1,0.0,2024-11-01,,1.0,226112.72727272726,0.0,2487240.0,0.0,258400.0,0.0
ST_VA7cmbox,sba,0.95,2.5,10,True,-1,0.0,2024-11-01,,1.0,232365.45454545456,0.0,2556020.0,0.0,266000.0,0.0
ST_VA7cmbox,sba,0.95,2.6,10,True,-1,0.0,2024-11-01,,1.0,238625.45454545456,0.0,2624880.0,0.0,273600.0,0.0
ST_VA7cmbox,sba,0.95,2.7,10,True,-1,0.0,2024-11-01,,1.0,244874.54545454544,0.0,2693620.0,0.0,281200.0,0.0
ST_VA7cmbox,sba,0.95,2.8,10,True,-1,0.0,2024-11-01,,1.0,251132.72727272726,0.0,2762460.0,0.0,288800.0,0.0
ST_VA7cmbox,sba,0.95,2.9,10,True,-1,0.0,2024-11-01,,1.0,257385.45454545456,0.0,2831240.0,0.0,296400.0,0.0
ST_VA7cmbox,sba,0.95,3.0,10,True,-1,0.0,2024-11-01,,1.0,263638.1818181818,0.0,2900020.0,0.0,304000.0,0.0
ST_VA7cmbox,sba,0.95,3.5,10,True,-1,0.0,2024-11-01,,1.0,294912.7272727273,0.0,3244040.0,0.0,342000.0,0.0
ST_VA7cmbox,sba,0.95,4.0,10,True,-1,0.0,2024-11-01,,1.0,326185.45454545453,0.0,3588040.0,0.0,380000.0,0.0
ST_VA7cmbox,ses,0.95,0.0,10,True,-1,0.0,2024-11-01,,1.0,3800.0,0.0,41800.0,0.0,3800.0,0.0
ST_VA7cmbox,ses,0.95,0.1,10,True,-1,0.0,2024-11-01,,1.0,4520.0,0.0,49720.0,0.0,4520.0,0.0
ST_VA7cmbox,ses,0.95,0.2,10,True,-1,0.0,2024-11-01,,1.0,5280.0,0.0,58080.0,0.0,5280.0,0.0
ST_VA7cmbox,ses,0.95,0.3,10,True,-1,0.0,2024-11-01,,1.0,6220.0,0.0,68420.0,0.0,6220.0,0.0
ST_VA7cmbox,ses,0.95,0.4,10,True,-1,0.0,2024-11-01,,1.0,7260.0,0.0,79860.0,0.0,7260.0,0.0
ST_VA7cmbox,ses,0.95,0.5,10,True,-1,0.0,2024-11-01,,1.0,8300.0,0.0,91300.0,0.0,8300.0,0.0
ST_VA7cmbox,ses,0.95,0.6,10,True,-1,0.0,2024-11-01,,1.0,9340.0,0.0,102740.0,0.0,9340.0,0.0
ST_VA7cmbox,ses,0.95,0.7,10,True,-1,0.0,2024-11-01,,1.0,10380.0,0.0,114180.0,0.0,10380.0,0.0
ST_VA7cmbox,ses,0.95,0.8,10,True,-1,0.0,2024-11-01,,1.0,11420.0,0.0,125620.0,0.0,11420.0,0.0
ST_VA7cmbox,ses,0.95,0.9,10,True,-1,0.0,2024-11-01,,1.0,12460.0,0.0,137060.0,0.0,12460.0,0.0
ST_VA7cmbox,ses,0.95,1.0,10,True,-1,0.0,2024-11-01,,1.0,13500.0,0.0,148500.0,0.0,13500.0,0.0
ST_VA7cmbox,ses,0.95,1.1,10,True,-1,0.0,2024-11-01,,1.0,14540.0,0.0,159940.0,0.0,14540.0,0.0
ST_VA7cmbox,ses,0.95,1.2,10,True,-1,0.0,2024-11-01,,1.0,15580.0,0.0,171380.0,0.0,15580.0,0.0
ST_VA7cmbox,ses,0.95,1.2816,10,True,-1,0.0,2024-11-01,,1.0,16420.0,0.0,180620.0,0.0,16420.0,0.0
ST_VA7cmbox,ses,0.95,1.3,10,True,-1,0.0,2024-11-01,,1.0,16620.0,0.0,182820.0,0.0,16620.0,0.0
ST_VA7cmbox,ses,0.95,1.4,10,True,-1,0.0,2024-11-01,,1.0,17660.0,0.0,194260.0,0.0,17660.0,0.0
ST_VA7cmbox,ses,0.95,1.5,10,True,-1,0.0,2024-11-01,,1.0,18700.0,0.0,205700.0,0.0,18700.0,0.0
ST_VA7cmbox,ses,0.95,1.6,10,True,-1,0.0,2024-11-01,,1.0,19740.0,0.0,217140.0,0.0,19740.0,0.0
ST_VA7cmbox,ses,0.95,1.6449,10,True,-1,0.0,2024-11-01,,1.0,20200.0,0.0,222200.0,0.0,20200.0,0.0
ST_VA7cmbox,ses,0.95,1.7,10,True,-1,0.0,2024-11-01,,1.0,20780.0,0.0,228580.0,0.0,20780.0,0.0
ST_VA7cmbox,ses,0.95,1.8,10,True,-1,0.0,2024-11-01,,1.0,21820.0,0.0,240020.0,0.0,21820.0,0.0
ST_VA7cmbox,ses,0.95,1.9,10,True,-1,0.0,2024-11-01,,1.0,22860.0,0.0,251460.0,0.0,22860.0,0.0
ST_VA7cmbox,ses,0.95,2.0,10,True,-1,0.0,2024-11-01,,1.0,23880.0,0.0,262680.0,0.0,23880.0,0.0
ST_VA7cmbox,ses,0.95,2.0537,10,True,-1,0.0,2024-11-01,,1.0,24440.0,0.0,268840.0,0.0,24440.0,0.0
ST_VA7cmbox,ses,0.95,2.1,10,True,-1,0.0,2024-11-01,,1.0,24920.0,0.0,274120.0,0.0,24920.0,0.0
ST_VA7cmbox,ses,0.95,2.2,10,True,-1,0.0,2024-11-01,,1.0,25960.0,0.0,285560.0,0.0,25960.0,0.0
ST_VA7cmbox,ses,0.95,2.3,10,True,-1,0.0,2024-11-01,,1.0,27000.0,0.0,297000.0,0.0,27000.0,0.0
ST_VA7cmbox,ses,0.95,2.4,10,True,-1,0.0,2024-11-01,,1.0,28040.0,0.0,308440.0,0.0,28040.0,0.0
ST_VA7cmbox,ses,0.95,2.5,10,True,-1,0.0,2024-11-01,,1.0,29080.0,0.0,319880.0,0.0,29080.0,0.0
ST_VA7cmbox,ses,0.95,2.6,10,True,-1,0.0,2024-11-01,,1.0,30120.0,0.0,331320.0,0.0,30120.0,0.0
ST_VA7cmbox,ses,0.95,2.7,10,True,-1,0.0,2024-11-01,,1.0,31160.0,0.0,342760.0,0.0,31160.0,0.0
ST_VA7cmbox,ses,0.95,2.8,10,True,-1,0.0,2024-11-01,,1.0,32200.0,0.0,354200.0,0.0,32200.0,0.0
ST_VA7cmbox,ses,0.95,2.9,10,True,-1,0.0,2024-11-01,,1.0,33260.0,0.0,365860.0,0.0,33260.0,0.0
ST_VA7cmbox,ses,0.95,3.0,10,True,-1,0.0,2024-11-01,,1.0,34300.0,0.0,377300.0,0.0,34300.0,0.0
ST_VA7cmbox,ses,0.95,3.5,10,True,-1,0.0,2024-11-01,,1.0,39596.36363636364,0.0,435560.0,0.0,39600.0,0.0
ST_VA7cmbox,ses,0.95,4.0,10,True,-1,0.0,2024-11-01,,1.0,44921.818181818184,0.0,494140.0,0.0,44940.0,0.0
ST_VA7cmbox,tsb,0.95,0.0,10,True,-1,0.0,2024-11-01,,1.0,7200.0,0.0,79200.0,0.0,7200.0,0.0
ST_VA7cmbox,tsb,0.95,0.1,10,True,-1,0.0,2024-11-01,,1.0,7920.0,0.0,87120.0,0.0,7920.0,0.0
ST_VA7cmbox,tsb,0.95,0.2,10,True,-1,0.0,2024-11-01,,1.0,8640.0,0.0,95040.0,0.0,8640.0,0.0
ST_VA7cmbox,tsb,0.95,0.3,10,True,-1,0.0,2024-11-01,,1.0,9360.0,0.0,102960.0,0.0,9360.0,0.0
ST_VA7cmbox,tsb,0.95,0.4,10,True,-1,0.0,2024-11-01,,1.0,10080.0,0.0,110880.0,0.0,10080.0,0.0
ST_VA7cmbox,tsb,0.95,0.5,10,True,-1,0.0,2024-11-01,,1.0,10780.0,0.0,118580.0,0.0,10780.0,0.0
ST_VA7cmbox,tsb,0.95,0.6,10,True,-1,0.0,2024-11-01,,1.0,11500.0,0.0,126500.0,0.0,11500.0,0.0
ST_VA7cmbox,tsb,0.95,0.7,10,True,-1,0.0,2024-11-01,,1.0,12300.0,0.0,135300.0,0.0,12300.0,0.0
ST_VA7cmbox,tsb,0.95,0.8,10,True,-1,0.0,2024-11-01,,1.0,13240.0,0.0,145640.0,0.0,13240.0,0.0
ST_VA7cmbox,tsb,0.95,0.9,10,True,-1,0.0,2024-11-01,,1.0,14260.0,0.0,156860.0,0.0,14260.0,0.0
ST_VA7cmbox,tsb,0.95,1.0,10,True,-1,0.0,2024-11-01,,1.0,15320.0,0.0,168520.0,0.0,15320.0,0.0
ST_VA7cmbox,tsb,0.95,1.1,10,True,-1,0.0,2024-11-01,,1.0,16380.0,0.0,180180.0,0.0,16380.0,0.0
ST_VA7cmbox,tsb,0.95,1.2,10,True,-1,0.0,2024-11-01,,1.0,17440.0,0.0,191840.0,0.0,17440.0,0.0
ST_VA7cmbox,tsb,0.95,1.2816,10,True,-1,0.0,2024-11-01,,1.0,18300.0,0.0,201300.0,0.0,18300.0,0.0
ST_VA7cmbox,tsb,0.95,1.3,10,True,-1,0.0,2024-11-01,,1.0,18500.0,0.0,203500.0,0.0,18500.0,0.0
ST_VA7cmbox,tsb,0.95,1.4,10,True,-1,0.0,2024-11-01,,1.0,19560.0,0.0,215160.0,0.0,19560.0,0.0
ST_VA7cmbox,tsb,0.95,1.5,10,True,-1,0.0,2024-11-01,,1.0,20600.0,0.0,226600.0,0.0,20600.0,0.0
ST_VA7cmbox,tsb,0.95,1.6,10,True,-1,0.0,2024-11-01,,1.0,21660.0,0.0,238260.0,0.0,21660.0,0.0
ST_VA7cmbox,tsb,0.95,1.6449,10,True,-1,0.0,2024-11-01,,1.0,22140.0,0.0,243540.0,0.0,22140.0,0.0
ST_VA7cmbox,tsb,0.95,1.7,10,True,-1,0.0,2024-11-01,,1.0,22720.0,0.0,249920.0,0.0,22720.0,0.0
ST_VA7cmbox,tsb,0.95,1.8,10,True,-1,0.0,2024-11-01,,1.0,23780.0,0.0,261580.0,0.0,23780.0,0.0
ST_VA7cmbox,tsb,0.95,1.9,10,True,-1,0.0,2024-11-01,,1.0,24840.0,0.0,273240.0,0.0,24840.0,0.0
ST_VA7cmbox,tsb,0.95,2.0,10,True,-1,0.0,2024-11-01,,1.0,25900.0,0.0,284900.0,0.0,25900.0,0.0
ST_VA7cmbox,tsb,0.95,2.0537,10,True,-1,0.0,2024-11-01,,1.0,26460.0,0.0,291060.0,0.0,26460.0,0.0
ST_VA7cmbox,tsb,0.95,2.1,10,True,-1,0.0,2024-11-01,,1.0,26960.0,0.0,296560.0,0.0,26960.0,0.0
ST_VA7cmbox,tsb,0.95,2.2,10,True,-1,0.0,2024-11-01,,1.0,28020.0,0.0,308220.0,0.0,28020.0,0.0
ST_VA7cmbox,tsb,0.95,2.3,10,True,-1,0.0,2024-11-01,,1.0,29080.0,0.0,319880.0,0.0,29080.0,0.0
ST_VA7cmbox,tsb,0.95,2.4,10,True,-1,0.0,2024-11-01,,1.0,30140.0,0.0,331540.0,0.0,30140.0,0.0
ST_VA7cmbox,tsb,0.95,2.5,10,True,-1,0.0,2024-11-01,,1.0,31200.0,0.0,343200.0,0.0,31200.0,0.0
ST_VA7cmbox,tsb,0.95,2.6,10,True,-1,0.0,2024-11-01,,1.0,32300.0,0.0,355300.0,0.0,32300.0,0.0
ST_VA7cmbox,tsb,0.95,2.7,10,True,-1,0.0,2024-11-01,,1.0,33400.0,0.0,367400.0,0.0,33400.0,0.0
ST_VA7cmbox,tsb,0.95,2.8,10,True,-1,0.0,2024-11-01,,1.0,34480.0,0.0,379280.0,0.0,34480.0,0.0
ST_VA7cmbox,tsb,0.95,2.9,10,True,-1,0.0,2024-11-01,,1.0,35580.0,0.0,391380.0,0.0,35580.0,0.0
ST_VA7cmbox,tsb,0.95,3.0,10,True,-1,0.0,2024-11-01,,1.0,36680.0,0.0,403480.0,0.0,36680.0,0.0
ST_VA7cmbox,tsb,0.95,3.5,10,True,-1,0.0,2024-11-01,,1.0,42230.90909090909,0.0,464540.0,0.0,42240.0,0.0
ST_VA7cmbox,tsb,0.95,4.0,10,True,-1,0.0,2024-11-01,,1.0,47816.36363636364,0.0,525980.0,0.0,47840.0,0.0
ST_VA7cmbox,xgb,0.95,0.0,10,True,-1,0.0,2024-11-01,,1.0,20.011591416594456,0.0,220.12750558253902,0.0,20.011591416594456,0.0
ST_VA7cmbox,xgb,0.95,0.1,10,True,-1,0.0,2024-11-01,,1.0,1040.2960377381805,0.0,11443.256415119986,0.0,1040.2960377381805,0.0
ST_VA7cmbox,xgb,0.95,0.2,10,True,-1,0.0,2024-11-01,,1.0,2080.5804840597643,0.0,22886.385324657407,0.0,2080.580484059765,0.0
ST_VA7cmbox,xgb,0.95,0.3,10,True,-1,0.0,2024-11-01,,1.0,3115.4103849268054,0.0,34269.51423419486,0.0,3120.864930381351,0.0
ST_VA7cmbox,xgb,0.95,0.4,10,True,-1,0.0,2024-11-01,,1.0,4141.149376702934,0.0,45552.643143732275,0.0,4141.149376702935,0.0
ST_VA7cmbox,xgb,0.95,0.5,10,True,-1,0.0,2024-11-01,,1.0,5181.43382302452,0.0,56995.77205326973,0.0,5181.433823024521,0.0
ST_VA7cmbox,xgb,0.95,0.6,10,True,-1,0.0,2024-11-01,,1.0,6216.263723891562,0.0,68378.90096280718,0.0,6221.718269346107,0.0
ST_VA7cmbox,xgb,0.95,0.7,10,True,-1,0.0,2024-11-01,,1.0,7242.002715667692,0.0,79662.02987234462,0.0,7242.0027156676915,0.0
ST_VA7cmbox,xgb,0.95,0.8,10,True,-1,0.0,2024-11-01,,1.0,8282.28716198928,0.0,91105.15878188207,0.0,8282.287161989278,0.0
ST_VA7cmbox,xgb,0.95,0.9,10,True,-1,0.0,2024-11-01,,1.0,9302.57160831086,0.0,102328.28769141946,0.0,9302.571608310862,0.0
ST_VA7cmbox,xgb,0.95,1.0,10,True,-1,0.0,2024-11-01,,1.0,10342.856054632446,0.0,113771.41660095692,0.0,10342.856054632448,0.0
ST_VA7cmbox,xgb,0.95,1.1,10,True,-1,0.0,2024-11-01,,1.0,11377.685955499488,0.0,125154.54551049437,0.0,11383.140500954034,0.0
ST_VA7cmbox,xgb,0.95,1.2,10,True,-1,0.0,2024-11-01,,1.0,12403.424947275618,0.0,136437.6744200318,0.0,12403.424947275618,0.0
ST_VA7cmbox,xgb,0.95,1.2816,10,True,-1,0.0,2024-11-01,,1.0,13243.657055474032,0.0,145680.22761021435,0.0,13243.657055474032,0.0
ST_VA7cmbox,xgb,0.95,1.3,10,True,-1,0.0,2024-11-01,,1.0,13443.709393597206,0.0,147880.80332956926,0.0,13443.709393597204,0.0
ST_VA7cmbox,xgb,0.95,1.4,10,True,-1,0.0,2024-11-01,,1.0,14478.53929446424,0.0,159263.93223910665,0.0,14483.993839918789,0.0
ST_VA7cmbox,xgb,0.95,1.5,10,True,-1,0.0,2024-11-01,,1.0,15504.278286240376,0.0,170547.06114864413,0.0,15504.278286240375,0.0
ST_VA7cmbox,xgb,0.95,1.6,10,True,-1,0.0,2024-11-01,,1.0,16544.56273256196,0.0,181990.19005818156,0.0,16544.56273256196,0.0
ST_VA7cmbox,xgb,0.95,1.6449,10,True,-1,0.0,2024-11-01,,1.0,17004.69044896035,0.0,187051.59493856385,0.0,17004.69044896035,0.0
ST_VA7cmbox,xgb,0.95,1.7,10,True,-1,0.0,2024-11-01,,1.0,17564.84717888355,0.0,193213.31896771904,0.0,17564.847178883545,0.0
ST_VA7cmbox,xgb,0.95,1.8,10,True,-1,0.0,2024-11-01,,1.0,18605.131625205133,0.0,204656.44787725646,0.0,18605.131625205133,0.0
ST_VA7cmbox,xgb,0.95,1.9,10,True,-1,0.0,2024-11-01,,1.0,19639.961526072166,0.0,216039.57678679383,0.0,19645.416071526713,0.0
ST_VA7cmbox,xgb,0.95,2.0,10,True,-1,0.0,2024-11-01,,1.0,20665.700517848305,0.0,227322.70569633134,0.0,20665.7005178483,0.0
ST_VA7cmbox,xgb,0.95,2.0537,10,True,-1,0.0,2024-11-01,,1.0,21225.85326552299,0.0,233484.3859207529,0.0,21225.853265522994,0.0
ST_VA7cmbox,xgb,0.95,2.1,10,True,-1,0.0,2024-11-01,,1.0,21705.984964169886,0.0,238765.83460586876,0.0,21705.98496416989,0.0
ST_VA7cmbox,xgb,0.95,2.2,10,True,-1,0.0,2024-11-01,,1.0,22740.814865036922,0.0,250148.96351540613,0.0,22746.26941049147,0.0
ST_VA7cmbox,xgb,0.95,2.3,10,True,-1,0.0,2024-11-01,,1.0,23766.553856813058,0.0,261432.09242494364,0.0,23766.553856813058,0.0
ST_VA7cmbox,xgb,0.95,2.4,10,True,-1,0.0,2024-11-01,,1.0,24806.83830313464,0.0,272875.22133448103,0.0,24806.838303134642,0.0
ST_VA7cmbox,xgb,0.95,2.5,10,True,-1,0.0,2024-11-01,,1.0,25827.122749456226,0.0,284098.3502440185,0.0,25827.122749456226,0.0
ST_VA7cmbox,xgb,0.95,2.6,10,True,-1,0.0,2024-11-01,,1.0,26867.40719577781,0.0,295541.47915355593,0.0,26867.407195777814,0.0
ST_VA7cmbox,xgb,0.95,2.7,10,True,-1,0.0,2024-11-01,,1.0,27902.237096644854,0.0,306924.6080630934,0.0,27907.6916420994,0.0
ST_VA7cmbox,xgb,0.95,2.8,10,True,-1,0.0,2024-11-01,,1.0,28927.976088420986,0.0,318207.73697263084,0.0,28927.976088420983,0.0
ST_VA7cmbox,xgb,0.95,2.9,10,True,-1,0.0,2024-11-01,,1.0,29968.260534742567,0.0,329650.86588216823,0.0,29968.26053474257,0.0
ST_VA7cmbox,xgb,0.95,3.0,10,True,-1,0.0,2024-11-01,,1.0,31003.090435609607,0.0,341033.9947917057,0.0,31008.544981064155,0.0
ST_VA7cmbox,xgb,0.95,3.5,10,True,-1,0.0,2024-11-01,,1.0,36164.51266721755,0.0,397809.639339393,0.0,36169.96721267208,0.0
ST_VA7cmbox,xgb,0.95,4.0,10,True,-1,0.0,2024-11-01,,1.0,41331.38944428001,0.0,454645.2838870801,0.0,41331.38944428001,0.0
ST_VA7cmrej,arima,0.95,0.0,10,True,-1,0.0,2024-11-01,,1.0,29820.0,0.0,328020.0,0.0,29820.0,0.0
ST_VA7cmrej,arima,0.95,0.1,10,True,-1,0.0,2024-11-01,,1.0,30280.0,0.0,333080.0,0.0,30280.0,0.0
ST_VA7cmrej,arima,0.95,0.2,10,True,-1,0.0,2024-11-01,,1.0,30720.0,0.0,337920.0,0.0,30720.0,0.0
ST_VA7cmrej,arima,0.95,0.3,10,True,-1,0.0,2024-11-01,,1.0,31160.0,0.0,342760.0,0.0,31160.0,0.0
ST_VA7cmrej,arima,0.95,0.4,10,True,-1,0.0,2024-11-01,,1.0,31620.0,0.0,347820.0,0.0,31620.0,0.0
ST_VA7cmrej,arima,0.95,0.5,10,True,-1,0.0,2024-11-01,,1.0,32060.0,0.0,352660.0,0.0,32060.0,0.0
ST_VA7cmrej,arima,0.95,0.6,10,True,-1,0.0,2024-11-01,,1.0,32500.0,0.0,357500.0,0.0,32500.0,0.0
ST_VA7cmrej,arima,0.95,0.7,10,True,-1,0.0,2024-11-01,,1.0,32960.0,0.0,362560.0,0.0,32960.0,0.0
ST_VA7cmrej,arima,0.95,0.8,10,True,-1,0.0,2024-11-01,,1.0,33400.0,0.0,367400.0,0.0,33400.0,0.0
ST_VA7cmrej,arima,0.95,0.9,10,True,-1,0.0,2024-11-01,,1.0,33860.0,0.0,372460.0,0.0,33860.0,0.0
ST_VA7cmrej,arima,0.95,1.0,10,True,-1,0.0,2024-11-01,,1.0,34300.0,0.0,377300.0,0.0,34300.0,0.0
ST_VA7cmrej,arima,0.95,1.1,10,True,-1,0.0,2024-11-01,,1.0,34740.0,0.0,382140.0,0.0,34740.0,0.0
ST_VA7cmrej,arima,0.95,1.2,10,True,-1,0.0,2024-11-01,,1.0,35200.0,0.0,387200.0,0.0,35200.0,0.0
ST_VA7cmrej,arima,0.95,1.2816,10,True,-1,0.0,2024-11-01,,1.0,35560.0,0.0,391160.0,0.0,35560.0,0.0
ST_VA7cmrej,arima,0.95,1.3,10,True,-1,0.0,2024-11-01,,1.0,35640.0,0.0,392040.0,0.0,35640.0,0.0
ST_VA7cmrej,arima,0.95,1.4,10,True,-1,0.0,2024-11-01,,1.0,36080.0,0.0,396880.0,0.0,36080.0,0.0
ST_VA7cmrej,arima,0.95,1.5,10,True,-1,0.0,2024-11-01,,1.0,36540.0,0.0,401940.0,0.0,36540.0,0.0
ST_VA7cmrej,arima,0.95,1.6,10,True,-1,0.0,2024-11-01,,1.0,36980.0,0.0,406780.0,0.0,36980.0,0.0
ST_VA7cmrej,arima,0.95,1.6449,10,True,-1,0.0,2024-11-01,,1.0,37180.0,0.0,408980.0,0.0,37180.0,0.0
ST_VA7cmrej,arima,0.95,1.7,10,True,-1,0.0,2024-11-01,,1.0,37420.0,0.0,411620.0,0.0,37420.0,0.0
ST_VA7cmrej,arima,0.95,1.8,10,True,-1,0.0,2024-11-01,,1.0,37880.0,0.0,416680.0,0.0,37880.0,0.0
ST_VA7cmrej,arima,0.95,1.9,10,True,-1,0.0,2024-11-01,,1.0,38320.0,0.0,421520.0,0.0,38320.0,0.0
ST_VA7cmrej,arima,0.95,2.0,10,True,-1,0.0,2024-11-01,,1.0,38780.0,0.0,426580.0,0.0,38780.0,0.0
ST_VA7cmrej,arima,0.95,2.0537,10,True,-1,0.0,2024-11-01,,1.0,39020.0,0.0,429220.0,0.0,39020.0,0.0
ST_VA7cmrej,arima,0.95,2.1,10,True,-1,0.0,2024-11-01,,1.0,39220.0,0.0,431420.0,0.0,39220.0,0.0
ST_VA7cmrej,arima,0.95,2.2,10,True,-1,0.0,2024-11-01,,1.0,40940.0,0.0,450340.0,0.0,40940.0,0.0
ST_VA7cmrej,arima,0.95,2.3,10,True,-1,0.0,2024-11-01,,1.0,42740.0,0.0,470140.0,0.0,42740.0,0.0
ST_VA7cmrej,arima,0.95,2.4,10,True,-1,0.0,2024-11-01,,1.0,44540.0,0.0,489940.0,0.0,44540.0,0.0
ST_VA7cmrej,arima,0.95,2.5,10,True,-1,0.0,2024-11-01,,1.0,46340.0,0.0,509740.0,0.0,46340.0,0.0
ST_VA7cmrej,arima,0.95,2.6,10,True,-1,0.0,2024-11-01,,1.0,48140.0,0.0,529540.0,0.0,48140.0,0.0
ST_VA7cmrej,arima,0.95,2.7,10,True,-1,0.0,2024-11-01,,1.0,49960.0,0.0,549560.0,0.0,49960.0,0.0
ST_VA7cmrej,arima,0.95,2.8,10,True,-1,0.0,2024-11-01,,1.0,51760.0,0.0,569360.0,0.0,51760.0,0.0
ST_VA7cmrej,arima,0.95,2.9,10,True,-1,0.0,2024-11-01,,1.0,53560.0,0.0,589160.0,0.0,53560.0,0.0
ST_VA7cmrej,arima,0.95,3.0,10,True,-1,0.0,2024-11-01,,1.0,55360.0,0.0,608960.0,0.0,55360.0,0.0
ST_VA7cmrej,arima,0.95,3.5,10,True,-1,0.0,2024-11-01,,1.0,64398.181818181816,0.0,708380.0,0.0,64400.0,0.0
ST_VA7cmrej,arima,0.95,4.0,10,True,-1,0.0,2024-11-01,,1.0,73418.18181818182,0.0,807600.0,0.0,73420.0,0.0
ST_VA7cmrej,croston,0.95,0.0,10,True,-1,0.0,2024-11-01,,1.0,50000.0,0.0,550000.0,0.0,50000.0,0.0
ST_VA7cmrej,croston,0.95,0.1,10,True,-1,0.0,2024-11-01,,1.0,54116.36363636364,0.0,595280.0,0.0,55000.0,0.0
ST_VA7cmrej,croston,0.95,0.2,10,True,-1,0.0,2024-11-01,,1.0,58230.90909090909,0.0,640540.0,0.0,60000.0,0.0
ST_VA7cmrej,croston,0.95,0.3,10,True,-1,0.0,2024-11-01,,1.0,62338.181818181816,0.0,685720.0,0.0,65000.0,0.0
ST_VA7cmrej,croston,0.95,0.4,10,True,-1,0.0,2024-11-01,,1.0,66452.72727272728,0.0,730980.0,0.0,70000.0,0.0
ST_VA7cmrej,croston,0.95,0.5,10,True,-1,0.0,2024-11-01,,1.0,70560.0,0.0,776160.0,0.0,75000.0,0.0
ST_VA7cmrej,croston,0.95,0.6,10,True,-1,0.0,2024-11-01,,1.0,74670.90909090909,0.0,821380.0,0.0,80000.0,0.0
ST_VA7cmrej,croston,0.95,0.7,10,True,-1,0.0,2024-11-01,,1.0,78781.81818181818,0.0,866600.0,0.0,85000.0,0.0
ST_VA7cmrej,croston,0.95,0.8,10,True,-1,0.0,2024-11-01,,1.0,82896.36363636363,0.0,911860.0,0.0,90000.0,0.0
ST_VA7cmrej,croston,0.95,0.9,10,True,-1,0.0,2024-11-01,,1.0,87007.27272727272,0.0,957080.0,0.0,95000.0,0.0
ST_VA7cmrej,croston,0.95,1.0,10,True,-1,0.0,2024-11-01,,1.0,91114.54545454546,0.0,1002260.0,0.0,100000.0,0.0
ST_VA7cmrej,croston,0.95,1.1,10,True,-1,0.0,2024-11-01,,1.0,95230.90909090909,0.0,1047540.0,0.0,105000.0,0.0
ST_VA7cmrej,croston,0.95,1.2,10,True,-1,0.0,2024-11-01,,1.0,99338.18181818182,0.0,1092720.0,0.0,110000.0,0.0
ST_VA7cmrej,croston,0.95,1.2816,10,True,-1,0.0,2024-11-01,,1.0,102696.36363636363,0.0,1129660.0,0.0,114080.0,0.0
ST_VA7cmrej,croston,0.95,1.3,10,True,-1,0.0,2024-11-01,,1.0,103452.72727272728,0.0,1137980.0,0.0,115000.0,0.0
ST_VA7cmrej,croston,0.95,1.4,10,True,-1,0.0,2024-11-01,,1.0,107563.63636363637,0.0,1183200.0,0.0,120000.0,0.0
ST_VA7cmrej,croston,0.95,1.5,10,True,-1,0.0,2024-11-01,,1.0,111670.90909090909,0.0,1228380.0,0.0,125000.0,0.0
ST_VA7cmrej,croston,0.95,1.6,10,True,-1,0.0,2024-11-01,,1.0,115785.45454545454,0.0,1273640.0,0.0,130000.0,0.0
ST_VA7cmrej,croston,0.95,1.6449,10,True,-1,0.0,2024-11-01,,1.0,117632.72727272728,0.0,1293960.0,0.0,132260.0,0.0
ST_VA7cmrej,croston,0.95,1.7,10,True,-1,0.0,2024-11-01,,1.0,119896.36363636363,0.0,1318860.0,0.0,135000.0,0.0
ST_VA7cmrej,croston,0.95,1.8,10,True,-1,0.0,2024-11-01,,1.0,124007.27272727272,0.0,1364080.0,0.0,140000.0,0.0
ST_VA7cmrej,croston,0.95,1.9,10,True,-1,0.0,2024-11-01,,1.0,128114.54545454546,0.0,1409260.0,0.0,145000.0,0.0
ST_VA7cmrej,croston,0.95,2.0,10,True,-1,0.0,2024-11-01,,1.0,132221.81818181818,0.0,1454440.0,0.0,150000.0,0.0
ST_VA7cmrej,croston,0.95,2.0537,10,True,-1,0.0,2024-11-01,,1.0,134432.72727272726,0.0,1478760.0,0.0,152700.0,0.0
ST_VA7cmrej,croston,0.95,2.1,10,True,-1,0.0,2024-11-01,,1.0,136334.54545454544,0.0,1499680.0,0.0,155000.0,0.0
ST_VA7cmrej,croston,0.95,2.2,10,True,-1,0.0,2024-11-01,,1.0,140449.0909090909,0.0,1544940.0,0.0,160000.0,0.0
ST_VA7cmrej,croston,0.95,2.3,10,True,-1,0.0,2024-11-01,,1.0,144560.0,0.0,1590160.0,0.0,165000.0,0.0
ST_VA7cmrej,croston,0.95,2.4,10,True,-1,0.0,2024-11-01,,1.0,148667.27272727274,0.0,1635340.0,0.0,170000.0,0.0
ST_VA7cmrej,croston,0.95,2.5,10,True,-1,0.0,2024-11-01,,1.0,152781.81818181818,0.0,1680600.0,0.0,175000.0,0.0
ST_VA7cmrej,croston,0.95,2.6,10,True,-1,0.0,2024-11-01,,1.0,156889.0909090909,0.0,1725780.0,0.0,180000.0,0.0
ST_VA7cmrej,croston,0.95,2.7,10,True,-1,0.0,2024-11-01,,1.0,161003.63636363635,0.0,1771040.0,0.0,185000.0,0.0
ST_VA7cmrej,croston,0.95,2.8,10,True,-1,0.0,2024-11-01,,1.0,165114.54545454544,0.0,1816260.0,0.0,190000.0,0.0
ST_VA7cmrej,croston,0.95,2.9,10,True,-1,0.0,2024-11-01,,1.0,169221.81818181818,0.0,1861440.0,0.0,195000.0,0.0
ST_VA7cmrej,croston,0.95,3.0,10,True,-1,0.0,2024-11-01,,1.0,173336.36363636365,0.0,1906700.0,0.0,200000.0,0.0
ST_VA7cmrej,croston,0.95,3.5,10,True,-1,0.0,2024-11-01,,1.0,193889.0909090909,0.0,2132780.0,0.0,225000.0,0.0
ST_VA7cmrej,croston,0.95,4.0,10,True,-1,0.0,2024-11-01,,1.0,214440.0,0.0,2358840.0,0.0,250000.0,0.0
ST_VA7cmrej,hybrid,0.95,0.0,10,True,-1,0.0,2024-11-01,,1.0,5734.31925201416,0.0,63077.51177215576,0.0,5734.31925201416,0.0
ST_VA7cmrej,hybrid,0.95,0.1,10,True,-1,0.0,2024-11-01,,1.0,6301.013085080963,0.0,69311.14393589059,0.0,6301.013085080962,0.0
ST_VA7cmrej,hybrid,0.95,0.2,10,True,-1,0.0,2024-11-01,,1.0,6847.706918147763,0.0,75324.7760996254,0.0,6847.706918147764,0.0
ST_VA7cmrej,hybrid,0.95,0.3,10,True,-1,0.0,2024-11-01,,1.0,7394.4007512145645,0.0,81338.40826336021,0.0,7394.400751214565,0.0
ST_VA7cmrej,hybrid,0.95,0.4,10,True,-1,0.0,2024-11-01,,1.0,7941.094584281368,0.0,87352.04042709505,0.0,7941.094584281369,0.0
ST_VA7cmrej,hybrid,0.95,0.5,10,True,-1,0.0,2024-11-01,,1.0,8487.78841734817,0.0,93365.67259082988,0.0,8487.78841734817,0.0
ST_VA7cmrej,hybrid,0.95,0.6,10,True,-1,0.0,2024-11-01,,1.0,9054.482250414974,0.0,99599.30475456471,0.0,9054.482250414972,0.0
ST_VA7cmrej,hybrid,0.95,0.7,10,True,-1,0.0,2024-11-01,,1.0,9601.176083481772,0.0,105612.9369182995,0.0,9601.176083481774,0.0
ST_VA7cmrej,hybrid,0.95,0.8,10,True,-1,0.0,2024-11-01,,1.0,10147.869916548576,0.0,111626.56908203434,0.0,10147.869916548578,0.0
ST_VA7cmrej,hybrid,0.95,0.9,10,True,-1,0.0,2024-11-01,,1.0,10694.56374961538,0.0,117640.20124576917,0.0,10694.56374961538,0.0
ST_VA7cmrej,hybrid,0.95,1.0,10,True,-1,0.0,2024-11-01,,1.0,11241.257582682183,0.0,123653.833409504,0.0,11241.257582682181,0.0
ST_VA7cmrej,hybrid,0.95,1.1,10,True,-1,0.0,2024-11-01,,1.0,11807.951415748981,0.0,129887.46557323879,0.0,11807.951415748983,0.0
ST_VA7cmrej,hybrid,0.95,1.2,10,True,-1,0.0,2024-11-01,,1.0,12354.645248815785,0.0,135901.09773697364,0.0,12354.645248815785,0.0
ST_VA7cmrej,hybrid,0.95,1.2816,10,True,-1,0.0,2024-11-01,,1.0,12790.667416598297,0.0,140697.34158258126,0.0,12790.667416598295,0.0
ST_VA7cmrej,hybrid,0.95,1.3,10,True,-1,0.0,2024-11-01,,1.0,12901.339081882586,0.0,141914.72990070845,0.0,12901.339081882586,0.0
ST_VA7cmrej,hybrid,0.95,1.4,10,True,-1,0.0,2024-11-01,,1.0,13448.032914949388,0.0,147928.36206444327,0.0,13448.032914949388,0.0
ST_VA7cmrej,hybrid,0.95,1.5,10,True,-1,0.0,2024-11-01,,1.0,13994.726748016192,0.0,153941.9942281781,0.0,13994.726748016192,0.0
ST_VA7cmrej,hybrid,0.95,1.6,10,True,-1,0.0,2024-11-01,,1.0,14561.420581082994,0.0,160175.62639191293,0.0,14561.420581082994,0.0
ST_VA7cmrej,hybrid,0.95,1.6449,10,True,-1,0.0,2024-11-01,,1.0,14796.266112129988,0.0,162758.92723342986,0.0,14796.266112129988,0.0
ST_VA7cmrej,hybrid,0.95,1.7,10,True,-1,0.0,2024-11-01,,1.0,15108.114414149797,0.0,166189.25855564777,0.0,15108.114414149795,0.0
ST_VA7cmrej,hybrid,0.95,1.8,10,True,-1,0.0,2024-11-01,,1.0,15654.808247216599,0.0,172202.8907193826,0.0,15654.808247216599,0.0
ST_VA7cmrej,hybrid,0.95,1.9,10,True,-1,0.0,2024-11-01,,1.0,16201.502080283397,0.0,178216.52288311737,0.0,16201.5020802834,0.0
ST_VA7cmrej,hybrid,0.95,2.0,10,True,-1,0.0,2024-11-01,,1.0,16748.195913350206,0.0,184230.15504685225,0.0,16748.195913350202,0.0
ST_VA7cmrej,hybrid,0.95,2.0537,10,True,-1,0.0,2024-11-01,,1.0,17057.710501707075,0.0,187634.81551877782,0.0,17057.710501707075,0.0
ST_VA7cmrej,hybrid,0.95,2.1,10,True,-1,0.0,2024-11-01,,1.0,17314.889746417004,0.0,190463.78721058703,0.0,17314.889746417004,0.0
ST_VA7cmrej,hybrid,0.95,2.2,10,True,-1,0.0,2024-11-01,,1.0,17861.583579483802,0.0,196477.41937432182,0.0,17861.583579483806,0.0
ST_VA7cmrej,hybrid,0.95,2.3,10,True,-1,0.0,2024-11-01,,1.0,18408.277412550608,0.0,202491.0515380567,0.0,18408.277412550608,0.0
ST_VA7cmrej,hybrid,0.95,2.4,10,True,-1,0.0,2024-11-01,,1.0,18954.971245617406,0.0,208504.68370179148,0.0,18954.97124561741,0.0
ST_VA7cmrej,hybrid,0.95,2.5,10,True,-1,0.0,2024-11-01,,1.0,19501.665078684215,0.0,214518.31586552635,0.0,19501.66507868421,0.0
ST_VA7cmrej,hybrid,0.95,2.6,10,True,-1,0.0,2024-11-01,,1.0,20068.358911751013,0.0,220751.94802926114,0.0,20068.358911751013,0.0
ST_VA7cmrej,hybrid,0.95,2.7,10,True,-1,0.0,2024-11-01,,1.0,20615.052744817815,0.0,226765.58019299596,0.0,20615.052744817818,0.0
ST_VA7cmrej,hybrid,0.95,2.8,10,True,-1,0.0,2024-11-01,,1.0,21161.74657788462,0.0,232779.2123567308,0.0,21161.746577884616,0.0
ST_VA7cmrej,hybrid,0.95,2.9,10,True,-1,0.0,2024-11-01,,1.0,21708.440410951418,0.0,238792.84452046562,0.0,21708.44041095142,0.0
ST_VA7cmrej,hybrid,0.95,3.0,10,True,-1,0.0,2024-11-01,,1.0,22255.134244018227,0.0,244806.4766842005,0.0,22255.134244018223,0.0
ST_VA7cmrej,hybrid,0.95,3.5,10,True,-1,0.0,2024-11-01,,1.0,25028.603409352236,0.0,275314.6375028746,0.0,25028.603409352232,0.0
ST_VA7cmrej,hybrid,0.95,4.0,10,True,-1,0.0,2024-11-01,,1.0,27782.072574686248,0.0,305602.79832154873,0.0,27782.072574686244,0.0
ST_VA7cmrej,mitra,0.95,0.0,10,True,-1,0.0,2024-11-01,,1.0,1434.5454545454545,0.0,15780.0,0.0,1680.0,0.0
ST_VA7cmrej,mitra,0.95,0.1,10,True,-1,0.0,2024-11-01,,1.0,2078.181818181818,0.0,22860.0,0.0,2320.0,0.0
ST_VA7cmrej,mitra,0.95,0.2,10,True,-1,0.0,2024-11-01,,1.0,2720.0,0.0,29920.0,0.0,2960.0,0.0
ST_VA7cmrej,mitra,0.95,0.3,10,True,-1,0.0,2024-11-01,,1.0,3374.5454545454545,0.0,37120.0,0.0,3620.0,0.0
ST_VA7cmrej,mitra,0.95,0.4,10,True,-1,0.0,2024-11-01,,1.0,4018.181818181818,0.0,44200.0,0.0,4260.0,0.0
ST_VA7cmrej,mitra,0.95,0.5,10,True,-1,0.0,2024-11-01,,1.0,4660.0,0.0,51260.0,0.0,4900.0,0.0
ST_VA7cmrej,mitra,0.95,0.6,10,True,-1,0.0,2024-11-01,,1.0,5300.0,0.0,58300.0,0.0,5540.0,0.0
ST_VA7cmrej,mitra,0.95,0.7,10,True,-1,0.0,2024-11-01,,1.0,5954.545454545455,0.0,65500.0,0.0,6200.0,0.0
ST_VA7cmrej,mitra,0.95,0.8,10,True,-1,0.0,2024-11-01,,1.0,6598.181818181818,0.0,72580.0,0.0,6840.0,0.0
ST_VA7cmrej,mitra,0.95,0.9,10,True,-1,0.0,2024-11-01,,1.0,7240.0,0.0,79640.0,0.0,7480.0,0.0
ST_VA7cmrej,mitra,0.95,1.0,10,True,-1,0.0,2024-11-01,,1.0,7894.545454545455,0.0,86840.0,0.0,8140.0,0.0
ST_VA7cmrej,mitra,0.95,1.1,10,True,-1,0.0,2024-11-01,,1.0,8538.181818181818,0.0,93920.0,0.0,8780.0,0.0
ST_VA7cmrej,mitra,0.95,1.2,10,True,-1,0.0,2024-11-01,,1.0,9178.181818181818,0.0,100960.0,0.0,9420.0,0.0
ST_VA7cmrej,mitra,0.95,1.2816,10,True,-1,0.0,2024-11-01,,1.0,9700.0,0.0,106700.0,0.0,9940.0,0.0
ST_VA7cmrej,mitra,0.95,1.3,10,True,-1,0.0,2024-11-01,,1.0,9820.0,0.0,108020.0,0.0,10060.0,0.0
ST_VA7cmrej,mitra,0.95,1.4,10,True,-1,0.0,2024-11-01,,1.0,10474.545454545454,0.0,115220.0,0.0,10720.0,0.0
ST_VA7cmrej,mitra,0.95,1.5,10,True,-1,0.0,2024-11-01,,1.0,11118.181818181818,0.0,122300.0,0.0,11360.0,0.0
ST_VA7cmrej,mitra,0.95,1.6,10,True,-1,0.0,2024-11-01,,1.0,11760.0,0.0,129360.0,0.0,12000.0,0.0
ST_VA7cmrej,mitra,0.95,1.6449,10,True,-1,0.0,2024-11-01,,1.0,12054.545454545454,0.0,132600.0,0.0,12300.0,0.0
ST_VA7cmrej,mitra,0.95,1.7,10,True,-1,0.0,2024-11-01,,1.0,12414.545454545454,0.0,136560.0,0.0,12660.0,0.0
ST_VA7cmrej,mitra,0.95,1.8,10,True,-1,0.0,2024-11-01,,1.0,13054.545454545454,0.0,143600.0,0.0,13300.0,0.0
ST_VA7cmrej,mitra,0.95,1.9,10,True,-1,0.0,2024-11-01,,1.0,13698.181818181818,0.0,150680.0,0.0,13940.0,0.0
ST_VA7cmrej,mitra,0.95,2.0,10,True,-1,0.0,2024-11-01,,1.0,14340.0,0.0,157740.0,0.0,14580.0,0.0
ST_VA7cmrej,mitra,0.95,2.0537,10,True,-1,0.0,2024-11-01,,1.0,14694.545454545454,0.0,161640.0,0.0,14940.0,0.0
ST_VA7cmrej,mitra,0.95,2.1,10,True,-1,0.0,2024-11-01,,1.0,14994.545454545454,0.0,164940.0,0.0,15240.0,0.0
ST_VA7cmrej,mitra,0.95,2.2,10,True,-1,0.0,2024-11-01,,1.0,15638.181818181818,0.0,172020.0,0.0,15880.0,0.0
ST_VA7cmrej,mitra,0.95,2.3,10,True,-1,0.0,2024-11-01,,1.0,16278.181818181818,0.0,179060.0,0.0,16520.0,0.0
ST_VA7cmrej,mitra,0.95,2.4,10,True,-1,0.0,2024-11-01,,1.0,16920.0,0.0,186120.0,0.0,17160.0,0.0
ST_VA7cmrej,mitra,0.95,2.5,10,True,-1,0.0,2024-11-01,,1.0,17574.545454545456,0.0,193320.0,0.0,17820.0,0.0
ST_VA7cmrej,mitra,0.95,2.6,10,True,-1,0.0,2024-11-01,,1.0,18218.18181818182,0.0,200400.0,0.0,18460.0,0.0
ST_VA7cmrej,mitra,0.95,2.7,10,True,-1,0.0,2024-11-01,,1.0,18860.0,0.0,207460.0,0.0,19100.0,0.0
ST_VA7cmrej,mitra,0.95,2.8,10,True,-1,0.0,2024-11-01,,1.0,19514.545454545456,0.0,214660.0,0.0,19760.0,0.0
ST_VA7cmrej,mitra,0.95,2.9,10,True,-1,0.0,2024-11-01,,1.0,20154.545454545456,0.0,221700.0,0.0,20400.0,0.0
ST_VA7cmrej,mitra,0.95,3.0,10,True,-1,0.0,2024-11-01,,1.0,20798.18181818182,0.0,228780.0,0.0,21040.0,0.0
ST_VA7cmrej,mitra,0.95,3.5,10,True,-1,0.0,2024-11-01,,1.0,24020.0,0.0,264220.0,0.0,24260.0,0.0
ST_VA7cmrej,mitra,0.95,4.0,10,True,-1,0.0,2024-11-01,,1.0,27254.545454545456,0.0,299800.0,0.0,27500.0,0.0
ST_VA7cmrej,naive,0.95,0.0,10,True,-1,0.0,2024-11-01,,1.0,0.0,0.0,0.0,0.0,0.0,0.0
ST_VA7cmrej,naive,0.95,0.1,10,True,-1,0.0,2024-11-01,,1.0,1600.0,0.0,17600.0,0.0,1600.0,0.0
ST_VA7cmrej,naive,0.95,0.2,10,True,-1,0.0,2024-11-01,,1.0,3180.0,0.0,34980.0,0.0,3180.0,0.0
ST_VA7cmrej,naive,0.95,0.3,10,True,-1,0.0,2024-11-01,,1.0,4760.0,0.0,52360.0,0.0,4760.0,0.0
ST_VA7cmrej,naive,0.95,0.4,10,True,-1,0.0,2024-11-01,,1.0,6340.0,0.0,69740.0,0.0,6340.0,0.0
ST_VA7cmrej,naive,0.95,0.5,10,True,-1,0.0,2024-11-01,,1.0,7920.0,0.0,87120.0,0.0,7920.0,0.0
ST_VA7cmrej,naive,0.95,0.6,10,True,-1,0.0,2024-11-01,,1.0,9500.0,0.0,104500.0,0.0,9500.0,0.0
ST_VA7cmrej,naive,0.95,0.7,10,True,-1,0.0,2024-11-01,,1.0,11080.0,0.0,121880.0,0.0,11080.0,0.0
ST_VA7cmrej,naive,0.95,0.8,10,True,-1,0.0,2024-11-01,,1.0,12660.0,0.0,139260.0,0.0,12660.0,0.0
ST_VA7cmrej,naive,0.95,0.9,10,True,-1,0.0,2024-11-01,,1.0,14240.0,0.0,156640.0,0.0,14240.0,0.0
ST_VA7cmrej,naive,0.95,1.0,10,True,-1,0.0,2024-11-01,,1.0,15820.0,0.0,174020.0,0.0,15820.0,0.0
ST_VA7cmrej,naive,0.95,1.1,10,True,-1,0.0,2024-11-01,,1.0,17400.0,0.0,191400.0,0.0,17400.0,0.0
ST_VA7cmrej,naive,0.95,1.2,10,True,-1,0.0,2024-11-01,,1.0,18980.0,0.0,208780.0,0.0,18980.0,0.0
ST_VA7cmrej,naive,0.95,1.2816,10,True,-1,0.0,2024-11-01,,1.0,20280.0,0.0,223080.0,0.0,20280.0,0.0
ST_VA7cmrej,naive,0.95,1.3,10,True,-1,0.0,2024-11-01,,1.0,20560.0,0.0,226160.0,0.0,20560.0,0.0
ST_VA7cmrej,naive,0.95,1.4,10,True,-1,0.0,2024-11-01,,1.0,22140.0,0.0,243540.0,0.0,22140.0,0.0
ST_VA7cmrej,naive,0.95,1.5,10,True,-1,0.0,2024-11-01,,1.0,23720.0,0.0,260920.0,0.0,23720.0,0.0
ST_VA7cmrej,naive,0.95,1.6,10,True,-1,0.0,2024-11-01,,1.0,25300.0,0.0,278300.0,0.0,25300.0,0.0
ST_VA7cmrej,naive,0.95,1.6449,10,True,-1,0.0,2024-11-01,,1.0,26020.0,0.0,286220.0,0.0,26020.0,0.0
ST_VA7cmrej,naive,0.95,1.7,10,True,-1,0.0,2024-11-01,,1.0,26880.0,0.0,295680.0,0.0,26880.0,0.0
ST_VA7cmrej,naive,0.95,1.8,10,True,-1,0.0,2024-11-01,,1.0,28480.0,0.0,313280.0,0.0,28480.0,0.0
ST_VA7cmrej,naive,0.95,1.9,10,True,-1,0.0,2024-11-01,,1.0,30060.0,0.0,330660.0,0.0,30060.0,0.0
ST_VA7cmrej,naive,0.95,2.0,10,True,-1,0.0,2024-11-01,,1.0,31640.0,0.0,348040.0,0.0,31640.0,0.0
ST_VA7cmrej,naive,0.95,2.0537,10,True,-1,0.0,2024-11-01,,1.0,32480.0,0.0,357280.0,0.0,32480.0,0.0
ST_VA7cmrej,naive,0.95,2.1,10,True,-1,0.0,2024-11-01,,1.0,33220.0,0.0,365420.0,0.0,33220.0,0.0
ST_VA7cmrej,naive,0.95,2.2,10,True,-1,0.0,2024-11-01,,1.0,34800.0,0.0,382800.0,0.0,34800.0,0.0
ST_VA7cmrej,naive,0.95,2.3,10,True,-1,0.0,2024-11-01,,1.0,36380.0,0.0,400180.0,0.0,36380.0,0.0
ST_VA7cmrej,naive,0.95,2.4,10,True,-1,0.0,2024-11-01,,1.0,37960.0,0.0,417560.0,0.0,37960.0,0.0
ST_VA7cmrej,naive,0.95,2.5,10,True,-1,0.0,2024-11-01,,1.0,39540.0,0.0,434940.0,0.0,39540.0,0.0
ST_VA7cmrej,naive,0.95,2.6,10,True,-1,0.0,2024-11-01,,1.0,41120.0,0.0,452320.0,0.0,41120.0,0.0
ST_VA7cmrej,naive,0.95,2.7,10,True,-1,0.0,2024-11-01,,1.0,42700.0,0.0,469700.0,0.0,42700.0,0.0
ST_VA7cmrej,naive,0.95,2.8,10,True,-1,0.0,2024-11-01,,1.0,44280.0,0.0,487080.0,0.0,44280.0,0.0
ST_VA7cmrej,naive,0.95,2.9,10,True,-1,0.0,2024-11-01,,1.0,45860.0,0.0,504460.0,0.0,45860.0,0.0
ST_VA7cmrej,naive,0.95,3.0,10,True,-1,0.0,2024-11-01,,1.0,47440.0,0.0,521840.0,0.0,47440.0,0.0
ST_VA7cmrej,naive,0.95,3.5,10,True,-1,0.0,2024-11-01,,1.0,55340.0,0.0,608740.0,0.0,55340.0,0.0
ST_VA7cmrej,naive,0.95,4.0,10,True,-1,0.0,2024-11-01,,1.0,63260.0,0.0,695860.0,0.0,63260.0,0.0
ST_VA7cmrej,rf,0.95,0.0,10,True,-1,0.0,2024-11-01,,1.0,7966.6799999999985,0.0,87633.47999999998,0.0,7966.68,0.0
ST_VA7cmrej,rf,0.95,0.1,10,True,-1,0.0,2024-11-01,,1.0,8535.046607317186,0.0,93885.51268048905,0.0,8535.046607317186,0.0
ST_VA7cmrej,rf,0.95,0.2,10,True,-1,0.0,2024-11-01,,1.0,9103.413214634375,0.0,100137.54536097811,0.0,9103.413214634373,0.0
ST_VA7cmrej,rf,0.95,0.3,10,True,-1,0.0,2024-11-01,,1.0,9691.779821951557,0.0,106609.57804146713,0.0,9691.779821951559,0.0
ST_VA7cmrej,rf,0.95,0.4,10,True,-1,0.0,2024-11-01,,1.0,10260.146429268747,0.0,112861.61072195621,0.0,10260.146429268747,0.0
ST_VA7cmrej,rf,0.95,0.5,10,True,-1,0.0,2024-11-01,,1.0,10828.513036585935,0.0,119113.64340244528,0.0,10828.513036585933,0.0
ST_VA7cmrej,rf,0.95,0.6,10,True,-1,0.0,2024-11-01,,1.0,11416.879643903118,0.0,125585.6760829343,0.0,11416.87964390312,0.0
ST_VA7cmrej,rf,0.95,0.7,10,True,-1,0.0,2024-11-01,,1.0,11985.246251220307,0.0,131837.70876342338,0.0,11985.246251220306,0.0
ST_VA7cmrej,rf,0.95,0.8,10,True,-1,0.0,2024-11-01,,1.0,12553.612858537492,0.0,138089.7414439124,0.0,12553.612858537492,0.0
ST_VA7cmrej,rf,0.95,0.9,10,True,-1,0.0,2024-11-01,,1.0,13141.97946585468,0.0,144561.77412440148,0.0,13141.97946585468,0.0
ST_VA7cmrej,rf,0.95,1.0,10,True,-1,0.0,2024-11-01,,1.0,13710.346073171864,0.0,150813.8068048905,0.0,13710.346073171866,0.0
ST_VA7cmrej,rf,0.95,1.1,10,True,-1,0.0,2024-11-01,,1.0,14278.712680489052,0.0,157065.83948537958,0.0,14278.712680489052,0.0
ST_VA7cmrej,rf,0.95,1.2,10,True,-1,0.0,2024-11-01,,1.0,14867.079287806237,0.0,163537.8721658686,0.0,14867.079287806238,0.0
ST_VA7cmrej,rf,0.95,1.2816,10,True,-1,0.0,2024-11-01,,1.0,15333.90643937706,0.0,168672.97083314767,0.0,15333.906439377064,0.0
ST_VA7cmrej,rf,0.95,1.3,10,True,-1,0.0,2024-11-01,,1.0,15435.445895123423,0.0,169789.90484635765,0.0,15435.445895123426,0.0
ST_VA7cmrej,rf,0.95,1.4,10,True,-1,0.0,2024-11-01,,1.0,16003.812502440613,0.0,176041.93752684674,0.0,16003.812502440613,0.0
ST_VA7cmrej,rf,0.95,1.5,10,True,-1,0.0,2024-11-01,,1.0,16592.1791097578,0.0,182513.97020733578,0.0,16592.1791097578,0.0
ST_VA7cmrej,rf,0.95,1.6,10,True,-1,0.0,2024-11-01,,1.0,17160.54571707499,0.0,188766.0028878249,0.0,17160.545717074987,0.0
ST_VA7cmrej,rf,0.95,1.6449,10,True,-1,0.0,2024-11-01,,1.0,17424.302323760403,0.0,191667.32556136444,0.0,17424.302323760403,0.0
ST_VA7cmrej,rf,0.95,1.7,10,True,-1,0.0,2024-11-01,,1.0,17728.912324392175,0.0,195018.0355683139,0.0,17728.91232439217,0.0
ST_VA7cmrej,rf,0.95,1.8,10,True,-1,0.0,2024-11-01,,1.0,18317.27893170936,0.0,201490.06824880294,0.0,18317.27893170936,0.0
ST_VA7cmrej,rf,0.95,1.9,10,True,-1,0.0,2024-11-01,,1.0,18885.645539026544,0.0,207742.10092929198,0.0,18885.645539026547,0.0
ST_VA7cmrej,rf,0.95,2.0,10,True,-1,0.0,2024-11-01,,1.0,19454.012146343735,0.0,213994.13360978107,0.0,19454.01214634373,0.0
ST_VA7cmrej,rf,0.95,2.0537,10,True,-1,0.0,2024-11-01,,1.0,19778.50501447306,0.0,217563.55515920365,0.0,19778.505014473063,0.0
ST_VA7cmrej,rf,0.95,2.1,10,True,-1,0.0,2024-11-01,,1.0,20042.378753660916,0.0,220466.16629027008,0.0,20042.378753660916,0.0
ST_VA7cmrej,rf,0.95,2.2,10,True,-1,0.0,2024-11-01,,1.0,20610.7453609781,0.0,226718.1989707591,0.0,20610.745360978104,0.0
ST_VA7cmrej,rf,0.95,2.3,10,True,-1,0.0,2024-11-01,,1.0,21179.111968295296,0.0,232970.23165124824,0.0,21179.111968295292,0.0
ST_VA7cmrej,rf,0.95,2.4,10,True,-1,0.0,2024-11-01,,1.0,21767.478575612477,0.0,239442.26433173724,0.0,21767.478575612477,0.0
ST_VA7cmrej,rf,0.95,2.5,10,True,-1,0.0,2024-11-01,,1.0,22437.663364747845,0.0,246814.29701222628,0.0,22475.845182929665,0.0
ST_VA7cmrej,rf,0.95,2.6,10,True,-1,0.0,2024-11-01,,1.0,23136.93906297413,0.0,254506.3296927154,0.0,23224.211790246853,0.0
ST_VA7cmrej,rf,0.95,2.7,10,True,-1,0.0,2024-11-01,,1.0,23856.214761200405,0.0,262418.36237320444,0.0,23992.578397564037,0.0
ST_VA7cmrej,rf,0.95,2.8,10,True,-1,0.0,2024-11-01,,1.0,24555.490459426677,0.0,270110.39505369344,0.0,24740.945004881225,0.0
ST_VA7cmrej,rf,0.95,2.9,10,True,-1,0.0,2024-11-01,,1.0,25269.311612198417,0.0,277962.42773418257,0.0,25509.311612198413,0.0
ST_VA7cmrej,rf,0.95,3.0,10,True,-1,0.0,2024-11-01,,1.0,25974.041855879233,0.0,285714.4604146716,0.0,26257.678219515597,0.0
ST_VA7cmrej,rf,0.95,3.5,10,True,-1,0.0,2024-11-01,,1.0,29519.51125610153,0.0,324714.62381711684,0.0,30059.51125610153,0.0
ST_VA7cmrej,rf,0.95,4.0,10,True,-1,0.0,2024-11-01,,1.0,33070.435201778375,0.0,363774.78721956216,0.0,33861.34429268746,0.0
ST_VA7cmrej,sba,0.95,0.0,10,True,-1,0.0,2024-11-01,,1.0,47500.0,0.0,522500.0,0.0,47500.0,0.0
ST_VA7cmrej,sba,0.95,0.1,10,True,-1,0.0,2024-11-01,,1.0,51420.0,0.0,565620.0,0.0,52260.0,0.0
ST_VA7cmrej,sba,0.95,0.2,10,True,-1,0.0,2024-11-01,,1.0,55327.27272727273,0.0,608600.0,0.0,57000.0,0.0
ST_VA7cmrej,sba,0.95,0.3,10,True,-1,0.0,2024-11-01,,1.0,59234.545454545456,0.0,651580.0,0.0,61760.0,0.0
ST_VA7cmrej,sba,0.95,0.4,10,True,-1,0.0,2024-11-01,,1.0,63141.818181818184,0.0,694560.0,0.0,66500.0,0.0
ST_VA7cmrej,sba,0.95,0.5,10,True,-1,0.0,2024-11-01,,1.0,67056.36363636363,0.0,737620.0,0.0,71260.0,0.0
ST_VA7cmrej,sba,0.95,0.6,10,True,-1,0.0,2024-11-01,,1.0,70963.63636363637,0.0,780600.0,0.0,76000.0,0.0
ST_VA7cmrej,sba,0.95,0.7,10,True,-1,0.0,2024-11-01,,1.0,74870.90909090909,0.0,823580.0,0.0,80760.0,0.0
ST_VA7cmrej,sba,0.95,0.8,10,True,-1,0.0,2024-11-01,,1.0,78778.18181818182,0.0,866560.0,0.0,85500.0,0.0
ST_VA7cmrej,sba,0.95,0.9,10,True,-1,0.0,2024-11-01,,1.0,82689.09090909091,0.0,909580.0,0.0,90260.0,0.0
ST_VA7cmrej,sba,0.95,1.0,10,True,-1,0.0,2024-11-01,,1.0,86596.36363636363,0.0,952560.0,0.0,95000.0,0.0
ST_VA7cmrej,sba,0.95,1.1,10,True,-1,0.0,2024-11-01,,1.0,90510.90909090909,0.0,995620.0,0.0,99760.0,0.0
ST_VA7cmrej,sba,0.95,1.2,10,True,-1,0.0,2024-11-01,,1.0,94414.54545454546,0.0,1038560.0,0.0,104500.0,0.0
ST_VA7cmrej,sba,0.95,1.2816,10,True,-1,0.0,2024-11-01,,1.0,97609.09090909091,0.0,1073700.0,0.0,108380.0,0.0
ST_VA7cmrej,sba,0.95,1.3,10,True,-1,0.0,2024-11-01,,1.0,98329.09090909091,0.0,1081620.0,0.0,109260.0,0.0
ST_VA7cmrej,sba,0.95,1.4,10,True,-1,0.0,2024-11-01,,1.0,102232.72727272728,0.0,1124560.0,0.0,114000.0,0.0
ST_VA7cmrej,sba,0.95,1.5,10,True,-1,0.0,2024-11-01,,1.0,106140.0,0.0,1167540.0,0.0,118760.0,0.0
ST_VA7cmrej,sba,0.95,1.6,10,True,-1,0.0,2024-11-01,,1.0,110050.90909090909,0.0,1210560.0,0.0,123500.0,0.0
ST_VA7cmrej,sba,0.95,1.6449,10,True,-1,0.0,2024-11-01,,1.0,111810.90909090909,0.0,1229920.0,0.0,125640.0,0.0
ST_VA7cmrej,sba,0.95,1.7,10,True,-1,0.0,2024-11-01,,1.0,113965.45454545454,0.0,1253620.0,0.0,128260.0,0.0
ST_VA7cmrej,sba,0.95,1.8,10,True,-1,0.0,2024-11-01,,1.0,117870.90909090909,0.0,1296580.0,0.0,133000.0,0.0
ST_VA7cmrej,sba,0.95,1.9,10,True,-1,0.0,2024-11-01,,1.0,121781.81818181818,0.0,1339600.0,0.0,137760.0,0.0
ST_VA7cmrej,sba,0.95,2.0,10,True,-1,0.0,2024-11-01,,1.0,125685.45454545454,0.0,1382540.0,0.0,142500.0,0.0
ST_VA7cmrej,sba,0.95,2.0537,10,True,-1,0.0,2024-11-01,,1.0,127790.90909090909,0.0,1405700.0,0.0,145060.0,0.0
ST_VA7cmrej,sba,0.95,2.1,10,True,-1,0.0,2024-11-01,,1.0,129600.0,0.0,1425600.0,0.0,147260.0,0.0
ST_VA7cmrej,sba,0.95,2.2,10,True,-1,0.0,2024-11-01,,1.0,133507.27272727274,0.0,1468580.0,0.0,152000.0,0.0
ST_VA7cmrej,sba,0.95,2.3,10,True,-1,0.0,2024-11-01,,1.0,137418.18181818182,0.0,1511600.0,0.0,156760.0,0.0
ST_VA7cmrej,sba,0.95,2.4,10,True,-1,0.0,2024-11-01,,1.0,141321.81818181818,0.0,1554540.0,0.0,161500.0,0.0
ST_VA7cmrej,sba,0.95,2.5,10,True,-1,0.0,2024-11-01,,1.0,145236.36363636365,0.0,1597600.0,0.0,166260.0,0.0
ST_VA7cmrej,sba,0.95,2.6,10,True,-1,0.0,2024-11-01,,1.0,149147.27272727274,0.0,1640620.0,0.0,171000.0,0.0
ST_VA7cmrej,sba,0.95,2.7,10,True,-1,0.0,2024-11-01,,1.0,153050.9090909091,0.0,1683560.0,0.0,175760.0,0.0
ST_VA7cmrej,sba,0.95,2.8,10,True,-1,0.0,2024-11-01,,1.0,156958.18181818182,0.0,1726540.0,0.0,180500.0,0.0
ST_VA7cmrej,sba,0.95,2.9,10,True,-1,0.0,2024-11-01,,1.0,160872.72727272726,0.0,1769600.0,0.0,185260.0,0.0
ST_VA7cmrej,sba,0.95,3.0,10,True,-1,0.0,2024-11-01,,1.0,164776.36363636365,0.0,1812540.0,0.0,190000.0,0.0
ST_VA7cmrej,sba,0.95,3.5,10,True,-1,0.0,2024-11-01,,1.0,184325.45454545456,0.0,2027580.0,0.0,213760.0,0.0
ST_VA7cmrej,sba,0.95,4.0,10,True,-1,0.0,2024-11-01,,1.0,203865.45454545456,0.0,2242520.0,0.0,237500.0,0.0
ST_VA7cmrej,ses,0.95,0.0,10,True,-1,0.0,2024-11-01,,1.0,2380.0,0.0,26180.0,0.0,2380.0,0.0
ST_VA7cmrej,ses,0.95,0.1,10,True,-1,0.0,2024-11-01,,1.0,2840.0,0.0,31240.0,0.0,2840.0,0.0
ST_VA7cmrej,ses,0.95,0.2,10,True,-1,0.0,2024-11-01,,1.0,3300.0,0.0,36300.0,0.0,3300.0,0.0
ST_VA7cmrej,ses,0.95,0.3,10,True,-1,0.0,2024-11-01,,1.0,3900.0,0.0,42900.0,0.0,3900.0,0.0
ST_VA7cmrej,ses,0.95,0.4,10,True,-1,0.0,2024-11-01,,1.0,4540.0,0.0,49940.0,0.0,4540.0,0.0
ST_VA7cmrej,ses,0.95,0.5,10,True,-1,0.0,2024-11-01,,1.0,5200.0,0.0,57200.0,0.0,5200.0,0.0
ST_VA7cmrej,ses,0.95,0.6,10,True,-1,0.0,2024-11-01,,1.0,5840.0,0.0,64240.0,0.0,5840.0,0.0
ST_VA7cmrej,ses,0.95,0.7,10,True,-1,0.0,2024-11-01,,1.0,6500.0,0.0,71500.0,0.0,6500.0,0.0
ST_VA7cmrej,ses,0.95,0.8,10,True,-1,0.0,2024-11-01,,1.0,7140.0,0.0,78540.0,0.0,7140.0,0.0
ST_VA7cmrej,ses,0.95,0.9,10,True,-1,0.0,2024-11-01,,1.0,7800.0,0.0,85800.0,0.0,7800.0,0.0
ST_VA7cmrej,ses,0.95,1.0,10,True,-1,0.0,2024-11-01,,1.0,8440.0,0.0,92840.0,0.0,8440.0,0.0
ST_VA7cmrej,ses,0.95,1.1,10,True,-1,0.0,2024-11-01,,1.0,9080.0,0.0,99880.0,0.0,9080.0,0.0
ST_VA7cmrej,ses,0.95,1.2,10,True,-1,0.0,2024-11-01,,1.0,9740.0,0.0,107140.0,0.0,9740.0,0.0
ST_VA7cmrej,ses,0.95,1.2816,10,True,-1,0.0,2024-11-01,,1.0,10260.0,0.0,112860.0,0.0,10260.0,0.0
ST_VA7cmrej,ses,0.95,1.3,10,True,-1,0.0,2024-11-01,,1.0,10380.0,0.0,114180.0,0.0,10380.0,0.0
ST_VA7cmrej,ses,0.95,1.4,10,True,-1,0.0,2024-11-01,,1.0,11040.0,0.0,121440.0,0.0,11040.0,0.0
ST_VA7cmrej,ses,0.95,1.5,10,True,-1,0.0,2024-11-01,,1.0,11680.0,0.0,128480.0,0.0,11680.0,0.0
ST_VA7cmrej,ses,0.95,1.6,10,True,-1,0.0,2024-11-01,,1.0,12340.0,0.0,135740.0,0.0,12340.0,0.0
ST_VA7cmrej,ses,0.95,1.6449,10,True,-1,0.0,2024-11-01,,1.0,12620.0,0.0,138820.0,0.0,12620.0,0.0
ST_VA7cmrej,ses,0.95,1.7,10,True,-1,0.0,2024-11-01,,1.0,12980.0,0.0,142780.0,0.0,12980.0,0.0
ST_VA7cmrej,ses,0.95,1.8,10,True,-1,0.0,2024-11-01,,1.0,13640.0,0.0,150040.0,0.0,13640.0,0.0
ST_VA7cmrej,ses,0.95,1.9,10,True,-1,0.0,2024-11-01,,1.0,14280.0,0.0,157080.0,0.0,14280.0,0.0
ST_VA7cmrej,ses,0.95,2.0,10,True,-1,0.0,2024-11-01,,1.0,14940.0,0.0,164340.0,0.0,14940.0,0.0
ST_VA7cmrej,ses,0.95,2.0537,10,True,-1,0.0,2024-11-01,,1.0,15280.0,0.0,168080.0,0.0,15280.0,0.0
ST_VA7cmrej,ses,0.95,2.1,10,True,-1,0.0,2024-11-01,,1.0,15580.0,0.0,171380.0,0.0,15580.0,0.0
ST_VA7cmrej,ses,0.95,2.2,10,True,-1,0.0,2024-11-01,,1.0,16240.0,0.0,178640.0,0.0,16240.0,0.0
ST_VA7cmrej,ses,0.95,2.3,10,True,-1,0.0,2024-11-01,,1.0,16880.0,0.0,185680.0,0.0,16880.0,0.0
ST_VA7cmrej,ses,0.95,2.4,10,True,-1,0.0,2024-11-01,,1.0,17540.0,0.0,192940.0,0.0,17540.0,0.0
ST_VA7cmrej,ses,0.95,2.5,10,True,-1,0.0,2024-11-01,,1.0,18180.0,0.0,199980.0,0.0,18180.0,0.0
ST_VA7cmrej,ses,0.95,2.6,10,True,-1,0.0,2024-11-01,,1.0,18840.0,0.0,207240.0,0.0,18840.0,0.0
ST_VA7cmrej,ses,0.95,2.7,10,True,-1,0.0,2024-11-01,,1.0,19480.0,0.0,214280.0,0.0,19480.0,0.0
ST_VA7cmrej,ses,0.95,2.8,10,True,-1,0.0,2024-11-01,,1.0,20140.0,0.0,221540.0,0.0,20140.0,0.0
ST_VA7cmrej,ses,0.95,2.9,10,True,-1,0.0,2024-11-01,,1.0,20800.0,0.0,228800.0,0.0,20800.0,0.0
ST_VA7cmrej,ses,0.95,3.0,10,True,-1,0.0,2024-11-01,,1.0,21440.0,0.0,235840.0,0.0,21440.0,0.0
ST_VA7cmrej,ses,0.95,3.5,10,True,-1,0.0,2024-11-01,,1.0,24756.363636363636,0.0,272320.0,0.0,24760.0,0.0
ST_VA7cmrej,ses,0.95,4.0,10,True,-1,0.0,2024-11-01,,1.0,28070.909090909092,0.0,308780.0,0.0,28080.0,0.0
ST_VA7cmrej,tsb,0.95,0.0,10,True,-1,0.0,2024-11-01,,1.0,4500.0,0.0,49500.0,0.0,4500.0,0.0
ST_VA7cmrej,tsb,0.95,0.1,10,True,-1,0.0,2024-11-01,,1.0,4960.0,0.0,54560.0,0.0,4960.0,0.0
ST_VA7cmrej,tsb,0.95,0.2,10,True,-1,0.0,2024-11-01,,1.0,5400.0,0.0,59400.0,0.0,5400.0,0.0
ST_VA7cmrej,tsb,0.95,0.3,10,True,-1,0.0,2024-11-01,,1.0,5860.0,0.0,64460.0,0.0,5860.0,0.0
ST_VA7cmrej,tsb,0.95,0.4,10,True,-1,0.0,2024-11-01,,1.0,6300.0,0.0,69300.0,0.0,6300.0,0.0
ST_VA7cmrej,tsb,0.95,0.5,10,True,-1,0.0,2024-11-01,,1.0,6740.0,0.0,74140.0,0.0,6740.0,0.0
ST_VA7cmrej,tsb,0.95,0.6,10,True,-1,0.0,2024-11-01,,1.0,7200.0,0.0,79200.0,0.0,7200.0,0.0
ST_VA7cmrej,tsb,0.95,0.7,10,True,-1,0.0,2024-11-01,,1.0,7700.0,0.0,84700.0,0.0,7700.0,0.0
ST_VA7cmrej,tsb,0.95,0.8,10,True,-1,0.0,2024-11-01,,1.0,8280.0,0.0,91080.0,0.0,8280.0,0.0
ST_VA7cmrej,tsb,0.95,0.9,10,True,-1,0.0,2024-11-01,,1.0,8920.0,0.0,98120.0,0.0,8920.0,0.0
ST_VA7cmrej,tsb,0.95,1.0,10,True,-1,0.0,2024-11-01,,1.0,9580.0,0.0,105380.0,0.0,9580.0,0.0
ST_VA7cmrej,tsb,0.95,1.1,10,True,-1,0.0,2024-11-01,,1.0,10240.0,0.0,112640.0,0.0,10240.0,0.0
ST_VA7cmrej,tsb,0.95,1.2,10,True,-1,0.0,2024-11-01,,1.0,10900.0,0.0,119900.0,0.0,10900.0,0.0
ST_VA7cmrej,tsb,0.95,1.2816,10,True,-1,0.0,2024-11-01,,1.0,11440.0,0.0,125840.0,0.0,11440.0,0.0
ST_VA7cmrej,tsb,0.95,1.3,10,True,-1,0.0,2024-11-01,,1.0,11560.0,0.0,127160.0,0.0,11560.0,0.0
ST_VA7cmrej,tsb,0.95,1.4,10,True,-1,0.0,2024-11-01,,1.0,12220.0,0.0,134420.0,0.0,12220.0,0.0
ST_VA7cmrej,tsb,0.95,1.5,10,True,-1,0.0,2024-11-01,,1.0,12880.0,0.0,141680.0,0.0,12880.0,0.0
ST_VA7cmrej,tsb,0.95,1.6,10,True,-1,0.0,2024-11-01,,1.0,13540.0,0.0,148940.0,0.0,13540.0,0.0
ST_VA7cmrej,tsb,0.95,1.6449,10,True,-1,0.0,2024-11-01,,1.0,13840.0,0.0,152240.0,0.0,13840.0,0.0
ST_VA7cmrej,tsb,0.95,1.7,10,True,-1,0.0,2024-11-01,,1.0,14200.0,0.0,156200.0,0.0,14200.0,0.0
ST_VA7cmrej,tsb,0.95,1.8,10,True,-1,0.0,2024-11-01,,1.0,14860.0,0.0,163460.0,0.0,14860.0,0.0
ST_VA7cmrej,tsb,0.95,1.9,10,True,-1,0.0,2024-11-01,,1.0,15520.0,0.0,170720.0,0.0,15520.0,0.0
ST_VA7cmrej,tsb,0.95,2.0,10,True,-1,0.0,2024-11-01,,1.0,16200.0,0.0,178200.0,0.0,16200.0,0.0
ST_VA7cmrej,tsb,0.95,2.0537,10,True,-1,0.0,2024-11-01,,1.0,16540.0,0.0,181940.0,0.0,16540.0,0.0
ST_VA7cmrej,tsb,0.95,2.1,10,True,-1,0.0,2024-11-01,,1.0,16860.0,0.0,185460.0,0.0,16860.0,0.0
ST_VA7cmrej,tsb,0.95,2.2,10,True,-1,0.0,2024-11-01,,1.0,17520.0,0.0,192720.0,0.0,17520.0,0.0
ST_VA7cmrej,tsb,0.95,2.3,10,True,-1,0.0,2024-11-01,,1.0,18180.0,0.0,199980.0,0.0,18180.0,0.0
ST_VA7cmrej,tsb,0.95,2.4,10,True,-1,0.0,2024-11-01,,1.0,18840.0,0.0,207240.0,0.0,18840.0,0.0
ST_VA7cmrej,tsb,0.95,2.5,10,True,-1,0.0,2024-11-01,,1.0,19500.0,0.0,214500.0,0.0,19500.0,0.0
ST_VA7cmrej,tsb,0.95,2.6,10,True,-1,0.0,2024-11-01,,1.0,20180.0,0.0,221980.0,0.0,20180.0,0.0
ST_VA7cmrej,tsb,0.95,2.7,10,True,-1,0.0,2024-11-01,,1.0,20880.0,0.0,229680.0,0.0,20880.0,0.0
ST_VA7cmrej,tsb,0.95,2.8,10,True,-1,0.0,2024-11-01,,1.0,21560.0,0.0,237160.0,0.0,21560.0,0.0
ST_VA7cmrej,tsb,0.95,2.9,10,True,-1,0.0,2024-11-01,,1.0,22240.0,0.0,244640.0,0.0,22240.0,0.0
ST_VA7cmrej,tsb,0.95,3.0,10,True,-1,0.0,2024-11-01,,1.0,22920.0,0.0,252120.0,0.0,22920.0,0.0
ST_VA7cmrej,tsb,0.95,3.5,10,True,-1,0.0,2024-11-01,,1.0,26394.545454545456,0.0,290340.0,0.0,26400.0,0.0
ST_VA7cmrej,tsb,0.95,4.0,10,True,-1,0.0,2024-11-01,,1.0,29887.272727272728,0.0,328760.0,0.0,29900.0,0.0
ST_VA7cmrej,xgb,0.95,0.0,10,True,-1,0.0,2024-11-01,,1.0,20.009589535999112,0.0,220.10548489599023,0.0,20.009589535999112,0.0
ST_VA7cmrej,xgb,0.95,0.1,10,True,-1,0.0,2024-11-01,,1.0,660.2640450659273,0.0,7262.904495725201,0.0,660.2640450659273,0.0
ST_VA7cmrej,xgb,0.95,0.2,10,True,-1,0.0,2024-11-01,,1.0,1300.5185005958538,0.0,14305.703506554391,0.0,1300.5185005958538,0.0
ST_VA7cmrej,xgb,0.95,0.3,10,True,-1,0.0,2024-11-01,,1.0,1955.318410671236,0.0,21508.502517383597,0.0,1960.772956125782,0.0
ST_VA7cmrej,xgb,0.95,0.4,10,True,-1,0.0,2024-11-01,,1.0,2601.0274116557084,0.0,28611.301528212793,0.0,2601.0274116557084,0.0
ST_VA7cmrej,xgb,0.95,0.5,10,True,-1,0.0,2024-11-01,,1.0,3241.2818671856367,0.0,35654.100539042,0.0,3241.2818671856367,0.0
ST_VA7cmrej,xgb,0.95,0.6,10,True,-1,0.0,2024-11-01,,1.0,3881.5363227155626,0.0,42696.89954987119,0.0,3881.536322715563,0.0
ST_VA7cmrej,xgb,0.95,0.7,10,True,-1,0.0,2024-11-01,,1.0,4536.336232790946,0.0,49899.69856070041,0.0,4541.790778245491,0.0
ST_VA7cmrej,xgb,0.95,0.8,10,True,-1,0.0,2024-11-01,,1.0,5182.045233775418,0.0,57002.497571529595,0.0,5182.045233775418,0.0
ST_VA7cmrej,xgb,0.95,0.9,10,True,-1,0.0,2024-11-01,,1.0,5822.299689305347,0.0,64045.29658235882,0.0,5822.299689305346,0.0
ST_VA7cmrej,xgb,0.95,1.0,10,True,-1,0.0,2024-11-01,,1.0,6477.099599380729,0.0,71248.09559318802,0.0,6482.554144835274,0.0
ST_VA7cmrej,xgb,0.95,1.1,10,True,-1,0.0,2024-11-01,,1.0,7117.354054910655,0.0,78290.8946040172,0.0,7122.808600365201,0.0
ST_VA7cmrej,xgb,0.95,1.2,10,True,-1,0.0,2024-11-01,,1.0,7763.063055895127,0.0,85393.6936148464,0.0,7763.063055895129,0.0
ST_VA7cmrej,xgb,0.95,1.2816,10,True,-1,0.0,2024-11-01,,1.0,8283.270691607551,0.0,91115.97760768306,0.0,8283.27069160755,0.0
ST_VA7cmrej,xgb,0.95,1.3,10,True,-1,0.0,2024-11-01,,1.0,8403.317511425057,0.0,92436.49262567563,0.0,8403.317511425055,0.0
ST_VA7cmrej,xgb,0.95,1.4,10,True,-1,0.0,2024-11-01,,1.0,9058.11742150044,0.0,99639.29163650483,0.0,9063.571966954984,0.0
ST_VA7cmrej,xgb,0.95,1.5,10,True,-1,0.0,2024-11-01,,1.0,9698.371877030366,0.0,106682.09064733401,0.0,9703.82642248491,0.0
ST_VA7cmrej,xgb,0.95,1.6,10,True,-1,0.0,2024-11-01,,1.0,10344.080878014838,0.0,113784.88965816321,0.0,10344.080878014838,0.0
ST_VA7cmrej,xgb,0.95,1.6449,10,True,-1,0.0,2024-11-01,,1.0,10638.740583093228,0.0,117026.14641402551,0.0,10644.195128547775,0.0
ST_VA7cmrej,xgb,0.95,1.7,10,True,-1,0.0,2024-11-01,,1.0,10984.335333544763,0.0,120827.6886689924,0.0,10984.335333544765,0.0
ST_VA7cmrej,xgb,0.95,1.8,10,True,-1,0.0,2024-11-01,,1.0,11639.135243620149,0.0,128030.48767982164,0.0,11644.589789074693,0.0
ST_VA7cmrej,xgb,0.95,1.9,10,True,-1,0.0,2024-11-01,,1.0,12284.844244604621,0.0,135133.28669065083,0.0,12284.844244604621,0.0
ST_VA7cmrej,xgb,0.95,2.0,10,True,-1,0.0,2024-11-01,,1.0,12925.098700134547,0.0,142176.08570148,0.0,12925.098700134547,0.0
ST_VA7cmrej,xgb,0.95,2.0537,10,True,-1,0.0,2024-11-01,,1.0,13265.235342754117,0.0,145917.5887702953,0.0,13265.235342754118,0.0
ST_VA7cmrej,xgb,0.95,2.1,10,True,-1,0.0,2024-11-01,,1.0,13565.353155664478,0.0,149218.88471230926,0.0,13565.353155664476,0.0
ST_VA7cmrej,xgb,0.95,2.2,10,True,-1,0.0,2024-11-01,,1.0,14220.153065739856,0.0,156421.6837231384,0.0,14225.607611194402,0.0
ST_VA7cmrej,xgb,0.95,2.3,10,True,-1,0.0,2024-11-01,,1.0,14865.862066724332,0.0,163524.48273396766,0.0,14865.86206672433,0.0
ST_VA7cmrej,xgb,0.95,2.4,10,True,-1,0.0,2024-11-01,,1.0,15506.116522254255,0.0,170567.2817447968,0.0,15506.116522254257,0.0
ST_VA7cmrej,xgb,0.95,2.5,10,True,-1,0.0,2024-11-01,,1.0,16146.370977784185,0.0,177610.08075562603,0.0,16146.370977784185,0.0
ST_VA7cmrej,xgb,0.95,2.6,10,True,-1,0.0,2024-11-01,,1.0,16801.17088785957,0.0,184812.87976645527,0.0,16806.62543331411,0.0
ST_VA7cmrej,xgb,0.95,2.7,10,True,-1,0.0,2024-11-01,,1.0,17446.87988884404,0.0,191915.67877728443,0.0,17446.87988884404,0.0
ST_VA7cmrej,xgb,0.95,2.8,10,True,-1,0.0,2024-11-01,,1.0,18087.13434437397,0.0,198958.47778811367,0.0,18087.134344373968,0.0
ST_VA7cmrej,xgb,0.95,2.9,10,True,-1,0.0,2024-11-01,,1.0,18741.934254449345,0.0,206161.2767989428,0.0,18747.388799903893,0.0
ST_VA7cmrej,xgb,0.95,3.0,10,True,-1,0.0,2024-11-01,,1.0,19382.18870997928,0.0,213204.07580977207,0.0,19387.643255433824,0.0
ST_VA7cmrej,xgb,0.95,3.5,10,True,-1,0.0,2024-11-01,,1.0,22608.91553308346,0.0,248698.07086391805,0.0,22608.91553308346,0.0
ST_VA7cmrej,xgb,0.95,4.0,10,True,-1,0.0,2024-11-01,,1.0,25830.187810733096,0.0,284132.06591806404,0.0,25830.187810733096,0.0
