Unit,Model,SL,ratio,lots,markup,term_k,eval_end,fill_rate,cycle_service,avg_oh,avg_bl,total_cost,demand_2024,end_oh,end_pipe
BR_1.0-1.5,arima,0.9,2,True,-1.0,0.0,2024-12-01,1.0,1.0,175852.83285195392,0.0,2110233.994223447,525300.0,223913.2495186206,0.0
BR_1.0-1.5,arima,0.9,5,True,-1.0,0.0,2024-12-01,1.0,1.0,175852.83285195392,0.0,2110233.994223447,525300.0,223913.2495186206,0.0
BR_1.0-1.5,arima,0.9,10,True,-1.0,0.0,2024-12-01,1.0,1.0,175852.83285195392,0.0,2110233.994223447,525300.0,223913.2495186206,0.0
BR_1.0-1.5,arima,0.9,20,True,-1.0,0.0,2024-12-01,1.0,1.0,175852.83285195392,0.0,2110233.994223447,525300.0,223913.2495186206,0.0
BR_1.0-1.5,arima,0.9,50,True,-1.0,0.0,2024-12-01,1.0,1.0,175852.83285195392,0.0,2110233.994223447,525300.0,223913.2495186206,0.0
BR_1.0-1.5,arima,0.9,10,False,-1.0,0.0,2024-12-01,1.0,1.0,160634.62716847766,0.0,1927615.526021732,525300.0,204449.5131000398,0.0
BR_1.0-1.5,arima,0.95,2,True,-1.0,0.0,2024-12-01,1.0,1.0,220138.8695226335,0.0,2641666.434271602,525300.0,259857.6195226335,0.0
BR_1.0-1.5,arima,0.95,5,True,-1.0,0.0,2024-12-01,1.0,1.0,220138.8695226335,0.0,2641666.434271602,525300.0,259857.6195226335,0.0
BR_1.0-1.5,arima,0.95,10,True,-1.0,0.0,2024-12-01,1.0,1.0,220138.8695226335,0.0,2641666.434271602,525300.0,259857.6195226335,0.0
BR_1.0-1.5,arima,0.95,20,True,-1.0,0.0,2024-12-01,1.0,1.0,220138.8695226335,0.0,2641666.434271602,525300.0,259857.6195226335,0.0
BR_1.0-1.5,arima,0.95,50,True,-1.0,0.0,2024-12-01,1.0,1.0,220138.8695226335,0.0,2641666.434271602,525300.0,259857.6195226335,0.0
BR_1.0-1.5,arima,0.95,10,False,-1.0,0.0,2024-12-01,1.0,1.0,207233.13395089007,0.0,2486797.607410681,525300.0,247652.54989518417,0.0
BR_1.0-1.5,arima,0.98,2,True,-1.0,0.0,2024-12-01,1.0,1.0,267877.8740165516,0.0,3214534.4881986193,525300.0,297169.5406832183,0.0
BR_1.0-1.5,arima,0.98,5,True,-1.0,0.0,2024-12-01,1.0,1.0,267877.8740165516,0.0,3214534.4881986193,525300.0,297169.5406832183,0.0
BR_1.0-1.5,arima,0.98,10,True,-1.0,0.0,2024-12-01,1.0,1.0,267877.8740165516,0.0,3214534.4881986193,525300.0,297169.5406832183,0.0
BR_1.0-1.5,arima,0.98,20,True,-1.0,0.0,2024-12-01,1.0,1.0,267877.8740165516,0.0,3214534.4881986193,525300.0,297169.5406832183,0.0
BR_1.0-1.5,arima,0.98,50,True,-1.0,0.0,2024-12-01,1.0,1.0,267877.8740165516,0.0,3214534.4881986193,525300.0,297169.5406832183,0.0
BR_1.0-1.5,arima,0.98,10,False,-1.0,0.0,2024-12-01,1.0,1.0,260784.95056051054,0.0,3129419.4067261266,525300.0,296266.37164540443,0.0
BR_1.0-1.5,croston,0.9,2,True,-1.0,0.0,2024-12-01,1.0,1.0,151304.42588426816,0.0,1815653.110611218,525300.0,178510.67588426813,0.0
BR_1.0-1.5,croston,0.9,5,True,-1.0,0.0,2024-12-01,1.0,1.0,151304.42588426816,0.0,1815653.110611218,525300.0,178510.67588426813,0.0
BR_1.0-1.5,croston,0.9,10,True,-1.0,0.0,2024-12-01,1.0,1.0,151304.42588426816,0.0,1815653.110611218,525300.0,178510.67588426813,0.0
BR_1.0-1.5,croston,0.9,20,True,-1.0,0.0,2024-12-01,1.0,1.0,151304.42588426816,0.0,1815653.110611218,525300.0,178510.67588426813,0.0
BR_1.0-1.5,croston,0.9,50,True,-1.0,0.0,2024-12-01,1.0,1.0,151304.42588426816,0.0,1815653.110611218,525300.0,178510.67588426813,0.0
BR_1.0-1.5,croston,0.9,10,False,-1.0,0.0,2024-12-01,1.0,1.0,142968.37936518874,0.0,1715620.5523822648,525300.0,174963.40872905776,0.0
BR_1.0-1.5,croston,0.95,2,True,-1.0,0.0,2024-12-01,1.0,1.0,195974.3865916261,0.0,2351692.639099513,525300.0,233607.71992495947,0.0
BR_1.0-1.5,croston,0.95,5,True,-1.0,0.0,2024-12-01,1.0,1.0,195974.3865916261,0.0,2351692.639099513,525300.0,233607.71992495947,0.0
BR_1.0-1.5,croston,0.95,10,True,-1.0,0.0,2024-12-01,1.0,1.0,195974.3865916261,0.0,2351692.639099513,525300.0,233607.71992495947,0.0
BR_1.0-1.5,croston,0.95,20,True,-1.0,0.0,2024-12-01,1.0,1.0,195974.3865916261,0.0,2351692.639099513,525300.0,233607.71992495947,0.0
BR_1.0-1.5,croston,0.95,50,True,-1.0,0.0,2024-12-01,1.0,1.0,195974.3865916261,0.0,2351692.639099513,525300.0,233607.71992495947,0.0
BR_1.0-1.5,croston,0.95,10,False,-1.0,0.0,2024-12-01,1.0,1.0,182056.48047618265,0.0,2184677.765714192,525300.0,210114.35447812243,0.0
BR_1.0-1.5,croston,0.98,2,True,-1.0,0.0,2024-12-01,1.0,1.0,240239.76225591078,0.0,2882877.1470709294,525300.0,267446.0122559108,0.0
BR_1.0-1.5,croston,0.98,5,True,-1.0,0.0,2024-12-01,1.0,1.0,240239.76225591078,0.0,2882877.1470709294,525300.0,267446.0122559108,0.0
BR_1.0-1.5,croston,0.98,10,True,-1.0,0.0,2024-12-01,1.0,1.0,240239.76225591078,0.0,2882877.1470709294,525300.0,267446.0122559108,0.0
BR_1.0-1.5,croston,0.98,20,True,-1.0,0.0,2024-12-01,1.0,1.0,240239.76225591078,0.0,2882877.1470709294,525300.0,267446.0122559108,0.0
BR_1.0-1.5,croston,0.98,50,True,-1.0,0.0,2024-12-01,1.0,1.0,240239.76225591078,0.0,2882877.1470709294,525300.0,267446.0122559108,0.0
BR_1.0-1.5,croston,0.98,10,False,-1.0,0.0,2024-12-01,1.0,1.0,226040.00850859206,0.0,2712480.102103105,525300.0,249667.6344732165,0.0
BR_1.0-1.5,hybrid,0.9,2,True,-1.0,0.0,2024-12-01,1.0,1.0,221982.04948544115,0.0,2663784.5938252937,525300.0,188711.2161521078,0.0
BR_1.0-1.5,hybrid,0.9,5,True,-1.0,0.0,2024-12-01,1.0,1.0,221982.04948544115,0.0,2663784.5938252937,525300.0,188711.2161521078,0.0
BR_1.0-1.5,hybrid,0.9,10,True,-1.0,0.0,2024-12-01,1.0,1.0,221982.04948544115,0.0,2663784.5938252937,525300.0,188711.2161521078,0.0
BR_1.0-1.5,hybrid,0.9,20,True,-1.0,0.0,2024-12-01,1.0,1.0,221982.04948544115,0.0,2663784.5938252937,525300.0,188711.2161521078,0.0
BR_1.0-1.5,hybrid,0.9,50,True,-1.0,0.0,2024-12-01,1.0,1.0,221982.04948544115,0.0,2663784.5938252937,525300.0,188711.2161521078,0.0
BR_1.0-1.5,hybrid,0.9,10,False,-1.0,0.0,2024-12-01,1.0,1.0,213081.38873242456,0.0,2556976.6647890946,525300.0,176863.84030488622,0.0
BR_1.0-1.5,hybrid,0.95,2,True,-1.0,0.0,2024-12-01,1.0,1.0,282836.5850229202,0.0,3394039.020275043,525300.0,237053.25168958696,0.0
BR_1.0-1.5,hybrid,0.95,5,True,-1.0,0.0,2024-12-01,1.0,1.0,282836.5850229202,0.0,3394039.020275043,525300.0,237053.25168958696,0.0
BR_1.0-1.5,hybrid,0.95,10,True,-1.0,0.0,2024-12-01,1.0,1.0,282836.5850229202,0.0,3394039.020275043,525300.0,237053.25168958696,0.0
BR_1.0-1.5,hybrid,0.95,20,True,-1.0,0.0,2024-12-01,1.0,1.0,282836.5850229202,0.0,3394039.020275043,525300.0,237053.25168958696,0.0
BR_1.0-1.5,hybrid,0.95,50,True,-1.0,0.0,2024-12-01,1.0,1.0,282836.5850229202,0.0,3394039.020275043,525300.0,237053.25168958696,0.0
BR_1.0-1.5,hybrid,0.95,10,False,-1.0,0.0,2024-12-01,1.0,1.0,269412.04385375086,0.0,3232944.52624501,525300.0,227438.81714029302,0.0
BR_1.0-1.5,hybrid,0.98,2,True,-1.0,0.0,2024-12-01,1.0,1.0,344525.949192261,0.0,4134311.3903071317,525300.0,288315.5325255943,0.0
BR_1.0-1.5,hybrid,0.98,5,True,-1.0,0.0,2024-12-01,1.0,1.0,344525.949192261,0.0,4134311.3903071317,525300.0,288315.5325255943,0.0
BR_1.0-1.5,hybrid,0.98,10,True,-1.0,0.0,2024-12-01,1.0,1.0,344525.949192261,0.0,4134311.3903071317,525300.0,288315.5325255943,0.0
BR_1.0-1.5,hybrid,0.98,20,True,-1.0,0.0,2024-12-01,1.0,1.0,344525.949192261,0.0,4134311.3903071317,525300.0,288315.5325255943,0.0
BR_1.0-1.5,hybrid,0.98,50,True,-1.0,0.0,2024-12-01,1.0,1.0,344525.949192261,0.0,4134311.3903071317,525300.0,288315.5325255943,0.0
BR_1.0-1.5,hybrid,0.98,10,False,-1.0,0.0,2024-12-01,1.0,1.0,332797.5979787114,0.0,3993571.1757445373,525300.0,284347.84695123247,0.0
BR_1.0-1.5,mitra,0.9,2,True,-1.0,0.0,2024-12-01,1.0,1.0,189426.03858355802,0.0,2273112.463002696,525300.0,191607.288583558,0.0
BR_1.0-1.5,mitra,0.9,5,True,-1.0,0.0,2024-12-01,1.0,1.0,189426.03858355802,0.0,2273112.463002696,525300.0,191607.288583558,0.0
BR_1.0-1.5,mitra,0.9,10,True,-1.0,0.0,2024-12-01,1.0,1.0,189426.03858355802,0.0,2273112.463002696,525300.0,191607.288583558,0.0
BR_1.0-1.5,mitra,0.9,20,True,-1.0,0.0,2024-12-01,1.0,1.0,189426.03858355802,0.0,2273112.463002696,525300.0,191607.288583558,0.0
BR_1.0-1.5,mitra,0.9,50,True,-1.0,0.0,2024-12-01,1.0,1.0,189426.03858355802,0.0,2273112.463002696,525300.0,191607.288583558,0.0
BR_1.0-1.5,mitra,0.9,10,False,-1.0,0.0,2024-12-01,1.0,1.0,177150.6076818195,0.0,2125807.292181834,525300.0,181787.8155336635,0.0
BR_1.0-1.5,mitra,0.95,2,True,-1.0,0.0,2024-12-01,1.0,1.0,253885.71433449947,0.0,3046628.5720139937,525300.0,251896.13100116618,0.0
BR_1.0-1.5,mitra,0.95,5,True,-1.0,0.0,2024-12-01,1.0,1.0,253885.71433449947,0.0,3046628.5720139937,525300.0,251896.13100116618,0.0
BR_1.0-1.5,mitra,0.95,10,True,-1.0,0.0,2024-12-01,1.0,1.0,253885.71433449947,0.0,3046628.5720139937,525300.0,251896.13100116618,0.0
BR_1.0-1.5,mitra,0.95,20,True,-1.0,0.0,2024-12-01,1.0,1.0,253885.71433449947,0.0,3046628.5720139937,525300.0,251896.13100116618,0.0
BR_1.0-1.5,mitra,0.95,50,True,-1.0,0.0,2024-12-01,1.0,1.0,253885.71433449947,0.0,3046628.5720139937,525300.0,251896.13100116618,0.0
BR_1.0-1.5,mitra,0.95,10,False,-1.0,0.0,2024-12-01,1.0,1.0,244880.54091954706,0.0,2938566.4910345646,525300.0,241567.8012026553,0.0
BR_1.0-1.5,mitra,0.98,2,True,-1.0,0.0,2024-12-01,1.0,1.0,331103.53027261735,0.0,3973242.3632714082,525300.0,316601.44693928404,0.0
BR_1.0-1.5,mitra,0.98,5,True,-1.0,0.0,2024-12-01,1.0,1.0,331103.53027261735,0.0,3973242.3632714082,525300.0,316601.44693928404,0.0
BR_1.0-1.5,mitra,0.98,10,True,-1.0,0.0,2024-12-01,1.0,1.0,331103.53027261735,0.0,3973242.3632714082,525300.0,316601.44693928404,0.0
BR_1.0-1.5,mitra,0.98,20,True,-1.0,0.0,2024-12-01,1.0,1.0,331103.53027261735,0.0,3973242.3632714082,525300.0,316601.44693928404,0.0
BR_1.0-1.5,mitra,0.98,50,True,-1.0,0.0,2024-12-01,1.0,1.0,331103.53027261735,0.0,3973242.3632714082,525300.0,316601.44693928404,0.0
BR_1.0-1.5,mitra,0.98,10,False,-1.0,0.0,2024-12-01,1.0,1.0,321093.02841633494,0.0,3853116.3409960195,525300.0,308834.682957359,0.0
BR_1.0-1.5,naive,0.9,2,True,-1.0,0.0,2024-12-01,1.0,1.0,531086.2366131122,0.0,6373034.839357345,525300.0,606257.0699464454,0.0
BR_1.0-1.5,naive,0.9,5,True,-1.0,0.0,2024-12-01,1.0,1.0,531086.2366131122,0.0,6373034.839357345,525300.0,606257.0699464454,0.0
BR_1.0-1.5,naive,0.9,10,True,-1.0,0.0,2024-12-01,1.0,1.0,531086.2366131122,0.0,6373034.839357345,525300.0,606257.0699464454,0.0
BR_1.0-1.5,naive,0.9,20,True,-1.0,0.0,2024-12-01,1.0,1.0,531086.2366131122,0.0,6373034.839357345,525300.0,606257.0699464454,0.0
BR_1.0-1.5,naive,0.9,50,True,-1.0,0.0,2024-12-01,1.0,1.0,531086.2366131122,0.0,6373034.839357345,525300.0,606257.0699464454,0.0
BR_1.0-1.5,naive,0.9,10,False,-1.0,0.0,2024-12-01,1.0,1.0,520047.7672442339,0.0,6240573.206930807,525300.0,584481.1009674527,0.0
BR_1.0-1.5,naive,0.95,2,True,-1.0,0.0,2024-12-01,1.0,1.0,604314.6393998972,0.0,7251775.672798766,525300.0,675314.6393998971,0.0
BR_1.0-1.5,naive,0.95,5,True,-1.0,0.0,2024-12-01,1.0,1.0,604314.6393998972,0.0,7251775.672798766,525300.0,675314.6393998971,0.0
BR_1.0-1.5,naive,0.95,10,True,-1.0,0.0,2024-12-01,1.0,1.0,604314.6393998972,0.0,7251775.672798766,525300.0,675314.6393998971,0.0
BR_1.0-1.5,naive,0.95,20,True,-1.0,0.0,2024-12-01,1.0,1.0,604314.6393998972,0.0,7251775.672798766,525300.0,675314.6393998971,0.0
BR_1.0-1.5,naive,0.95,50,True,-1.0,0.0,2024-12-01,1.0,1.0,604314.6393998972,0.0,7251775.672798766,525300.0,675314.6393998971,0.0
BR_1.0-1.5,naive,0.95,10,False,-1.0,0.0,2024-12-01,1.0,1.0,584134.0603269668,0.0,7009608.723923601,525300.0,657987.5823044344,0.0
BR_1.0-1.5,naive,0.98,2,True,-1.0,0.0,2024-12-01,1.0,1.0,664288.9685151489,0.0,7971467.622181786,525300.0,749886.8851818156,0.0
BR_1.0-1.5,naive,0.98,5,True,-1.0,0.0,2024-12-01,1.0,1.0,664288.9685151489,0.0,7971467.622181786,525300.0,749886.8851818156,0.0
BR_1.0-1.5,naive,0.98,10,True,-1.0,0.0,2024-12-01,1.0,1.0,664288.9685151489,0.0,7971467.622181786,525300.0,749886.8851818156,0.0
BR_1.0-1.5,naive,0.98,20,True,-1.0,0.0,2024-12-01,1.0,1.0,664288.9685151489,0.0,7971467.622181786,525300.0,749886.8851818156,0.0
BR_1.0-1.5,naive,0.98,50,True,-1.0,0.0,2024-12-01,1.0,1.0,664288.9685151489,0.0,7971467.622181786,525300.0,749886.8851818156,0.0
BR_1.0-1.5,naive,0.98,10,False,-1.0,0.0,2024-12-01,1.0,1.0,656246.5750867274,0.0,7874958.901040729,525300.0,740700.077681693,0.0
BR_1.0-1.5,rf,0.9,2,True,-1.0,0.0,2024-12-01,1.0,1.0,221174.89128020694,0.0,2654098.695362483,525300.0,198331.14128020697,0.0
BR_1.0-1.5,rf,0.9,5,True,-1.0,0.0,2024-12-01,1.0,1.0,221174.89128020694,0.0,2654098.695362483,525300.0,198331.14128020697,0.0
BR_1.0-1.5,rf,0.9,10,True,-1.0,0.0,2024-12-01,1.0,1.0,221174.89128020694,0.0,2654098.695362483,525300.0,198331.14128020697,0.0
BR_1.0-1.5,rf,0.9,20,True,-1.0,0.0,2024-12-01,1.0,1.0,221174.89128020694,0.0,2654098.695362483,525300.0,198331.14128020697,0.0
BR_1.0-1.5,rf,0.9,50,True,-1.0,0.0,2024-12-01,1.0,1.0,221174.89128020694,0.0,2654098.695362483,525300.0,198331.14128020697,0.0
BR_1.0-1.5,rf,0.9,10,False,-1.0,0.0,2024-12-01,1.0,1.0,213044.4817771064,0.0,2556533.781325277,525300.0,197149.91547875118,0.0
BR_1.0-1.5,rf,0.95,2,True,-1.0,0.0,2024-12-01,1.0,1.0,275977.7783519137,0.0,3311733.340222964,525300.0,263561.1116852469,0.0
BR_1.0-1.5,rf,0.95,5,True,-1.0,0.0,2024-12-01,1.0,1.0,275977.7783519137,0.0,3311733.340222964,525300.0,263561.1116852469,0.0
BR_1.0-1.5,rf,0.95,10,True,-1.0,0.0,2024-12-01,1.0,1.0,275977.7783519137,0.0,3311733.340222964,525300.0,263561.1116852469,0.0
BR_1.0-1.5,rf,0.95,20,True,-1.0,0.0,2024-12-01,1.0,1.0,275977.7783519137,0.0,3311733.340222964,525300.0,263561.1116852469,0.0
BR_1.0-1.5,rf,0.95,50,True,-1.0,0.0,2024-12-01,1.0,1.0,275977.7783519137,0.0,3311733.340222964,525300.0,263561.1116852469,0.0
BR_1.0-1.5,rf,0.95,10,False,-1.0,0.0,2024-12-01,1.0,1.0,259824.9270682447,0.0,3117899.1248189365,525300.0,245861.2014419458,0.0
BR_1.0-1.5,rf,0.98,2,True,-1.0,0.0,2024-12-01,1.0,1.0,326425.5677864865,0.0,3917106.8134378386,525300.0,305667.23445315316,0.0
BR_1.0-1.5,rf,0.98,5,True,-1.0,0.0,2024-12-01,1.0,1.0,326425.5677864865,0.0,3917106.8134378386,525300.0,305667.23445315316,0.0
BR_1.0-1.5,rf,0.98,10,True,-1.0,0.0,2024-12-01,1.0,1.0,326425.5677864865,0.0,3917106.8134378386,525300.0,305667.23445315316,0.0
BR_1.0-1.5,rf,0.98,20,True,-1.0,0.0,2024-12-01,1.0,1.0,326425.5677864865,0.0,3917106.8134378386,525300.0,305667.23445315316,0.0
BR_1.0-1.5,rf,0.98,50,True,-1.0,0.0,2024-12-01,1.0,1.0,326425.5677864865,0.0,3917106.8134378386,525300.0,305667.23445315316,0.0
BR_1.0-1.5,rf,0.98,10,False,-1.0,0.0,2024-12-01,1.0,1.0,312464.1949873675,0.0,3749570.33984841,525300.0,300673.1301558296,0.0
BR_1.0-1.5,sba,0.9,2,True,-1.0,0.0,2024-12-01,1.0,1.0,155626.944814221,0.0,1867523.337770652,525300.0,182833.194814221,0.0
BR_1.0-1.5,sba,0.9,5,True,-1.0,0.0,2024-12-01,1.0,1.0,155626.944814221,0.0,1867523.337770652,525300.0,182833.194814221,0.0
BR_1.0-1.5,sba,0.9,10,True,-1.0,0.0,2024-12-01,1.0,1.0,155626.944814221,0.0,1867523.337770652,525300.0,182833.194814221,0.0
BR_1.0-1.5,sba,0.9,20,True,-1.0,0.0,2024-12-01,1.0,1.0,155626.944814221,0.0,1867523.337770652,525300.0,182833.194814221,0.0
BR_1.0-1.5,sba,0.9,50,True,-1.0,0.0,2024-12-01,1.0,1.0,155626.944814221,0.0,1867523.337770652,525300.0,182833.194814221,0.0
BR_1.0-1.5,sba,0.9,10,False,-1.0,0.0,2024-12-01,1.0,1.0,136759.403055919,0.0,1641112.8366710283,525300.0,167399.61679892114,0.0
BR_1.0-1.5,sba,0.95,2,True,-1.0,0.0,2024-12-01,1.0,1.0,186439.8179728604,0.0,2237277.8156743245,525300.0,209475.23463952704,0.0
BR_1.0-1.5,sba,0.95,5,True,-1.0,0.0,2024-12-01,1.0,1.0,186439.8179728604,0.0,2237277.8156743245,525300.0,209475.23463952704,0.0
BR_1.0-1.5,sba,0.95,10,True,-1.0,0.0,2024-12-01,1.0,1.0,186439.8179728604,0.0,2237277.8156743245,525300.0,209475.23463952704,0.0
BR_1.0-1.5,sba,0.95,20,True,-1.0,0.0,2024-12-01,1.0,1.0,186439.8179728604,0.0,2237277.8156743245,525300.0,209475.23463952704,0.0
BR_1.0-1.5,sba,0.95,50,True,-1.0,0.0,2024-12-01,1.0,1.0,186439.8179728604,0.0,2237277.8156743245,525300.0,209475.23463952704,0.0
BR_1.0-1.5,sba,0.95,10,False,-1.0,0.0,2024-12-01,1.0,1.0,176907.0351721552,0.0,2122884.4220658625,525300.0,203610.21414188773,0.0
BR_1.0-1.5,sba,0.98,2,True,-1.0,0.0,2024-12-01,1.0,1.0,237272.69611925483,0.0,2847272.353431058,525300.0,264478.9461192548,0.0
BR_1.0-1.5,sba,0.98,5,True,-1.0,0.0,2024-12-01,1.0,1.0,237272.69611925483,0.0,2847272.353431058,525300.0,264478.9461192548,0.0
BR_1.0-1.5,sba,0.98,10,True,-1.0,0.0,2024-12-01,1.0,1.0,237272.69611925483,0.0,2847272.353431058,525300.0,264478.9461192548,0.0
BR_1.0-1.5,sba,0.98,20,True,-1.0,0.0,2024-12-01,1.0,1.0,237272.69611925483,0.0,2847272.353431058,525300.0,264478.9461192548,0.0
BR_1.0-1.5,sba,0.98,50,True,-1.0,0.0,2024-12-01,1.0,1.0,237272.69611925483,0.0,2847272.353431058,525300.0,264478.9461192548,0.0
BR_1.0-1.5,sba,0.98,10,False,-1.0,0.0,2024-12-01,1.0,1.0,222082.79077115704,0.0,2664993.4892538846,525300.0,244355.85739485978,0.0
BR_1.0-1.5,ses,0.9,2,True,-1.0,0.0,2024-12-01,1.0,1.0,185792.74516488708,0.0,2229512.941978645,525300.0,219255.2451648871,0.0
BR_1.0-1.5,ses,0.9,5,True,-1.0,0.0,2024-12-01,1.0,1.0,185792.74516488708,0.0,2229512.941978645,525300.0,219255.2451648871,0.0
BR_1.0-1.5,ses,0.9,10,True,-1.0,0.0,2024-12-01,1.0,1.0,185792.74516488708,0.0,2229512.941978645,525300.0,219255.2451648871,0.0
BR_1.0-1.5,ses,0.9,20,True,-1.0,0.0,2024-12-01,1.0,1.0,185792.74516488708,0.0,2229512.941978645,525300.0,219255.2451648871,0.0
BR_1.0-1.5,ses,0.9,50,True,-1.0,0.0,2024-12-01,1.0,1.0,185792.74516488708,0.0,2229512.941978645,525300.0,219255.2451648871,0.0
BR_1.0-1.5,ses,0.9,10,False,-1.0,0.0,2024-12-01,1.0,1.0,177208.46169436126,0.0,2126501.540332335,525300.0,211996.6758924632,0.0
BR_1.0-1.5,ses,0.95,2,True,-1.0,0.0,2024-12-01,1.0,1.0,237403.7892017602,0.0,2848845.4704211224,525300.0,258353.7892017602,0.0
BR_1.0-1.5,ses,0.95,5,True,-1.0,0.0,2024-12-01,1.0,1.0,237403.7892017602,0.0,2848845.4704211224,525300.0,258353.7892017602,0.0
BR_1.0-1.5,ses,0.95,10,True,-1.0,0.0,2024-12-01,1.0,1.0,237403.7892017602,0.0,2848845.4704211224,525300.0,258353.7892017602,0.0
BR_1.0-1.5,ses,0.95,20,True,-1.0,0.0,2024-12-01,1.0,1.0,237403.7892017602,0.0,2848845.4704211224,525300.0,258353.7892017602,0.0
BR_1.0-1.5,ses,0.95,50,True,-1.0,0.0,2024-12-01,1.0,1.0,237403.7892017602,0.0,2848845.4704211224,525300.0,258353.7892017602,0.0
BR_1.0-1.5,ses,0.95,10,False,-1.0,0.0,2024-12-01,1.0,1.0,224637.33266866565,0.0,2695647.9920239877,525300.0,254419.88912157563,0.0
BR_1.0-1.5,ses,0.98,2,True,-1.0,0.0,2024-12-01,1.0,1.0,290777.41582513956,0.0,3489328.989901675,525300.0,324239.9158251395,0.0
BR_1.0-1.5,ses,0.98,5,True,-1.0,0.0,2024-12-01,1.0,1.0,290777.41582513956,0.0,3489328.989901675,525300.0,324239.9158251395,0.0
BR_1.0-1.5,ses,0.98,10,True,-1.0,0.0,2024-12-01,1.0,1.0,290777.41582513956,0.0,3489328.989901675,525300.0,324239.9158251395,0.0
BR_1.0-1.5,ses,0.98,20,True,-1.0,0.0,2024-12-01,1.0,1.0,290777.41582513956,0.0,3489328.989901675,525300.0,324239.9158251395,0.0
BR_1.0-1.5,ses,0.98,50,True,-1.0,0.0,2024-12-01,1.0,1.0,290777.41582513956,0.0,3489328.989901675,525300.0,324239.9158251395,0.0
BR_1.0-1.5,ses,0.98,10,False,-1.0,0.0,2024-12-01,1.0,1.0,278890.6930699272,0.0,3346688.3168391264,525300.0,302156.22154123196,0.0
BR_1.0-1.5,tsb,0.9,2,True,-1.0,0.0,2024-12-01,1.0,1.0,183899.12255344633,0.0,2206789.470641356,525300.0,217361.62255344633,0.0
BR_1.0-1.5,tsb,0.9,5,True,-1.0,0.0,2024-12-01,1.0,1.0,183899.12255344633,0.0,2206789.470641356,525300.0,217361.62255344633,0.0
BR_1.0-1.5,tsb,0.9,10,True,-1.0,0.0,2024-12-01,1.0,1.0,183899.12255344633,0.0,2206789.470641356,525300.0,217361.62255344633,0.0
BR_1.0-1.5,tsb,0.9,20,True,-1.0,0.0,2024-12-01,1.0,1.0,183899.12255344633,0.0,2206789.470641356,525300.0,217361.62255344633,0.0
BR_1.0-1.5,tsb,0.9,50,True,-1.0,0.0,2024-12-01,1.0,1.0,183899.12255344633,0.0,2206789.470641356,525300.0,217361.62255344633,0.0
BR_1.0-1.5,tsb,0.9,10,False,-1.0,0.0,2024-12-01,1.0,1.0,165081.19723911895,0.0,1980974.3668694275,525300.0,195034.2357599184,0.0
BR_1.0-1.5,tsb,0.95,2,True,-1.0,0.0,2024-12-01,1.0,1.0,217489.48547731814,0.0,2609873.8257278176,525300.0,232183.23547731817,0.0
BR_1.0-1.5,tsb,0.95,5,True,-1.0,0.0,2024-12-01,1.0,1.0,217489.48547731814,0.0,2609873.8257278176,525300.0,232183.23547731817,0.0
BR_1.0-1.5,tsb,0.95,10,True,-1.0,0.0,2024-12-01,1.0,1.0,217489.48547731814,0.0,2609873.8257278176,525300.0,232183.23547731817,0.0
BR_1.0-1.5,tsb,0.95,20,True,-1.0,0.0,2024-12-01,1.0,1.0,217489.48547731814,0.0,2609873.8257278176,525300.0,232183.23547731817,0.0
BR_1.0-1.5,tsb,0.95,50,True,-1.0,0.0,2024-12-01,1.0,1.0,217489.48547731814,0.0,2609873.8257278176,525300.0,232183.23547731817,0.0
BR_1.0-1.5,tsb,0.95,10,False,-1.0,0.0,2024-12-01,1.0,1.0,207246.46501134383,0.0,2486957.580136126,525300.0,231322.0000747089,0.0
BR_1.0-1.5,tsb,0.98,2,True,-1.0,0.0,2024-12-01,1.0,1.0,263363.20310263836,0.0,3160358.4372316604,525300.0,273886.11976930505,0.0
BR_1.0-1.5,tsb,0.98,5,True,-1.0,0.0,2024-12-01,1.0,1.0,263363.20310263836,0.0,3160358.4372316604,525300.0,273886.11976930505,0.0
BR_1.0-1.5,tsb,0.98,10,True,-1.0,0.0,2024-12-01,1.0,1.0,263363.20310263836,0.0,3160358.4372316604,525300.0,273886.11976930505,0.0
BR_1.0-1.5,tsb,0.98,20,True,-1.0,0.0,2024-12-01,1.0,1.0,263363.20310263836,0.0,3160358.4372316604,525300.0,273886.11976930505,0.0
BR_1.0-1.5,tsb,0.98,50,True,-1.0,0.0,2024-12-01,1.0,1.0,263363.20310263836,0.0,3160358.4372316604,525300.0,273886.11976930505,0.0
BR_1.0-1.5,tsb,0.98,10,False,-1.0,0.0,2024-12-01,1.0,1.0,254692.54666640997,0.0,3056310.5599969197,525300.0,272154.47475647705,0.0
BR_1.0-1.5,xgb,0.9,2,True,-1.0,0.0,2024-12-01,1.0,1.0,139967.06546057013,0.0,1679604.7855268414,525300.0,129635.8154605701,100100.0
BR_1.0-1.5,xgb,0.9,5,True,-1.0,0.0,2024-12-01,1.0,1.0,139967.06546057013,0.0,1679604.7855268414,525300.0,129635.8154605701,100100.0
BR_1.0-1.5,xgb,0.9,10,True,-1.0,0.0,2024-12-01,1.0,1.0,139967.06546057013,0.0,1679604.7855268414,525300.0,129635.8154605701,100100.0
BR_1.0-1.5,xgb,0.9,20,True,-1.0,0.0,2024-12-01,1.0,1.0,139967.06546057013,0.0,1679604.7855268414,525300.0,129635.8154605701,100100.0
BR_1.0-1.5,xgb,0.9,50,True,-1.0,0.0,2024-12-01,1.0,1.0,139967.06546057013,0.0,1679604.7855268414,525300.0,129635.8154605701,100100.0
BR_1.0-1.5,xgb,0.9,10,False,-1.0,0.0,2024-12-01,1.0,1.0,129258.53226722195,0.0,1551102.3872066634,525300.0,116123.1184153395,111056.93703125024
BR_1.0-1.5,xgb,0.95,2,True,-1.0,0.0,2024-12-01,1.0,1.0,220733.25367458854,0.0,2648799.0440950627,525300.0,197889.50367458852,100100.0
BR_1.0-1.5,xgb,0.95,5,True,-1.0,0.0,2024-12-01,1.0,1.0,220733.25367458854,0.0,2648799.0440950627,525300.0,197889.50367458852,100100.0
BR_1.0-1.5,xgb,0.95,10,True,-1.0,0.0,2024-12-01,1.0,1.0,220733.25367458854,0.0,2648799.0440950627,525300.0,197889.50367458852,100100.0
BR_1.0-1.5,xgb,0.95,20,True,-1.0,0.0,2024-12-01,1.0,1.0,220733.25367458854,0.0,2648799.0440950627,525300.0,197889.50367458852,100100.0
BR_1.0-1.5,xgb,0.95,50,True,-1.0,0.0,2024-12-01,1.0,1.0,220733.25367458854,0.0,2648799.0440950627,525300.0,197889.50367458852,100100.0
BR_1.0-1.5,xgb,0.95,10,False,-1.0,0.0,2024-12-01,1.0,1.0,210860.54881833223,0.0,2530326.5858199866,525300.0,190026.10037107905,104799.5099656771
BR_1.0-1.5,xgb,0.98,2,True,-1.0,0.0,2024-12-01,1.0,1.0,319425.93944912957,0.0,3833111.2733895546,525300.0,296582.1894491295,75075.0
BR_1.0-1.5,xgb,0.98,5,True,-1.0,0.0,2024-12-01,1.0,1.0,319425.93944912957,0.0,3833111.2733895546,525300.0,296582.1894491295,75075.0
BR_1.0-1.5,xgb,0.98,10,True,-1.0,0.0,2024-12-01,1.0,1.0,319425.93944912957,0.0,3833111.2733895546,525300.0,296582.1894491295,75075.0
BR_1.0-1.5,xgb,0.98,20,True,-1.0,0.0,2024-12-01,1.0,1.0,319425.93944912957,0.0,3833111.2733895546,525300.0,296582.1894491295,75075.0
BR_1.0-1.5,xgb,0.98,50,True,-1.0,0.0,2024-12-01,1.0,1.0,319425.93944912957,0.0,3833111.2733895546,525300.0,296582.1894491295,75075.0
BR_1.0-1.5,xgb,0.98,10,False,-1.0,0.0,2024-12-01,1.0,1.0,302967.8514323759,0.0,3635614.2171885106,525300.0,276609.3183907991,94333.83347940055
BR_1.7-2.2,arima,0.9,2,True,-1.0,0.0,2024-12-01,1.0,1.0,252351.04196265107,0.0,3028212.503551813,700550.0,185696.87529598433,0.0
BR_1.7-2.2,arima,0.9,5,True,-1.0,0.0,2024-12-01,1.0,1.0,252351.04196265107,0.0,3028212.503551813,700550.0,185696.87529598433,0.0
BR_1.7-2.2,arima,0.9,10,True,-1.0,0.0,2024-12-01,1.0,1.0,252351.04196265107,0.0,3028212.503551813,700550.0,185696.87529598433,0.0
BR_1.7-2.2,arima,0.9,20,True,-1.0,0.0,2024-12-01,1.0,1.0,252351.04196265107,0.0,3028212.503551813,700550.0,185696.87529598433,0.0
BR_1.7-2.2,arima,0.9,50,True,-1.0,0.0,2024-12-01,1.0,1.0,252351.04196265107,0.0,3028212.503551813,700550.0,185696.87529598433,0.0
BR_1.7-2.2,arima,0.9,10,False,-1.0,0.0,2024-12-01,1.0,1.0,236581.96994052138,0.0,2838983.6392862564,700550.0,167527.60429540998,0.0
BR_1.7-2.2,arima,0.95,2,True,-1.0,0.0,2024-12-01,1.0,1.0,314850.4949984374,0.0,3778205.939981249,700550.0,244025.49499843747,0.0
BR_1.7-2.2,arima,0.95,5,True,-1.0,0.0,2024-12-01,1.0,1.0,314850.4949984374,0.0,3778205.939981249,700550.0,244025.49499843747,0.0
BR_1.7-2.2,arima,0.95,10,True,-1.0,0.0,2024-12-01,1.0,1.0,314850.4949984374,0.0,3778205.939981249,700550.0,244025.49499843747,0.0
BR_1.7-2.2,arima,0.95,20,True,-1.0,0.0,2024-12-01,1.0,1.0,314850.4949984374,0.0,3778205.939981249,700550.0,244025.49499843747,0.0
BR_1.7-2.2,arima,0.95,50,True,-1.0,0.0,2024-12-01,1.0,1.0,314850.4949984374,0.0,3778205.939981249,700550.0,244025.49499843747,0.0
BR_1.7-2.2,arima,0.95,10,False,-1.0,0.0,2024-12-01,1.0,1.0,298489.8943222042,0.0,3581878.731866451,700550.0,222499.4387150883,0.0
BR_1.7-2.2,arima,0.98,2,True,-1.0,0.0,2024-12-01,1.0,1.0,381520.92160004174,0.0,4578251.059200501,700550.0,306525.0882667084,0.0
BR_1.7-2.2,arima,0.98,5,True,-1.0,0.0,2024-12-01,1.0,1.0,381520.92160004174,0.0,4578251.059200501,700550.0,306525.0882667084,0.0
BR_1.7-2.2,arima,0.98,10,True,-1.0,0.0,2024-12-01,1.0,1.0,381520.92160004174,0.0,4578251.059200501,700550.0,306525.0882667084,0.0
BR_1.7-2.2,arima,0.98,20,True,-1.0,0.0,2024-12-01,1.0,1.0,381520.92160004174,0.0,4578251.059200501,700550.0,306525.0882667084,0.0
BR_1.7-2.2,arima,0.98,50,True,-1.0,0.0,2024-12-01,1.0,1.0,381520.92160004174,0.0,4578251.059200501,700550.0,306525.0882667084,0.0
BR_1.7-2.2,arima,0.98,10,False,-1.0,0.0,2024-12-01,1.0,1.0,368151.2196380093,0.0,4417814.635656112,700550.0,284355.99228173983,0.0
BR_1.7-2.2,croston,0.9,2,True,-1.0,0.0,2024-12-01,1.0,1.0,267453.5382070504,0.0,3209442.458484605,700550.0,190372.2882070504,0.0
BR_1.7-2.2,croston,0.9,5,True,-1.0,0.0,2024-12-01,1.0,1.0,267453.5382070504,0.0,3209442.458484605,700550.0,190372.2882070504,0.0
BR_1.7-2.2,croston,0.9,10,True,-1.0,0.0,2024-12-01,1.0,1.0,267453.5382070504,0.0,3209442.458484605,700550.0,190372.2882070504,0.0
BR_1.7-2.2,croston,0.9,20,True,-1.0,0.0,2024-12-01,1.0,1.0,267453.5382070504,0.0,3209442.458484605,700550.0,190372.2882070504,0.0
BR_1.7-2.2,croston,0.9,50,True,-1.0,0.0,2024-12-01,1.0,1.0,267453.5382070504,0.0,3209442.458484605,700550.0,190372.2882070504,0.0
BR_1.7-2.2,croston,0.9,10,False,-1.0,0.0,2024-12-01,1.0,1.0,256640.2309403231,0.0,3079682.771283877,700550.0,170744.84280985605,0.0
BR_1.7-2.2,croston,0.95,2,True,-1.0,0.0,2024-12-01,1.0,1.0,336634.58147678996,0.0,4039614.9777214797,700550.0,251211.66481012327,0.0
BR_1.7-2.2,croston,0.95,5,True,-1.0,0.0,2024-12-01,1.0,1.0,336634.58147678996,0.0,4039614.9777214797,700550.0,251211.66481012327,0.0
BR_1.7-2.2,croston,0.95,10,True,-1.0,0.0,2024-12-01,1.0,1.0,336634.58147678996,0.0,4039614.9777214797,700550.0,251211.66481012327,0.0
BR_1.7-2.2,croston,0.95,20,True,-1.0,0.0,2024-12-01,1.0,1.0,336634.58147678996,0.0,4039614.9777214797,700550.0,251211.66481012327,0.0
BR_1.7-2.2,croston,0.95,50,True,-1.0,0.0,2024-12-01,1.0,1.0,336634.58147678996,0.0,4039614.9777214797,700550.0,251211.66481012327,0.0
BR_1.7-2.2,croston,0.95,10,False,-1.0,0.0,2024-12-01,1.0,1.0,321963.76504160446,0.0,3863565.180499254,700550.0,226815.2792530012,0.0
BR_1.7-2.2,croston,0.98,2,True,-1.0,0.0,2024-12-01,1.0,1.0,404044.79763516085,0.0,4848537.57162193,700550.0,291511.4643018276,0.0
BR_1.7-2.2,croston,0.98,5,True,-1.0,0.0,2024-12-01,1.0,1.0,404044.79763516085,0.0,4848537.57162193,700550.0,291511.4643018276,0.0
BR_1.7-2.2,croston,0.98,10,True,-1.0,0.0,2024-12-01,1.0,1.0,404044.79763516085,0.0,4848537.57162193,700550.0,291511.4643018276,0.0
BR_1.7-2.2,croston,0.98,20,True,-1.0,0.0,2024-12-01,1.0,1.0,404044.79763516085,0.0,4848537.57162193,700550.0,291511.4643018276,0.0
BR_1.7-2.2,croston,0.98,50,True,-1.0,0.0,2024-12-01,1.0,1.0,404044.79763516085,0.0,4848537.57162193,700550.0,291511.4643018276,0.0
BR_1.7-2.2,croston,0.98,10,False,-1.0,0.0,2024-12-01,1.0,1.0,395468.4739339905,0.0,4745621.687207886,700550.0,289908.02469191607,0.0
BR_1.7-2.2,hybrid,0.9,2,True,-1.0,0.0,2024-12-01,1.0,1.0,393884.07856833556,0.0,4726608.942820027,700550.0,204190.3285683355,0.0
BR_1.7-2.2,hybrid,0.9,5,True,-1.0,0.0,2024-12-01,1.0,1.0,393884.07856833556,0.0,4726608.942820027,700550.0,204190.3285683355,0.0
BR_1.7-2.2,hybrid,0.9,10,True,-1.0,0.0,2024-12-01,1.0,1.0,393884.07856833556,0.0,4726608.942820027,700550.0,204190.3285683355,0.0
BR_1.7-2.2,hybrid,0.9,20,True,-1.0,0.0,2024-12-01,1.0,1.0,393884.07856833556,0.0,4726608.942820027,700550.0,204190.3285683355,0.0
BR_1.7-2.2,hybrid,0.9,50,True,-1.0,0.0,2024-12-01,1.0,1.0,393884.07856833556,0.0,4726608.942820027,700550.0,204190.3285683355,0.0
BR_1.7-2.2,hybrid,0.9,10,False,-1.0,0.0,2024-12-01,1.0,1.0,386385.56300095934,0.0,4636626.756011512,700550.0,202969.53477716283,0.0
BR_1.7-2.2,hybrid,0.95,2,True,-1.0,0.0,2024-12-01,1.0,1.0,493972.26415859006,0.0,5927667.169903081,700550.0,320961.84749192325,0.0
BR_1.7-2.2,hybrid,0.95,5,True,-1.0,0.0,2024-12-01,1.0,1.0,493972.26415859006,0.0,5927667.169903081,700550.0,320961.84749192325,0.0
BR_1.7-2.2,hybrid,0.95,10,True,-1.0,0.0,2024-12-01,1.0,1.0,493972.26415859006,0.0,5927667.169903081,700550.0,320961.84749192325,0.0
BR_1.7-2.2,hybrid,0.95,20,True,-1.0,0.0,2024-12-01,1.0,1.0,493972.26415859006,0.0,5927667.169903081,700550.0,320961.84749192325,0.0
BR_1.7-2.2,hybrid,0.95,50,True,-1.0,0.0,2024-12-01,1.0,1.0,493972.26415859006,0.0,5927667.169903081,700550.0,320961.84749192325,0.0
BR_1.7-2.2,hybrid,0.95,10,False,-1.0,0.0,2024-12-01,1.0,1.0,482754.84763592755,0.0,5793058.17163113,700550.0,308092.020048124,0.0
BR_1.7-2.2,hybrid,0.98,2,True,-1.0,0.0,2024-12-01,1.0,1.0,614929.209344284,0.0,7379150.512131408,700550.0,446089.62601095065,0.0
BR_1.7-2.2,hybrid,0.98,5,True,-1.0,0.0,2024-12-01,1.0,1.0,614929.209344284,0.0,7379150.512131408,700550.0,446089.62601095065,0.0
BR_1.7-2.2,hybrid,0.98,10,True,-1.0,0.0,2024-12-01,1.0,1.0,614929.209344284,0.0,7379150.512131408,700550.0,446089.62601095065,0.0
BR_1.7-2.2,hybrid,0.98,20,True,-1.0,0.0,2024-12-01,1.0,1.0,614929.209344284,0.0,7379150.512131408,700550.0,446089.62601095065,0.0
BR_1.7-2.2,hybrid,0.98,50,True,-1.0,0.0,2024-12-01,1.0,1.0,614929.209344284,0.0,7379150.512131408,700550.0,446089.62601095065,0.0
BR_1.7-2.2,hybrid,0.98,10,False,-1.0,0.0,2024-12-01,1.0,1.0,599778.5736796961,0.0,7197342.884156353,700550.0,426380.1344956027,0.0
BR_1.7-2.2,mitra,0.9,2,True,-1.0,0.0,2024-12-01,0.9917884204360027,0.6666666666666666,68453.07414018404,479.385171963193,832942.133809325,700550.0,0.0,75075.0
BR_1.7-2.2,mitra,0.9,5,True,-1.0,0.0,2024-12-01,0.9917884204360027,0.6666666666666666,68453.07414018404,479.385171963193,850200.0,700550.0,0.0,75075.0
BR_1.7-2.2,mitra,0.9,10,True,-1.0,0.0,2024-12-01,0.9917884204360027,0.6666666666666666,68453.07414018404,479.385171963193,878963.1103177916,700550.0,0.0,75075.0
BR_1.7-2.2,mitra,0.9,20,True,-1.0,0.0,2024-12-01,0.9917884204360027,0.6666666666666666,68453.07414018404,479.385171963193,936489.3309533747,700550.0,0.0,75075.0
BR_1.7-2.2,mitra,0.9,50,True,-1.0,0.0,2024-12-01,0.9917884204360027,0.6666666666666666,68453.07414018404,479.385171963193,1109067.9928601242,700550.0,0.0,75075.0
BR_1.7-2.2,mitra,0.9,10,False,-1.0,0.0,2024-12-01,0.9499651451836058,0.6666666666666666,54737.71374479282,2920.993128468748,1007371.7403537636,700550.0,0.0,83042.68272253574
BR_1.7-2.2,mitra,0.95,2,True,-1.0,0.0,2024-12-01,1.0,1.0,92136.69903544516,0.0,1105640.3884253418,700550.0,25482.532368778484,75075.0
BR_1.7-2.2,mitra,0.95,5,True,-1.0,0.0,2024-12-01,1.0,1.0,92136.69903544516,0.0,1105640.3884253418,700550.0,25482.532368778484,75075.0
BR_1.7-2.2,mitra,0.95,10,True,-1.0,0.0,2024-12-01,1.0,1.0,92136.69903544516,0.0,1105640.3884253418,700550.0,25482.532368778484,75075.0
BR_1.7-2.2,mitra,0.95,20,True,-1.0,0.0,2024-12-01,1.0,1.0,92136.69903544516,0.0,1105640.3884253418,700550.0,25482.532368778484,75075.0
BR_1.7-2.2,mitra,0.95,50,True,-1.0,0.0,2024-12-01,1.0,1.0,92136.69903544516,0.0,1105640.3884253418,700550.0,25482.532368778484,75075.0
BR_1.7-2.2,mitra,0.95,10,False,-1.0,0.0,2024-12-01,1.0,1.0,74127.6482539077,0.0,889531.7790468924,700550.0,1699.1867203601287,84126.07682607602
BR_1.7-2.2,mitra,0.98,2,True,-1.0,0.0,2024-12-01,1.0,1.0,108384.49922027295,0.0,1300613.9906432754,700550.0,35474.082553606306,75075.0
BR_1.7-2.2,mitra,0.98,5,True,-1.0,0.0,2024-12-01,1.0,1.0,108384.49922027295,0.0,1300613.9906432754,700550.0,35474.082553606306,75075.0
BR_1.7-2.2,mitra,0.98,10,True,-1.0,0.0,2024-12-01,1.0,1.0,108384.49922027295,0.0,1300613.9906432754,700550.0,35474.082553606306,75075.0
BR_1.7-2.2,mitra,0.98,20,True,-1.0,0.0,2024-12-01,1.0,1.0,108384.49922027295,0.0,1300613.9906432754,700550.0,35474.082553606306,75075.0
BR_1.7-2.2,mitra,0.98,50,True,-1.0,0.0,2024-12-01,1.0,1.0,108384.49922027295,0.0,1300613.9906432754,700550.0,35474.082553606306,75075.0
BR_1.7-2.2,mitra,0.98,10,False,-1.0,0.0,2024-12-01,1.0,1.0,99232.81538367427,0.0,1190793.7846040912,700550.0,22840.241413421463,85345.1561256281
BR_1.7-2.2,naive,0.9,2,True,-1.0,0.0,2024-12-01,1.0,1.0,444093.50636222074,0.0,5329122.076346649,700550.0,341987.25636222074,0.0
BR_1.7-2.2,naive,0.9,5,True,-1.0,0.0,2024-12-01,1.0,1.0,444093.50636222074,0.0,5329122.076346649,700550.0,341987.25636222074,0.0
BR_1.7-2.2,naive,0.9,10,True,-1.0,0.0,2024-12-01,1.0,1.0,444093.50636222074,0.0,5329122.076346649,700550.0,341987.25636222074,0.0
BR_1.7-2.2,naive,0.9,20,True,-1.0,0.0,2024-12-01,1.0,1.0,444093.50636222074,0.0,5329122.076346649,700550.0,341987.25636222074,0.0
BR_1.7-2.2,naive,0.9,50,True,-1.0,0.0,2024-12-01,1.0,1.0,444093.50636222074,0.0,5329122.076346649,700550.0,341987.25636222074,0.0
BR_1.7-2.2,naive,0.9,10,False,-1.0,0.0,2024-12-01,1.0,1.0,437114.8299880214,0.0,5245377.959856257,700550.0,329852.7454375548,0.0
BR_1.7-2.2,naive,0.95,2,True,-1.0,0.0,2024-12-01,1.0,1.0,540238.6298300695,0.0,6482863.557960834,700550.0,425619.8798300694,0.0
BR_1.7-2.2,naive,0.95,5,True,-1.0,0.0,2024-12-01,1.0,1.0,540238.6298300695,0.0,6482863.557960834,700550.0,425619.8798300694,0.0
BR_1.7-2.2,naive,0.95,10,True,-1.0,0.0,2024-12-01,1.0,1.0,540238.6298300695,0.0,6482863.557960834,700550.0,425619.8798300694,0.0
BR_1.7-2.2,naive,0.95,20,True,-1.0,0.0,2024-12-01,1.0,1.0,540238.6298300695,0.0,6482863.557960834,700550.0,425619.8798300694,0.0
BR_1.7-2.2,naive,0.95,50,True,-1.0,0.0,2024-12-01,1.0,1.0,540238.6298300695,0.0,6482863.557960834,700550.0,425619.8798300694,0.0
BR_1.7-2.2,naive,0.95,10,False,-1.0,0.0,2024-12-01,1.0,1.0,534143.2511878093,0.0,6409719.014253711,700550.0,409141.1407383224,0.0
BR_1.7-2.2,naive,0.98,2,True,-1.0,0.0,2024-12-01,1.0,1.0,646870.0283950474,0.0,7762440.340740569,700550.0,500970.0283950474,0.0
BR_1.7-2.2,naive,0.98,5,True,-1.0,0.0,2024-12-01,1.0,1.0,646870.0283950474,0.0,7762440.340740569,700550.0,500970.0283950474,0.0
BR_1.7-2.2,naive,0.98,10,True,-1.0,0.0,2024-12-01,1.0,1.0,646870.0283950474,0.0,7762440.340740569,700550.0,500970.0283950474,0.0
BR_1.7-2.2,naive,0.98,20,True,-1.0,0.0,2024-12-01,1.0,1.0,646870.0283950474,0.0,7762440.340740569,700550.0,500970.0283950474,0.0
BR_1.7-2.2,naive,0.98,50,True,-1.0,0.0,2024-12-01,1.0,1.0,646870.0283950474,0.0,7762440.340740569,700550.0,500970.0283950474,0.0
BR_1.7-2.2,naive,0.98,10,False,-1.0,0.0,2024-12-01,1.0,1.0,643323.5941178211,0.0,7719883.129413853,700550.0,498359.68188600685,0.0
BR_1.7-2.2,rf,0.9,2,True,-1.0,0.0,2024-12-01,1.0,1.0,355070.1561882641,0.0,4260841.874259169,700550.0,240451.40618826414,0.0
BR_1.7-2.2,rf,0.9,5,True,-1.0,0.0,2024-12-01,1.0,1.0,355070.1561882641,0.0,4260841.874259169,700550.0,240451.40618826414,0.0
BR_1.7-2.2,rf,0.9,10,True,-1.0,0.0,2024-12-01,1.0,1.0,355070.1561882641,0.0,4260841.874259169,700550.0,240451.40618826414,0.0
BR_1.7-2.2,rf,0.9,20,True,-1.0,0.0,2024-12-01,1.0,1.0,355070.1561882641,0.0,4260841.874259169,700550.0,240451.40618826414,0.0
BR_1.7-2.2,rf,0.9,50,True,-1.0,0.0,2024-12-01,1.0,1.0,355070.1561882641,0.0,4260841.874259169,700550.0,240451.40618826414,0.0
BR_1.7-2.2,rf,0.9,10,False,-1.0,0.0,2024-12-01,1.0,1.0,341814.60705028387,0.0,4101775.284603406,700550.0,234358.40833502111,0.0
BR_1.7-2.2,rf,0.95,2,True,-1.0,0.0,2024-12-01,1.0,1.0,455617.7680431302,0.0,5467413.216517563,700550.0,320144.85137646354,0.0
BR_1.7-2.2,rf,0.95,5,True,-1.0,0.0,2024-12-01,1.0,1.0,455617.7680431302,0.0,5467413.216517563,700550.0,320144.85137646354,0.0
BR_1.7-2.2,rf,0.95,10,True,-1.0,0.0,2024-12-01,1.0,1.0,455617.7680431302,0.0,5467413.216517563,700550.0,320144.85137646354,0.0
BR_1.7-2.2,rf,0.95,20,True,-1.0,0.0,2024-12-01,1.0,1.0,455617.7680431302,0.0,5467413.216517563,700550.0,320144.85137646354,0.0
BR_1.7-2.2,rf,0.95,50,True,-1.0,0.0,2024-12-01,1.0,1.0,455617.7680431302,0.0,5467413.216517563,700550.0,320144.85137646354,0.0
BR_1.7-2.2,rf,0.95,10,False,-1.0,0.0,2024-12-01,1.0,1.0,444411.39197515504,0.0,5332936.70370186,700550.0,316658.36189160123,0.0
BR_1.7-2.2,rf,0.98,2,True,-1.0,0.0,2024-12-01,1.0,1.0,575524.6023204104,0.0,6906295.227844926,700550.0,431710.01898707706,0.0
BR_1.7-2.2,rf,0.98,5,True,-1.0,0.0,2024-12-01,1.0,1.0,575524.6023204104,0.0,6906295.227844926,700550.0,431710.01898707706,0.0
BR_1.7-2.2,rf,0.98,10,True,-1.0,0.0,2024-12-01,1.0,1.0,575524.6023204104,0.0,6906295.227844926,700550.0,431710.01898707706,0.0
BR_1.7-2.2,rf,0.98,20,True,-1.0,0.0,2024-12-01,1.0,1.0,575524.6023204104,0.0,6906295.227844926,700550.0,431710.01898707706,0.0
BR_1.7-2.2,rf,0.98,50,True,-1.0,0.0,2024-12-01,1.0,1.0,575524.6023204104,0.0,6906295.227844926,700550.0,431710.01898707706,0.0
BR_1.7-2.2,rf,0.98,10,False,-1.0,0.0,2024-12-01,1.0,1.0,559988.6007935898,0.0,6719863.209523078,700550.0,409265.6314042079,0.0
BR_1.7-2.2,sba,0.9,2,True,-1.0,0.0,2024-12-01,1.0,1.0,230483.4783163853,0.0,2765801.7397966236,700550.0,153402.2283163853,0.0
BR_1.7-2.2,sba,0.9,5,True,-1.0,0.0,2024-12-01,1.0,1.0,230483.4783163853,0.0,2765801.7397966236,700550.0,153402.2283163853,0.0
BR_1.7-2.2,sba,0.9,10,True,-1.0,0.0,2024-12-01,1.0,1.0,230483.4783163853,0.0,2765801.7397966236,700550.0,153402.2283163853,0.0
BR_1.7-2.2,sba,0.9,20,True,-1.0,0.0,2024-12-01,1.0,1.0,230483.4783163853,0.0,2765801.7397966236,700550.0,153402.2283163853,0.0
BR_1.7-2.2,sba,0.9,50,True,-1.0,0.0,2024-12-01,1.0,1.0,230483.4783163853,0.0,2765801.7397966236,700550.0,153402.2283163853,0.0
BR_1.7-2.2,sba,0.9,10,False,-1.0,0.0,2024-12-01,1.0,1.0,220469.40912700814,0.0,2645632.9095240976,700550.0,138522.45189963968,0.0
BR_1.7-2.2,sba,0.95,2,True,-1.0,0.0,2024-12-01,1.0,1.0,291230.6682810981,0.0,3494768.0193731766,700550.0,209978.58494776464,0.0
BR_1.7-2.2,sba,0.95,5,True,-1.0,0.0,2024-12-01,1.0,1.0,291230.6682810981,0.0,3494768.0193731766,700550.0,209978.58494776464,0.0
BR_1.7-2.2,sba,0.95,10,True,-1.0,0.0,2024-12-01,1.0,1.0,291230.6682810981,0.0,3494768.0193731766,700550.0,209978.58494776464,0.0
BR_1.7-2.2,sba,0.95,20,True,-1.0,0.0,2024-12-01,1.0,1.0,291230.6682810981,0.0,3494768.0193731766,700550.0,209978.58494776464,0.0
BR_1.7-2.2,sba,0.95,50,True,-1.0,0.0,2024-12-01,1.0,1.0,291230.6682810981,0.0,3494768.0193731766,700550.0,209978.58494776464,0.0
BR_1.7-2.2,sba,0.95,10,False,-1.0,0.0,2024-12-01,1.0,1.0,279634.4014709498,0.0,3355612.8176513975,700550.0,189684.88585346105,0.0
BR_1.7-2.2,sba,0.98,2,True,-1.0,0.0,2024-12-01,1.0,1.0,364271.04356573283,0.0,4371252.522788794,700550.0,270506.4602323995,0.0
BR_1.7-2.2,sba,0.98,5,True,-1.0,0.0,2024-12-01,1.0,1.0,364271.04356573283,0.0,4371252.522788794,700550.0,270506.4602323995,0.0
BR_1.7-2.2,sba,0.98,10,True,-1.0,0.0,2024-12-01,1.0,1.0,364271.04356573283,0.0,4371252.522788794,700550.0,270506.4602323995,0.0
BR_1.7-2.2,sba,0.98,20,True,-1.0,0.0,2024-12-01,1.0,1.0,364271.04356573283,0.0,4371252.522788794,700550.0,270506.4602323995,0.0
BR_1.7-2.2,sba,0.98,50,True,-1.0,0.0,2024-12-01,1.0,1.0,364271.04356573283,0.0,4371252.522788794,700550.0,270506.4602323995,0.0
BR_1.7-2.2,sba,0.98,10,False,-1.0,0.0,2024-12-01,1.0,1.0,346209.2676151926,0.0,4154511.2113823113,700550.0,247254.94641036214,0.0
BR_1.7-2.2,ses,0.9,2,True,-1.0,0.0,2024-12-01,1.0,1.0,239977.40846244633,0.0,2879728.901549356,700550.0,162896.15846244642,0.0
BR_1.7-2.2,ses,0.9,5,True,-1.0,0.0,2024-12-01,1.0,1.0,239977.40846244633,0.0,2879728.901549356,700550.0,162896.15846244642,0.0
BR_1.7-2.2,ses,0.9,10,True,-1.0,0.0,2024-12-01,1.0,1.0,239977.40846244633,0.0,2879728.901549356,700550.0,162896.15846244642,0.0
BR_1.7-2.2,ses,0.9,20,True,-1.0,0.0,2024-12-01,1.0,1.0,239977.40846244633,0.0,2879728.901549356,700550.0,162896.15846244642,0.0
BR_1.7-2.2,ses,0.9,50,True,-1.0,0.0,2024-12-01,1.0,1.0,239977.40846244633,0.0,2879728.901549356,700550.0,162896.15846244642,0.0
BR_1.7-2.2,ses,0.9,10,False,-1.0,0.0,2024-12-01,1.0,1.0,226784.69295608765,0.0,2721416.3154730517,700550.0,145314.34567535698,0.0
BR_1.7-2.2,ses,0.95,2,True,-1.0,0.0,2024-12-01,1.0,1.0,294129.3216303922,0.0,3529551.8595647067,700550.0,198279.32163039222,0.0
BR_1.7-2.2,ses,0.95,5,True,-1.0,0.0,2024-12-01,1.0,1.0,294129.3216303922,0.0,3529551.8595647067,700550.0,198279.32163039222,0.0
BR_1.7-2.2,ses,0.95,10,True,-1.0,0.0,2024-12-01,1.0,1.0,294129.3216303922,0.0,3529551.8595647067,700550.0,198279.32163039222,0.0
BR_1.7-2.2,ses,0.95,20,True,-1.0,0.0,2024-12-01,1.0,1.0,294129.3216303922,0.0,3529551.8595647067,700550.0,198279.32163039222,0.0
BR_1.7-2.2,ses,0.95,50,True,-1.0,0.0,2024-12-01,1.0,1.0,294129.3216303922,0.0,3529551.8595647067,700550.0,198279.32163039222,0.0
BR_1.7-2.2,ses,0.95,10,False,-1.0,0.0,2024-12-01,1.0,1.0,287242.44987238274,0.0,3446909.398468593,700550.0,195742.0101724849,0.0
BR_1.7-2.2,ses,0.98,2,True,-1.0,0.0,2024-12-01,1.0,1.0,367310.5688174448,0.0,4407726.825809337,700550.0,263118.9021507781,0.0
BR_1.7-2.2,ses,0.98,5,True,-1.0,0.0,2024-12-01,1.0,1.0,367310.5688174448,0.0,4407726.825809337,700550.0,263118.9021507781,0.0
BR_1.7-2.2,ses,0.98,10,True,-1.0,0.0,2024-12-01,1.0,1.0,367310.5688174448,0.0,4407726.825809337,700550.0,263118.9021507781,0.0
BR_1.7-2.2,ses,0.98,20,True,-1.0,0.0,2024-12-01,1.0,1.0,367310.5688174448,0.0,4407726.825809337,700550.0,263118.9021507781,0.0
BR_1.7-2.2,ses,0.98,50,True,-1.0,0.0,2024-12-01,1.0,1.0,367310.5688174448,0.0,4407726.825809337,700550.0,263118.9021507781,0.0
BR_1.7-2.2,ses,0.98,10,False,-1.0,0.0,2024-12-01,1.0,1.0,355271.9875200058,0.0,4263263.850240069,700550.0,252485.2781230103,0.0
BR_1.7-2.2,tsb,0.9,2,True,-1.0,0.0,2024-12-01,1.0,1.0,263152.42864952615,0.0,3157829.143794314,700550.0,167302.4286495262,0.0
BR_1.7-2.2,tsb,0.9,5,True,-1.0,0.0,2024-12-01,1.0,1.0,263152.42864952615,0.0,3157829.143794314,700550.0,167302.4286495262,0.0
BR_1.7-2.2,tsb,0.9,10,True,-1.0,0.0,2024-12-01,1.0,1.0,263152.42864952615,0.0,3157829.143794314,700550.0,167302.4286495262,0.0
BR_1.7-2.2,tsb,0.9,20,True,-1.0,0.0,2024-12-01,1.0,1.0,263152.42864952615,0.0,3157829.143794314,700550.0,167302.4286495262,0.0
BR_1.7-2.2,tsb,0.9,50,True,-1.0,0.0,2024-12-01,1.0,1.0,263152.42864952615,0.0,3157829.143794314,700550.0,167302.4286495262,0.0
BR_1.7-2.2,tsb,0.9,10,False,-1.0,0.0,2024-12-01,1.0,1.0,245871.82115466928,0.0,2950461.8538560313,700550.0,157738.4104295763,0.0
BR_1.7-2.2,tsb,0.95,2,True,-1.0,0.0,2024-12-01,1.0,1.0,323698.08289633336,0.0,3884376.994756,700550.0,227848.08289633342,0.0
BR_1.7-2.2,tsb,0.95,5,True,-1.0,0.0,2024-12-01,1.0,1.0,323698.08289633336,0.0,3884376.994756,700550.0,227848.08289633342,0.0
BR_1.7-2.2,tsb,0.95,10,True,-1.0,0.0,2024-12-01,1.0,1.0,323698.08289633336,0.0,3884376.994756,700550.0,227848.08289633342,0.0
BR_1.7-2.2,tsb,0.95,20,True,-1.0,0.0,2024-12-01,1.0,1.0,323698.08289633336,0.0,3884376.994756,700550.0,227848.08289633342,0.0
BR_1.7-2.2,tsb,0.95,50,True,-1.0,0.0,2024-12-01,1.0,1.0,323698.08289633336,0.0,3884376.994756,700550.0,227848.08289633342,0.0
BR_1.7-2.2,tsb,0.95,10,False,-1.0,0.0,2024-12-01,1.0,1.0,307398.03464080667,0.0,3688776.4156896803,700550.0,208593.7091281442,0.0
BR_1.7-2.2,tsb,0.98,2,True,-1.0,0.0,2024-12-01,1.0,1.0,382436.12399486004,0.0,4589233.48793832,700550.0,267817.3739948601,0.0
BR_1.7-2.2,tsb,0.98,5,True,-1.0,0.0,2024-12-01,1.0,1.0,382436.12399486004,0.0,4589233.48793832,700550.0,267817.3739948601,0.0
BR_1.7-2.2,tsb,0.98,10,True,-1.0,0.0,2024-12-01,1.0,1.0,382436.12399486004,0.0,4589233.48793832,700550.0,267817.3739948601,0.0
BR_1.7-2.2,tsb,0.98,20,True,-1.0,0.0,2024-12-01,1.0,1.0,382436.12399486004,0.0,4589233.48793832,700550.0,267817.3739948601,0.0
BR_1.7-2.2,tsb,0.98,50,True,-1.0,0.0,2024-12-01,1.0,1.0,382436.12399486004,0.0,4589233.48793832,700550.0,267817.3739948601,0.0
BR_1.7-2.2,tsb,0.98,10,False,-1.0,0.0,2024-12-01,1.0,1.0,376629.8432648997,0.0,4519558.119178796,700550.0,265818.1685500394,0.0
BR_1.7-2.2,xgb,0.9,2,True,-1.0,0.0,2024-12-01,0.8279632672198531,0.6666666666666666,57335.064855748475,12002.259238792429,976075.0,700550.0,51668.222283622716,200200.0
BR_1.7-2.2,xgb,0.9,5,True,-1.0,0.0,2024-12-01,0.8279632672198531,0.6666666666666666,57335.064855748475,12002.259238792429,1408156.3325965274,700550.0,51668.222283622716,200200.0
BR_1.7-2.2,xgb,0.9,10,True,-1.0,0.0,2024-12-01,0.8279632672198531,0.6666666666666666,57335.064855748475,12002.259238792429,2128291.886924073,700550.0,51668.222283622716,200200.0
BR_1.7-2.2,xgb,0.9,20,True,-1.0,0.0,2024-12-01,0.8279632672198531,0.6666666666666666,57335.064855748475,12002.259238792429,3568562.9955791645,700550.0,51668.222283622716,200200.0
BR_1.7-2.2,xgb,0.9,50,True,-1.0,0.0,2024-12-01,0.8279632672198531,0.6666666666666666,57335.064855748475,12002.259238792429,7889376.321544439,700550.0,51668.222283622716,200200.0
BR_1.7-2.2,xgb,0.9,10,False,-1.0,0.0,2024-12-01,0.7293214240416781,0.5,46381.89007803672,19206.95817160284,2861417.661528781,700550.0,47618.641898206144,196456.6371043077
BR_1.7-2.2,xgb,0.95,2,True,-1.0,0.0,2024-12-01,0.9658911553695737,0.8333333333333334,130302.54481964193,1991.2459254870967,1611420.4400473936,700550.0,126305.04889415484,225225.0
BR_1.7-2.2,xgb,0.95,5,True,-1.0,0.0,2024-12-01,0.9658911553695737,0.8333333333333334,130302.54481964193,1991.2459254870967,1683105.293364929,700550.0,126305.04889415484,225225.0
BR_1.7-2.2,xgb,0.95,10,True,-1.0,0.0,2024-12-01,0.9658911553695737,0.8333333333333334,130302.54481964193,1991.2459254870967,1802580.0488941548,700550.0,126305.04889415484,225225.0
BR_1.7-2.2,xgb,0.95,20,True,-1.0,0.0,2024-12-01,0.9658911553695737,0.8333333333333334,130302.54481964193,1991.2459254870967,2041529.5599526064,700550.0,126305.04889415484,225225.0
BR_1.7-2.2,xgb,0.95,50,True,-1.0,0.0,2024-12-01,0.9658911553695737,0.8333333333333334,130302.54481964193,1991.2459254870967,2758378.0931279613,700550.0,126305.04889415484,225225.0
BR_1.7-2.2,xgb,0.95,10,False,-1.0,0.0,2024-12-01,0.9568248460807088,0.8333333333333334,117459.04808610848,2520.529506513291,1711972.1178148966,700550.0,125524.10397591075,206173.10002993455
BR_1.7-2.2,xgb,0.98,2,True,-1.0,0.0,2024-12-01,1.0,1.0,228991.09271024494,0.0,2747893.112522939,700550.0,216557.75937691168,225225.0
BR_1.7-2.2,xgb,0.98,5,True,-1.0,0.0,2024-12-01,1.0,1.0,228991.09271024494,0.0,2747893.112522939,700550.0,216557.75937691168,225225.0
BR_1.7-2.2,xgb,0.98,10,True,-1.0,0.0,2024-12-01,1.0,1.0,228991.09271024494,0.0,2747893.112522939,700550.0,216557.75937691168,225225.0
BR_1.7-2.2,xgb,0.98,20,True,-1.0,0.0,2024-12-01,1.0,1.0,228991.09271024494,0.0,2747893.112522939,700550.0,216557.75937691168,225225.0
BR_1.7-2.2,xgb,0.98,50,True,-1.0,0.0,2024-12-01,1.0,1.0,228991.09271024494,0.0,2747893.112522939,700550.0,216557.75937691168,225225.0
BR_1.7-2.2,xgb,0.98,10,False,-1.0,0.0,2024-12-01,1.0,1.0,225138.9037045038,0.0,2701666.844454046,700550.0,213186.51217124698,217106.46100983053
BR_2.1-2.6,arima,0.9,2,True,-1.0,0.0,2024-12-01,1.0,1.0,381406.97915827297,0.0,4576883.749899276,1001000.0,181206.97915827297,0.0
BR_2.1-2.6,arima,0.9,5,True,-1.0,0.0,2024-12-01,1.0,1.0,381406.97915827297,0.0,4576883.749899276,1001000.0,181206.97915827297,0.0
BR_2.1-2.6,arima,0.9,10,True,-1.0,0.0,2024-12-01,1.0,1.0,381406.97915827297,0.0,4576883.749899276,1001000.0,181206.97915827297,0.0
BR_2.1-2.6,arima,0.9,20,True,-1.0,0.0,2024-12-01,1.0,1.0,381406.97915827297,0.0,4576883.749899276,1001000.0,181206.97915827297,0.0
BR_2.1-2.6,arima,0.9,50,True,-1.0,0.0,2024-12-01,1.0,1.0,381406.97915827297,0.0,4576883.749899276,1001000.0,181206.97915827297,0.0
BR_2.1-2.6,arima,0.9,10,False,-1.0,0.0,2024-12-01,1.0,1.0,363423.65780323395,0.0,4361083.893638807,1001000.0,158448.01904665388,0.0
BR_2.1-2.6,arima,0.95,2,True,-1.0,0.0,2024-12-01,1.0,1.0,466276.70790781407,0.0,5595320.494893769,1001000.0,207685.04124114732,0.0
BR_2.1-2.6,arima,0.95,5,True,-1.0,0.0,2024-12-01,1.0,1.0,466276.70790781407,0.0,5595320.494893769,1001000.0,207685.04124114732,0.0
BR_2.1-2.6,arima,0.95,10,True,-1.0,0.0,2024-12-01,1.0,1.0,466276.70790781407,0.0,5595320.494893769,1001000.0,207685.04124114732,0.0
BR_2.1-2.6,arima,0.95,20,True,-1.0,0.0,2024-12-01,1.0,1.0,466276.70790781407,0.0,5595320.494893769,1001000.0,207685.04124114732,0.0
BR_2.1-2.6,arima,0.95,50,True,-1.0,0.0,2024-12-01,1.0,1.0,466276.70790781407,0.0,5595320.494893769,1001000.0,207685.04124114732,0.0
BR_2.1-2.6,arima,0.95,10,False,-1.0,0.0,2024-12-01,1.0,1.0,450710.1099419338,0.0,5408521.319303206,1001000.0,190799.5194124428,0.0
BR_2.1-2.6,arima,0.98,2,True,-1.0,0.0,2024-12-01,1.0,1.0,559694.1949143625,0.0,6716330.338972351,1001000.0,246881.69491436263,0.0
BR_2.1-2.6,arima,0.98,5,True,-1.0,0.0,2024-12-01,1.0,1.0,559694.1949143625,0.0,6716330.338972351,1001000.0,246881.69491436263,0.0
BR_2.1-2.6,arima,0.98,10,True,-1.0,0.0,2024-12-01,1.0,1.0,559694.1949143625,0.0,6716330.338972351,1001000.0,246881.69491436263,0.0
BR_2.1-2.6,arima,0.98,20,True,-1.0,0.0,2024-12-01,1.0,1.0,559694.1949143625,0.0,6716330.338972351,1001000.0,246881.69491436263,0.0
BR_2.1-2.6,arima,0.98,50,True,-1.0,0.0,2024-12-01,1.0,1.0,559694.1949143625,0.0,6716330.338972351,1001000.0,246881.69491436263,0.0
BR_2.1-2.6,arima,0.98,10,False,-1.0,0.0,2024-12-01,1.0,1.0,550977.0575835116,0.0,6611724.691002139,1001000.0,227202.74911113398,0.0
BR_2.1-2.6,croston,0.9,2,True,-1.0,0.0,2024-12-01,1.0,1.0,370392.56621063454,0.0,4444710.7945276145,1001000.0,151423.81621063454,0.0
BR_2.1-2.6,croston,0.9,5,True,-1.0,0.0,2024-12-01,1.0,1.0,370392.56621063454,0.0,4444710.7945276145,1001000.0,151423.81621063454,0.0
BR_2.1-2.6,croston,0.9,10,True,-1.0,0.0,2024-12-01,1.0,1.0,370392.56621063454,0.0,4444710.7945276145,1001000.0,151423.81621063454,0.0
BR_2.1-2.6,croston,0.9,20,True,-1.0,0.0,2024-12-01,1.0,1.0,370392.56621063454,0.0,4444710.7945276145,1001000.0,151423.81621063454,0.0
BR_2.1-2.6,croston,0.9,50,True,-1.0,0.0,2024-12-01,1.0,1.0,370392.56621063454,0.0,4444710.7945276145,1001000.0,151423.81621063454,0.0
BR_2.1-2.6,croston,0.9,10,False,-1.0,0.0,2024-12-01,1.0,1.0,358036.5631025336,0.0,4296438.757230403,1001000.0,126471.60166884027,7668.418815723213
BR_2.1-2.6,croston,0.95,2,True,-1.0,0.0,2024-12-01,1.0,1.0,466660.1873930609,0.0,5599922.248716731,1001000.0,174701.8540597274,0.0
BR_2.1-2.6,croston,0.95,5,True,-1.0,0.0,2024-12-01,1.0,1.0,466660.1873930609,0.0,5599922.248716731,1001000.0,174701.8540597274,0.0
BR_2.1-2.6,croston,0.95,10,True,-1.0,0.0,2024-12-01,1.0,1.0,466660.1873930609,0.0,5599922.248716731,1001000.0,174701.8540597274,0.0
BR_2.1-2.6,croston,0.95,20,True,-1.0,0.0,2024-12-01,1.0,1.0,466660.1873930609,0.0,5599922.248716731,1001000.0,174701.8540597274,0.0
BR_2.1-2.6,croston,0.95,50,True,-1.0,0.0,2024-12-01,1.0,1.0,466660.1873930609,0.0,5599922.248716731,1001000.0,174701.8540597274,0.0
BR_2.1-2.6,croston,0.95,10,False,-1.0,0.0,2024-12-01,1.0,1.0,451332.9972499088,0.0,5415995.966998906,1001000.0,153601.74041839066,10871.288795347966
BR_2.1-2.6,croston,0.98,2,True,-1.0,0.0,2024-12-01,1.0,1.0,581501.876417859,0.0,6978022.517014308,1001000.0,185272.70975119225,25025.0
BR_2.1-2.6,croston,0.98,5,True,-1.0,0.0,2024-12-01,1.0,1.0,581501.876417859,0.0,6978022.517014308,1001000.0,185272.70975119225,25025.0
BR_2.1-2.6,croston,0.98,10,True,-1.0,0.0,2024-12-01,1.0,1.0,581501.876417859,0.0,6978022.517014308,1001000.0,185272.70975119225,25025.0
BR_2.1-2.6,croston,0.98,20,True,-1.0,0.0,2024-12-01,1.0,1.0,581501.876417859,0.0,6978022.517014308,1001000.0,185272.70975119225,25025.0
BR_2.1-2.6,croston,0.98,50,True,-1.0,0.0,2024-12-01,1.0,1.0,581501.876417859,0.0,6978022.517014308,1001000.0,185272.70975119225,25025.0
BR_2.1-2.6,croston,0.98,10,False,-1.0,0.0,2024-12-01,1.0,1.0,565187.5512839368,0.0,6782250.6154072415,1001000.0,184129.68074543774,14475.288926563459
BR_2.1-2.6,hybrid,0.9,2,True,-1.0,0.0,2024-12-01,1.0,1.0,297044.08785613737,0.0,3564529.054273648,1001000.0,7171.171189470682,50050.0
BR_2.1-2.6,hybrid,0.9,5,True,-1.0,0.0,2024-12-01,1.0,1.0,297044.08785613737,0.0,3564529.054273648,1001000.0,7171.171189470682,50050.0
BR_2.1-2.6,hybrid,0.9,10,True,-1.0,0.0,2024-12-01,1.0,1.0,297044.08785613737,0.0,3564529.054273648,1001000.0,7171.171189470682,50050.0
BR_2.1-2.6,hybrid,0.9,20,True,-1.0,0.0,2024-12-01,1.0,1.0,297044.08785613737,0.0,3564529.054273648,1001000.0,7171.171189470682,50050.0
BR_2.1-2.6,hybrid,0.9,50,True,-1.0,0.0,2024-12-01,1.0,1.0,297044.08785613737,0.0,3564529.054273648,1001000.0,7171.171189470682,50050.0
BR_2.1-2.6,hybrid,0.9,10,False,-1.0,0.0,2024-12-01,0.9922364096504346,0.8333333333333334,287968.3740613956,647.6128283262466,3533334.0281358967,1001000.0,0.0,51049.115335089446
BR_2.1-2.6,hybrid,0.95,2,True,-1.0,0.0,2024-12-01,1.0,1.0,401288.9426404477,0.0,4815467.311685372,1001000.0,53024.3593071145,25025.0
BR_2.1-2.6,hybrid,0.95,5,True,-1.0,0.0,2024-12-01,1.0,1.0,401288.9426404477,0.0,4815467.311685372,1001000.0,53024.3593071145,25025.0
BR_2.1-2.6,hybrid,0.95,10,True,-1.0,0.0,2024-12-01,1.0,1.0,401288.9426404477,0.0,4815467.311685372,1001000.0,53024.3593071145,25025.0
BR_2.1-2.6,hybrid,0.95,20,True,-1.0,0.0,2024-12-01,1.0,1.0,401288.9426404477,0.0,4815467.311685372,1001000.0,53024.3593071145,25025.0
BR_2.1-2.6,hybrid,0.95,50,True,-1.0,0.0,2024-12-01,1.0,1.0,401288.9426404477,0.0,4815467.311685372,1001000.0,53024.3593071145,25025.0
BR_2.1-2.6,hybrid,0.95,10,False,-1.0,0.0,2024-12-01,1.0,1.0,385216.2339002672,0.0,4622594.806803207,1001000.0,31811.609470504045,45901.90195044366
BR_2.1-2.6,hybrid,0.98,2,True,-1.0,0.0,2024-12-01,1.0,1.0,520678.94622561894,0.0,6248147.354707427,1001000.0,114022.69622561894,25025.0
BR_2.1-2.6,hybrid,0.98,5,True,-1.0,0.0,2024-12-01,1.0,1.0,520678.94622561894,0.0,6248147.354707427,1001000.0,114022.69622561894,25025.0
BR_2.1-2.6,hybrid,0.98,10,True,-1.0,0.0,2024-12-01,1.0,1.0,520678.94622561894,0.0,6248147.354707427,1001000.0,114022.69622561894,25025.0
BR_2.1-2.6,hybrid,0.98,20,True,-1.0,0.0,2024-12-01,1.0,1.0,520678.94622561894,0.0,6248147.354707427,1001000.0,114022.69622561894,25025.0
BR_2.1-2.6,hybrid,0.98,50,True,-1.0,0.0,2024-12-01,1.0,1.0,520678.94622561894,0.0,6248147.354707427,1001000.0,114022.69622561894,25025.0
BR_2.1-2.6,hybrid,0.98,10,False,-1.0,0.0,2024-12-01,1.0,1.0,500265.5017276459,0.0,6003186.020731751,1001000.0,91331.0887459903,25130.935228043236
BR_2.1-2.6,mitra,0.9,2,True,-1.0,0.0,2024-12-01,0.9380120703708515,0.6666666666666666,113868.78435050933,5170.826463231468,1490525.2473236672,1001000.0,44050.041220611194,75075.0
BR_2.1-2.6,mitra,0.9,5,True,-1.0,0.0,2024-12-01,0.9380120703708515,0.6666666666666666,113868.78435050933,5170.826463231468,1676675.0,1001000.0,44050.041220611194,75075.0
BR_2.1-2.6,mitra,0.9,10,True,-1.0,0.0,2024-12-01,0.9380120703708515,0.6666666666666666,113868.78435050933,5170.826463231468,1986924.587793888,1001000.0,44050.041220611194,75075.0
BR_2.1-2.6,mitra,0.9,20,True,-1.0,0.0,2024-12-01,0.9380120703708515,0.6666666666666666,113868.78435050933,5170.826463231468,2607423.763381664,1001000.0,44050.041220611194,75075.0
BR_2.1-2.6,mitra,0.9,50,True,-1.0,0.0,2024-12-01,0.9380120703708515,0.6666666666666666,113868.78435050933,5170.826463231468,4468921.290144993,1001000.0,44050.041220611194,75075.0
BR_2.1-2.6,mitra,0.9,10,False,-1.0,0.0,2024-12-01,0.9341517826915527,0.5,104387.48215761769,5492.838793812994,1911790.4411489717,1001000.0,41304.242878650664,71076.37602604041
BR_2.1-2.6,mitra,0.95,2,True,-1.0,0.0,2024-12-01,0.973612010203267,0.8333333333333334,165559.73702901442,2201.1981488774763,2039545.5999212326,1001000.0,73685.62221347028,75075.0
BR_2.1-2.6,mitra,0.95,5,True,-1.0,0.0,2024-12-01,0.973612010203267,0.8333333333333334,165559.73702901442,2201.1981488774763,2118788.7332808217,1001000.0,73685.62221347028,75075.0
BR_2.1-2.6,mitra,0.95,10,True,-1.0,0.0,2024-12-01,0.973612010203267,0.8333333333333334,165559.73702901442,2201.1981488774763,2250860.6222134703,1001000.0,73685.62221347028,75075.0
BR_2.1-2.6,mitra,0.95,20,True,-1.0,0.0,2024-12-01,0.973612010203267,0.8333333333333334,165559.73702901442,2201.1981488774763,2515004.4000787674,1001000.0,73685.62221347028,75075.0
BR_2.1-2.6,mitra,0.95,50,True,-1.0,0.0,2024-12-01,0.973612010203267,0.8333333333333334,165559.73702901442,2201.1981488774763,3307435.733674659,1001000.0,73685.62221347028,75075.0
BR_2.1-2.6,mitra,0.95,10,False,-1.0,0.0,2024-12-01,0.9700184475471348,0.8333333333333334,154110.61289180734,2500.961167109834,2149442.6947548683,1001000.0,67200.77567969135,80583.7680830477
BR_2.1-2.6,mitra,0.98,2,True,-1.0,0.0,2024-12-01,1.0,1.0,236364.785122583,0.0,2836377.421470996,1001000.0,100812.70178924967,100100.0
BR_2.1-2.6,mitra,0.98,5,True,-1.0,0.0,2024-12-01,1.0,1.0,236364.785122583,0.0,2836377.421470996,1001000.0,100812.70178924967,100100.0
BR_2.1-2.6,mitra,0.98,10,True,-1.0,0.0,2024-12-01,1.0,1.0,236364.785122583,0.0,2836377.421470996,1001000.0,100812.70178924967,100100.0
BR_2.1-2.6,mitra,0.98,20,True,-1.0,0.0,2024-12-01,1.0,1.0,236364.785122583,0.0,2836377.421470996,1001000.0,100812.70178924967,100100.0
BR_2.1-2.6,mitra,0.98,50,True,-1.0,0.0,2024-12-01,1.0,1.0,236364.785122583,0.0,2836377.421470996,1001000.0,100812.70178924967,100100.0
BR_2.1-2.6,mitra,0.98,10,False,-1.0,0.0,2024-12-01,1.0,1.0,221597.4676126911,0.0,2659169.6113522933,1001000.0,96340.61220340582,91281.8739814912
BR_2.1-2.6,naive,0.9,2,True,-1.0,0.0,2024-12-01,1.0,1.0,784937.2271511853,0.0,9419246.725814223,1001000.0,759912.2271511853,0.0
BR_2.1-2.6,naive,0.9,5,True,-1.0,0.0,2024-12-01,1.0,1.0,784937.2271511853,0.0,9419246.725814223,1001000.0,759912.2271511853,0.0
BR_2.1-2.6,naive,0.9,10,True,-1.0,0.0,2024-12-01,1.0,1.0,784937.2271511853,0.0,9419246.725814223,1001000.0,759912.2271511853,0.0
BR_2.1-2.6,naive,0.9,20,True,-1.0,0.0,2024-12-01,1.0,1.0,784937.2271511853,0.0,9419246.725814223,1001000.0,759912.2271511853,0.0
BR_2.1-2.6,naive,0.9,50,True,-1.0,0.0,2024-12-01,1.0,1.0,784937.2271511853,0.0,9419246.725814223,1001000.0,759912.2271511853,0.0
BR_2.1-2.6,naive,0.9,10,False,-1.0,0.0,2024-12-01,1.0,1.0,771759.7878201926,0.0,9261117.453842312,1001000.0,737755.9377614909,0.0
BR_2.1-2.6,naive,0.95,2,True,-1.0,0.0,2024-12-01,1.0,1.0,960747.0778253622,0.0,11528964.933904346,1001000.0,860647.0778253623,0.0
BR_2.1-2.6,naive,0.95,5,True,-1.0,0.0,2024-12-01,1.0,1.0,960747.0778253622,0.0,11528964.933904346,1001000.0,860647.0778253623,0.0
BR_2.1-2.6,naive,0.95,10,True,-1.0,0.0,2024-12-01,1.0,1.0,960747.0778253622,0.0,11528964.933904346,1001000.0,860647.0778253623,0.0
BR_2.1-2.6,naive,0.95,20,True,-1.0,0.0,2024-12-01,1.0,1.0,960747.0778253622,0.0,11528964.933904346,1001000.0,860647.0778253623,0.0
BR_2.1-2.6,naive,0.95,50,True,-1.0,0.0,2024-12-01,1.0,1.0,960747.0778253622,0.0,11528964.933904346,1001000.0,860647.0778253623,0.0
BR_2.1-2.6,naive,0.95,10,False,-1.0,0.0,2024-12-01,1.0,1.0,951516.8314883233,0.0,11418201.977859879,1001000.0,840481.4329930372,0.0
BR_2.1-2.6,naive,0.98,2,True,-1.0,0.0,2024-12-01,1.0,1.0,1161721.7098941861,0.0,13940660.518730232,1001000.0,967777.9598941861,0.0
BR_2.1-2.6,naive,0.98,5,True,-1.0,0.0,2024-12-01,1.0,1.0,1161721.7098941861,0.0,13940660.518730232,1001000.0,967777.9598941861,0.0
BR_2.1-2.6,naive,0.98,10,True,-1.0,0.0,2024-12-01,1.0,1.0,1161721.7098941861,0.0,13940660.518730232,1001000.0,967777.9598941861,0.0
BR_2.1-2.6,naive,0.98,20,True,-1.0,0.0,2024-12-01,1.0,1.0,1161721.7098941861,0.0,13940660.518730232,1001000.0,967777.9598941861,0.0
BR_2.1-2.6,naive,0.98,50,True,-1.0,0.0,2024-12-01,1.0,1.0,1161721.7098941861,0.0,13940660.518730232,1001000.0,967777.9598941861,0.0
BR_2.1-2.6,naive,0.98,10,False,-1.0,0.0,2024-12-01,1.0,1.0,1153786.7997006315,0.0,13845441.596407577,1001000.0,956072.3563364341,0.0
BR_2.1-2.6,rf,0.9,2,True,-1.0,0.0,2024-12-01,1.0,1.0,370552.867455241,0.0,4446634.4094628915,1001000.0,49398.70078857429,50050.0
BR_2.1-2.6,rf,0.9,5,True,-1.0,0.0,2024-12-01,1.0,1.0,370552.867455241,0.0,4446634.4094628915,1001000.0,49398.70078857429,50050.0
BR_2.1-2.6,rf,0.9,10,True,-1.0,0.0,2024-12-01,1.0,1.0,370552.867455241,0.0,4446634.4094628915,1001000.0,49398.70078857429,50050.0
BR_2.1-2.6,rf,0.9,20,True,-1.0,0.0,2024-12-01,1.0,1.0,370552.867455241,0.0,4446634.4094628915,1001000.0,49398.70078857429,50050.0
BR_2.1-2.6,rf,0.9,50,True,-1.0,0.0,2024-12-01,1.0,1.0,370552.867455241,0.0,4446634.4094628915,1001000.0,49398.70078857429,50050.0
BR_2.1-2.6,rf,0.9,10,False,-1.0,0.0,2024-12-01,1.0,1.0,359752.96085514285,0.0,4317035.530261714,1001000.0,48795.045098371804,33130.33518469325
BR_2.1-2.6,rf,0.95,2,True,-1.0,0.0,2024-12-01,1.0,1.0,463799.21790115954,0.0,5565590.6148139145,1001000.0,98851.3012344928,25025.0
BR_2.1-2.6,rf,0.95,5,True,-1.0,0.0,2024-12-01,1.0,1.0,463799.21790115954,0.0,5565590.6148139145,1001000.0,98851.3012344928,25025.0
BR_2.1-2.6,rf,0.95,10,True,-1.0,0.0,2024-12-01,1.0,1.0,463799.21790115954,0.0,5565590.6148139145,1001000.0,98851.3012344928,25025.0
BR_2.1-2.6,rf,0.95,20,True,-1.0,0.0,2024-12-01,1.0,1.0,463799.21790115954,0.0,5565590.6148139145,1001000.0,98851.3012344928,25025.0
BR_2.1-2.6,rf,0.95,50,True,-1.0,0.0,2024-12-01,1.0,1.0,463799.21790115954,0.0,5565590.6148139145,1001000.0,98851.3012344928,25025.0
BR_2.1-2.6,rf,0.95,10,False,-1.0,0.0,2024-12-01,1.0,1.0,456635.39385595423,0.0,5479624.7262714505,1001000.0,84151.78284284449,24867.278976454574
BR_2.1-2.6,rf,0.98,2,True,-1.0,0.0,2024-12-01,1.0,1.0,590361.5250503239,0.0,7084338.300603887,1001000.0,185790.69171699067,0.0
BR_2.1-2.6,rf,0.98,5,True,-1.0,0.0,2024-12-01,1.0,1.0,590361.5250503239,0.0,7084338.300603887,1001000.0,185790.69171699067,0.0
BR_2.1-2.6,rf,0.98,10,True,-1.0,0.0,2024-12-01,1.0,1.0,590361.5250503239,0.0,7084338.300603887,1001000.0,185790.69171699067,0.0
BR_2.1-2.6,rf,0.98,20,True,-1.0,0.0,2024-12-01,1.0,1.0,590361.5250503239,0.0,7084338.300603887,1001000.0,185790.69171699067,0.0
BR_2.1-2.6,rf,0.98,50,True,-1.0,0.0,2024-12-01,1.0,1.0,590361.5250503239,0.0,7084338.300603887,1001000.0,185790.69171699067,0.0
BR_2.1-2.6,rf,0.98,10,False,-1.0,0.0,2024-12-01,1.0,1.0,579247.8512740907,0.0,6950974.215289088,1001000.0,170982.3182771781,0.0
BR_2.1-2.6,sba,0.9,2,True,-1.0,0.0,2024-12-01,1.0,1.0,316167.626589254,0.0,3794011.519071048,1001000.0,109711.37658925401,25025.0
BR_2.1-2.6,sba,0.9,5,True,-1.0,0.0,2024-12-01,1.0,1.0,316167.626589254,0.0,3794011.519071048,1001000.0,109711.37658925401,25025.0
BR_2.1-2.6,sba,0.9,10,True,-1.0,0.0,2024-12-01,1.0,1.0,316167.626589254,0.0,3794011.519071048,1001000.0,109711.37658925401,25025.0
BR_2.1-2.6,sba,0.9,20,True,-1.0,0.0,2024-12-01,1.0,1.0,316167.626589254,0.0,3794011.519071048,1001000.0,109711.37658925401,25025.0
BR_2.1-2.6,sba,0.9,50,True,-1.0,0.0,2024-12-01,1.0,1.0,316167.626589254,0.0,3794011.519071048,1001000.0,109711.37658925401,25025.0
BR_2.1-2.6,sba,0.9,10,False,-1.0,0.0,2024-12-01,1.0,1.0,307371.65348656155,0.0,3688459.841838739,1001000.0,96554.36532001628,26175.303908525384
BR_2.1-2.6,sba,0.95,2,True,-1.0,0.0,2024-12-01,1.0,1.0,402933.4871924422,0.0,4835201.846309306,1001000.0,129743.90385910892,25025.0
BR_2.1-2.6,sba,0.95,5,True,-1.0,0.0,2024-12-01,1.0,1.0,402933.4871924422,0.0,4835201.846309306,1001000.0,129743.90385910892,25025.0
BR_2.1-2.6,sba,0.95,10,True,-1.0,0.0,2024-12-01,1.0,1.0,402933.4871924422,0.0,4835201.846309306,1001000.0,129743.90385910892,25025.0
BR_2.1-2.6,sba,0.95,20,True,-1.0,0.0,2024-12-01,1.0,1.0,402933.4871924422,0.0,4835201.846309306,1001000.0,129743.90385910892,25025.0
BR_2.1-2.6,sba,0.95,50,True,-1.0,0.0,2024-12-01,1.0,1.0,402933.4871924422,0.0,4835201.846309306,1001000.0,129743.90385910892,25025.0
BR_2.1-2.6,sba,0.95,10,False,-1.0,0.0,2024-12-01,1.0,1.0,391224.9802032904,0.0,4694699.762439485,1001000.0,120250.86956013751,32090.06090337201
BR_2.1-2.6,sba,0.98,2,True,-1.0,0.0,2024-12-01,1.0,1.0,512037.7784748993,0.0,6144453.341698792,1001000.0,161687.77847489947,25025.0
BR_2.1-2.6,sba,0.98,5,True,-1.0,0.0,2024-12-01,1.0,1.0,512037.7784748993,0.0,6144453.341698792,1001000.0,161687.77847489947,25025.0
BR_2.1-2.6,sba,0.98,10,True,-1.0,0.0,2024-12-01,1.0,1.0,512037.7784748993,0.0,6144453.341698792,1001000.0,161687.77847489947,25025.0
BR_2.1-2.6,sba,0.98,20,True,-1.0,0.0,2024-12-01,1.0,1.0,512037.7784748993,0.0,6144453.341698792,1001000.0,161687.77847489947,25025.0
BR_2.1-2.6,sba,0.98,50,True,-1.0,0.0,2024-12-01,1.0,1.0,512037.7784748993,0.0,6144453.341698792,1001000.0,161687.77847489947,25025.0
BR_2.1-2.6,sba,0.98,10,False,-1.0,0.0,2024-12-01,1.0,1.0,494269.1192352479,0.0,5931229.430822975,1001000.0,146915.1440808134,38745.587078690645
BR_2.1-2.6,ses,0.9,2,True,-1.0,0.0,2024-12-01,1.0,1.0,297456.2420622677,0.0,3569474.9047472123,1001000.0,159818.7420622676,0.0
BR_2.1-2.6,ses,0.9,5,True,-1.0,0.0,2024-12-01,1.0,1.0,297456.2420622677,0.0,3569474.9047472123,1001000.0,159818.7420622676,0.0
BR_2.1-2.6,ses,0.9,10,True,-1.0,0.0,2024-12-01,1.0,1.0,297456.2420622677,0.0,3569474.9047472123,1001000.0,159818.7420622676,0.0
BR_2.1-2.6,ses,0.9,20,True,-1.0,0.0,2024-12-01,1.0,1.0,297456.2420622677,0.0,3569474.9047472123,1001000.0,159818.7420622676,0.0
BR_2.1-2.6,ses,0.9,50,True,-1.0,0.0,2024-12-01,1.0,1.0,297456.2420622677,0.0,3569474.9047472123,1001000.0,159818.7420622676,0.0
BR_2.1-2.6,ses,0.9,10,False,-1.0,0.0,2024-12-01,1.0,1.0,283991.4922124283,0.0,3407897.90654914,1001000.0,143196.13062262489,3788.4952383778873
BR_2.1-2.6,ses,0.95,2,True,-1.0,0.0,2024-12-01,1.0,1.0,373896.78822890436,0.0,4486761.458746852,1001000.0,177867.62156223762,25025.0
BR_2.1-2.6,ses,0.95,5,True,-1.0,0.0,2024-12-01,1.0,1.0,373896.78822890436,0.0,4486761.458746852,1001000.0,177867.62156223762,25025.0
BR_2.1-2.6,ses,0.95,10,True,-1.0,0.0,2024-12-01,1.0,1.0,373896.78822890436,0.0,4486761.458746852,1001000.0,177867.62156223762,25025.0
BR_2.1-2.6,ses,0.95,20,True,-1.0,0.0,2024-12-01,1.0,1.0,373896.78822890436,0.0,4486761.458746852,1001000.0,177867.62156223762,25025.0
BR_2.1-2.6,ses,0.95,50,True,-1.0,0.0,2024-12-01,1.0,1.0,373896.78822890436,0.0,4486761.458746852,1001000.0,177867.62156223762,25025.0
BR_2.1-2.6,ses,0.95,10,False,-1.0,0.0,2024-12-01,1.0,1.0,364107.60953949665,0.0,4369291.31447396,1001000.0,176166.2304788016,5359.510610196914
BR_2.1-2.6,ses,0.98,2,True,-1.0,0.0,2024-12-01,1.0,1.0,485988.5668955369,0.0,5831862.802746443,1001000.0,235738.56689553685,0.0
BR_2.1-2.6,ses,0.98,5,True,-1.0,0.0,2024-12-01,1.0,1.0,485988.5668955369,0.0,5831862.802746443,1001000.0,235738.56689553685,0.0
BR_2.1-2.6,ses,0.98,10,True,-1.0,0.0,2024-12-01,1.0,1.0,485988.5668955369,0.0,5831862.802746443,1001000.0,235738.56689553685,0.0
BR_2.1-2.6,ses,0.98,20,True,-1.0,0.0,2024-12-01,1.0,1.0,485988.5668955369,0.0,5831862.802746443,1001000.0,235738.56689553685,0.0
BR_2.1-2.6,ses,0.98,50,True,-1.0,0.0,2024-12-01,1.0,1.0,485988.5668955369,0.0,5831862.802746443,1001000.0,235738.56689553685,0.0
BR_2.1-2.6,ses,0.98,10,False,-1.0,0.0,2024-12-01,1.0,1.0,464093.54701082903,0.0,5569122.564129949,1001000.0,213265.5335924956,7127.281279064715
BR_2.1-2.6,tsb,0.9,2,True,-1.0,0.0,2024-12-01,1.0,1.0,376783.5771398771,0.0,4521402.925678525,1001000.0,141131.49380654376,0.0
BR_2.1-2.6,tsb,0.9,5,True,-1.0,0.0,2024-12-01,1.0,1.0,376783.5771398771,0.0,4521402.925678525,1001000.0,141131.49380654376,0.0
BR_2.1-2.6,tsb,0.9,10,True,-1.0,0.0,2024-12-01,1.0,1.0,376783.5771398771,0.0,4521402.925678525,1001000.0,141131.49380654376,0.0
BR_2.1-2.6,tsb,0.9,20,True,-1.0,0.0,2024-12-01,1.0,1.0,376783.5771398771,0.0,4521402.925678525,1001000.0,141131.49380654376,0.0
BR_2.1-2.6,tsb,0.9,50,True,-1.0,0.0,2024-12-01,1.0,1.0,376783.5771398771,0.0,4521402.925678525,1001000.0,141131.49380654376,0.0
BR_2.1-2.6,tsb,0.9,10,False,-1.0,0.0,2024-12-01,1.0,1.0,364127.86553640774,0.0,4369534.386436893,1001000.0,130881.60945449414,4454.344754963706
BR_2.1-2.6,tsb,0.95,2,True,-1.0,0.0,2024-12-01,1.0,1.0,477029.3259345267,0.0,5724351.91121432,1001000.0,166302.24260119325,0.0
BR_2.1-2.6,tsb,0.95,5,True,-1.0,0.0,2024-12-01,1.0,1.0,477029.3259345267,0.0,5724351.91121432,1001000.0,166302.24260119325,0.0
BR_2.1-2.6,tsb,0.95,10,True,-1.0,0.0,2024-12-01,1.0,1.0,477029.3259345267,0.0,5724351.91121432,1001000.0,166302.24260119325,0.0
BR_2.1-2.6,tsb,0.95,20,True,-1.0,0.0,2024-12-01,1.0,1.0,477029.3259345267,0.0,5724351.91121432,1001000.0,166302.24260119325,0.0
BR_2.1-2.6,tsb,0.95,50,True,-1.0,0.0,2024-12-01,1.0,1.0,477029.3259345267,0.0,5724351.91121432,1001000.0,166302.24260119325,0.0
BR_2.1-2.6,tsb,0.95,10,False,-1.0,0.0,2024-12-01,1.0,1.0,459797.2427612326,0.0,5517566.913134791,1001000.0,158468.08801255957,7198.540941510117
BR_2.1-2.6,tsb,0.98,2,True,-1.0,0.0,2024-12-01,1.0,1.0,583573.6872949799,0.0,7002884.247539759,1001000.0,204027.85396164656,0.0
BR_2.1-2.6,tsb,0.98,5,True,-1.0,0.0,2024-12-01,1.0,1.0,583573.6872949799,0.0,7002884.247539759,1001000.0,204027.85396164656,0.0
BR_2.1-2.6,tsb,0.98,10,True,-1.0,0.0,2024-12-01,1.0,1.0,583573.6872949799,0.0,7002884.247539759,1001000.0,204027.85396164656,0.0
BR_2.1-2.6,tsb,0.98,20,True,-1.0,0.0,2024-12-01,1.0,1.0,583573.6872949799,0.0,7002884.247539759,1001000.0,204027.85396164656,0.0
BR_2.1-2.6,tsb,0.98,50,True,-1.0,0.0,2024-12-01,1.0,1.0,583573.6872949799,0.0,7002884.247539759,1001000.0,204027.85396164656,0.0
BR_2.1-2.6,tsb,0.98,10,False,-1.0,0.0,2024-12-01,1.0,1.0,574735.5541995767,0.0,6896826.650394921,1001000.0,189509.52053261775,10286.42258494586
BR_2.1-2.6,xgb,0.9,2,True,-1.0,0.0,2024-12-01,0.9054126212954154,0.6666666666666666,60649.18079862953,7890.163840274094,917154.1017501326,1001000.0,190396.51695835544,125125.0
BR_2.1-2.6,xgb,0.9,5,True,-1.0,0.0,2024-12-01,0.9054126212954154,0.6666666666666666,60649.18079862953,7890.163840274094,1201200.0,1001000.0,190396.51695835544,125125.0
BR_2.1-2.6,xgb,0.9,10,True,-1.0,0.0,2024-12-01,0.9054126212954154,0.6666666666666666,60649.18079862953,7890.163840274094,1674609.8304164456,1001000.0,190396.51695835544,125125.0
BR_2.1-2.6,xgb,0.9,20,True,-1.0,0.0,2024-12-01,0.9054126212954154,0.6666666666666666,60649.18079862953,7890.163840274094,2621429.491249337,1001000.0,190396.51695835544,125125.0
BR_2.1-2.6,xgb,0.9,50,True,-1.0,0.0,2024-12-01,0.9054126212954154,0.6666666666666666,60649.18079862953,7890.163840274094,5461888.473748011,1001000.0,190396.51695835544,125125.0
BR_2.1-2.6,xgb,0.9,10,False,-1.0,0.0,2024-12-01,0.8809284386303607,0.6666666666666666,54012.69711337235,9932.55274425075,1840058.694670558,1001000.0,166776.50758976967,138831.57244042348
BR_2.1-2.6,xgb,0.95,2,True,-1.0,0.0,2024-12-01,1.0,1.0,157856.61259106066,0.0,1894279.3510927279,1001000.0,310092.0292577273,125125.0
BR_2.1-2.6,xgb,0.95,5,True,-1.0,0.0,2024-12-01,1.0,1.0,157856.61259106066,0.0,1894279.3510927279,1001000.0,310092.0292577273,125125.0
BR_2.1-2.6,xgb,0.95,10,True,-1.0,0.0,2024-12-01,1.0,1.0,157856.61259106066,0.0,1894279.3510927279,1001000.0,310092.0292577273,125125.0
BR_2.1-2.6,xgb,0.95,20,True,-1.0,0.0,2024-12-01,1.0,1.0,157856.61259106066,0.0,1894279.3510927279,1001000.0,310092.0292577273,125125.0
BR_2.1-2.6,xgb,0.95,50,True,-1.0,0.0,2024-12-01,1.0,1.0,157856.61259106066,0.0,1894279.3510927279,1001000.0,310092.0292577273,125125.0
BR_2.1-2.6,xgb,0.95,10,False,-1.0,0.0,2024-12-01,1.0,1.0,146592.31896508,0.0,1759107.82758096,1001000.0,289186.6203698913,139554.42676042358
BR_2.1-2.6,xgb,0.98,2,True,-1.0,0.0,2024-12-01,1.0,1.0,272749.5156408353,0.0,3272994.1876900233,1001000.0,429155.7656408353,150150.0
BR_2.1-2.6,xgb,0.98,5,True,-1.0,0.0,2024-12-01,1.0,1.0,272749.5156408353,0.0,3272994.1876900233,1001000.0,429155.7656408353,150150.0
BR_2.1-2.6,xgb,0.98,10,True,-1.0,0.0,2024-12-01,1.0,1.0,272749.5156408353,0.0,3272994.1876900233,1001000.0,429155.7656408353,150150.0
BR_2.1-2.6,xgb,0.98,20,True,-1.0,0.0,2024-12-01,1.0,1.0,272749.5156408353,0.0,3272994.1876900233,1001000.0,429155.7656408353,150150.0
BR_2.1-2.6,xgb,0.98,50,True,-1.0,0.0,2024-12-01,1.0,1.0,272749.5156408353,0.0,3272994.1876900233,1001000.0,429155.7656408353,150150.0
BR_2.1-2.6,xgb,0.98,10,False,-1.0,0.0,2024-12-01,1.0,1.0,267051.8311550168,0.0,3204621.9738602014,1001000.0,426927.47945195506,140367.8119682849
BR_2.6-3.1,arima,0.9,2,True,-1.0,0.0,2024-12-01,1.0,1.0,114711.0451626414,0.0,1376532.5419516969,75075.0,123052.71182930807,0.0
BR_2.6-3.1,arima,0.9,5,True,-1.0,0.0,2024-12-01,1.0,1.0,114711.0451626414,0.0,1376532.5419516969,75075.0,123052.71182930807,0.0
BR_2.6-3.1,arima,0.9,10,True,-1.0,0.0,2024-12-01,1.0,1.0,114711.0451626414,0.0,1376532.5419516969,75075.0,123052.71182930807,0.0
BR_2.6-3.1,arima,0.9,20,True,-1.0,0.0,2024-12-01,1.0,1.0,114711.0451626414,0.0,1376532.5419516969,75075.0,123052.71182930807,0.0
BR_2.6-3.1,arima,0.9,50,True,-1.0,0.0,2024-12-01,1.0,1.0,114711.0451626414,0.0,1376532.5419516969,75075.0,123052.71182930807,0.0
BR_2.6-3.1,arima,0.9,10,False,-1.0,0.0,2024-12-01,1.0,1.0,95487.06280399214,0.0,1145844.7536479058,75075.0,103350.51275965071,0.0
BR_2.6-3.1,arima,0.95,2,True,-1.0,0.0,2024-12-01,1.0,1.0,127780.13778871002,0.0,1533361.6534645204,75075.0,136121.8044553767,0.0
BR_2.6-3.1,arima,0.95,5,True,-1.0,0.0,2024-12-01,1.0,1.0,127780.13778871002,0.0,1533361.6534645204,75075.0,136121.8044553767,0.0
BR_2.6-3.1,arima,0.95,10,True,-1.0,0.0,2024-12-01,1.0,1.0,127780.13778871002,0.0,1533361.6534645204,75075.0,136121.8044553767,0.0
BR_2.6-3.1,arima,0.95,20,True,-1.0,0.0,2024-12-01,1.0,1.0,127780.13778871002,0.0,1533361.6534645204,75075.0,136121.8044553767,0.0
BR_2.6-3.1,arima,0.95,50,True,-1.0,0.0,2024-12-01,1.0,1.0,127780.13778871002,0.0,1533361.6534645204,75075.0,136121.8044553767,0.0
BR_2.6-3.1,arima,0.95,10,False,-1.0,0.0,2024-12-01,1.0,1.0,112649.82837379196,0.0,1351797.9404855035,75075.0,121663.73859130975,0.0
BR_2.6-3.1,arima,0.98,2,True,-1.0,0.0,2024-12-01,1.0,1.0,142486.0146550377,0.0,1709832.1758604525,75075.0,150827.6813217044,0.0
BR_2.6-3.1,arima,0.98,5,True,-1.0,0.0,2024-12-01,1.0,1.0,142486.0146550377,0.0,1709832.1758604525,75075.0,150827.6813217044,0.0
BR_2.6-3.1,arima,0.98,10,True,-1.0,0.0,2024-12-01,1.0,1.0,142486.0146550377,0.0,1709832.1758604525,75075.0,150827.6813217044,0.0
BR_2.6-3.1,arima,0.98,20,True,-1.0,0.0,2024-12-01,1.0,1.0,142486.0146550377,0.0,1709832.1758604525,75075.0,150827.6813217044,0.0
BR_2.6-3.1,arima,0.98,50,True,-1.0,0.0,2024-12-01,1.0,1.0,142486.0146550377,0.0,1709832.1758604525,75075.0,150827.6813217044,0.0
BR_2.6-3.1,arima,0.98,10,False,-1.0,0.0,2024-12-01,1.0,1.0,132047.30828466394,0.0,1584567.6994159673,75075.0,142270.52835178928,0.0
BR_2.6-3.1,croston,0.9,2,True,-1.0,0.0,2024-12-01,1.0,1.0,125100.92133233143,0.0,1501211.0559879772,75075.0,131357.17133233146,0.0
BR_2.6-3.1,croston,0.9,5,True,-1.0,0.0,2024-12-01,1.0,1.0,125100.92133233143,0.0,1501211.0559879772,75075.0,131357.17133233146,0.0
BR_2.6-3.1,croston,0.9,10,True,-1.0,0.0,2024-12-01,1.0,1.0,125100.92133233143,0.0,1501211.0559879772,75075.0,131357.17133233146,0.0
BR_2.6-3.1,croston,0.9,20,True,-1.0,0.0,2024-12-01,1.0,1.0,125100.92133233143,0.0,1501211.0559879772,75075.0,131357.17133233146,0.0
BR_2.6-3.1,croston,0.9,50,True,-1.0,0.0,2024-12-01,1.0,1.0,125100.92133233143,0.0,1501211.0559879772,75075.0,131357.17133233146,0.0
BR_2.6-3.1,croston,0.9,10,False,-1.0,0.0,2024-12-01,1.0,1.0,116946.22212726029,0.0,1403354.6655271235,75075.0,121083.41197155428,0.0
BR_2.6-3.1,croston,0.95,2,True,-1.0,0.0,2024-12-01,1.0,1.0,158590.7065199062,0.0,1903088.4782388746,75075.0,166932.37318657286,0.0
BR_2.6-3.1,croston,0.95,5,True,-1.0,0.0,2024-12-01,1.0,1.0,158590.7065199062,0.0,1903088.4782388746,75075.0,166932.37318657286,0.0
BR_2.6-3.1,croston,0.95,10,True,-1.0,0.0,2024-12-01,1.0,1.0,158590.7065199062,0.0,1903088.4782388746,75075.0,166932.37318657286,0.0
BR_2.6-3.1,croston,0.95,20,True,-1.0,0.0,2024-12-01,1.0,1.0,158590.7065199062,0.0,1903088.4782388746,75075.0,166932.37318657286,0.0
BR_2.6-3.1,croston,0.95,50,True,-1.0,0.0,2024-12-01,1.0,1.0,158590.7065199062,0.0,1903088.4782388746,75075.0,166932.37318657286,0.0
BR_2.6-3.1,croston,0.95,10,False,-1.0,0.0,2024-12-01,1.0,1.0,138757.54771258772,0.0,1665090.5725510526,75075.0,144318.1951010735,0.0
BR_2.6-3.1,croston,0.98,2,True,-1.0,0.0,2024-12-01,1.0,1.0,170462.2245986672,0.0,2045546.6951840066,75075.0,178803.8912653339,0.0
BR_2.6-3.1,croston,0.98,5,True,-1.0,0.0,2024-12-01,1.0,1.0,170462.2245986672,0.0,2045546.6951840066,75075.0,178803.8912653339,0.0
BR_2.6-3.1,croston,0.98,10,True,-1.0,0.0,2024-12-01,1.0,1.0,170462.2245986672,0.0,2045546.6951840066,75075.0,178803.8912653339,0.0
BR_2.6-3.1,croston,0.98,20,True,-1.0,0.0,2024-12-01,1.0,1.0,170462.2245986672,0.0,2045546.6951840066,75075.0,178803.8912653339,0.0
BR_2.6-3.1,croston,0.98,50,True,-1.0,0.0,2024-12-01,1.0,1.0,170462.2245986672,0.0,2045546.6951840066,75075.0,178803.8912653339,0.0
BR_2.6-3.1,croston,0.98,10,False,-1.0,0.0,2024-12-01,1.0,1.0,163300.54220551878,0.0,1959606.5064662253,75075.0,170462.92216781573,0.0
BR_2.6-3.1,hybrid,0.9,2,True,-1.0,0.0,2024-12-01,1.0,1.0,72732.27684722883,0.0,872787.322166746,75075.0,60219.776847228815,0.0
BR_2.6-3.1,hybrid,0.9,5,True,-1.0,0.0,2024-12-01,1.0,1.0,72732.27684722883,0.0,872787.322166746,75075.0,60219.776847228815,0.0
BR_2.6-3.1,hybrid,0.9,10,True,-1.0,0.0,2024-12-01,1.0,1.0,72732.27684722883,0.0,872787.322166746,75075.0,60219.776847228815,0.0
BR_2.6-3.1,hybrid,0.9,20,True,-1.0,0.0,2024-12-01,1.0,1.0,72732.27684722883,0.0,872787.322166746,75075.0,60219.776847228815,0.0
BR_2.6-3.1,hybrid,0.9,50,True,-1.0,0.0,2024-12-01,1.0,1.0,72732.27684722883,0.0,872787.322166746,75075.0,60219.776847228815,0.0
BR_2.6-3.1,hybrid,0.9,10,False,-1.0,0.0,2024-12-01,1.0,1.0,66507.6741614168,0.0,798092.0899370016,75075.0,56267.17629413695,0.0
BR_2.6-3.1,hybrid,0.95,2,True,-1.0,0.0,2024-12-01,1.0,1.0,94499.99795543337,0.0,1133999.9754652004,75075.0,81987.49795543338,0.0
BR_2.6-3.1,hybrid,0.95,5,True,-1.0,0.0,2024-12-01,1.0,1.0,94499.99795543337,0.0,1133999.9754652004,75075.0,81987.49795543338,0.0
BR_2.6-3.1,hybrid,0.95,10,True,-1.0,0.0,2024-12-01,1.0,1.0,94499.99795543337,0.0,1133999.9754652004,75075.0,81987.49795543338,0.0
BR_2.6-3.1,hybrid,0.95,20,True,-1.0,0.0,2024-12-01,1.0,1.0,94499.99795543337,0.0,1133999.9754652004,75075.0,81987.49795543338,0.0
BR_2.6-3.1,hybrid,0.95,50,True,-1.0,0.0,2024-12-01,1.0,1.0,94499.99795543337,0.0,1133999.9754652004,75075.0,81987.49795543338,0.0
BR_2.6-3.1,hybrid,0.95,10,False,-1.0,0.0,2024-12-01,1.0,1.0,82839.52637748221,0.0,994074.3165297866,75075.0,67998.70094462784,0.0
BR_2.6-3.1,hybrid,0.98,2,True,-1.0,0.0,2024-12-01,1.0,1.0,118993.9269095596,0.0,1427927.1229147152,75075.0,106481.42690955958,0.0
BR_2.6-3.1,hybrid,0.98,5,True,-1.0,0.0,2024-12-01,1.0,1.0,118993.9269095596,0.0,1427927.1229147152,75075.0,106481.42690955958,0.0
BR_2.6-3.1,hybrid,0.98,10,True,-1.0,0.0,2024-12-01,1.0,1.0,118993.9269095596,0.0,1427927.1229147152,75075.0,106481.42690955958,0.0
BR_2.6-3.1,hybrid,0.98,20,True,-1.0,0.0,2024-12-01,1.0,1.0,118993.9269095596,0.0,1427927.1229147152,75075.0,106481.42690955958,0.0
BR_2.6-3.1,hybrid,0.98,50,True,-1.0,0.0,2024-12-01,1.0,1.0,118993.9269095596,0.0,1427927.1229147152,75075.0,106481.42690955958,0.0
BR_2.6-3.1,hybrid,0.98,10,False,-1.0,0.0,2024-12-01,1.0,1.0,102817.2197720713,0.0,1233806.6372648557,75075.0,85276.89432788,0.0
BR_2.6-3.1,mitra,0.9,2,True,-1.0,0.0,2024-12-01,1.0,1.0,64420.285866391205,0.0,773043.4303966945,75075.0,72761.95253305786,0.0
BR_2.6-3.1,mitra,0.9,5,True,-1.0,0.0,2024-12-01,1.0,1.0,64420.285866391205,0.0,773043.4303966945,75075.0,72761.95253305786,0.0
BR_2.6-3.1,mitra,0.9,10,True,-1.0,0.0,2024-12-01,1.0,1.0,64420.285866391205,0.0,773043.4303966945,75075.0,72761.95253305786,0.0
BR_2.6-3.1,mitra,0.9,20,True,-1.0,0.0,2024-12-01,1.0,1.0,64420.285866391205,0.0,773043.4303966945,75075.0,72761.95253305786,0.0
BR_2.6-3.1,mitra,0.9,50,True,-1.0,0.0,2024-12-01,1.0,1.0,64420.285866391205,0.0,773043.4303966945,75075.0,72761.95253305786,0.0
BR_2.6-3.1,mitra,0.9,10,False,-1.0,0.0,2024-12-01,1.0,1.0,56053.78532346797,0.0,672645.4238816156,75075.0,63298.539538197336,0.0
BR_2.6-3.1,mitra,0.95,2,True,-1.0,0.0,2024-12-01,1.0,1.0,73223.17276968392,0.0,878678.073236207,75075.0,81564.83943635056,0.0
BR_2.6-3.1,mitra,0.95,5,True,-1.0,0.0,2024-12-01,1.0,1.0,73223.17276968392,0.0,878678.073236207,75075.0,81564.83943635056,0.0
BR_2.6-3.1,mitra,0.95,10,True,-1.0,0.0,2024-12-01,1.0,1.0,73223.17276968392,0.0,878678.073236207,75075.0,81564.83943635056,0.0
BR_2.6-3.1,mitra,0.95,20,True,-1.0,0.0,2024-12-01,1.0,1.0,73223.17276968392,0.0,878678.073236207,75075.0,81564.83943635056,0.0
BR_2.6-3.1,mitra,0.95,50,True,-1.0,0.0,2024-12-01,1.0,1.0,73223.17276968392,0.0,878678.073236207,75075.0,81564.83943635056,0.0
BR_2.6-3.1,mitra,0.95,10,False,-1.0,0.0,2024-12-01,1.0,1.0,67017.22262815163,0.0,804206.6715378196,75075.0,73556.92361999126,0.0
BR_2.6-3.1,mitra,0.98,2,True,-1.0,0.0,2024-12-01,1.0,1.0,83128.5406916934,0.0,997542.4883003208,75075.0,91470.20735836007,0.0
BR_2.6-3.1,mitra,0.98,5,True,-1.0,0.0,2024-12-01,1.0,1.0,83128.5406916934,0.0,997542.4883003208,75075.0,91470.20735836007,0.0
BR_2.6-3.1,mitra,0.98,10,True,-1.0,0.0,2024-12-01,1.0,1.0,83128.5406916934,0.0,997542.4883003208,75075.0,91470.20735836007,0.0
BR_2.6-3.1,mitra,0.98,20,True,-1.0,0.0,2024-12-01,1.0,1.0,83128.5406916934,0.0,997542.4883003208,75075.0,91470.20735836007,0.0
BR_2.6-3.1,mitra,0.98,50,True,-1.0,0.0,2024-12-01,1.0,1.0,83128.5406916934,0.0,997542.4883003208,75075.0,91470.20735836007,0.0
BR_2.6-3.1,mitra,0.98,10,False,-1.0,0.0,2024-12-01,1.0,1.0,79353.7301155028,0.0,952244.7613860336,75075.0,85100.07642108499,0.0
BR_2.6-3.1,naive,0.9,2,True,-1.0,0.0,2024-12-01,1.0,1.0,320585.82746872853,0.0,3847029.9296247424,75075.0,291389.9941353952,0.0
BR_2.6-3.1,naive,0.9,5,True,-1.0,0.0,2024-12-01,1.0,1.0,320585.82746872853,0.0,3847029.9296247424,75075.0,291389.9941353952,0.0
BR_2.6-3.1,naive,0.9,10,True,-1.0,0.0,2024-12-01,1.0,1.0,320585.82746872853,0.0,3847029.9296247424,75075.0,291389.9941353952,0.0
BR_2.6-3.1,naive,0.9,20,True,-1.0,0.0,2024-12-01,1.0,1.0,320585.82746872853,0.0,3847029.9296247424,75075.0,291389.9941353952,0.0
BR_2.6-3.1,naive,0.9,50,True,-1.0,0.0,2024-12-01,1.0,1.0,320585.82746872853,0.0,3847029.9296247424,75075.0,291389.9941353952,0.0
BR_2.6-3.1,naive,0.9,10,False,-1.0,0.0,2024-12-01,1.0,1.0,308466.94525151624,0.0,3701603.343018195,75075.0,279271.11191818287,0.0
BR_2.6-3.1,naive,0.95,2,True,-1.0,0.0,2024-12-01,1.0,1.0,367717.5942987762,0.0,4412611.131585314,75075.0,338521.76096544287,0.0
BR_2.6-3.1,naive,0.95,5,True,-1.0,0.0,2024-12-01,1.0,1.0,367717.5942987762,0.0,4412611.131585314,75075.0,338521.76096544287,0.0
BR_2.6-3.1,naive,0.95,10,True,-1.0,0.0,2024-12-01,1.0,1.0,367717.5942987762,0.0,4412611.131585314,75075.0,338521.76096544287,0.0
BR_2.6-3.1,naive,0.95,20,True,-1.0,0.0,2024-12-01,1.0,1.0,367717.5942987762,0.0,4412611.131585314,75075.0,338521.76096544287,0.0
BR_2.6-3.1,naive,0.95,50,True,-1.0,0.0,2024-12-01,1.0,1.0,367717.5942987762,0.0,4412611.131585314,75075.0,338521.76096544287,0.0
BR_2.6-3.1,naive,0.95,10,False,-1.0,0.0,2024-12-01,1.0,1.0,352163.326696488,0.0,4225959.920357856,75075.0,322967.49336315464,0.0
BR_2.6-3.1,naive,0.98,2,True,-1.0,0.0,2024-12-01,1.0,1.0,420752.1835641863,0.0,5049026.202770236,75075.0,391556.35023085296,0.0
BR_2.6-3.1,naive,0.98,5,True,-1.0,0.0,2024-12-01,1.0,1.0,420752.1835641863,0.0,5049026.202770236,75075.0,391556.35023085296,0.0
BR_2.6-3.1,naive,0.98,10,True,-1.0,0.0,2024-12-01,1.0,1.0,420752.1835641863,0.0,5049026.202770236,75075.0,391556.35023085296,0.0
BR_2.6-3.1,naive,0.98,20,True,-1.0,0.0,2024-12-01,1.0,1.0,420752.1835641863,0.0,5049026.202770236,75075.0,391556.35023085296,0.0
BR_2.6-3.1,naive,0.98,50,True,-1.0,0.0,2024-12-01,1.0,1.0,420752.1835641863,0.0,5049026.202770236,75075.0,391556.35023085296,0.0
BR_2.6-3.1,naive,0.98,10,False,-1.0,0.0,2024-12-01,1.0,1.0,401332.2799987299,0.0,4815987.359984758,75075.0,372136.4466653965,0.0
BR_2.6-3.1,rf,0.9,2,True,-1.0,0.0,2024-12-01,1.0,1.0,163337.82534421576,0.0,1960053.9041305892,75075.0,167508.6586775491,0.0
BR_2.6-3.1,rf,0.9,5,True,-1.0,0.0,2024-12-01,1.0,1.0,163337.82534421576,0.0,1960053.9041305892,75075.0,167508.6586775491,0.0
BR_2.6-3.1,rf,0.9,10,True,-1.0,0.0,2024-12-01,1.0,1.0,163337.82534421576,0.0,1960053.9041305892,75075.0,167508.6586775491,0.0
BR_2.6-3.1,rf,0.9,20,True,-1.0,0.0,2024-12-01,1.0,1.0,163337.82534421576,0.0,1960053.9041305892,75075.0,167508.6586775491,0.0
BR_2.6-3.1,rf,0.9,50,True,-1.0,0.0,2024-12-01,1.0,1.0,163337.82534421576,0.0,1960053.9041305892,75075.0,167508.6586775491,0.0
BR_2.6-3.1,rf,0.9,10,False,-1.0,0.0,2024-12-01,1.0,1.0,147501.91575862744,0.0,1770022.9891035291,75075.0,157185.8078021825,0.0
BR_2.6-3.1,rf,0.95,2,True,-1.0,0.0,2024-12-01,1.0,1.0,190841.8360859086,0.0,2290102.0330309034,75075.0,190841.83608590864,0.0
BR_2.6-3.1,rf,0.95,5,True,-1.0,0.0,2024-12-01,1.0,1.0,190841.8360859086,0.0,2290102.0330309034,75075.0,190841.83608590864,0.0
BR_2.6-3.1,rf,0.95,10,True,-1.0,0.0,2024-12-01,1.0,1.0,190841.8360859086,0.0,2290102.0330309034,75075.0,190841.83608590864,0.0
BR_2.6-3.1,rf,0.95,20,True,-1.0,0.0,2024-12-01,1.0,1.0,190841.8360859086,0.0,2290102.0330309034,75075.0,190841.83608590864,0.0
BR_2.6-3.1,rf,0.95,50,True,-1.0,0.0,2024-12-01,1.0,1.0,190841.8360859086,0.0,2290102.0330309034,75075.0,190841.83608590864,0.0
BR_2.6-3.1,rf,0.95,10,False,-1.0,0.0,2024-12-01,1.0,1.0,173383.68724260005,0.0,2080604.2469112007,75075.0,185604.75975172443,0.0
BR_2.6-3.1,rf,0.98,2,True,-1.0,0.0,2024-12-01,1.0,1.0,223353.5304143903,0.0,2680242.3649726836,75075.0,242122.28041439026,0.0
BR_2.6-3.1,rf,0.98,5,True,-1.0,0.0,2024-12-01,1.0,1.0,223353.5304143903,0.0,2680242.3649726836,75075.0,242122.28041439026,0.0
BR_2.6-3.1,rf,0.98,10,True,-1.0,0.0,2024-12-01,1.0,1.0,223353.5304143903,0.0,2680242.3649726836,75075.0,242122.28041439026,0.0
BR_2.6-3.1,rf,0.98,20,True,-1.0,0.0,2024-12-01,1.0,1.0,223353.5304143903,0.0,2680242.3649726836,75075.0,242122.28041439026,0.0
BR_2.6-3.1,rf,0.98,50,True,-1.0,0.0,2024-12-01,1.0,1.0,223353.5304143903,0.0,2680242.3649726836,75075.0,242122.28041439026,0.0
BR_2.6-3.1,rf,0.98,10,False,-1.0,0.0,2024-12-01,1.0,1.0,202506.91372938236,0.0,2430082.9647525884,75075.0,217582.92533656541,0.0
BR_2.6-3.1,sba,0.9,2,True,-1.0,0.0,2024-12-01,1.0,1.0,119974.46803373723,0.0,1439693.6164048468,75075.0,126230.71803373721,0.0
BR_2.6-3.1,sba,0.9,5,True,-1.0,0.0,2024-12-01,1.0,1.0,119974.46803373723,0.0,1439693.6164048468,75075.0,126230.71803373721,0.0
BR_2.6-3.1,sba,0.9,10,True,-1.0,0.0,2024-12-01,1.0,1.0,119974.46803373723,0.0,1439693.6164048468,75075.0,126230.71803373721,0.0
BR_2.6-3.1,sba,0.9,20,True,-1.0,0.0,2024-12-01,1.0,1.0,119974.46803373723,0.0,1439693.6164048468,75075.0,126230.71803373721,0.0
BR_2.6-3.1,sba,0.9,50,True,-1.0,0.0,2024-12-01,1.0,1.0,119974.46803373723,0.0,1439693.6164048468,75075.0,126230.71803373721,0.0
BR_2.6-3.1,sba,0.9,10,False,-1.0,0.0,2024-12-01,1.0,1.0,108638.21176027584,0.0,1303658.54112331,75075.0,112538.22812151967,0.0
BR_2.6-3.1,sba,0.95,2,True,-1.0,0.0,2024-12-01,1.0,1.0,142918.26039909964,0.0,1715019.1247891956,75075.0,136662.0103990996,0.0
BR_2.6-3.1,sba,0.95,5,True,-1.0,0.0,2024-12-01,1.0,1.0,142918.26039909964,0.0,1715019.1247891956,75075.0,136662.0103990996,0.0
BR_2.6-3.1,sba,0.95,10,True,-1.0,0.0,2024-12-01,1.0,1.0,142918.26039909964,0.0,1715019.1247891956,75075.0,136662.0103990996,0.0
BR_2.6-3.1,sba,0.95,20,True,-1.0,0.0,2024-12-01,1.0,1.0,142918.26039909964,0.0,1715019.1247891956,75075.0,136662.0103990996,0.0
BR_2.6-3.1,sba,0.95,50,True,-1.0,0.0,2024-12-01,1.0,1.0,142918.26039909964,0.0,1715019.1247891956,75075.0,136662.0103990996,0.0
BR_2.6-3.1,sba,0.95,10,False,-1.0,0.0,2024-12-01,1.0,1.0,129134.35609958926,0.0,1549612.2731950711,75075.0,134259.8317159313,0.0
BR_2.6-3.1,sba,0.98,2,True,-1.0,0.0,2024-12-01,1.0,1.0,165083.05999711822,0.0,1980996.7199654186,75075.0,173424.7266637849,0.0
BR_2.6-3.1,sba,0.98,5,True,-1.0,0.0,2024-12-01,1.0,1.0,165083.05999711822,0.0,1980996.7199654186,75075.0,173424.7266637849,0.0
BR_2.6-3.1,sba,0.98,10,True,-1.0,0.0,2024-12-01,1.0,1.0,165083.05999711822,0.0,1980996.7199654186,75075.0,173424.7266637849,0.0
BR_2.6-3.1,sba,0.98,20,True,-1.0,0.0,2024-12-01,1.0,1.0,165083.05999711822,0.0,1980996.7199654186,75075.0,173424.7266637849,0.0
BR_2.6-3.1,sba,0.98,50,True,-1.0,0.0,2024-12-01,1.0,1.0,165083.05999711822,0.0,1980996.7199654186,75075.0,173424.7266637849,0.0
BR_2.6-3.1,sba,0.98,10,False,-1.0,0.0,2024-12-01,1.0,1.0,152197.4549322657,0.0,1826369.4591871884,75075.0,158701.8673597394,0.0
BR_2.6-3.1,ses,0.9,2,True,-1.0,0.0,2024-12-01,1.0,1.0,104315.09474591922,0.0,1251781.1369510307,75075.0,104315.09474591922,0.0
BR_2.6-3.1,ses,0.9,5,True,-1.0,0.0,2024-12-01,1.0,1.0,104315.09474591922,0.0,1251781.1369510307,75075.0,104315.09474591922,0.0
BR_2.6-3.1,ses,0.9,10,True,-1.0,0.0,2024-12-01,1.0,1.0,104315.09474591922,0.0,1251781.1369510307,75075.0,104315.09474591922,0.0
BR_2.6-3.1,ses,0.9,20,True,-1.0,0.0,2024-12-01,1.0,1.0,104315.09474591922,0.0,1251781.1369510307,75075.0,104315.09474591922,0.0
BR_2.6-3.1,ses,0.9,50,True,-1.0,0.0,2024-12-01,1.0,1.0,104315.09474591922,0.0,1251781.1369510307,75075.0,104315.09474591922,0.0
BR_2.6-3.1,ses,0.9,10,False,-1.0,0.0,2024-12-01,1.0,1.0,92410.90613150528,0.0,1108930.8735780634,75075.0,90065.17739279821,0.0
BR_2.6-3.1,ses,0.95,2,True,-1.0,0.0,2024-12-01,1.0,1.0,122374.69520907411,0.0,1468496.3425088893,75075.0,122374.69520907413,0.0
BR_2.6-3.1,ses,0.95,5,True,-1.0,0.0,2024-12-01,1.0,1.0,122374.69520907411,0.0,1468496.3425088893,75075.0,122374.69520907413,0.0
BR_2.6-3.1,ses,0.95,10,True,-1.0,0.0,2024-12-01,1.0,1.0,122374.69520907411,0.0,1468496.3425088893,75075.0,122374.69520907413,0.0
BR_2.6-3.1,ses,0.95,20,True,-1.0,0.0,2024-12-01,1.0,1.0,122374.69520907411,0.0,1468496.3425088893,75075.0,122374.69520907413,0.0
BR_2.6-3.1,ses,0.95,50,True,-1.0,0.0,2024-12-01,1.0,1.0,122374.69520907411,0.0,1468496.3425088893,75075.0,122374.69520907413,0.0
BR_2.6-3.1,ses,0.95,10,False,-1.0,0.0,2024-12-01,1.0,1.0,109902.51305332211,0.0,1318830.1566398654,75075.0,107436.61504806488,0.0
BR_2.6-3.1,ses,0.98,2,True,-1.0,0.0,2024-12-01,1.0,1.0,142696.0953448785,0.0,1712353.144138542,75075.0,142696.0953448785,0.0
BR_2.6-3.1,ses,0.98,5,True,-1.0,0.0,2024-12-01,1.0,1.0,142696.0953448785,0.0,1712353.144138542,75075.0,142696.0953448785,0.0
BR_2.6-3.1,ses,0.98,10,True,-1.0,0.0,2024-12-01,1.0,1.0,142696.0953448785,0.0,1712353.144138542,75075.0,142696.0953448785,0.0
BR_2.6-3.1,ses,0.98,20,True,-1.0,0.0,2024-12-01,1.0,1.0,142696.0953448785,0.0,1712353.144138542,75075.0,142696.0953448785,0.0
BR_2.6-3.1,ses,0.98,50,True,-1.0,0.0,2024-12-01,1.0,1.0,142696.0953448785,0.0,1712353.144138542,75075.0,142696.0953448785,0.0
BR_2.6-3.1,ses,0.98,10,False,-1.0,0.0,2024-12-01,1.0,1.0,129584.78365513532,0.0,1555017.403861624,75075.0,126983.66628250753,0.0
BR_2.6-3.1,tsb,0.9,2,True,-1.0,0.0,2024-12-01,1.0,1.0,113565.7608047056,0.0,1362789.1296564671,75075.0,119822.01080470561,0.0
BR_2.6-3.1,tsb,0.9,5,True,-1.0,0.0,2024-12-01,1.0,1.0,113565.7608047056,0.0,1362789.1296564671,75075.0,119822.01080470561,0.0
BR_2.6-3.1,tsb,0.9,10,True,-1.0,0.0,2024-12-01,1.0,1.0,113565.7608047056,0.0,1362789.1296564671,75075.0,119822.01080470561,0.0
BR_2.6-3.1,tsb,0.9,20,True,-1.0,0.0,2024-12-01,1.0,1.0,113565.7608047056,0.0,1362789.1296564671,75075.0,119822.01080470561,0.0
BR_2.6-3.1,tsb,0.9,50,True,-1.0,0.0,2024-12-01,1.0,1.0,113565.7608047056,0.0,1362789.1296564671,75075.0,119822.01080470561,0.0
BR_2.6-3.1,tsb,0.9,10,False,-1.0,0.0,2024-12-01,1.0,1.0,99921.02080928204,0.0,1199052.2497113845,75075.0,100999.57788900103,0.0
BR_2.6-3.1,tsb,0.95,2,True,-1.0,0.0,2024-12-01,1.0,1.0,132085.64145766894,0.0,1585027.6974920274,75075.0,138341.89145766894,0.0
BR_2.6-3.1,tsb,0.95,5,True,-1.0,0.0,2024-12-01,1.0,1.0,132085.64145766894,0.0,1585027.6974920274,75075.0,138341.89145766894,0.0
BR_2.6-3.1,tsb,0.95,10,True,-1.0,0.0,2024-12-01,1.0,1.0,132085.64145766894,0.0,1585027.6974920274,75075.0,138341.89145766894,0.0
BR_2.6-3.1,tsb,0.95,20,True,-1.0,0.0,2024-12-01,1.0,1.0,132085.64145766894,0.0,1585027.6974920274,75075.0,138341.89145766894,0.0
BR_2.6-3.1,tsb,0.95,50,True,-1.0,0.0,2024-12-01,1.0,1.0,132085.64145766894,0.0,1585027.6974920274,75075.0,138341.89145766894,0.0
BR_2.6-3.1,tsb,0.95,10,False,-1.0,0.0,2024-12-01,1.0,1.0,118671.79048108593,0.0,1424061.4857730311,75075.0,120388.90142137944,0.0
BR_2.6-3.1,tsb,0.98,2,True,-1.0,0.0,2024-12-01,1.0,1.0,152924.9676644716,0.0,1835099.6119736591,75075.0,159181.2176644716,0.0
BR_2.6-3.1,tsb,0.98,5,True,-1.0,0.0,2024-12-01,1.0,1.0,152924.9676644716,0.0,1835099.6119736591,75075.0,159181.2176644716,0.0
BR_2.6-3.1,tsb,0.98,10,True,-1.0,0.0,2024-12-01,1.0,1.0,152924.9676644716,0.0,1835099.6119736591,75075.0,159181.2176644716,0.0
BR_2.6-3.1,tsb,0.98,20,True,-1.0,0.0,2024-12-01,1.0,1.0,152924.9676644716,0.0,1835099.6119736591,75075.0,159181.2176644716,0.0
BR_2.6-3.1,tsb,0.98,50,True,-1.0,0.0,2024-12-01,1.0,1.0,152924.9676644716,0.0,1835099.6119736591,75075.0,159181.2176644716,0.0
BR_2.6-3.1,tsb,0.98,10,False,-1.0,0.0,2024-12-01,1.0,1.0,139770.92244319274,0.0,1677251.069318313,75075.0,142206.5602709151,0.0
BR_2.6-3.1,xgb,0.9,2,True,-1.0,0.0,2024-12-01,1.0,1.0,68325.498294872,0.0,819905.979538464,75075.0,49556.748294872,25025.0
BR_2.6-3.1,xgb,0.9,5,True,-1.0,0.0,2024-12-01,1.0,1.0,68325.498294872,0.0,819905.979538464,75075.0,49556.748294872,25025.0
BR_2.6-3.1,xgb,0.9,10,True,-1.0,0.0,2024-12-01,1.0,1.0,68325.498294872,0.0,819905.979538464,75075.0,49556.748294872,25025.0
BR_2.6-3.1,xgb,0.9,20,True,-1.0,0.0,2024-12-01,1.0,1.0,68325.498294872,0.0,819905.979538464,75075.0,49556.748294872,25025.0
BR_2.6-3.1,xgb,0.9,50,True,-1.0,0.0,2024-12-01,1.0,1.0,68325.498294872,0.0,819905.979538464,75075.0,49556.748294872,25025.0
BR_2.6-3.1,xgb,0.9,10,False,-1.0,0.0,2024-12-01,1.0,1.0,54798.65755988317,0.0,657583.890718598,75075.0,40200.02141839717,15592.326625065507
BR_2.6-3.1,xgb,0.95,2,True,-1.0,0.0,2024-12-01,1.0,1.0,88933.10560223191,0.0,1067197.2672267829,75075.0,59737.27226889858,25025.0
BR_2.6-3.1,xgb,0.95,5,True,-1.0,0.0,2024-12-01,1.0,1.0,88933.10560223191,0.0,1067197.2672267829,75075.0,59737.27226889858,25025.0
BR_2.6-3.1,xgb,0.95,10,True,-1.0,0.0,2024-12-01,1.0,1.0,88933.10560223191,0.0,1067197.2672267829,75075.0,59737.27226889858,25025.0
BR_2.6-3.1,xgb,0.95,20,True,-1.0,0.0,2024-12-01,1.0,1.0,88933.10560223191,0.0,1067197.2672267829,75075.0,59737.27226889858,25025.0
BR_2.6-3.1,xgb,0.95,50,True,-1.0,0.0,2024-12-01,1.0,1.0,88933.10560223191,0.0,1067197.2672267829,75075.0,59737.27226889858,25025.0
BR_2.6-3.1,xgb,0.95,10,False,-1.0,0.0,2024-12-01,1.0,1.0,79034.05267774581,0.0,948408.6321329498,75075.0,55202.95219939096,15831.133504016412
BR_2.6-3.1,xgb,0.98,2,True,-1.0,0.0,2024-12-01,1.0,1.0,128547.79924545261,0.0,1542573.5909454313,75075.0,99351.96591211928,0.0
BR_2.6-3.1,xgb,0.98,5,True,-1.0,0.0,2024-12-01,1.0,1.0,128547.79924545261,0.0,1542573.5909454313,75075.0,99351.96591211928,0.0
BR_2.6-3.1,xgb,0.98,10,True,-1.0,0.0,2024-12-01,1.0,1.0,128547.79924545261,0.0,1542573.5909454313,75075.0,99351.96591211928,0.0
BR_2.6-3.1,xgb,0.98,20,True,-1.0,0.0,2024-12-01,1.0,1.0,128547.79924545261,0.0,1542573.5909454313,75075.0,99351.96591211928,0.0
BR_2.6-3.1,xgb,0.98,50,True,-1.0,0.0,2024-12-01,1.0,1.0,128547.79924545261,0.0,1542573.5909454313,75075.0,99351.96591211928,0.0
BR_2.6-3.1,xgb,0.98,10,False,-1.0,0.0,2024-12-01,1.0,1.0,110474.33694899116,0.0,1325692.0433878938,75075.0,81278.50361565783,6906.2078939300845
BR_3.1-3.6,arima,0.9,2,True,-1.0,0.0,2024-12-01,1.0,1.0,115074.20930398958,0.0,1380890.511647875,25025.0,98390.87597065623,0.0
BR_3.1-3.6,arima,0.9,5,True,-1.0,0.0,2024-12-01,1.0,1.0,115074.20930398958,0.0,1380890.511647875,25025.0,98390.87597065623,0.0
BR_3.1-3.6,arima,0.9,10,True,-1.0,0.0,2024-12-01,1.0,1.0,115074.20930398958,0.0,1380890.511647875,25025.0,98390.87597065623,0.0
BR_3.1-3.6,arima,0.9,20,True,-1.0,0.0,2024-12-01,1.0,1.0,115074.20930398958,0.0,1380890.511647875,25025.0,98390.87597065623,0.0
BR_3.1-3.6,arima,0.9,50,True,-1.0,0.0,2024-12-01,1.0,1.0,115074.20930398958,0.0,1380890.511647875,25025.0,98390.87597065623,0.0
BR_3.1-3.6,arima,0.9,10,False,-1.0,0.0,2024-12-01,1.0,1.0,115074.20930398958,0.0,1380890.511647875,25025.0,98390.87597065623,0.0
BR_3.1-3.6,arima,0.95,2,True,-1.0,0.0,2024-12-01,1.0,1.0,148727.99382737235,0.0,1784735.9259284681,25025.0,132044.66049403898,0.0
BR_3.1-3.6,arima,0.95,5,True,-1.0,0.0,2024-12-01,1.0,1.0,148727.99382737235,0.0,1784735.9259284681,25025.0,132044.66049403898,0.0
BR_3.1-3.6,arima,0.95,10,True,-1.0,0.0,2024-12-01,1.0,1.0,148727.99382737235,0.0,1784735.9259284681,25025.0,132044.66049403898,0.0
BR_3.1-3.6,arima,0.95,20,True,-1.0,0.0,2024-12-01,1.0,1.0,148727.99382737235,0.0,1784735.9259284681,25025.0,132044.66049403898,0.0
BR_3.1-3.6,arima,0.95,50,True,-1.0,0.0,2024-12-01,1.0,1.0,148727.99382737235,0.0,1784735.9259284681,25025.0,132044.66049403898,0.0
BR_3.1-3.6,arima,0.95,10,False,-1.0,0.0,2024-12-01,1.0,1.0,148727.99382737235,0.0,1784735.9259284681,25025.0,132044.66049403898,0.0
BR_3.1-3.6,arima,0.98,2,True,-1.0,0.0,2024-12-01,1.0,1.0,186596.60685561027,0.0,2239159.282267323,25025.0,169913.27352227696,0.0
BR_3.1-3.6,arima,0.98,5,True,-1.0,0.0,2024-12-01,1.0,1.0,186596.60685561027,0.0,2239159.282267323,25025.0,169913.27352227696,0.0
BR_3.1-3.6,arima,0.98,10,True,-1.0,0.0,2024-12-01,1.0,1.0,186596.60685561027,0.0,2239159.282267323,25025.0,169913.27352227696,0.0
BR_3.1-3.6,arima,0.98,20,True,-1.0,0.0,2024-12-01,1.0,1.0,186596.60685561027,0.0,2239159.282267323,25025.0,169913.27352227696,0.0
BR_3.1-3.6,arima,0.98,50,True,-1.0,0.0,2024-12-01,1.0,1.0,186596.60685561027,0.0,2239159.282267323,25025.0,169913.27352227696,0.0
BR_3.1-3.6,arima,0.98,10,False,-1.0,0.0,2024-12-01,1.0,1.0,186596.60685561027,0.0,2239159.282267323,25025.0,169913.27352227696,0.0
BR_3.1-3.6,croston,0.9,2,True,-1.0,0.0,2024-12-01,1.0,1.0,111662.26118333521,0.0,1339947.1342000226,25025.0,97064.34451666859,0.0
BR_3.1-3.6,croston,0.9,5,True,-1.0,0.0,2024-12-01,1.0,1.0,111662.26118333521,0.0,1339947.1342000226,25025.0,97064.34451666859,0.0
BR_3.1-3.6,croston,0.9,10,True,-1.0,0.0,2024-12-01,1.0,1.0,111662.26118333521,0.0,1339947.1342000226,25025.0,97064.34451666859,0.0
BR_3.1-3.6,croston,0.9,20,True,-1.0,0.0,2024-12-01,1.0,1.0,111662.26118333521,0.0,1339947.1342000226,25025.0,97064.34451666859,0.0
BR_3.1-3.6,croston,0.9,50,True,-1.0,0.0,2024-12-01,1.0,1.0,111662.26118333521,0.0,1339947.1342000226,25025.0,97064.34451666859,0.0
BR_3.1-3.6,croston,0.9,10,False,-1.0,0.0,2024-12-01,1.0,1.0,102879.77530306236,0.0,1234557.3036367483,25025.0,89508.71765556904,0.0
BR_3.1-3.6,croston,0.95,2,True,-1.0,0.0,2024-12-01,1.0,1.0,128083.43091593042,0.0,1537001.170991165,25025.0,113485.51424926374,0.0
BR_3.1-3.6,croston,0.95,5,True,-1.0,0.0,2024-12-01,1.0,1.0,128083.43091593042,0.0,1537001.170991165,25025.0,113485.51424926374,0.0
BR_3.1-3.6,croston,0.95,10,True,-1.0,0.0,2024-12-01,1.0,1.0,128083.43091593042,0.0,1537001.170991165,25025.0,113485.51424926374,0.0
BR_3.1-3.6,croston,0.95,20,True,-1.0,0.0,2024-12-01,1.0,1.0,128083.43091593042,0.0,1537001.170991165,25025.0,113485.51424926374,0.0
BR_3.1-3.6,croston,0.95,50,True,-1.0,0.0,2024-12-01,1.0,1.0,128083.43091593042,0.0,1537001.170991165,25025.0,113485.51424926374,0.0
BR_3.1-3.6,croston,0.95,10,False,-1.0,0.0,2024-12-01,1.0,1.0,119968.28911204195,0.0,1439619.4693445035,25025.0,106587.10630047251,0.0
BR_3.1-3.6,croston,0.98,2,True,-1.0,0.0,2024-12-01,1.0,1.0,146561.20186744406,0.0,1758734.4224093289,25025.0,131963.28520077738,0.0
BR_3.1-3.6,croston,0.98,5,True,-1.0,0.0,2024-12-01,1.0,1.0,146561.20186744406,0.0,1758734.4224093289,25025.0,131963.28520077738,0.0
BR_3.1-3.6,croston,0.98,10,True,-1.0,0.0,2024-12-01,1.0,1.0,146561.20186744406,0.0,1758734.4224093289,25025.0,131963.28520077738,0.0
BR_3.1-3.6,croston,0.98,20,True,-1.0,0.0,2024-12-01,1.0,1.0,146561.20186744406,0.0,1758734.4224093289,25025.0,131963.28520077738,0.0
BR_3.1-3.6,croston,0.98,50,True,-1.0,0.0,2024-12-01,1.0,1.0,146561.20186744406,0.0,1758734.4224093289,25025.0,131963.28520077738,0.0
BR_3.1-3.6,croston,0.98,10,False,-1.0,0.0,2024-12-01,1.0,1.0,139196.9828778302,0.0,1670363.7945339624,25025.0,125804.4068180517,0.0
BR_3.1-3.6,hybrid,0.9,2,True,-1.0,0.0,2024-12-01,1.0,1.0,79499.30630330787,0.0,953991.6756396944,25025.0,66986.80630330787,0.0
BR_3.1-3.6,hybrid,0.9,5,True,-1.0,0.0,2024-12-01,1.0,1.0,79499.30630330787,0.0,953991.6756396944,25025.0,66986.80630330787,0.0
BR_3.1-3.6,hybrid,0.9,10,True,-1.0,0.0,2024-12-01,1.0,1.0,79499.30630330787,0.0,953991.6756396944,25025.0,66986.80630330787,0.0
BR_3.1-3.6,hybrid,0.9,20,True,-1.0,0.0,2024-12-01,1.0,1.0,79499.30630330787,0.0,953991.6756396944,25025.0,66986.80630330787,0.0
BR_3.1-3.6,hybrid,0.9,50,True,-1.0,0.0,2024-12-01,1.0,1.0,79499.30630330787,0.0,953991.6756396944,25025.0,66986.80630330787,0.0
BR_3.1-3.6,hybrid,0.9,10,False,-1.0,0.0,2024-12-01,1.0,1.0,66955.74918078248,0.0,803468.9901693899,25025.0,59757.52071823136,0.0
BR_3.1-3.6,hybrid,0.95,2,True,-1.0,0.0,2024-12-01,1.0,1.0,86370.10358136965,0.0,1036441.2429764358,25025.0,86370.10358136967,0.0
BR_3.1-3.6,hybrid,0.95,5,True,-1.0,0.0,2024-12-01,1.0,1.0,86370.10358136965,0.0,1036441.2429764358,25025.0,86370.10358136967,0.0
BR_3.1-3.6,hybrid,0.95,10,True,-1.0,0.0,2024-12-01,1.0,1.0,86370.10358136965,0.0,1036441.2429764358,25025.0,86370.10358136967,0.0
BR_3.1-3.6,hybrid,0.95,20,True,-1.0,0.0,2024-12-01,1.0,1.0,86370.10358136965,0.0,1036441.2429764358,25025.0,86370.10358136967,0.0
BR_3.1-3.6,hybrid,0.95,50,True,-1.0,0.0,2024-12-01,1.0,1.0,86370.10358136965,0.0,1036441.2429764358,25025.0,86370.10358136967,0.0
BR_3.1-3.6,hybrid,0.95,10,False,-1.0,0.0,2024-12-01,1.0,1.0,77469.54417378853,0.0,929634.5300854624,25025.0,69519.0363918641,0.0
BR_3.1-3.6,hybrid,0.98,2,True,-1.0,0.0,2024-12-01,1.0,1.0,97753.89811005577,0.0,1173046.7773206693,25025.0,83155.98144338912,0.0
BR_3.1-3.6,hybrid,0.98,5,True,-1.0,0.0,2024-12-01,1.0,1.0,97753.89811005577,0.0,1173046.7773206693,25025.0,83155.98144338912,0.0
BR_3.1-3.6,hybrid,0.98,10,True,-1.0,0.0,2024-12-01,1.0,1.0,97753.89811005577,0.0,1173046.7773206693,25025.0,83155.98144338912,0.0
BR_3.1-3.6,hybrid,0.98,20,True,-1.0,0.0,2024-12-01,1.0,1.0,97753.89811005577,0.0,1173046.7773206693,25025.0,83155.98144338912,0.0
BR_3.1-3.6,hybrid,0.98,50,True,-1.0,0.0,2024-12-01,1.0,1.0,97753.89811005577,0.0,1173046.7773206693,25025.0,83155.98144338912,0.0
BR_3.1-3.6,hybrid,0.98,10,False,-1.0,0.0,2024-12-01,1.0,1.0,89300.09576514794,0.0,1071601.1491817753,25025.0,80503.09256412138,0.0
BR_3.1-3.6,mitra,0.9,2,True,-1.0,0.0,2024-12-01,1.0,1.0,57314.54490957736,0.0,687774.5389149283,25025.0,44802.044909577366,0.0
BR_3.1-3.6,mitra,0.9,5,True,-1.0,0.0,2024-12-01,1.0,1.0,57314.54490957736,0.0,687774.5389149283,25025.0,44802.044909577366,0.0
BR_3.1-3.6,mitra,0.9,10,True,-1.0,0.0,2024-12-01,1.0,1.0,57314.54490957736,0.0,687774.5389149283,25025.0,44802.044909577366,0.0
BR_3.1-3.6,mitra,0.9,20,True,-1.0,0.0,2024-12-01,1.0,1.0,57314.54490957736,0.0,687774.5389149283,25025.0,44802.044909577366,0.0
BR_3.1-3.6,mitra,0.9,50,True,-1.0,0.0,2024-12-01,1.0,1.0,57314.54490957736,0.0,687774.5389149283,25025.0,44802.044909577366,0.0
BR_3.1-3.6,mitra,0.9,10,False,-1.0,0.0,2024-12-01,1.0,1.0,48901.76069903156,0.0,586821.1283883788,25025.0,35624.4621344365,0.0
BR_3.1-3.6,mitra,0.95,2,True,-1.0,0.0,2024-12-01,1.0,1.0,68241.26720253107,0.0,818895.2064303729,25025.0,55728.76720253106,0.0
BR_3.1-3.6,mitra,0.95,5,True,-1.0,0.0,2024-12-01,1.0,1.0,68241.26720253107,0.0,818895.2064303729,25025.0,55728.76720253106,0.0
BR_3.1-3.6,mitra,0.95,10,True,-1.0,0.0,2024-12-01,1.0,1.0,68241.26720253107,0.0,818895.2064303729,25025.0,55728.76720253106,0.0
BR_3.1-3.6,mitra,0.95,20,True,-1.0,0.0,2024-12-01,1.0,1.0,68241.26720253107,0.0,818895.2064303729,25025.0,55728.76720253106,0.0
BR_3.1-3.6,mitra,0.95,50,True,-1.0,0.0,2024-12-01,1.0,1.0,68241.26720253107,0.0,818895.2064303729,25025.0,55728.76720253106,0.0
BR_3.1-3.6,mitra,0.95,10,False,-1.0,0.0,2024-12-01,1.0,1.0,59069.37184385691,0.0,708832.462126283,25025.0,45723.06317488654,0.0
BR_3.1-3.6,mitra,0.98,2,True,-1.0,0.0,2024-12-01,1.0,1.0,80536.46145895681,0.0,966437.5375074816,25025.0,68023.9614589568,0.0
BR_3.1-3.6,mitra,0.98,5,True,-1.0,0.0,2024-12-01,1.0,1.0,80536.46145895681,0.0,966437.5375074816,25025.0,68023.9614589568,0.0
BR_3.1-3.6,mitra,0.98,10,True,-1.0,0.0,2024-12-01,1.0,1.0,80536.46145895681,0.0,966437.5375074816,25025.0,68023.9614589568,0.0
BR_3.1-3.6,mitra,0.98,20,True,-1.0,0.0,2024-12-01,1.0,1.0,80536.46145895681,0.0,966437.5375074816,25025.0,68023.9614589568,0.0
BR_3.1-3.6,mitra,0.98,50,True,-1.0,0.0,2024-12-01,1.0,1.0,80536.46145895681,0.0,966437.5375074816,25025.0,68023.9614589568,0.0
BR_3.1-3.6,mitra,0.98,10,False,-1.0,0.0,2024-12-01,1.0,1.0,70510.38322840029,0.0,846124.5987408034,25025.0,57086.421571076964,0.0
BR_3.1-3.6,naive,0.9,2,True,-1.0,0.0,2024-12-01,1.0,1.0,123035.18909722293,0.0,1476422.2691666752,25025.0,106351.85576388959,0.0
BR_3.1-3.6,naive,0.9,5,True,-1.0,0.0,2024-12-01,1.0,1.0,123035.18909722293,0.0,1476422.2691666752,25025.0,106351.85576388959,0.0
BR_3.1-3.6,naive,0.9,10,True,-1.0,0.0,2024-12-01,1.0,1.0,123035.18909722293,0.0,1476422.2691666752,25025.0,106351.85576388959,0.0
BR_3.1-3.6,naive,0.9,20,True,-1.0,0.0,2024-12-01,1.0,1.0,123035.18909722293,0.0,1476422.2691666752,25025.0,106351.85576388959,0.0
BR_3.1-3.6,naive,0.9,50,True,-1.0,0.0,2024-12-01,1.0,1.0,123035.18909722293,0.0,1476422.2691666752,25025.0,106351.85576388959,0.0
BR_3.1-3.6,naive,0.9,10,False,-1.0,0.0,2024-12-01,1.0,1.0,123035.18909722293,0.0,1476422.2691666752,25025.0,106351.85576388959,0.0
BR_3.1-3.6,naive,0.95,2,True,-1.0,0.0,2024-12-01,1.0,1.0,174464.94619695848,0.0,2093579.3543635018,25025.0,157781.61286362514,0.0
BR_3.1-3.6,naive,0.95,5,True,-1.0,0.0,2024-12-01,1.0,1.0,174464.94619695848,0.0,2093579.3543635018,25025.0,157781.61286362514,0.0
BR_3.1-3.6,naive,0.95,10,True,-1.0,0.0,2024-12-01,1.0,1.0,174464.94619695848,0.0,2093579.3543635018,25025.0,157781.61286362514,0.0
BR_3.1-3.6,naive,0.95,20,True,-1.0,0.0,2024-12-01,1.0,1.0,174464.94619695848,0.0,2093579.3543635018,25025.0,157781.61286362514,0.0
BR_3.1-3.6,naive,0.95,50,True,-1.0,0.0,2024-12-01,1.0,1.0,174464.94619695848,0.0,2093579.3543635018,25025.0,157781.61286362514,0.0
BR_3.1-3.6,naive,0.95,10,False,-1.0,0.0,2024-12-01,1.0,1.0,174464.94619695848,0.0,2093579.3543635018,25025.0,157781.61286362514,0.0
BR_3.1-3.6,naive,0.98,2,True,-1.0,0.0,2024-12-01,1.0,1.0,232335.80967720036,0.0,2788029.7161264042,25025.0,215652.47634386708,0.0
BR_3.1-3.6,naive,0.98,5,True,-1.0,0.0,2024-12-01,1.0,1.0,232335.80967720036,0.0,2788029.7161264042,25025.0,215652.47634386708,0.0
BR_3.1-3.6,naive,0.98,10,True,-1.0,0.0,2024-12-01,1.0,1.0,232335.80967720036,0.0,2788029.7161264042,25025.0,215652.47634386708,0.0
BR_3.1-3.6,naive,0.98,20,True,-1.0,0.0,2024-12-01,1.0,1.0,232335.80967720036,0.0,2788029.7161264042,25025.0,215652.47634386708,0.0
BR_3.1-3.6,naive,0.98,50,True,-1.0,0.0,2024-12-01,1.0,1.0,232335.80967720036,0.0,2788029.7161264042,25025.0,215652.47634386708,0.0
BR_3.1-3.6,naive,0.98,10,False,-1.0,0.0,2024-12-01,1.0,1.0,232335.80967720036,0.0,2788029.7161264042,25025.0,215652.47634386708,0.0
BR_3.1-3.6,rf,0.9,2,True,-1.0,0.0,2024-12-01,1.0,1.0,133671.17985188836,0.0,1604054.1582226604,25025.0,119073.2631852217,0.0
BR_3.1-3.6,rf,0.9,5,True,-1.0,0.0,2024-12-01,1.0,1.0,133671.17985188836,0.0,1604054.1582226604,25025.0,119073.2631852217,0.0
BR_3.1-3.6,rf,0.9,10,True,-1.0,0.0,2024-12-01,1.0,1.0,133671.17985188836,0.0,1604054.1582226604,25025.0,119073.2631852217,0.0
BR_3.1-3.6,rf,0.9,20,True,-1.0,0.0,2024-12-01,1.0,1.0,133671.17985188836,0.0,1604054.1582226604,25025.0,119073.2631852217,0.0
BR_3.1-3.6,rf,0.9,50,True,-1.0,0.0,2024-12-01,1.0,1.0,133671.17985188836,0.0,1604054.1582226604,25025.0,119073.2631852217,0.0
BR_3.1-3.6,rf,0.9,10,False,-1.0,0.0,2024-12-01,1.0,1.0,116298.22961959448,0.0,1395578.7554351338,25025.0,103412.06750271069,0.0
BR_3.1-3.6,rf,0.95,2,True,-1.0,0.0,2024-12-01,1.0,1.0,142763.81086249312,0.0,1713165.7303499174,25025.0,140678.39419582643,0.0
BR_3.1-3.6,rf,0.95,5,True,-1.0,0.0,2024-12-01,1.0,1.0,142763.81086249312,0.0,1713165.7303499174,25025.0,140678.39419582643,0.0
BR_3.1-3.6,rf,0.95,10,True,-1.0,0.0,2024-12-01,1.0,1.0,142763.81086249312,0.0,1713165.7303499174,25025.0,140678.39419582643,0.0
BR_3.1-3.6,rf,0.95,20,True,-1.0,0.0,2024-12-01,1.0,1.0,142763.81086249312,0.0,1713165.7303499174,25025.0,140678.39419582643,0.0
BR_3.1-3.6,rf,0.95,50,True,-1.0,0.0,2024-12-01,1.0,1.0,142763.81086249312,0.0,1713165.7303499174,25025.0,140678.39419582643,0.0
BR_3.1-3.6,rf,0.95,10,False,-1.0,0.0,2024-12-01,1.0,1.0,132249.76723628351,0.0,1586997.2068354022,25025.0,122426.9693860868,0.0
BR_3.1-3.6,rf,0.98,2,True,-1.0,0.0,2024-12-01,1.0,1.0,164989.37013068804,0.0,1979872.4415682564,25025.0,164989.37013068807,0.0
BR_3.1-3.6,rf,0.98,5,True,-1.0,0.0,2024-12-01,1.0,1.0,164989.37013068804,0.0,1979872.4415682564,25025.0,164989.37013068807,0.0
BR_3.1-3.6,rf,0.98,10,True,-1.0,0.0,2024-12-01,1.0,1.0,164989.37013068804,0.0,1979872.4415682564,25025.0,164989.37013068807,0.0
BR_3.1-3.6,rf,0.98,20,True,-1.0,0.0,2024-12-01,1.0,1.0,164989.37013068804,0.0,1979872.4415682564,25025.0,164989.37013068807,0.0
BR_3.1-3.6,rf,0.98,50,True,-1.0,0.0,2024-12-01,1.0,1.0,164989.37013068804,0.0,1979872.4415682564,25025.0,164989.37013068807,0.0
BR_3.1-3.6,rf,0.98,10,False,-1.0,0.0,2024-12-01,1.0,1.0,150199.08894754827,0.0,1802389.067370579,25025.0,143823.31370187027,0.0
BR_3.1-3.6,sba,0.9,2,True,-1.0,0.0,2024-12-01,1.0,1.0,104570.07632173931,0.0,1254840.9158608718,25025.0,89972.15965507264,0.0
BR_3.1-3.6,sba,0.9,5,True,-1.0,0.0,2024-12-01,1.0,1.0,104570.07632173931,0.0,1254840.9158608718,25025.0,89972.15965507264,0.0
BR_3.1-3.6,sba,0.9,10,True,-1.0,0.0,2024-12-01,1.0,1.0,104570.07632173931,0.0,1254840.9158608718,25025.0,89972.15965507264,0.0
BR_3.1-3.6,sba,0.9,20,True,-1.0,0.0,2024-12-01,1.0,1.0,104570.07632173931,0.0,1254840.9158608718,25025.0,89972.15965507264,0.0
BR_3.1-3.6,sba,0.9,50,True,-1.0,0.0,2024-12-01,1.0,1.0,104570.07632173931,0.0,1254840.9158608718,25025.0,89972.15965507264,0.0
BR_3.1-3.6,sba,0.9,10,False,-1.0,0.0,2024-12-01,1.0,1.0,96495.6446400555,0.0,1157947.735680666,25025.0,83183.32514436747,0.0
BR_3.1-3.6,sba,0.95,2,True,-1.0,0.0,2024-12-01,1.0,1.0,119890.19551318498,0.0,1438682.3461582197,25025.0,105292.27884651828,0.0
BR_3.1-3.6,sba,0.95,5,True,-1.0,0.0,2024-12-01,1.0,1.0,119890.19551318498,0.0,1438682.3461582197,25025.0,105292.27884651828,0.0
BR_3.1-3.6,sba,0.95,10,True,-1.0,0.0,2024-12-01,1.0,1.0,119890.19551318498,0.0,1438682.3461582197,25025.0,105292.27884651828,0.0
BR_3.1-3.6,sba,0.95,20,True,-1.0,0.0,2024-12-01,1.0,1.0,119890.19551318498,0.0,1438682.3461582197,25025.0,105292.27884651828,0.0
BR_3.1-3.6,sba,0.95,50,True,-1.0,0.0,2024-12-01,1.0,1.0,119890.19551318498,0.0,1438682.3461582197,25025.0,105292.27884651828,0.0
BR_3.1-3.6,sba,0.95,10,False,-1.0,0.0,2024-12-01,1.0,1.0,112555.53332897449,0.0,1350666.3999476938,25025.0,99238.07672429626,0.0
BR_3.1-3.6,sba,0.98,2,True,-1.0,0.0,2024-12-01,1.0,1.0,137129.01942032223,0.0,1645548.2330438667,25025.0,122531.10275365558,0.0
BR_3.1-3.6,sba,0.98,5,True,-1.0,0.0,2024-12-01,1.0,1.0,137129.01942032223,0.0,1645548.2330438667,25025.0,122531.10275365558,0.0
BR_3.1-3.6,sba,0.98,10,True,-1.0,0.0,2024-12-01,1.0,1.0,137129.01942032223,0.0,1645548.2330438667,25025.0,122531.10275365558,0.0
BR_3.1-3.6,sba,0.98,20,True,-1.0,0.0,2024-12-01,1.0,1.0,137129.01942032223,0.0,1645548.2330438667,25025.0,122531.10275365558,0.0
BR_3.1-3.6,sba,0.98,50,True,-1.0,0.0,2024-12-01,1.0,1.0,137129.01942032223,0.0,1645548.2330438667,25025.0,122531.10275365558,0.0
BR_3.1-3.6,sba,0.98,10,False,-1.0,0.0,2024-12-01,1.0,1.0,130626.77609261365,0.0,1567521.313111364,25025.0,117303.53900306008,0.0
BR_3.1-3.6,ses,0.9,2,True,-1.0,0.0,2024-12-01,1.0,1.0,105615.75036946412,0.0,1267389.0044335695,25025.0,88932.41703613079,0.0
BR_3.1-3.6,ses,0.9,5,True,-1.0,0.0,2024-12-01,1.0,1.0,105615.75036946412,0.0,1267389.0044335695,25025.0,88932.41703613079,0.0
BR_3.1-3.6,ses,0.9,10,True,-1.0,0.0,2024-12-01,1.0,1.0,105615.75036946412,0.0,1267389.0044335695,25025.0,88932.41703613079,0.0
BR_3.1-3.6,ses,0.9,20,True,-1.0,0.0,2024-12-01,1.0,1.0,105615.75036946412,0.0,1267389.0044335695,25025.0,88932.41703613079,0.0
BR_3.1-3.6,ses,0.9,50,True,-1.0,0.0,2024-12-01,1.0,1.0,105615.75036946412,0.0,1267389.0044335695,25025.0,88932.41703613079,0.0
BR_3.1-3.6,ses,0.9,10,False,-1.0,0.0,2024-12-01,1.0,1.0,105615.75036946412,0.0,1267389.0044335695,25025.0,88932.41703613079,0.0
BR_3.1-3.6,ses,0.95,2,True,-1.0,0.0,2024-12-01,1.0,1.0,139664.49175270463,0.0,1675973.9010324557,25025.0,122981.15841937129,0.0
BR_3.1-3.6,ses,0.95,5,True,-1.0,0.0,2024-12-01,1.0,1.0,139664.49175270463,0.0,1675973.9010324557,25025.0,122981.15841937129,0.0
BR_3.1-3.6,ses,0.95,10,True,-1.0,0.0,2024-12-01,1.0,1.0,139664.49175270463,0.0,1675973.9010324557,25025.0,122981.15841937129,0.0
BR_3.1-3.6,ses,0.95,20,True,-1.0,0.0,2024-12-01,1.0,1.0,139664.49175270463,0.0,1675973.9010324557,25025.0,122981.15841937129,0.0
BR_3.1-3.6,ses,0.95,50,True,-1.0,0.0,2024-12-01,1.0,1.0,139664.49175270463,0.0,1675973.9010324557,25025.0,122981.15841937129,0.0
BR_3.1-3.6,ses,0.95,10,False,-1.0,0.0,2024-12-01,1.0,1.0,139664.49175270463,0.0,1675973.9010324557,25025.0,122981.15841937129,0.0
BR_3.1-3.6,ses,0.98,2,True,-1.0,0.0,2024-12-01,1.0,1.0,177977.52637276717,0.0,2135730.316473206,25025.0,161294.19303943386,0.0
BR_3.1-3.6,ses,0.98,5,True,-1.0,0.0,2024-12-01,1.0,1.0,177977.52637276717,0.0,2135730.316473206,25025.0,161294.19303943386,0.0
BR_3.1-3.6,ses,0.98,10,True,-1.0,0.0,2024-12-01,1.0,1.0,177977.52637276717,0.0,2135730.316473206,25025.0,161294.19303943386,0.0
BR_3.1-3.6,ses,0.98,20,True,-1.0,0.0,2024-12-01,1.0,1.0,177977.52637276717,0.0,2135730.316473206,25025.0,161294.19303943386,0.0
BR_3.1-3.6,ses,0.98,50,True,-1.0,0.0,2024-12-01,1.0,1.0,177977.52637276717,0.0,2135730.316473206,25025.0,161294.19303943386,0.0
BR_3.1-3.6,ses,0.98,10,False,-1.0,0.0,2024-12-01,1.0,1.0,177977.52637276717,0.0,2135730.316473206,25025.0,161294.19303943386,0.0
BR_3.1-3.6,tsb,0.9,2,True,-1.0,0.0,2024-12-01,1.0,1.0,115041.37334607162,0.0,1380496.4801528594,25025.0,100443.45667940495,0.0
BR_3.1-3.6,tsb,0.9,5,True,-1.0,0.0,2024-12-01,1.0,1.0,115041.37334607162,0.0,1380496.4801528594,25025.0,100443.45667940495,0.0
BR_3.1-3.6,tsb,0.9,10,True,-1.0,0.0,2024-12-01,1.0,1.0,115041.37334607162,0.0,1380496.4801528594,25025.0,100443.45667940495,0.0
BR_3.1-3.6,tsb,0.9,20,True,-1.0,0.0,2024-12-01,1.0,1.0,115041.37334607162,0.0,1380496.4801528594,25025.0,100443.45667940495,0.0
BR_3.1-3.6,tsb,0.9,50,True,-1.0,0.0,2024-12-01,1.0,1.0,115041.37334607162,0.0,1380496.4801528594,25025.0,100443.45667940495,0.0
BR_3.1-3.6,tsb,0.9,10,False,-1.0,0.0,2024-12-01,1.0,1.0,101747.2243583857,0.0,1220966.6923006284,25025.0,85940.7486928385,0.0
BR_3.1-3.6,tsb,0.95,2,True,-1.0,0.0,2024-12-01,1.0,1.0,137082.81205800592,0.0,1644993.744696071,25025.0,122484.89539133926,0.0
BR_3.1-3.6,tsb,0.95,5,True,-1.0,0.0,2024-12-01,1.0,1.0,137082.81205800592,0.0,1644993.744696071,25025.0,122484.89539133926,0.0
BR_3.1-3.6,tsb,0.95,10,True,-1.0,0.0,2024-12-01,1.0,1.0,137082.81205800592,0.0,1644993.744696071,25025.0,122484.89539133926,0.0
BR_3.1-3.6,tsb,0.95,20,True,-1.0,0.0,2024-12-01,1.0,1.0,137082.81205800592,0.0,1644993.744696071,25025.0,122484.89539133926,0.0
BR_3.1-3.6,tsb,0.95,50,True,-1.0,0.0,2024-12-01,1.0,1.0,137082.81205800592,0.0,1644993.744696071,25025.0,122484.89539133926,0.0
BR_3.1-3.6,tsb,0.95,10,False,-1.0,0.0,2024-12-01,1.0,1.0,120674.5041115005,0.0,1448094.049338006,25025.0,104584.92308606056,0.0
BR_3.1-3.6,tsb,0.98,2,True,-1.0,0.0,2024-12-01,1.0,1.0,161884.73924060643,0.0,1942616.8708872772,25025.0,147286.82257393975,0.0
BR_3.1-3.6,tsb,0.98,5,True,-1.0,0.0,2024-12-01,1.0,1.0,161884.73924060643,0.0,1942616.8708872772,25025.0,147286.82257393975,0.0
BR_3.1-3.6,tsb,0.98,10,True,-1.0,0.0,2024-12-01,1.0,1.0,161884.73924060643,0.0,1942616.8708872772,25025.0,147286.82257393975,0.0
BR_3.1-3.6,tsb,0.98,20,True,-1.0,0.0,2024-12-01,1.0,1.0,161884.73924060643,0.0,1942616.8708872772,25025.0,147286.82257393975,0.0
BR_3.1-3.6,tsb,0.98,50,True,-1.0,0.0,2024-12-01,1.0,1.0,161884.73924060643,0.0,1942616.8708872772,25025.0,147286.82257393975,0.0
BR_3.1-3.6,tsb,0.98,10,False,-1.0,0.0,2024-12-01,1.0,1.0,141972.252427144,0.0,1703667.0291257282,25025.0,125564.10968652621,0.0
BR_3.1-3.6,xgb,0.9,2,True,-1.0,0.0,2024-12-01,1.0,1.0,43551.6104525673,0.0,522619.3254308076,25025.0,31039.110452567307,25025.0
BR_3.1-3.6,xgb,0.9,5,True,-1.0,0.0,2024-12-01,1.0,1.0,43551.6104525673,0.0,522619.3254308076,25025.0,31039.110452567307,25025.0
BR_3.1-3.6,xgb,0.9,10,True,-1.0,0.0,2024-12-01,1.0,1.0,43551.6104525673,0.0,522619.3254308076,25025.0,31039.110452567307,25025.0
BR_3.1-3.6,xgb,0.9,20,True,-1.0,0.0,2024-12-01,1.0,1.0,43551.6104525673,0.0,522619.3254308076,25025.0,31039.110452567307,25025.0
BR_3.1-3.6,xgb,0.9,50,True,-1.0,0.0,2024-12-01,1.0,1.0,43551.6104525673,0.0,522619.3254308076,25025.0,31039.110452567307,25025.0
BR_3.1-3.6,xgb,0.9,10,False,-1.0,0.0,2024-12-01,1.0,1.0,33417.88678353401,0.0,401014.64140240813,25025.0,19984.139177258265,13594.469890259323
BR_3.1-3.6,xgb,0.95,2,True,-1.0,0.0,2024-12-01,1.0,1.0,59440.96733600913,0.0,713291.6080321096,25025.0,46928.467336009126,0.0
BR_3.1-3.6,xgb,0.95,5,True,-1.0,0.0,2024-12-01,1.0,1.0,59440.96733600913,0.0,713291.6080321096,25025.0,46928.467336009126,0.0
BR_3.1-3.6,xgb,0.95,10,True,-1.0,0.0,2024-12-01,1.0,1.0,59440.96733600913,0.0,713291.6080321096,25025.0,46928.467336009126,0.0
BR_3.1-3.6,xgb,0.95,20,True,-1.0,0.0,2024-12-01,1.0,1.0,59440.96733600913,0.0,713291.6080321096,25025.0,46928.467336009126,0.0
BR_3.1-3.6,xgb,0.95,50,True,-1.0,0.0,2024-12-01,1.0,1.0,59440.96733600913,0.0,713291.6080321096,25025.0,46928.467336009126,0.0
BR_3.1-3.6,xgb,0.95,10,False,-1.0,0.0,2024-12-01,1.0,1.0,46026.09620327959,0.0,552313.154439355,25025.0,32294.062463940536,10799.832661751578
BR_3.1-3.6,xgb,0.98,2,True,-1.0,0.0,2024-12-01,1.0,1.0,77320.32074627894,0.0,927843.8489553473,25025.0,64807.82074627893,0.0
BR_3.1-3.6,xgb,0.98,5,True,-1.0,0.0,2024-12-01,1.0,1.0,77320.32074627894,0.0,927843.8489553473,25025.0,64807.82074627893,0.0
BR_3.1-3.6,xgb,0.98,10,True,-1.0,0.0,2024-12-01,1.0,1.0,77320.32074627894,0.0,927843.8489553473,25025.0,64807.82074627893,0.0
BR_3.1-3.6,xgb,0.98,20,True,-1.0,0.0,2024-12-01,1.0,1.0,77320.32074627894,0.0,927843.8489553473,25025.0,64807.82074627893,0.0
BR_3.1-3.6,xgb,0.98,50,True,-1.0,0.0,2024-12-01,1.0,1.0,77320.32074627894,0.0,927843.8489553473,25025.0,64807.82074627893,0.0
BR_3.1-3.6,xgb,0.98,10,False,-1.0,0.0,2024-12-01,1.0,1.0,60213.36845979481,0.0,722560.4215175377,25025.0,46145.69097920536,7655.192697496248
BR_3.5,arima,0.9,2,True,-1.0,0.0,2024-12-01,1.0,1.0,51701.693839813546,0.0,620420.3260777625,75075.0,53787.11050648021,0.0
BR_3.5,arima,0.9,5,True,-1.0,0.0,2024-12-01,1.0,1.0,51701.693839813546,0.0,620420.3260777625,75075.0,53787.11050648021,0.0
BR_3.5,arima,0.9,10,True,-1.0,0.0,2024-12-01,1.0,1.0,51701.693839813546,0.0,620420.3260777625,75075.0,53787.11050648021,0.0
BR_3.5,arima,0.9,20,True,-1.0,0.0,2024-12-01,1.0,1.0,51701.693839813546,0.0,620420.3260777625,75075.0,53787.11050648021,0.0
BR_3.5,arima,0.9,50,True,-1.0,0.0,2024-12-01,1.0,1.0,51701.693839813546,0.0,620420.3260777625,75075.0,53787.11050648021,0.0
BR_3.5,arima,0.9,10,False,-1.0,0.0,2024-12-01,1.0,1.0,36965.585608350506,0.0,443587.0273002061,75075.0,33181.855479391605,0.0
BR_3.5,arima,0.95,2,True,-1.0,0.0,2024-12-01,1.0,1.0,58558.12528753083,0.0,702697.5034503699,75075.0,60643.5419541975,0.0
BR_3.5,arima,0.95,5,True,-1.0,0.0,2024-12-01,1.0,1.0,58558.12528753083,0.0,702697.5034503699,75075.0,60643.5419541975,0.0
BR_3.5,arima,0.95,10,True,-1.0,0.0,2024-12-01,1.0,1.0,58558.12528753083,0.0,702697.5034503699,75075.0,60643.5419541975,0.0
BR_3.5,arima,0.95,20,True,-1.0,0.0,2024-12-01,1.0,1.0,58558.12528753083,0.0,702697.5034503699,75075.0,60643.5419541975,0.0
BR_3.5,arima,0.95,50,True,-1.0,0.0,2024-12-01,1.0,1.0,58558.12528753083,0.0,702697.5034503699,75075.0,60643.5419541975,0.0
BR_3.5,arima,0.95,10,False,-1.0,0.0,2024-12-01,1.0,1.0,45138.26036280608,0.0,541659.124353673,75075.0,41439.11056079445,0.0
BR_3.5,arima,0.98,2,True,-1.0,0.0,2024-12-01,1.0,1.0,66273.26202253447,0.0,795279.1442704137,75075.0,68358.67868920114,0.0
BR_3.5,arima,0.98,5,True,-1.0,0.0,2024-12-01,1.0,1.0,66273.26202253447,0.0,795279.1442704137,75075.0,68358.67868920114,0.0
BR_3.5,arima,0.98,10,True,-1.0,0.0,2024-12-01,1.0,1.0,66273.26202253447,0.0,795279.1442704137,75075.0,68358.67868920114,0.0
BR_3.5,arima,0.98,20,True,-1.0,0.0,2024-12-01,1.0,1.0,66273.26202253447,0.0,795279.1442704137,75075.0,68358.67868920114,0.0
BR_3.5,arima,0.98,50,True,-1.0,0.0,2024-12-01,1.0,1.0,66273.26202253447,0.0,795279.1442704137,75075.0,68358.67868920114,0.0
BR_3.5,arima,0.98,10,False,-1.0,0.0,2024-12-01,1.0,1.0,54740.597586481366,0.0,656887.1710377764,75075.0,50730.51126896258,0.0
BR_3.5,croston,0.9,2,True,-1.0,0.0,2024-12-01,1.0,1.0,37812.71980702359,0.0,453752.6376842831,75075.0,33641.88647369025,0.0
BR_3.5,croston,0.9,5,True,-1.0,0.0,2024-12-01,1.0,1.0,37812.71980702359,0.0,453752.6376842831,75075.0,33641.88647369025,0.0
BR_3.5,croston,0.9,10,True,-1.0,0.0,2024-12-01,1.0,1.0,37812.71980702359,0.0,453752.6376842831,75075.0,33641.88647369025,0.0
BR_3.5,croston,0.9,20,True,-1.0,0.0,2024-12-01,1.0,1.0,37812.71980702359,0.0,453752.6376842831,75075.0,33641.88647369025,0.0
BR_3.5,croston,0.9,50,True,-1.0,0.0,2024-12-01,1.0,1.0,37812.71980702359,0.0,453752.6376842831,75075.0,33641.88647369025,0.0
BR_3.5,croston,0.9,10,False,-1.0,0.0,2024-12-01,1.0,1.0,28751.697722692323,0.0,345020.3726723079,75075.0,26445.491479737582,0.0
BR_3.5,croston,0.95,2,True,-1.0,0.0,2024-12-01,1.0,1.0,45154.98310178852,0.0,541859.7972214622,75075.0,40984.14976845519,0.0
BR_3.5,croston,0.95,5,True,-1.0,0.0,2024-12-01,1.0,1.0,45154.98310178852,0.0,541859.7972214622,75075.0,40984.14976845519,0.0
BR_3.5,croston,0.95,10,True,-1.0,0.0,2024-12-01,1.0,1.0,45154.98310178852,0.0,541859.7972214622,75075.0,40984.14976845519,0.0
BR_3.5,croston,0.95,20,True,-1.0,0.0,2024-12-01,1.0,1.0,45154.98310178852,0.0,541859.7972214622,75075.0,40984.14976845519,0.0
BR_3.5,croston,0.95,50,True,-1.0,0.0,2024-12-01,1.0,1.0,45154.98310178852,0.0,541859.7972214622,75075.0,40984.14976845519,0.0
BR_3.5,croston,0.95,10,False,-1.0,0.0,2024-12-01,1.0,1.0,35790.99412055604,0.0,429491.9294466725,75075.0,32173.183776432343,0.0
BR_3.5,croston,0.98,2,True,-1.0,0.0,2024-12-01,1.0,1.0,53416.797676244634,0.0,641001.5721149356,75075.0,49245.964342911306,0.0
BR_3.5,croston,0.98,5,True,-1.0,0.0,2024-12-01,1.0,1.0,53416.797676244634,0.0,641001.5721149356,75075.0,49245.964342911306,0.0
BR_3.5,croston,0.98,10,True,-1.0,0.0,2024-12-01,1.0,1.0,53416.797676244634,0.0,641001.5721149356,75075.0,49245.964342911306,0.0
BR_3.5,croston,0.98,20,True,-1.0,0.0,2024-12-01,1.0,1.0,53416.797676244634,0.0,641001.5721149356,75075.0,49245.964342911306,0.0
BR_3.5,croston,0.98,50,True,-1.0,0.0,2024-12-01,1.0,1.0,53416.797676244634,0.0,641001.5721149356,75075.0,49245.964342911306,0.0
BR_3.5,croston,0.98,10,False,-1.0,0.0,2024-12-01,1.0,1.0,43711.89796709247,0.0,524542.7756051096,75075.0,38618.21711221218,0.0
BR_3.5,hybrid,0.9,2,True,-1.0,0.0,2024-12-01,1.0,1.0,46282.31585476077,0.0,555387.7902571292,75075.0,71307.31585476077,0.0
BR_3.5,hybrid,0.9,5,True,-1.0,0.0,2024-12-01,1.0,1.0,46282.31585476077,0.0,555387.7902571292,75075.0,71307.31585476077,0.0
BR_3.5,hybrid,0.9,10,True,-1.0,0.0,2024-12-01,1.0,1.0,46282.31585476077,0.0,555387.7902571292,75075.0,71307.31585476077,0.0
BR_3.5,hybrid,0.9,20,True,-1.0,0.0,2024-12-01,1.0,1.0,46282.31585476077,0.0,555387.7902571292,75075.0,71307.31585476077,0.0
BR_3.5,hybrid,0.9,50,True,-1.0,0.0,2024-12-01,1.0,1.0,46282.31585476077,0.0,555387.7902571292,75075.0,71307.31585476077,0.0
BR_3.5,hybrid,0.9,10,False,-1.0,0.0,2024-12-01,1.0,1.0,33239.347374970224,0.0,398872.1684996427,75075.0,62347.11328641494,0.0
BR_3.5,hybrid,0.95,2,True,-1.0,0.0,2024-12-01,1.0,1.0,59925.659646835156,0.0,719107.9157620219,75075.0,82865.24298016849,0.0
BR_3.5,hybrid,0.95,5,True,-1.0,0.0,2024-12-01,1.0,1.0,59925.659646835156,0.0,719107.9157620219,75075.0,82865.24298016849,0.0
BR_3.5,hybrid,0.95,10,True,-1.0,0.0,2024-12-01,1.0,1.0,59925.659646835156,0.0,719107.9157620219,75075.0,82865.24298016849,0.0
BR_3.5,hybrid,0.95,20,True,-1.0,0.0,2024-12-01,1.0,1.0,59925.659646835156,0.0,719107.9157620219,75075.0,82865.24298016849,0.0
BR_3.5,hybrid,0.95,50,True,-1.0,0.0,2024-12-01,1.0,1.0,59925.659646835156,0.0,719107.9157620219,75075.0,82865.24298016849,0.0
BR_3.5,hybrid,0.95,10,False,-1.0,0.0,2024-12-01,1.0,1.0,42058.69271793191,0.0,504704.31261518295,75075.0,70017.13208213527,0.0
BR_3.5,hybrid,0.98,2,True,-1.0,0.0,2024-12-01,1.0,1.0,72931.11136405695,0.0,875173.3363686835,75075.0,95870.69469739028,0.0
BR_3.5,hybrid,0.98,5,True,-1.0,0.0,2024-12-01,1.0,1.0,72931.11136405695,0.0,875173.3363686835,75075.0,95870.69469739028,0.0
BR_3.5,hybrid,0.98,10,True,-1.0,0.0,2024-12-01,1.0,1.0,72931.11136405695,0.0,875173.3363686835,75075.0,95870.69469739028,0.0
BR_3.5,hybrid,0.98,20,True,-1.0,0.0,2024-12-01,1.0,1.0,72931.11136405695,0.0,875173.3363686835,75075.0,95870.69469739028,0.0
BR_3.5,hybrid,0.98,50,True,-1.0,0.0,2024-12-01,1.0,1.0,72931.11136405695,0.0,875173.3363686835,75075.0,95870.69469739028,0.0
BR_3.5,hybrid,0.98,10,False,-1.0,0.0,2024-12-01,1.0,1.0,52332.38976825337,0.0,627988.6772190405,75075.0,78647.75053435237,0.0
BR_3.5,mitra,0.9,2,True,-1.0,0.0,2024-12-01,1.0,1.0,43997.28666666668,0.0,527967.4400000002,75075.0,46082.70333333334,0.0
BR_3.5,mitra,0.9,5,True,-1.0,0.0,2024-12-01,1.0,1.0,43997.28666666668,0.0,527967.4400000002,75075.0,46082.70333333334,0.0
BR_3.5,mitra,0.9,10,True,-1.0,0.0,2024-12-01,1.0,1.0,43997.28666666668,0.0,527967.4400000002,75075.0,46082.70333333334,0.0
BR_3.5,mitra,0.9,20,True,-1.0,0.0,2024-12-01,1.0,1.0,43997.28666666668,0.0,527967.4400000002,75075.0,46082.70333333334,0.0
BR_3.5,mitra,0.9,50,True,-1.0,0.0,2024-12-01,1.0,1.0,43997.28666666668,0.0,527967.4400000002,75075.0,46082.70333333334,0.0
BR_3.5,mitra,0.9,10,False,-1.0,0.0,2024-12-01,1.0,1.0,27247.449216190656,0.0,326969.3905942879,75075.0,23775.293987395737,0.0
BR_3.5,mitra,0.95,2,True,-1.0,0.0,2024-12-01,1.0,1.0,52331.23729166666,0.0,627974.8474999999,75075.0,54416.653958333336,0.0
BR_3.5,mitra,0.95,5,True,-1.0,0.0,2024-12-01,1.0,1.0,52331.23729166666,0.0,627974.8474999999,75075.0,54416.653958333336,0.0
BR_3.5,mitra,0.95,10,True,-1.0,0.0,2024-12-01,1.0,1.0,52331.23729166666,0.0,627974.8474999999,75075.0,54416.653958333336,0.0
BR_3.5,mitra,0.95,20,True,-1.0,0.0,2024-12-01,1.0,1.0,52331.23729166666,0.0,627974.8474999999,75075.0,54416.653958333336,0.0
BR_3.5,mitra,0.95,50,True,-1.0,0.0,2024-12-01,1.0,1.0,52331.23729166666,0.0,627974.8474999999,75075.0,54416.653958333336,0.0
BR_3.5,mitra,0.95,10,False,-1.0,0.0,2024-12-01,1.0,1.0,35266.967191956945,0.0,423203.6063034833,75075.0,31697.28841281777,0.0
BR_3.5,mitra,0.98,2,True,-1.0,0.0,2024-12-01,1.0,1.0,61708.93895833334,0.0,740507.2675000001,75075.0,63794.35562500001,0.0
BR_3.5,mitra,0.98,5,True,-1.0,0.0,2024-12-01,1.0,1.0,61708.93895833334,0.0,740507.2675000001,75075.0,63794.35562500001,0.0
BR_3.5,mitra,0.98,10,True,-1.0,0.0,2024-12-01,1.0,1.0,61708.93895833334,0.0,740507.2675000001,75075.0,63794.35562500001,0.0
BR_3.5,mitra,0.98,20,True,-1.0,0.0,2024-12-01,1.0,1.0,61708.93895833334,0.0,740507.2675000001,75075.0,63794.35562500001,0.0
BR_3.5,mitra,0.98,50,True,-1.0,0.0,2024-12-01,1.0,1.0,61708.93895833334,0.0,740507.2675000001,75075.0,63794.35562500001,0.0
BR_3.5,mitra,0.98,10,False,-1.0,0.0,2024-12-01,1.0,1.0,44301.551120610384,0.0,531618.6134473246,75075.0,40739.776809600065,0.0
BR_3.5,naive,0.9,2,True,-1.0,0.0,2024-12-01,1.0,1.0,255477.67604494104,0.0,3065732.1125392923,75075.0,217940.17604494106,0.0
BR_3.5,naive,0.9,5,True,-1.0,0.0,2024-12-01,1.0,1.0,255477.67604494104,0.0,3065732.1125392923,75075.0,217940.17604494106,0.0
BR_3.5,naive,0.9,10,True,-1.0,0.0,2024-12-01,1.0,1.0,255477.67604494104,0.0,3065732.1125392923,75075.0,217940.17604494106,0.0
BR_3.5,naive,0.9,20,True,-1.0,0.0,2024-12-01,1.0,1.0,255477.67604494104,0.0,3065732.1125392923,75075.0,217940.17604494106,0.0
BR_3.5,naive,0.9,50,True,-1.0,0.0,2024-12-01,1.0,1.0,255477.67604494104,0.0,3065732.1125392923,75075.0,217940.17604494106,0.0
BR_3.5,naive,0.9,10,False,-1.0,0.0,2024-12-01,1.0,1.0,255477.67604494104,0.0,3065732.1125392923,75075.0,217940.17604494106,0.0
BR_3.5,naive,0.95,2,True,-1.0,0.0,2024-12-01,1.0,1.0,281788.3450970065,0.0,3381460.1411640774,75075.0,244250.84509700653,0.0
BR_3.5,naive,0.95,5,True,-1.0,0.0,2024-12-01,1.0,1.0,281788.3450970065,0.0,3381460.1411640774,75075.0,244250.84509700653,0.0
BR_3.5,naive,0.95,10,True,-1.0,0.0,2024-12-01,1.0,1.0,281788.3450970065,0.0,3381460.1411640774,75075.0,244250.84509700653,0.0
BR_3.5,naive,0.95,20,True,-1.0,0.0,2024-12-01,1.0,1.0,281788.3450970065,0.0,3381460.1411640774,75075.0,244250.84509700653,0.0
BR_3.5,naive,0.95,50,True,-1.0,0.0,2024-12-01,1.0,1.0,281788.3450970065,0.0,3381460.1411640774,75075.0,244250.84509700653,0.0
BR_3.5,naive,0.95,10,False,-1.0,0.0,2024-12-01,1.0,1.0,281788.3450970065,0.0,3381460.1411640774,75075.0,244250.84509700653,0.0
BR_3.5,naive,0.98,2,True,-1.0,0.0,2024-12-01,1.0,1.0,311394.18464692216,0.0,3736730.215763066,75075.0,273856.68464692216,0.0
BR_3.5,naive,0.98,5,True,-1.0,0.0,2024-12-01,1.0,1.0,311394.18464692216,0.0,3736730.215763066,75075.0,273856.68464692216,0.0
BR_3.5,naive,0.98,10,True,-1.0,0.0,2024-12-01,1.0,1.0,311394.18464692216,0.0,3736730.215763066,75075.0,273856.68464692216,0.0
BR_3.5,naive,0.98,20,True,-1.0,0.0,2024-12-01,1.0,1.0,311394.18464692216,0.0,3736730.215763066,75075.0,273856.68464692216,0.0
BR_3.5,naive,0.98,50,True,-1.0,0.0,2024-12-01,1.0,1.0,311394.18464692216,0.0,3736730.215763066,75075.0,273856.68464692216,0.0
BR_3.5,naive,0.98,10,False,-1.0,0.0,2024-12-01,1.0,1.0,311394.18464692216,0.0,3736730.215763066,75075.0,273856.68464692216,0.0
BR_3.5,rf,0.9,2,True,-1.0,0.0,2024-12-01,1.0,1.0,67520.63495871854,0.0,810247.6195046225,75075.0,73776.88495871854,0.0
BR_3.5,rf,0.9,5,True,-1.0,0.0,2024-12-01,1.0,1.0,67520.63495871854,0.0,810247.6195046225,75075.0,73776.88495871854,0.0
BR_3.5,rf,0.9,10,True,-1.0,0.0,2024-12-01,1.0,1.0,67520.63495871854,0.0,810247.6195046225,75075.0,73776.88495871854,0.0
BR_3.5,rf,0.9,20,True,-1.0,0.0,2024-12-01,1.0,1.0,67520.63495871854,0.0,810247.6195046225,75075.0,73776.88495871854,0.0
BR_3.5,rf,0.9,50,True,-1.0,0.0,2024-12-01,1.0,1.0,67520.63495871854,0.0,810247.6195046225,75075.0,73776.88495871854,0.0
BR_3.5,rf,0.9,10,False,-1.0,0.0,2024-12-01,1.0,1.0,58408.79554557291,0.0,700905.5465468749,75075.0,70332.20223208852,0.0
BR_3.5,rf,0.95,2,True,-1.0,0.0,2024-12-01,1.0,1.0,84657.55337749387,0.0,1015890.6405299264,75075.0,82572.13671082718,0.0
BR_3.5,rf,0.95,5,True,-1.0,0.0,2024-12-01,1.0,1.0,84657.55337749387,0.0,1015890.6405299264,75075.0,82572.13671082718,0.0
BR_3.5,rf,0.95,10,True,-1.0,0.0,2024-12-01,1.0,1.0,84657.55337749387,0.0,1015890.6405299264,75075.0,82572.13671082718,0.0
BR_3.5,rf,0.95,20,True,-1.0,0.0,2024-12-01,1.0,1.0,84657.55337749387,0.0,1015890.6405299264,75075.0,82572.13671082718,0.0
BR_3.5,rf,0.95,50,True,-1.0,0.0,2024-12-01,1.0,1.0,84657.55337749387,0.0,1015890.6405299264,75075.0,82572.13671082718,0.0
BR_3.5,rf,0.95,10,False,-1.0,0.0,2024-12-01,1.0,1.0,70752.29541737898,0.0,849027.5450085477,75075.0,82240.74655162485,0.0
BR_3.5,rf,0.98,2,True,-1.0,0.0,2024-12-01,1.0,1.0,100810.57991551206,0.0,1209726.9589861447,75075.0,117493.9132488454,0.0
BR_3.5,rf,0.98,5,True,-1.0,0.0,2024-12-01,1.0,1.0,100810.57991551206,0.0,1209726.9589861447,75075.0,117493.9132488454,0.0
BR_3.5,rf,0.98,10,True,-1.0,0.0,2024-12-01,1.0,1.0,100810.57991551206,0.0,1209726.9589861447,75075.0,117493.9132488454,0.0
BR_3.5,rf,0.98,20,True,-1.0,0.0,2024-12-01,1.0,1.0,100810.57991551206,0.0,1209726.9589861447,75075.0,117493.9132488454,0.0
BR_3.5,rf,0.98,50,True,-1.0,0.0,2024-12-01,1.0,1.0,100810.57991551206,0.0,1209726.9589861447,75075.0,117493.9132488454,0.0
BR_3.5,rf,0.98,10,False,-1.0,0.0,2024-12-01,1.0,1.0,84641.7056777542,0.0,1015700.4681330504,75075.0,95640.72705761562,0.0
BR_3.5,sba,0.9,2,True,-1.0,0.0,2024-12-01,1.0,1.0,36943.49980102098,0.0,443321.9976122518,75075.0,32772.66646768765,0.0
BR_3.5,sba,0.9,5,True,-1.0,0.0,2024-12-01,1.0,1.0,36943.49980102098,0.0,443321.9976122518,75075.0,32772.66646768765,0.0
BR_3.5,sba,0.9,10,True,-1.0,0.0,2024-12-01,1.0,1.0,36943.49980102098,0.0,443321.9976122518,75075.0,32772.66646768765,0.0
BR_3.5,sba,0.9,20,True,-1.0,0.0,2024-12-01,1.0,1.0,36943.49980102098,0.0,443321.9976122518,75075.0,32772.66646768765,0.0
BR_3.5,sba,0.9,50,True,-1.0,0.0,2024-12-01,1.0,1.0,36943.49980102098,0.0,443321.9976122518,75075.0,32772.66646768765,0.0
BR_3.5,sba,0.9,10,False,-1.0,0.0,2024-12-01,1.0,1.0,26767.657009165283,0.0,321211.8841099834,75075.0,23735.816805649563,0.0
BR_3.5,sba,0.95,2,True,-1.0,0.0,2024-12-01,1.0,1.0,44503.775059491694,0.0,534045.3007139004,75075.0,40332.94172615836,0.0
BR_3.5,sba,0.95,5,True,-1.0,0.0,2024-12-01,1.0,1.0,44503.775059491694,0.0,534045.3007139004,75075.0,40332.94172615836,0.0
BR_3.5,sba,0.95,10,True,-1.0,0.0,2024-12-01,1.0,1.0,44503.775059491694,0.0,534045.3007139004,75075.0,40332.94172615836,0.0
BR_3.5,sba,0.95,20,True,-1.0,0.0,2024-12-01,1.0,1.0,44503.775059491694,0.0,534045.3007139004,75075.0,40332.94172615836,0.0
BR_3.5,sba,0.95,50,True,-1.0,0.0,2024-12-01,1.0,1.0,44503.775059491694,0.0,534045.3007139004,75075.0,40332.94172615836,0.0
BR_3.5,sba,0.95,10,False,-1.0,0.0,2024-12-01,1.0,1.0,33684.337304877954,0.0,404212.0476585354,75075.0,29138.529503609185,0.0
BR_3.5,sba,0.98,2,True,-1.0,0.0,2024-12-01,1.0,1.0,53010.905600815175,0.0,636130.8672097821,75075.0,48840.07226748185,0.0
BR_3.5,sba,0.98,5,True,-1.0,0.0,2024-12-01,1.0,1.0,53010.905600815175,0.0,636130.8672097821,75075.0,48840.07226748185,0.0
BR_3.5,sba,0.98,10,True,-1.0,0.0,2024-12-01,1.0,1.0,53010.905600815175,0.0,636130.8672097821,75075.0,48840.07226748185,0.0
BR_3.5,sba,0.98,20,True,-1.0,0.0,2024-12-01,1.0,1.0,53010.905600815175,0.0,636130.8672097821,75075.0,48840.07226748185,0.0
BR_3.5,sba,0.98,50,True,-1.0,0.0,2024-12-01,1.0,1.0,53010.905600815175,0.0,636130.8672097821,75075.0,48840.07226748185,0.0
BR_3.5,sba,0.98,10,False,-1.0,0.0,2024-12-01,1.0,1.0,41467.26850467796,0.0,497607.2220561355,75075.0,35217.88252019574,0.0
BR_3.5,ses,0.9,2,True,-1.0,0.0,2024-12-01,1.0,1.0,49890.211689880314,0.0,598682.5402785637,75075.0,51975.62835654698,0.0
BR_3.5,ses,0.9,5,True,-1.0,0.0,2024-12-01,1.0,1.0,49890.211689880314,0.0,598682.5402785637,75075.0,51975.62835654698,0.0
BR_3.5,ses,0.9,10,True,-1.0,0.0,2024-12-01,1.0,1.0,49890.211689880314,0.0,598682.5402785637,75075.0,51975.62835654698,0.0
BR_3.5,ses,0.9,20,True,-1.0,0.0,2024-12-01,1.0,1.0,49890.211689880314,0.0,598682.5402785637,75075.0,51975.62835654698,0.0
BR_3.5,ses,0.9,50,True,-1.0,0.0,2024-12-01,1.0,1.0,49890.211689880314,0.0,598682.5402785637,75075.0,51975.62835654698,0.0
BR_3.5,ses,0.9,10,False,-1.0,0.0,2024-12-01,1.0,1.0,36075.692648888005,0.0,432908.3117866561,75075.0,32493.348583971194,0.0
BR_3.5,ses,0.95,2,True,-1.0,0.0,2024-12-01,1.0,1.0,57623.5077949203,0.0,691482.0935390436,75075.0,59708.924461586954,0.0
BR_3.5,ses,0.95,5,True,-1.0,0.0,2024-12-01,1.0,1.0,57623.5077949203,0.0,691482.0935390436,75075.0,59708.924461586954,0.0
BR_3.5,ses,0.95,10,True,-1.0,0.0,2024-12-01,1.0,1.0,57623.5077949203,0.0,691482.0935390436,75075.0,59708.924461586954,0.0
BR_3.5,ses,0.95,20,True,-1.0,0.0,2024-12-01,1.0,1.0,57623.5077949203,0.0,691482.0935390436,75075.0,59708.924461586954,0.0
BR_3.5,ses,0.95,50,True,-1.0,0.0,2024-12-01,1.0,1.0,57623.5077949203,0.0,691482.0935390436,75075.0,59708.924461586954,0.0
BR_3.5,ses,0.95,10,False,-1.0,0.0,2024-12-01,1.0,1.0,44144.115889611225,0.0,529729.3906753347,75075.0,39225.241175718824,0.0
BR_3.5,ses,0.98,2,True,-1.0,0.0,2024-12-01,1.0,1.0,72581.57846032172,0.0,870978.9415238607,75075.0,68410.74512698839,0.0
BR_3.5,ses,0.98,5,True,-1.0,0.0,2024-12-01,1.0,1.0,72581.57846032172,0.0,870978.9415238607,75075.0,68410.74512698839,0.0
BR_3.5,ses,0.98,10,True,-1.0,0.0,2024-12-01,1.0,1.0,72581.57846032172,0.0,870978.9415238607,75075.0,68410.74512698839,0.0
BR_3.5,ses,0.98,20,True,-1.0,0.0,2024-12-01,1.0,1.0,72581.57846032172,0.0,870978.9415238607,75075.0,68410.74512698839,0.0
BR_3.5,ses,0.98,50,True,-1.0,0.0,2024-12-01,1.0,1.0,72581.57846032172,0.0,870978.9415238607,75075.0,68410.74512698839,0.0
BR_3.5,ses,0.98,10,False,-1.0,0.0,2024-12-01,1.0,1.0,53223.03529728437,0.0,638676.4235674124,75075.0,46800.2417028491,0.0
BR_3.5,tsb,0.9,2,True,-1.0,0.0,2024-12-01,1.0,1.0,47354.72820342676,0.0,568256.7384411212,75075.0,43183.89487009343,0.0
BR_3.5,tsb,0.9,5,True,-1.0,0.0,2024-12-01,1.0,1.0,47354.72820342676,0.0,568256.7384411212,75075.0,43183.89487009343,0.0
BR_3.5,tsb,0.9,10,True,-1.0,0.0,2024-12-01,1.0,1.0,47354.72820342676,0.0,568256.7384411212,75075.0,43183.89487009343,0.0
BR_3.5,tsb,0.9,20,True,-1.0,0.0,2024-12-01,1.0,1.0,47354.72820342676,0.0,568256.7384411212,75075.0,43183.89487009343,0.0
BR_3.5,tsb,0.9,50,True,-1.0,0.0,2024-12-01,1.0,1.0,47354.72820342676,0.0,568256.7384411212,75075.0,43183.89487009343,0.0
BR_3.5,tsb,0.9,10,False,-1.0,0.0,2024-12-01,1.0,1.0,34934.75205578108,0.0,419217.02466937294,75075.0,37138.912831590016,0.0
BR_3.5,tsb,0.95,2,True,-1.0,0.0,2024-12-01,1.0,1.0,55088.02430846674,0.0,661056.2917016009,75075.0,50917.1909751334,0.0
BR_3.5,tsb,0.95,5,True,-1.0,0.0,2024-12-01,1.0,1.0,55088.02430846674,0.0,661056.2917016009,75075.0,50917.1909751334,0.0
BR_3.5,tsb,0.95,10,True,-1.0,0.0,2024-12-01,1.0,1.0,55088.02430846674,0.0,661056.2917016009,75075.0,50917.1909751334,0.0
BR_3.5,tsb,0.95,20,True,-1.0,0.0,2024-12-01,1.0,1.0,55088.02430846674,0.0,661056.2917016009,75075.0,50917.1909751334,0.0
BR_3.5,tsb,0.95,50,True,-1.0,0.0,2024-12-01,1.0,1.0,55088.02430846674,0.0,661056.2917016009,75075.0,50917.1909751334,0.0
BR_3.5,tsb,0.95,10,False,-1.0,0.0,2024-12-01,1.0,1.0,42559.21920597264,0.0,510710.63047167164,75075.0,43560.07192803461,0.0
BR_3.5,tsb,0.98,2,True,-1.0,0.0,2024-12-01,1.0,1.0,63789.844973868174,0.0,765478.1396864181,75075.0,59619.01164053484,0.0
BR_3.5,tsb,0.98,5,True,-1.0,0.0,2024-12-01,1.0,1.0,63789.844973868174,0.0,765478.1396864181,75075.0,59619.01164053484,0.0
BR_3.5,tsb,0.98,10,True,-1.0,0.0,2024-12-01,1.0,1.0,63789.844973868174,0.0,765478.1396864181,75075.0,59619.01164053484,0.0
BR_3.5,tsb,0.98,20,True,-1.0,0.0,2024-12-01,1.0,1.0,63789.844973868174,0.0,765478.1396864181,75075.0,59619.01164053484,0.0
BR_3.5,tsb,0.98,50,True,-1.0,0.0,2024-12-01,1.0,1.0,63789.844973868174,0.0,765478.1396864181,75075.0,59619.01164053484,0.0
BR_3.5,tsb,0.98,10,False,-1.0,0.0,2024-12-01,1.0,1.0,51138.581085956976,0.0,613662.9730314837,75075.0,50785.42243347515,0.0
BR_3.5,xgb,0.9,2,True,-1.0,0.0,2024-12-01,1.0,1.0,31079.832724763644,0.0,372957.9926971637,75075.0,26908.99939143032,0.0
BR_3.5,xgb,0.9,5,True,-1.0,0.0,2024-12-01,1.0,1.0,31079.832724763644,0.0,372957.9926971637,75075.0,26908.99939143032,0.0
BR_3.5,xgb,0.9,10,True,-1.0,0.0,2024-12-01,1.0,1.0,31079.832724763644,0.0,372957.9926971637,75075.0,26908.99939143032,0.0
BR_3.5,xgb,0.9,20,True,-1.0,0.0,2024-12-01,1.0,1.0,31079.832724763644,0.0,372957.9926971637,75075.0,26908.99939143032,0.0
BR_3.5,xgb,0.9,50,True,-1.0,0.0,2024-12-01,1.0,1.0,31079.832724763644,0.0,372957.9926971637,75075.0,26908.99939143032,0.0
BR_3.5,xgb,0.9,10,False,-1.0,0.0,2024-12-01,0.9948404338473102,0.8333333333333334,19006.525483959438,64.5590714855304,235825.3943857769,75075.0,15080.322987365449,1681.006664705812
BR_3.5,xgb,0.95,2,True,-1.0,0.0,2024-12-01,1.0,1.0,41620.38920967827,0.0,499444.67051613925,75075.0,41620.389209678266,0.0
BR_3.5,xgb,0.95,5,True,-1.0,0.0,2024-12-01,1.0,1.0,41620.38920967827,0.0,499444.67051613925,75075.0,41620.389209678266,0.0
BR_3.5,xgb,0.95,10,True,-1.0,0.0,2024-12-01,1.0,1.0,41620.38920967827,0.0,499444.67051613925,75075.0,41620.389209678266,0.0
BR_3.5,xgb,0.95,20,True,-1.0,0.0,2024-12-01,1.0,1.0,41620.38920967827,0.0,499444.67051613925,75075.0,41620.389209678266,0.0
BR_3.5,xgb,0.95,50,True,-1.0,0.0,2024-12-01,1.0,1.0,41620.38920967827,0.0,499444.67051613925,75075.0,41620.389209678266,0.0
BR_3.5,xgb,0.95,10,False,-1.0,0.0,2024-12-01,1.0,1.0,31437.712211949703,0.0,377252.5465433964,75075.0,25905.21983356619,2220.637354513776
BR_3.5,xgb,0.98,2,True,-1.0,0.0,2024-12-01,1.0,1.0,54003.412627514124,0.0,648040.9515301695,75075.0,58174.245960847446,0.0
BR_3.5,xgb,0.98,5,True,-1.0,0.0,2024-12-01,1.0,1.0,54003.412627514124,0.0,648040.9515301695,75075.0,58174.245960847446,0.0
BR_3.5,xgb,0.98,10,True,-1.0,0.0,2024-12-01,1.0,1.0,54003.412627514124,0.0,648040.9515301695,75075.0,58174.245960847446,0.0
BR_3.5,xgb,0.98,20,True,-1.0,0.0,2024-12-01,1.0,1.0,54003.412627514124,0.0,648040.9515301695,75075.0,58174.245960847446,0.0
BR_3.5,xgb,0.98,50,True,-1.0,0.0,2024-12-01,1.0,1.0,54003.412627514124,0.0,648040.9515301695,75075.0,58174.245960847446,0.0
BR_3.5,xgb,0.98,10,False,-1.0,0.0,2024-12-01,1.0,1.0,46530.171726145985,0.0,558362.0607137518,75075.0,38085.83593796164,2827.851849403647
ST_A3.50in,arima,0.9,2,True,-1.0,0.0,2024-12-01,0.7945346794740172,0.6666666666666666,2177.9466633963852,307.3511122012049,33511.78665358554,13200.0,3583.9288845285137,2220.0
ST_A3.50in,arima,0.9,5,True,-1.0,0.0,2024-12-01,0.7945346794740172,0.6666666666666666,2177.9466633963852,307.3511122012049,44576.426692828914,13200.0,3583.9288845285137,2220.0
ST_A3.50in,arima,0.9,10,True,-1.0,0.0,2024-12-01,0.7945346794740172,0.6666666666666666,2177.9466633963852,307.3511122012049,63017.49342490121,13200.0,3583.9288845285137,2220.0
ST_A3.50in,arima,0.9,20,True,-1.0,0.0,2024-12-01,0.7945346794740172,0.6666666666666666,2177.9466633963852,307.3511122012049,99899.62688904579,13200.0,3583.9288845285137,2220.0
ST_A3.50in,arima,0.9,50,True,-1.0,0.0,2024-12-01,0.7945346794740172,0.6666666666666666,2177.9466633963852,307.3511122012049,210546.02728147956,13200.0,3583.9288845285137,2220.0
ST_A3.50in,arima,0.9,10,False,-1.0,0.0,2024-12-01,0.7932991329819338,0.6666666666666666,2172.6799919749337,309.8753462339243,63257.20145177012,13200.0,3580.7913736463743,2203.937766804507
ST_A3.50in,arima,0.95,2,True,-1.0,0.0,2024-12-01,0.9331106817131767,0.6666666666666666,2922.231207813558,82.03404183992522,37035.5914979209,13200.0,4818.530499306966,2200.0
ST_A3.50in,arima,0.95,5,True,-1.0,0.0,2024-12-01,0.9331106817131767,0.6666666666666666,2922.231207813558,82.03404183992522,39988.817004158205,13200.0,4818.530499306966,2200.0
ST_A3.50in,arima,0.95,10,True,-1.0,0.0,2024-12-01,0.9331106817131767,0.6666666666666666,2922.231207813558,82.03404183992522,44910.85951455372,13200.0,4818.530499306966,2200.0
ST_A3.50in,arima,0.95,20,True,-1.0,0.0,2024-12-01,0.9331106817131767,0.6666666666666666,2922.231207813558,82.03404183992522,54754.944535344745,13200.0,4818.530499306966,2200.0
ST_A3.50in,arima,0.95,50,True,-1.0,0.0,2024-12-01,0.9331106817131767,0.6666666666666666,2922.231207813558,82.03404183992522,84287.19959771782,13200.0,4818.530499306966,2200.0
ST_A3.50in,arima,0.95,10,False,-1.0,0.0,2024-12-01,0.9312942394138798,0.6666666666666666,2915.3008354083945,84.4159398675021,45113.52280900099,13200.0,4813.329737588754,2186.7235298829646
ST_A3.50in,arima,0.98,2,True,-1.0,0.0,2024-12-01,1.0,1.0,3928.61208510777,0.0,47143.34502129324,13200.0,6200.278751774436,2180.0
ST_A3.50in,arima,0.98,5,True,-1.0,0.0,2024-12-01,1.0,1.0,3928.61208510777,0.0,47143.34502129324,13200.0,6200.278751774436,2180.0
ST_A3.50in,arima,0.98,10,True,-1.0,0.0,2024-12-01,1.0,1.0,3928.61208510777,0.0,47143.34502129324,13200.0,6200.278751774436,2180.0
ST_A3.50in,arima,0.98,20,True,-1.0,0.0,2024-12-01,1.0,1.0,3928.61208510777,0.0,47143.34502129324,13200.0,6200.278751774436,2180.0
ST_A3.50in,arima,0.98,50,True,-1.0,0.0,2024-12-01,1.0,1.0,3928.61208510777,0.0,47143.34502129324,13200.0,6200.278751774436,2180.0
ST_A3.50in,arima,0.98,10,False,-1.0,0.0,2024-12-01,1.0,1.0,3920.2083365488547,0.0,47042.50003858626,13200.0,6200.2322511578295,2167.3533673354086
ST_A3.50in,croston,0.9,2,True,-1.0,0.0,2024-12-01,1.0,1.0,18540.29830041376,0.0,222483.5796049651,13200.0,13080.298300413757,0.0
ST_A3.50in,croston,0.9,5,True,-1.0,0.0,2024-12-01,1.0,1.0,18540.29830041376,0.0,222483.5796049651,13200.0,13080.298300413757,0.0
ST_A3.50in,croston,0.9,10,True,-1.0,0.0,2024-12-01,1.0,1.0,18540.29830041376,0.0,222483.5796049651,13200.0,13080.298300413757,0.0
ST_A3.50in,croston,0.9,20,True,-1.0,0.0,2024-12-01,1.0,1.0,18540.29830041376,0.0,222483.5796049651,13200.0,13080.298300413757,0.0
ST_A3.50in,croston,0.9,50,True,-1.0,0.0,2024-12-01,1.0,1.0,18540.29830041376,0.0,222483.5796049651,13200.0,13080.298300413757,0.0
ST_A3.50in,croston,0.9,10,False,-1.0,0.0,2024-12-01,1.0,1.0,18540.29830041376,0.0,222483.5796049651,13200.0,13080.298300413757,0.0
ST_A3.50in,croston,0.95,2,True,-1.0,0.0,2024-12-01,1.0,1.0,26261.28837965179,0.0,315135.4605558215,13200.0,20801.288379651793,0.0
ST_A3.50in,croston,0.95,5,True,-1.0,0.0,2024-12-01,1.0,1.0,26261.28837965179,0.0,315135.4605558215,13200.0,20801.288379651793,0.0
ST_A3.50in,croston,0.95,10,True,-1.0,0.0,2024-12-01,1.0,1.0,26261.28837965179,0.0,315135.4605558215,13200.0,20801.288379651793,0.0
ST_A3.50in,croston,0.95,20,True,-1.0,0.0,2024-12-01,1.0,1.0,26261.28837965179,0.0,315135.4605558215,13200.0,20801.288379651793,0.0
ST_A3.50in,croston,0.95,50,True,-1.0,0.0,2024-12-01,1.0,1.0,26261.28837965179,0.0,315135.4605558215,13200.0,20801.288379651793,0.0
ST_A3.50in,croston,0.95,10,False,-1.0,0.0,2024-12-01,1.0,1.0,26261.28837965179,0.0,315135.4605558215,13200.0,20801.288379651793,0.0
ST_A3.50in,croston,0.98,2,True,-1.0,0.0,2024-12-01,1.0,1.0,34949.26180214701,0.0,419391.14162576414,13200.0,29489.261802147004,0.0
ST_A3.50in,croston,0.98,5,True,-1.0,0.0,2024-12-01,1.0,1.0,34949.26180214701,0.0,419391.14162576414,13200.0,29489.261802147004,0.0
ST_A3.50in,croston,0.98,10,True,-1.0,0.0,2024-12-01,1.0,1.0,34949.26180214701,0.0,419391.14162576414,13200.0,29489.261802147004,0.0
ST_A3.50in,croston,0.98,20,True,-1.0,0.0,2024-12-01,1.0,1.0,34949.26180214701,0.0,419391.14162576414,13200.0,29489.261802147004,0.0
ST_A3.50in,croston,0.98,50,True,-1.0,0.0,2024-12-01,1.0,1.0,34949.26180214701,0.0,419391.14162576414,13200.0,29489.261802147004,0.0
ST_A3.50in,croston,0.98,10,False,-1.0,0.0,2024-12-01,1.0,1.0,34949.26180214701,0.0,419391.14162576414,13200.0,29489.261802147004,0.0
ST_A3.50in,hybrid,0.9,2,True,-1.0,0.0,2024-12-01,1.0,1.0,9744.491350839262,0.0,116933.89621007114,13200.0,6249.49135083926,2300.0
ST_A3.50in,hybrid,0.9,5,True,-1.0,0.0,2024-12-01,1.0,1.0,9744.491350839262,0.0,116933.89621007114,13200.0,6249.49135083926,2300.0
ST_A3.50in,hybrid,0.9,10,True,-1.0,0.0,2024-12-01,1.0,1.0,9744.491350839262,0.0,116933.89621007114,13200.0,6249.49135083926,2300.0
ST_A3.50in,hybrid,0.9,20,True,-1.0,0.0,2024-12-01,1.0,1.0,9744.491350839262,0.0,116933.89621007114,13200.0,6249.49135083926,2300.0
ST_A3.50in,hybrid,0.9,50,True,-1.0,0.0,2024-12-01,1.0,1.0,9744.491350839262,0.0,116933.89621007114,13200.0,6249.49135083926,2300.0
ST_A3.50in,hybrid,0.9,10,False,-1.0,0.0,2024-12-01,1.0,1.0,9736.62449704006,0.0,116839.49396448073,13200.0,6236.760622978518,2296.4338833091097
ST_A3.50in,hybrid,0.95,2,True,-1.0,0.0,2024-12-01,1.0,1.0,11134.935184380332,0.0,133619.222212564,13200.0,8481.601851046998,2260.0
ST_A3.50in,hybrid,0.95,5,True,-1.0,0.0,2024-12-01,1.0,1.0,11134.935184380332,0.0,133619.222212564,13200.0,8481.601851046998,2260.0
ST_A3.50in,hybrid,0.95,10,True,-1.0,0.0,2024-12-01,1.0,1.0,11134.935184380332,0.0,133619.222212564,13200.0,8481.601851046998,2260.0
ST_A3.50in,hybrid,0.95,20,True,-1.0,0.0,2024-12-01,1.0,1.0,11134.935184380332,0.0,133619.222212564,13200.0,8481.601851046998,2260.0
ST_A3.50in,hybrid,0.95,50,True,-1.0,0.0,2024-12-01,1.0,1.0,11134.935184380332,0.0,133619.222212564,13200.0,8481.601851046998,2260.0
ST_A3.50in,hybrid,0.95,10,False,-1.0,0.0,2024-12-01,1.0,1.0,11128.516846806933,0.0,133542.2021616832,13200.0,8471.565673128667,2258.501404910143
ST_A3.50in,hybrid,0.98,2,True,-1.0,0.0,2024-12-01,1.0,1.0,12706.37551602064,0.0,152476.50619224767,13200.0,10998.042182687306,2220.0
ST_A3.50in,hybrid,0.98,5,True,-1.0,0.0,2024-12-01,1.0,1.0,12706.37551602064,0.0,152476.50619224767,13200.0,10998.042182687306,2220.0
ST_A3.50in,hybrid,0.98,10,True,-1.0,0.0,2024-12-01,1.0,1.0,12706.37551602064,0.0,152476.50619224767,13200.0,10998.042182687306,2220.0
ST_A3.50in,hybrid,0.98,20,True,-1.0,0.0,2024-12-01,1.0,1.0,12706.37551602064,0.0,152476.50619224767,13200.0,10998.042182687306,2220.0
ST_A3.50in,hybrid,0.98,50,True,-1.0,0.0,2024-12-01,1.0,1.0,12706.37551602064,0.0,152476.50619224767,13200.0,10998.042182687306,2220.0
ST_A3.50in,hybrid,0.98,10,False,-1.0,0.0,2024-12-01,1.0,1.0,12694.730974482949,0.0,152336.7716937954,13200.0,10986.259602392034,2215.8182307579355
ST_A3.50in,mitra,0.9,2,True,-1.0,0.0,2024-12-01,0.967772364895177,0.8333333333333334,2930.0456152316433,35.450398615305176,36011.356949547044,13200.0,3074.595216616338,1900.0
ST_A3.50in,mitra,0.9,5,True,-1.0,0.0,2024-12-01,0.967772364895177,0.8333333333333334,2930.0456152316433,35.450398615305176,37287.57129969803,13200.0,3074.595216616338,1900.0
ST_A3.50in,mitra,0.9,10,True,-1.0,0.0,2024-12-01,0.967772364895177,0.8333333333333334,2930.0456152316433,35.450398615305176,39414.59521661634,13200.0,3074.595216616338,1900.0
ST_A3.50in,mitra,0.9,20,True,-1.0,0.0,2024-12-01,0.967772364895177,0.8333333333333334,2930.0456152316433,35.450398615305176,43668.643050452956,13200.0,3074.595216616338,1900.0
ST_A3.50in,mitra,0.9,50,True,-1.0,0.0,2024-12-01,0.967772364895177,0.8333333333333334,2930.0456152316433,35.450398615305176,56430.786551962825,13200.0,3074.595216616338,1900.0
ST_A3.50in,mitra,0.9,10,False,-1.0,0.0,2024-12-01,0.9676165229731356,0.8333333333333334,2921.7175763133832,35.62182472955086,39335.2298833067,13200.0,3062.953811771078,1893.0086023819713
ST_A3.50in,mitra,0.95,2,True,-1.0,0.0,2024-12-01,1.0,1.0,3869.0009923628386,0.0,46428.01190835406,13200.0,4009.0009923628386,1880.0
ST_A3.50in,mitra,0.95,5,True,-1.0,0.0,2024-12-01,1.0,1.0,3869.0009923628386,0.0,46428.01190835406,13200.0,4009.0009923628386,1880.0
ST_A3.50in,mitra,0.95,10,True,-1.0,0.0,2024-12-01,1.0,1.0,3869.0009923628386,0.0,46428.01190835406,13200.0,4009.0009923628386,1880.0
ST_A3.50in,mitra,0.95,20,True,-1.0,0.0,2024-12-01,1.0,1.0,3869.0009923628386,0.0,46428.01190835406,13200.0,4009.0009923628386,1880.0
ST_A3.50in,mitra,0.95,50,True,-1.0,0.0,2024-12-01,1.0,1.0,3869.0009923628386,0.0,46428.01190835406,13200.0,4009.0009923628386,1880.0
ST_A3.50in,mitra,0.95,10,False,-1.0,0.0,2024-12-01,1.0,1.0,3858.5639579017734,0.0,46302.76749482128,13200.0,4006.8139239873963,1881.5775983599442
ST_A3.50in,mitra,0.98,2,True,-1.0,0.0,2024-12-01,1.0,1.0,4962.946990505338,0.0,59555.363886064064,13200.0,5087.946990505337,1860.0
ST_A3.50in,mitra,0.98,5,True,-1.0,0.0,2024-12-01,1.0,1.0,4962.946990505338,0.0,59555.363886064064,13200.0,5087.946990505337,1860.0
ST_A3.50in,mitra,0.98,10,True,-1.0,0.0,2024-12-01,1.0,1.0,4962.946990505338,0.0,59555.363886064064,13200.0,5087.946990505337,1860.0
ST_A3.50in,mitra,0.98,20,True,-1.0,0.0,2024-12-01,1.0,1.0,4962.946990505338,0.0,59555.363886064064,13200.0,5087.946990505337,1860.0
ST_A3.50in,mitra,0.98,50,True,-1.0,0.0,2024-12-01,1.0,1.0,4962.946990505338,0.0,59555.363886064064,13200.0,5087.946990505337,1860.0
ST_A3.50in,mitra,0.98,10,False,-1.0,0.0,2024-12-01,1.0,1.0,4952.824906822152,0.0,59433.898881865825,13200.0,5068.883876847376,1868.7149657031732
ST_A3.50in,naive,0.9,2,True,-1.0,0.0,2024-12-01,1.0,1.0,25562.567808310007,0.0,306750.8136997201,13200.0,31749.234474976678,0.0
ST_A3.50in,naive,0.9,5,True,-1.0,0.0,2024-12-01,1.0,1.0,25562.567808310007,0.0,306750.8136997201,13200.0,31749.234474976678,0.0
ST_A3.50in,naive,0.9,10,True,-1.0,0.0,2024-12-01,1.0,1.0,25562.567808310007,0.0,306750.8136997201,13200.0,31749.234474976678,0.0
ST_A3.50in,naive,0.9,20,True,-1.0,0.0,2024-12-01,1.0,1.0,25562.567808310007,0.0,306750.8136997201,13200.0,31749.234474976678,0.0
ST_A3.50in,naive,0.9,50,True,-1.0,0.0,2024-12-01,1.0,1.0,25562.567808310007,0.0,306750.8136997201,13200.0,31749.234474976678,0.0
ST_A3.50in,naive,0.9,10,False,-1.0,0.0,2024-12-01,1.0,1.0,25555.633419915703,0.0,306667.60103898845,13200.0,31739.525179637676,0.0
ST_A3.50in,naive,0.95,2,True,-1.0,0.0,2024-12-01,1.0,1.0,27993.855951848574,0.0,335926.2714221829,13200.0,34288.85595184858,0.0
ST_A3.50in,naive,0.95,5,True,-1.0,0.0,2024-12-01,1.0,1.0,27993.855951848574,0.0,335926.2714221829,13200.0,34288.85595184858,0.0
ST_A3.50in,naive,0.95,10,True,-1.0,0.0,2024-12-01,1.0,1.0,27993.855951848574,0.0,335926.2714221829,13200.0,34288.85595184858,0.0
ST_A3.50in,naive,0.95,20,True,-1.0,0.0,2024-12-01,1.0,1.0,27993.855951848574,0.0,335926.2714221829,13200.0,34288.85595184858,0.0
ST_A3.50in,naive,0.95,50,True,-1.0,0.0,2024-12-01,1.0,1.0,27993.855951848574,0.0,335926.2714221829,13200.0,34288.85595184858,0.0
ST_A3.50in,naive,0.95,10,False,-1.0,0.0,2024-12-01,1.0,1.0,27980.458733161166,0.0,335765.504797934,13200.0,34273.646198490955,0.0
ST_A3.50in,naive,0.98,2,True,-1.0,0.0,2024-12-01,1.0,1.0,30719.56682370444,0.0,368634.8018844533,13200.0,37139.56682370444,0.0
ST_A3.50in,naive,0.98,5,True,-1.0,0.0,2024-12-01,1.0,1.0,30719.56682370444,0.0,368634.8018844533,13200.0,37139.56682370444,0.0
ST_A3.50in,naive,0.98,10,True,-1.0,0.0,2024-12-01,1.0,1.0,30719.56682370444,0.0,368634.8018844533,13200.0,37139.56682370444,0.0
ST_A3.50in,naive,0.98,20,True,-1.0,0.0,2024-12-01,1.0,1.0,30719.56682370444,0.0,368634.8018844533,13200.0,37139.56682370444,0.0
ST_A3.50in,naive,0.98,50,True,-1.0,0.0,2024-12-01,1.0,1.0,30719.56682370444,0.0,368634.8018844533,13200.0,37139.56682370444,0.0
ST_A3.50in,naive,0.98,10,False,-1.0,0.0,2024-12-01,1.0,1.0,30708.971224366065,0.0,368507.6546923928,13200.0,37125.142682133184,0.0
ST_A3.50in,rf,0.9,2,True,-1.0,0.0,2024-12-01,1.0,1.0,8997.314146855408,0.0,107967.7697622649,13200.0,10047.314146855408,0.0
ST_A3.50in,rf,0.9,5,True,-1.0,0.0,2024-12-01,1.0,1.0,8997.314146855408,0.0,107967.7697622649,13200.0,10047.314146855408,0.0
ST_A3.50in,rf,0.9,10,True,-1.0,0.0,2024-12-01,1.0,1.0,8997.314146855408,0.0,107967.7697622649,13200.0,10047.314146855408,0.0
ST_A3.50in,rf,0.9,20,True,-1.0,0.0,2024-12-01,1.0,1.0,8997.314146855408,0.0,107967.7697622649,13200.0,10047.314146855408,0.0
ST_A3.50in,rf,0.9,50,True,-1.0,0.0,2024-12-01,1.0,1.0,8997.314146855408,0.0,107967.7697622649,13200.0,10047.314146855408,0.0
ST_A3.50in,rf,0.9,10,False,-1.0,0.0,2024-12-01,1.0,1.0,8988.14034135088,0.0,107857.68409621055,13200.0,10035.499086357631,0.0
ST_A3.50in,rf,0.95,2,True,-1.0,0.0,2024-12-01,1.0,1.0,10479.893611237874,0.0,125758.7233348545,13200.0,11294.893611237876,0.0
ST_A3.50in,rf,0.95,5,True,-1.0,0.0,2024-12-01,1.0,1.0,10479.893611237874,0.0,125758.7233348545,13200.0,11294.893611237876,0.0
ST_A3.50in,rf,0.95,10,True,-1.0,0.0,2024-12-01,1.0,1.0,10479.893611237874,0.0,125758.7233348545,13200.0,11294.893611237876,0.0
ST_A3.50in,rf,0.95,20,True,-1.0,0.0,2024-12-01,1.0,1.0,10479.893611237874,0.0,125758.7233348545,13200.0,11294.893611237876,0.0
ST_A3.50in,rf,0.95,50,True,-1.0,0.0,2024-12-01,1.0,1.0,10479.893611237874,0.0,125758.7233348545,13200.0,11294.893611237876,0.0
ST_A3.50in,rf,0.95,10,False,-1.0,0.0,2024-12-01,1.0,1.0,10471.976394731631,0.0,125663.71673677958,13200.0,11279.223040847119,0.0
ST_A3.50in,rf,0.98,2,True,-1.0,0.0,2024-12-01,1.0,1.0,12152.834665571901,0.0,145834.01598686283,13200.0,12691.167998905235,0.0
ST_A3.50in,rf,0.98,5,True,-1.0,0.0,2024-12-01,1.0,1.0,12152.834665571901,0.0,145834.01598686283,13200.0,12691.167998905235,0.0
ST_A3.50in,rf,0.98,10,True,-1.0,0.0,2024-12-01,1.0,1.0,12152.834665571901,0.0,145834.01598686283,13200.0,12691.167998905235,0.0
ST_A3.50in,rf,0.98,20,True,-1.0,0.0,2024-12-01,1.0,1.0,12152.834665571901,0.0,145834.01598686283,13200.0,12691.167998905235,0.0
ST_A3.50in,rf,0.98,50,True,-1.0,0.0,2024-12-01,1.0,1.0,12152.834665571901,0.0,145834.01598686283,13200.0,12691.167998905235,0.0
ST_A3.50in,rf,0.98,10,False,-1.0,0.0,2024-12-01,1.0,1.0,12141.649333410554,0.0,145699.79200092665,13200.0,12678.712037806388,0.0
ST_A3.50in,sba,0.9,2,True,-1.0,0.0,2024-12-01,1.0,1.0,16675.999193330965,0.0,200111.99031997158,13200.0,11215.999193330965,0.0
ST_A3.50in,sba,0.9,5,True,-1.0,0.0,2024-12-01,1.0,1.0,16675.999193330965,0.0,200111.99031997158,13200.0,11215.999193330965,0.0
ST_A3.50in,sba,0.9,10,True,-1.0,0.0,2024-12-01,1.0,1.0,16675.999193330965,0.0,200111.99031997158,13200.0,11215.999193330965,0.0
ST_A3.50in,sba,0.9,20,True,-1.0,0.0,2024-12-01,1.0,1.0,16675.999193330965,0.0,200111.99031997158,13200.0,11215.999193330965,0.0
ST_A3.50in,sba,0.9,50,True,-1.0,0.0,2024-12-01,1.0,1.0,16675.999193330965,0.0,200111.99031997158,13200.0,11215.999193330965,0.0
ST_A3.50in,sba,0.9,10,False,-1.0,0.0,2024-12-01,1.0,1.0,16675.999193330965,0.0,200111.99031997158,13200.0,11215.999193330965,0.0
ST_A3.50in,sba,0.95,2,True,-1.0,0.0,2024-12-01,1.0,1.0,23941.408130829204,0.0,287296.89756995044,13200.0,18481.4081308292,0.0
ST_A3.50in,sba,0.95,5,True,-1.0,0.0,2024-12-01,1.0,1.0,23941.408130829204,0.0,287296.89756995044,13200.0,18481.4081308292,0.0
ST_A3.50in,sba,0.95,10,True,-1.0,0.0,2024-12-01,1.0,1.0,23941.408130829204,0.0,287296.89756995044,13200.0,18481.4081308292,0.0
ST_A3.50in,sba,0.95,20,True,-1.0,0.0,2024-12-01,1.0,1.0,23941.408130829204,0.0,287296.89756995044,13200.0,18481.4081308292,0.0
ST_A3.50in,sba,0.95,50,True,-1.0,0.0,2024-12-01,1.0,1.0,23941.408130829204,0.0,287296.89756995044,13200.0,18481.4081308292,0.0
ST_A3.50in,sba,0.95,10,False,-1.0,0.0,2024-12-01,1.0,1.0,23941.408130829204,0.0,287296.89756995044,13200.0,18481.4081308292,0.0
ST_A3.50in,sba,0.98,2,True,-1.0,0.0,2024-12-01,1.0,1.0,32116.743043158614,0.0,385400.9165179034,13200.0,26656.743043158618,0.0
ST_A3.50in,sba,0.98,5,True,-1.0,0.0,2024-12-01,1.0,1.0,32116.743043158614,0.0,385400.9165179034,13200.0,26656.743043158618,0.0
ST_A3.50in,sba,0.98,10,True,-1.0,0.0,2024-12-01,1.0,1.0,32116.743043158614,0.0,385400.9165179034,13200.0,26656.743043158618,0.0
ST_A3.50in,sba,0.98,20,True,-1.0,0.0,2024-12-01,1.0,1.0,32116.743043158614,0.0,385400.9165179034,13200.0,26656.743043158618,0.0
ST_A3.50in,sba,0.98,50,True,-1.0,0.0,2024-12-01,1.0,1.0,32116.743043158614,0.0,385400.9165179034,13200.0,26656.743043158618,0.0
ST_A3.50in,sba,0.98,10,False,-1.0,0.0,2024-12-01,1.0,1.0,32116.743043158614,0.0,385400.9165179034,13200.0,26656.743043158618,0.0
ST_A3.50in,ses,0.9,2,True,-1.0,0.0,2024-12-01,0.7755004905924336,0.6666666666666666,2429.56076176588,344.5908571891511,37424.90971373019,13200.0,4228.303237910062,2120.0
ST_A3.50in,ses,0.9,5,True,-1.0,0.0,2024-12-01,0.7755004905924336,0.6666666666666666,2429.56076176588,344.5908571891511,49830.180572539626,13200.0,4228.303237910062,2120.0
ST_A3.50in,ses,0.9,10,True,-1.0,0.0,2024-12-01,0.7755004905924336,0.6666666666666666,2429.56076176588,344.5908571891511,70505.63200388869,13200.0,4228.303237910062,2120.0
ST_A3.50in,ses,0.9,20,True,-1.0,0.0,2024-12-01,0.7755004905924336,0.6666666666666666,2429.56076176588,344.5908571891511,111856.53486658682,13200.0,4228.303237910062,2120.0
ST_A3.50in,ses,0.9,50,True,-1.0,0.0,2024-12-01,0.7755004905924336,0.6666666666666666,2429.56076176588,344.5908571891511,235909.24345468121,13200.0,4228.303237910062,2120.0
ST_A3.50in,ses,0.9,10,False,-1.0,0.0,2024-12-01,0.7730068002792144,0.6666666666666666,2425.6386063121863,348.8997960222207,70975.63879841272,13200.0,4222.789275890022,2123.1851147830366
ST_A3.50in,ses,0.95,2,True,-1.0,0.0,2024-12-01,0.9139169923337119,0.6666666666666666,3214.722445385207,119.53696264937525,41445.556448207484,13200.0,5561.852149402499,2080.0
ST_A3.50in,ses,0.95,5,True,-1.0,0.0,2024-12-01,0.9139169923337119,0.6666666666666666,3214.722445385207,119.53696264937525,45748.887103584995,13200.0,5561.852149402499,2080.0
ST_A3.50in,ses,0.95,10,True,-1.0,0.0,2024-12-01,0.9139169923337119,0.6666666666666666,3214.722445385207,119.53696264937525,52921.10486254751,13200.0,5561.852149402499,2080.0
ST_A3.50in,ses,0.95,20,True,-1.0,0.0,2024-12-01,0.9139169923337119,0.6666666666666666,3214.722445385207,119.53696264937525,67265.54038047255,13200.0,5561.852149402499,2080.0
ST_A3.50in,ses,0.95,50,True,-1.0,0.0,2024-12-01,0.9139169923337119,0.6666666666666666,3214.722445385207,119.53696264937525,110298.84693424763,13200.0,5561.852149402499,2080.0
ST_A3.50in,ses,0.95,10,False,-1.0,0.0,2024-12-01,0.9122895483779829,0.6666666666666666,3206.453991630829,122.24223629300029,53146.516254729984,13200.0,5548.719781216569,2091.775558960382
ST_A3.50in,ses,0.98,2,True,-1.0,0.0,2024-12-01,1.0,1.0,4232.454392777418,0.0,50789.452713329025,13200.0,7042.4543927774175,2060.0
ST_A3.50in,ses,0.98,5,True,-1.0,0.0,2024-12-01,1.0,1.0,4232.454392777418,0.0,50789.452713329025,13200.0,7042.4543927774175,2060.0
ST_A3.50in,ses,0.98,10,True,-1.0,0.0,2024-12-01,1.0,1.0,4232.454392777418,0.0,50789.452713329025,13200.0,7042.4543927774175,2060.0
ST_A3.50in,ses,0.98,20,True,-1.0,0.0,2024-12-01,1.0,1.0,4232.454392777418,0.0,50789.452713329025,13200.0,7042.4543927774175,2060.0
ST_A3.50in,ses,0.98,50,True,-1.0,0.0,2024-12-01,1.0,1.0,4232.454392777418,0.0,50789.452713329025,13200.0,7042.4543927774175,2060.0
ST_A3.50in,ses,0.98,10,False,-1.0,0.0,2024-12-01,1.0,1.0,4217.861466143131,0.0,50614.33759371757,13200.0,7040.710947133146,2056.4322437379724
ST_A3.50in,tsb,0.9,2,True,-1.0,0.0,2024-12-01,1.0,1.0,10197.334187030254,0.0,122368.01024436305,13200.0,9309.000853696918,0.0
ST_A3.50in,tsb,0.9,5,True,-1.0,0.0,2024-12-01,1.0,1.0,10197.334187030254,0.0,122368.01024436305,13200.0,9309.000853696918,0.0
ST_A3.50in,tsb,0.9,10,True,-1.0,0.0,2024-12-01,1.0,1.0,10197.334187030254,0.0,122368.01024436305,13200.0,9309.000853696918,0.0
ST_A3.50in,tsb,0.9,20,True,-1.0,0.0,2024-12-01,1.0,1.0,10197.334187030254,0.0,122368.01024436305,13200.0,9309.000853696918,0.0
ST_A3.50in,tsb,0.9,50,True,-1.0,0.0,2024-12-01,1.0,1.0,10197.334187030254,0.0,122368.01024436305,13200.0,9309.000853696918,0.0
ST_A3.50in,tsb,0.9,10,False,-1.0,0.0,2024-12-01,1.0,1.0,10192.40454465054,0.0,122308.85453580649,13200.0,9299.808887951294,0.0
ST_A3.50in,tsb,0.95,2,True,-1.0,0.0,2024-12-01,1.0,1.0,11911.109135015831,0.0,142933.30962018998,13200.0,10777.7758016825,0.0
ST_A3.50in,tsb,0.95,5,True,-1.0,0.0,2024-12-01,1.0,1.0,11911.109135015831,0.0,142933.30962018998,13200.0,10777.7758016825,0.0
ST_A3.50in,tsb,0.95,10,True,-1.0,0.0,2024-12-01,1.0,1.0,11911.109135015831,0.0,142933.30962018998,13200.0,10777.7758016825,0.0
ST_A3.50in,tsb,0.95,20,True,-1.0,0.0,2024-12-01,1.0,1.0,11911.109135015831,0.0,142933.30962018998,13200.0,10777.7758016825,0.0
ST_A3.50in,tsb,0.95,50,True,-1.0,0.0,2024-12-01,1.0,1.0,11911.109135015831,0.0,142933.30962018998,13200.0,10777.7758016825,0.0
ST_A3.50in,tsb,0.95,10,False,-1.0,0.0,2024-12-01,1.0,1.0,11904.762927823896,0.0,142857.15513388676,13200.0,10772.343253276686,0.0
ST_A3.50in,tsb,0.98,2,True,-1.0,0.0,2024-12-01,1.0,1.0,13840.59770847167,0.0,166087.17250166004,13200.0,12440.597708471669,0.0
ST_A3.50in,tsb,0.98,5,True,-1.0,0.0,2024-12-01,1.0,1.0,13840.59770847167,0.0,166087.17250166004,13200.0,12440.597708471669,0.0
ST_A3.50in,tsb,0.98,10,True,-1.0,0.0,2024-12-01,1.0,1.0,13840.59770847167,0.0,166087.17250166004,13200.0,12440.597708471669,0.0
ST_A3.50in,tsb,0.98,20,True,-1.0,0.0,2024-12-01,1.0,1.0,13840.59770847167,0.0,166087.17250166004,13200.0,12440.597708471669,0.0
ST_A3.50in,tsb,0.98,50,True,-1.0,0.0,2024-12-01,1.0,1.0,13840.59770847167,0.0,166087.17250166004,13200.0,12440.597708471669,0.0
ST_A3.50in,tsb,0.98,10,False,-1.0,0.0,2024-12-01,1.0,1.0,13831.578526616264,0.0,165978.94231939517,13200.0,12429.2990709068,0.0
ST_A3.50in,xgb,0.9,2,True,-1.0,0.0,2024-12-01,0.6148218924288765,0.6666666666666666,1397.0993200407804,771.4503399796098,35280.0,13200.0,4015.6489800611707,3340.0
ST_A3.50in,xgb,0.9,5,True,-1.0,0.0,2024-12-01,0.6148218924288765,0.6666666666666666,1397.0993200407804,771.4503399796098,63052.21223926595,13200.0,4015.6489800611707,3340.0
ST_A3.50in,xgb,0.9,10,True,-1.0,0.0,2024-12-01,0.6148218924288765,0.6666666666666666,1397.0993200407804,771.4503399796098,109339.23263804254,13200.0,4015.6489800611707,3340.0
ST_A3.50in,xgb,0.9,20,True,-1.0,0.0,2024-12-01,0.6148218924288765,0.6666666666666666,1397.0993200407804,771.4503399796098,201913.2734355957,13200.0,4015.6489800611707,3340.0
ST_A3.50in,xgb,0.9,50,True,-1.0,0.0,2024-12-01,0.6148218924288765,0.6666666666666666,1397.0993200407804,771.4503399796098,479635.3958282552,13200.0,4015.6489800611707,3340.0
ST_A3.50in,xgb,0.9,10,False,-1.0,0.0,2024-12-01,0.6144662178432474,0.6666666666666666,1390.291502007727,772.6243538963349,109398.42049165291,13200.0,3996.077057597291,3355.2465255095703
ST_A3.50in,xgb,0.95,2,True,-1.0,0.0,2024-12-01,0.7453427463993726,0.6666666666666666,2476.946594676894,406.0178017743686,39467.78637870758,13200.0,6109.262126235859,3340.0
ST_A3.50in,xgb,0.95,5,True,-1.0,0.0,2024-12-01,0.7453427463993726,0.6666666666666666,2476.946594676894,406.0178017743686,54084.42724258485,13200.0,6109.262126235859,3340.0
ST_A3.50in,xgb,0.95,10,True,-1.0,0.0,2024-12-01,0.7453427463993726,0.6666666666666666,2476.946594676894,406.0178017743686,78445.49534904696,13200.0,6109.262126235859,3340.0
ST_A3.50in,xgb,0.95,20,True,-1.0,0.0,2024-12-01,0.7453427463993726,0.6666666666666666,2476.946594676894,406.0178017743686,127167.6315619712,13200.0,6109.262126235859,3340.0
ST_A3.50in,xgb,0.95,50,True,-1.0,0.0,2024-12-01,0.7453427463993726,0.6666666666666666,2476.946594676894,406.0178017743686,273334.0402007439,13200.0,6109.262126235859,3340.0
ST_A3.50in,xgb,0.95,10,False,-1.0,0.0,2024-12-01,0.7427128410094881,0.6666666666666666,2470.3426933619776,410.4179992152164,78894.2722261697,13200.0,6091.434758955491,3339.3360351867723
ST_A3.50in,xgb,0.98,2,True,-1.0,0.0,2024-12-01,0.9518967480826847,0.6666666666666666,3761.0555696759566,70.20369899690361,46817.55561203716,13200.0,8452.518537345719,3320.0
ST_A3.50in,xgb,0.98,5,True,-1.0,0.0,2024-12-01,0.9518967480826847,0.6666666666666666,3761.0555696759566,70.20369899690361,49344.8887759257,13200.0,8452.518537345719,3320.0
ST_A3.50in,xgb,0.98,10,True,-1.0,0.0,2024-12-01,0.9518967480826847,0.6666666666666666,3761.0555696759566,70.20369899690361,53557.11071573991,13200.0,8452.518537345719,3320.0
ST_A3.50in,xgb,0.98,20,True,-1.0,0.0,2024-12-01,0.9518967480826847,0.6666666666666666,3761.0555696759566,70.20369899690361,61981.55459536835,13200.0,8452.518537345719,3320.0
ST_A3.50in,xgb,0.98,50,True,-1.0,0.0,2024-12-01,0.9518967480826847,0.6666666666666666,3761.0555696759566,70.20369899690361,87254.88623425364,13200.0,8452.518537345719,3320.0
ST_A3.50in,xgb,0.98,10,False,-1.0,0.0,2024-12-01,0.9506740258093217,0.6666666666666666,3755.6785419768407,72.86674400608103,53812.15178445182,13200.0,8449.216835242947,3321.432901567283
ST_A4-6cm,arima,0.9,2,True,-1.0,0.0,2024-12-01,1.0,1.0,14258.0415111435,0.0,171096.498133722,10000.0,14258.0415111435,0.0
ST_A4-6cm,arima,0.9,5,True,-1.0,0.0,2024-12-01,1.0,1.0,14258.0415111435,0.0,171096.498133722,10000.0,14258.0415111435,0.0
ST_A4-6cm,arima,0.9,10,True,-1.0,0.0,2024-12-01,1.0,1.0,14258.0415111435,0.0,171096.498133722,10000.0,14258.0415111435,0.0
ST_A4-6cm,arima,0.9,20,True,-1.0,0.0,2024-12-01,1.0,1.0,14258.0415111435,0.0,171096.498133722,10000.0,14258.0415111435,0.0
ST_A4-6cm,arima,0.9,50,True,-1.0,0.0,2024-12-01,1.0,1.0,14258.0415111435,0.0,171096.498133722,10000.0,14258.0415111435,0.0
ST_A4-6cm,arima,0.9,10,False,-1.0,0.0,2024-12-01,1.0,1.0,14238.158741382324,0.0,170857.9048965879,10000.0,14238.158741382322,0.0
ST_A4-6cm,arima,0.95,2,True,-1.0,0.0,2024-12-01,1.0,1.0,19857.888276930313,0.0,238294.65932316374,10000.0,19857.88827693031,0.0
ST_A4-6cm,arima,0.95,5,True,-1.0,0.0,2024-12-01,1.0,1.0,19857.888276930313,0.0,238294.65932316374,10000.0,19857.88827693031,0.0
ST_A4-6cm,arima,0.95,10,True,-1.0,0.0,2024-12-01,1.0,1.0,19857.888276930313,0.0,238294.65932316374,10000.0,19857.88827693031,0.0
ST_A4-6cm,arima,0.95,20,True,-1.0,0.0,2024-12-01,1.0,1.0,19857.888276930313,0.0,238294.65932316374,10000.0,19857.88827693031,0.0
ST_A4-6cm,arima,0.95,50,True,-1.0,0.0,2024-12-01,1.0,1.0,19857.888276930313,0.0,238294.65932316374,10000.0,19857.88827693031,0.0
ST_A4-6cm,arima,0.95,10,False,-1.0,0.0,2024-12-01,1.0,1.0,19854.856796375137,0.0,238258.28155650164,10000.0,19854.85679637514,0.0
ST_A4-6cm,arima,0.98,2,True,-1.0,0.0,2024-12-01,1.0,1.0,26190.81797099485,0.0,314289.8156519382,10000.0,26190.817970994845,0.0
ST_A4-6cm,arima,0.98,5,True,-1.0,0.0,2024-12-01,1.0,1.0,26190.81797099485,0.0,314289.8156519382,10000.0,26190.817970994845,0.0
ST_A4-6cm,arima,0.98,10,True,-1.0,0.0,2024-12-01,1.0,1.0,26190.81797099485,0.0,314289.8156519382,10000.0,26190.817970994845,0.0
ST_A4-6cm,arima,0.98,20,True,-1.0,0.0,2024-12-01,1.0,1.0,26190.81797099485,0.0,314289.8156519382,10000.0,26190.817970994845,0.0
ST_A4-6cm,arima,0.98,50,True,-1.0,0.0,2024-12-01,1.0,1.0,26190.81797099485,0.0,314289.8156519382,10000.0,26190.817970994845,0.0
ST_A4-6cm,arima,0.98,10,False,-1.0,0.0,2024-12-01,1.0,1.0,26174.99487752313,0.0,314099.9385302776,10000.0,26174.99487752313,0.0
ST_A4-6cm,croston,0.9,2,True,-1.0,0.0,2024-12-01,1.0,1.0,11854.333333333334,0.0,142252.0,10000.0,14136.0,0.0
ST_A4-6cm,croston,0.9,5,True,-1.0,0.0,2024-12-01,1.0,1.0,11854.333333333334,0.0,142252.0,10000.0,14136.0,0.0
ST_A4-6cm,croston,0.9,10,True,-1.0,0.0,2024-12-01,1.0,1.0,11854.333333333334,0.0,142252.0,10000.0,14136.0,0.0
ST_A4-6cm,croston,0.9,20,True,-1.0,0.0,2024-12-01,1.0,1.0,11854.333333333334,0.0,142252.0,10000.0,14136.0,0.0
ST_A4-6cm,croston,0.9,50,True,-1.0,0.0,2024-12-01,1.0,1.0,11854.333333333334,0.0,142252.0,10000.0,14136.0,0.0
ST_A4-6cm,croston,0.9,10,False,-1.0,0.0,2024-12-01,1.0,1.0,11847.675200060536,0.0,142172.10240072644,10000.0,14133.09752393419,0.0
ST_A4-6cm,croston,0.95,2,True,-1.0,0.0,2024-12-01,1.0,1.0,14424.0,0.0,173088.0,10000.0,16229.0,0.0
ST_A4-6cm,croston,0.95,5,True,-1.0,0.0,2024-12-01,1.0,1.0,14424.0,0.0,173088.0,10000.0,16229.0,0.0
ST_A4-6cm,croston,0.95,10,True,-1.0,0.0,2024-12-01,1.0,1.0,14424.0,0.0,173088.0,10000.0,16229.0,0.0
ST_A4-6cm,croston,0.95,20,True,-1.0,0.0,2024-12-01,1.0,1.0,14424.0,0.0,173088.0,10000.0,16229.0,0.0
ST_A4-6cm,croston,0.95,50,True,-1.0,0.0,2024-12-01,1.0,1.0,14424.0,0.0,173088.0,10000.0,16229.0,0.0
ST_A4-6cm,croston,0.95,10,False,-1.0,0.0,2024-12-01,1.0,1.0,14415.634671007201,0.0,172987.6160520864,10000.0,16226.681580111395,0.0
ST_A4-6cm,croston,0.98,2,True,-1.0,0.0,2024-12-01,1.0,1.0,17312.0,0.0,207744.0,10000.0,18597.0,0.0
ST_A4-6cm,croston,0.98,5,True,-1.0,0.0,2024-12-01,1.0,1.0,17312.0,0.0,207744.0,10000.0,18597.0,0.0
ST_A4-6cm,croston,0.98,10,True,-1.0,0.0,2024-12-01,1.0,1.0,17312.0,0.0,207744.0,10000.0,18597.0,0.0
ST_A4-6cm,croston,0.98,20,True,-1.0,0.0,2024-12-01,1.0,1.0,17312.0,0.0,207744.0,10000.0,18597.0,0.0
ST_A4-6cm,croston,0.98,50,True,-1.0,0.0,2024-12-01,1.0,1.0,17312.0,0.0,207744.0,10000.0,18597.0,0.0
ST_A4-6cm,croston,0.98,10,False,-1.0,0.0,2024-12-01,1.0,1.0,17305.207563170698,0.0,207662.49075804837,10000.0,18582.467878391722,0.0
ST_A4-6cm,hybrid,0.9,2,True,-1.0,0.0,2024-12-01,1.0,1.0,6931.866507682385,0.0,83182.39809218863,10000.0,11618.533174349051,0.0
ST_A4-6cm,hybrid,0.9,5,True,-1.0,0.0,2024-12-01,1.0,1.0,6931.866507682385,0.0,83182.39809218863,10000.0,11618.533174349051,0.0
ST_A4-6cm,hybrid,0.9,10,True,-1.0,0.0,2024-12-01,1.0,1.0,6931.866507682385,0.0,83182.39809218863,10000.0,11618.533174349051,0.0
ST_A4-6cm,hybrid,0.9,20,True,-1.0,0.0,2024-12-01,1.0,1.0,6931.866507682385,0.0,83182.39809218863,10000.0,11618.533174349051,0.0
ST_A4-6cm,hybrid,0.9,50,True,-1.0,0.0,2024-12-01,1.0,1.0,6931.866507682385,0.0,83182.39809218863,10000.0,11618.533174349051,0.0
ST_A4-6cm,hybrid,0.9,10,False,-1.0,0.0,2024-12-01,1.0,1.0,6924.11030313899,0.0,83089.32363766788,10000.0,11611.20452426335,0.0
ST_A4-6cm,hybrid,0.95,2,True,-1.0,0.0,2024-12-01,1.0,1.0,9070.207648872713,0.0,108842.49178647256,10000.0,13840.20764887271,0.0
ST_A4-6cm,hybrid,0.95,5,True,-1.0,0.0,2024-12-01,1.0,1.0,9070.207648872713,0.0,108842.49178647256,10000.0,13840.20764887271,0.0
ST_A4-6cm,hybrid,0.95,10,True,-1.0,0.0,2024-12-01,1.0,1.0,9070.207648872713,0.0,108842.49178647256,10000.0,13840.20764887271,0.0
ST_A4-6cm,hybrid,0.95,20,True,-1.0,0.0,2024-12-01,1.0,1.0,9070.207648872713,0.0,108842.49178647256,10000.0,13840.20764887271,0.0
ST_A4-6cm,hybrid,0.95,50,True,-1.0,0.0,2024-12-01,1.0,1.0,9070.207648872713,0.0,108842.49178647256,10000.0,13840.20764887271,0.0
ST_A4-6cm,hybrid,0.95,10,False,-1.0,0.0,2024-12-01,1.0,1.0,9056.5895925671,0.0,108679.07511080519,10000.0,13824.004859369757,0.0
ST_A4-6cm,hybrid,0.98,2,True,-1.0,0.0,2024-12-01,1.0,1.0,11582.226710764457,0.0,138986.72052917347,10000.0,16332.226710764457,0.0
ST_A4-6cm,hybrid,0.98,5,True,-1.0,0.0,2024-12-01,1.0,1.0,11582.226710764457,0.0,138986.72052917347,10000.0,16332.226710764457,0.0
ST_A4-6cm,hybrid,0.98,10,True,-1.0,0.0,2024-12-01,1.0,1.0,11582.226710764457,0.0,138986.72052917347,10000.0,16332.226710764457,0.0
ST_A4-6cm,hybrid,0.98,20,True,-1.0,0.0,2024-12-01,1.0,1.0,11582.226710764457,0.0,138986.72052917347,10000.0,16332.226710764457,0.0
ST_A4-6cm,hybrid,0.98,50,True,-1.0,0.0,2024-12-01,1.0,1.0,11582.226710764457,0.0,138986.72052917347,10000.0,16332.226710764457,0.0
ST_A4-6cm,hybrid,0.98,10,False,-1.0,0.0,2024-12-01,1.0,1.0,11564.92702723546,0.0,138779.12432682552,10000.0,16313.938184422053,0.0
ST_A4-6cm,mitra,0.9,2,True,-1.0,0.0,2024-12-01,0.827,0.8333333333333334,6044.166666666667,279.1666666666667,79230.0,10000.0,10330.0,0.0
ST_A4-6cm,mitra,0.9,5,True,-1.0,0.0,2024-12-01,0.827,0.8333333333333334,6044.166666666667,279.1666666666667,89280.0,10000.0,10330.0,0.0
ST_A4-6cm,mitra,0.9,10,True,-1.0,0.0,2024-12-01,0.827,0.8333333333333334,6044.166666666667,279.1666666666667,106030.0,10000.0,10330.0,0.0
ST_A4-6cm,mitra,0.9,20,True,-1.0,0.0,2024-12-01,0.827,0.8333333333333334,6044.166666666667,279.1666666666667,139530.0,10000.0,10330.0,0.0
ST_A4-6cm,mitra,0.9,50,True,-1.0,0.0,2024-12-01,0.827,0.8333333333333334,6044.166666666667,279.1666666666667,240030.0,10000.0,10330.0,0.0
ST_A4-6cm,mitra,0.9,10,False,-1.0,0.0,2024-12-01,0.8253733939206324,0.8333333333333334,6038.238519313351,282.7332249971685,106386.84923142043,10000.0,10322.993685284426,0.0
ST_A4-6cm,mitra,0.95,2,True,-1.0,0.0,2024-12-01,1.0,1.0,7963.541666666667,0.0,95562.5,10000.0,12546.875,0.0
ST_A4-6cm,mitra,0.95,5,True,-1.0,0.0,2024-12-01,1.0,1.0,7963.541666666667,0.0,95562.5,10000.0,12546.875,0.0
ST_A4-6cm,mitra,0.95,10,True,-1.0,0.0,2024-12-01,1.0,1.0,7963.541666666667,0.0,95562.5,10000.0,12546.875,0.0
ST_A4-6cm,mitra,0.95,20,True,-1.0,0.0,2024-12-01,1.0,1.0,7963.541666666667,0.0,95562.5,10000.0,12546.875,0.0
ST_A4-6cm,mitra,0.95,50,True,-1.0,0.0,2024-12-01,1.0,1.0,7963.541666666667,0.0,95562.5,10000.0,12546.875,0.0
ST_A4-6cm,mitra,0.95,10,False,-1.0,0.0,2024-12-01,1.0,1.0,7953.987717400662,0.0,95447.85260880795,10000.0,12540.607297849838,0.0
ST_A4-6cm,mitra,0.98,2,True,-1.0,0.0,2024-12-01,1.0,1.0,10433.54166666667,0.0,125202.50000000003,10000.0,15038.541666666668,0.0
ST_A4-6cm,mitra,0.98,5,True,-1.0,0.0,2024-12-01,1.0,1.0,10433.54166666667,0.0,125202.50000000003,10000.0,15038.541666666668,0.0
ST_A4-6cm,mitra,0.98,10,True,-1.0,0.0,2024-12-01,1.0,1.0,10433.54166666667,0.0,125202.50000000003,10000.0,15038.541666666668,0.0
ST_A4-6cm,mitra,0.98,20,True,-1.0,0.0,2024-12-01,1.0,1.0,10433.54166666667,0.0,125202.50000000003,10000.0,15038.541666666668,0.0
ST_A4-6cm,mitra,0.98,50,True,-1.0,0.0,2024-12-01,1.0,1.0,10433.54166666667,0.0,125202.50000000003,10000.0,15038.541666666668,0.0
ST_A4-6cm,mitra,0.98,10,False,-1.0,0.0,2024-12-01,1.0,1.0,10427.809942990903,0.0,125133.71931589085,10000.0,15035.956719310725,0.0
ST_A4-6cm,naive,0.9,2,True,-1.0,0.0,2024-12-01,1.0,1.0,16113.333333333334,0.0,193360.0,10000.0,20280.0,0.0
ST_A4-6cm,naive,0.9,5,True,-1.0,0.0,2024-12-01,1.0,1.0,16113.333333333334,0.0,193360.0,10000.0,20280.0,0.0
ST_A4-6cm,naive,0.9,10,True,-1.0,0.0,2024-12-01,1.0,1.0,16113.333333333334,0.0,193360.0,10000.0,20280.0,0.0
ST_A4-6cm,naive,0.9,20,True,-1.0,0.0,2024-12-01,1.0,1.0,16113.333333333334,0.0,193360.0,10000.0,20280.0,0.0
ST_A4-6cm,naive,0.9,50,True,-1.0,0.0,2024-12-01,1.0,1.0,16113.333333333334,0.0,193360.0,10000.0,20280.0,0.0
ST_A4-6cm,naive,0.9,10,False,-1.0,0.0,2024-12-01,1.0,1.0,16097.208579692307,0.0,193166.5029563077,10000.0,20263.875246358974,0.0
ST_A4-6cm,naive,0.95,2,True,-1.0,0.0,2024-12-01,1.0,1.0,21853.333333333332,0.0,262240.0,10000.0,26020.0,0.0
ST_A4-6cm,naive,0.95,5,True,-1.0,0.0,2024-12-01,1.0,1.0,21853.333333333332,0.0,262240.0,10000.0,26020.0,0.0
ST_A4-6cm,naive,0.95,10,True,-1.0,0.0,2024-12-01,1.0,1.0,21853.333333333332,0.0,262240.0,10000.0,26020.0,0.0
ST_A4-6cm,naive,0.95,20,True,-1.0,0.0,2024-12-01,1.0,1.0,21853.333333333332,0.0,262240.0,10000.0,26020.0,0.0
ST_A4-6cm,naive,0.95,50,True,-1.0,0.0,2024-12-01,1.0,1.0,21853.333333333332,0.0,262240.0,10000.0,26020.0,0.0
ST_A4-6cm,naive,0.95,10,False,-1.0,0.0,2024-12-01,1.0,1.0,21841.48594938817,0.0,262097.83139265803,10000.0,26008.152616054835,0.0
ST_A4-6cm,naive,0.98,2,True,-1.0,0.0,2024-12-01,1.0,1.0,28313.333333333332,0.0,339760.0,10000.0,32480.0,0.0
ST_A4-6cm,naive,0.98,5,True,-1.0,0.0,2024-12-01,1.0,1.0,28313.333333333332,0.0,339760.0,10000.0,32480.0,0.0
ST_A4-6cm,naive,0.98,10,True,-1.0,0.0,2024-12-01,1.0,1.0,28313.333333333332,0.0,339760.0,10000.0,32480.0,0.0
ST_A4-6cm,naive,0.98,20,True,-1.0,0.0,2024-12-01,1.0,1.0,28313.333333333332,0.0,339760.0,10000.0,32480.0,0.0
ST_A4-6cm,naive,0.98,50,True,-1.0,0.0,2024-12-01,1.0,1.0,28313.333333333332,0.0,339760.0,10000.0,32480.0,0.0
ST_A4-6cm,naive,0.98,10,False,-1.0,0.0,2024-12-01,1.0,1.0,28305.18148677234,0.0,339662.1778412681,10000.0,32471.848153439005,0.0
ST_A4-6cm,rf,0.9,2,True,-1.0,0.0,2024-12-01,1.0,1.0,10468.052893380494,0.0,125616.63472056593,10000.0,13931.386226713825,0.0
ST_A4-6cm,rf,0.9,5,True,-1.0,0.0,2024-12-01,1.0,1.0,10468.052893380494,0.0,125616.63472056593,10000.0,13931.386226713825,0.0
ST_A4-6cm,rf,0.9,10,True,-1.0,0.0,2024-12-01,1.0,1.0,10468.052893380494,0.0,125616.63472056593,10000.0,13931.386226713825,0.0
ST_A4-6cm,rf,0.9,20,True,-1.0,0.0,2024-12-01,1.0,1.0,10468.052893380494,0.0,125616.63472056593,10000.0,13931.386226713825,0.0
ST_A4-6cm,rf,0.9,50,True,-1.0,0.0,2024-12-01,1.0,1.0,10468.052893380494,0.0,125616.63472056593,10000.0,13931.386226713825,0.0
ST_A4-6cm,rf,0.9,10,False,-1.0,0.0,2024-12-01,1.0,1.0,10460.97465966259,0.0,125531.69591595107,10000.0,13925.84614350713,0.0
ST_A4-6cm,rf,0.95,2,True,-1.0,0.0,2024-12-01,1.0,1.0,12710.996563921328,0.0,152531.95876705594,10000.0,16365.996563921326,0.0
ST_A4-6cm,rf,0.95,5,True,-1.0,0.0,2024-12-01,1.0,1.0,12710.996563921328,0.0,152531.95876705594,10000.0,16365.996563921326,0.0
ST_A4-6cm,rf,0.95,10,True,-1.0,0.0,2024-12-01,1.0,1.0,12710.996563921328,0.0,152531.95876705594,10000.0,16365.996563921326,0.0
ST_A4-6cm,rf,0.95,20,True,-1.0,0.0,2024-12-01,1.0,1.0,12710.996563921328,0.0,152531.95876705594,10000.0,16365.996563921326,0.0
ST_A4-6cm,rf,0.95,50,True,-1.0,0.0,2024-12-01,1.0,1.0,12710.996563921328,0.0,152531.95876705594,10000.0,16365.996563921326,0.0
ST_A4-6cm,rf,0.95,10,False,-1.0,0.0,2024-12-01,1.0,1.0,12698.26399124453,0.0,152379.16789493436,10000.0,16353.602402820596,0.0
ST_A4-6cm,rf,0.98,2,True,-1.0,0.0,2024-12-01,1.0,1.0,15224.989698659629,0.0,182699.87638391554,10000.0,19089.98969865963,0.0
ST_A4-6cm,rf,0.98,5,True,-1.0,0.0,2024-12-01,1.0,1.0,15224.989698659629,0.0,182699.87638391554,10000.0,19089.98969865963,0.0
ST_A4-6cm,rf,0.98,10,True,-1.0,0.0,2024-12-01,1.0,1.0,15224.989698659629,0.0,182699.87638391554,10000.0,19089.98969865963,0.0
ST_A4-6cm,rf,0.98,20,True,-1.0,0.0,2024-12-01,1.0,1.0,15224.989698659629,0.0,182699.87638391554,10000.0,19089.98969865963,0.0
ST_A4-6cm,rf,0.98,50,True,-1.0,0.0,2024-12-01,1.0,1.0,15224.989698659629,0.0,182699.87638391554,10000.0,19089.98969865963,0.0
ST_A4-6cm,rf,0.98,10,False,-1.0,0.0,2024-12-01,1.0,1.0,15215.75333545234,0.0,182589.04002542808,10000.0,19085.41291426388,0.0
ST_A4-6cm,sba,0.9,2,True,-1.0,0.0,2024-12-01,1.0,1.0,11123.533333333333,0.0,133482.4,10000.0,13575.2,0.0
ST_A4-6cm,sba,0.9,5,True,-1.0,0.0,2024-12-01,1.0,1.0,11123.533333333333,0.0,133482.4,10000.0,13575.2,0.0
ST_A4-6cm,sba,0.9,10,True,-1.0,0.0,2024-12-01,1.0,1.0,11123.533333333333,0.0,133482.4,10000.0,13575.2,0.0
ST_A4-6cm,sba,0.9,20,True,-1.0,0.0,2024-12-01,1.0,1.0,11123.533333333333,0.0,133482.4,10000.0,13575.2,0.0
ST_A4-6cm,sba,0.9,50,True,-1.0,0.0,2024-12-01,1.0,1.0,11123.533333333333,0.0,133482.4,10000.0,13575.2,0.0
ST_A4-6cm,sba,0.9,10,False,-1.0,0.0,2024-12-01,1.0,1.0,11112.738592560489,0.0,133352.86311072586,10000.0,13564.852602603012,0.0
ST_A4-6cm,sba,0.95,2,True,-1.0,0.0,2024-12-01,1.0,1.0,13578.216666666669,0.0,162938.60000000003,10000.0,15606.550000000003,0.0
ST_A4-6cm,sba,0.95,5,True,-1.0,0.0,2024-12-01,1.0,1.0,13578.216666666669,0.0,162938.60000000003,10000.0,15606.550000000003,0.0
ST_A4-6cm,sba,0.95,10,True,-1.0,0.0,2024-12-01,1.0,1.0,13578.216666666669,0.0,162938.60000000003,10000.0,15606.550000000003,0.0
ST_A4-6cm,sba,0.95,20,True,-1.0,0.0,2024-12-01,1.0,1.0,13578.216666666669,0.0,162938.60000000003,10000.0,15606.550000000003,0.0
ST_A4-6cm,sba,0.95,50,True,-1.0,0.0,2024-12-01,1.0,1.0,13578.216666666669,0.0,162938.60000000003,10000.0,15606.550000000003,0.0
ST_A4-6cm,sba,0.95,10,False,-1.0,0.0,2024-12-01,1.0,1.0,13570.947133112388,0.0,162851.36559734866,10000.0,15592.99304945033,0.0
ST_A4-6cm,sba,0.98,2,True,-1.0,0.0,2024-12-01,1.0,1.0,16348.483333333332,0.0,196181.8,10000.0,17890.15,0.0
ST_A4-6cm,sba,0.98,5,True,-1.0,0.0,2024-12-01,1.0,1.0,16348.483333333332,0.0,196181.8,10000.0,17890.15,0.0
ST_A4-6cm,sba,0.98,10,True,-1.0,0.0,2024-12-01,1.0,1.0,16348.483333333332,0.0,196181.8,10000.0,17890.15,0.0
ST_A4-6cm,sba,0.98,20,True,-1.0,0.0,2024-12-01,1.0,1.0,16348.483333333332,0.0,196181.8,10000.0,17890.15,0.0
ST_A4-6cm,sba,0.98,50,True,-1.0,0.0,2024-12-01,1.0,1.0,16348.483333333332,0.0,196181.8,10000.0,17890.15,0.0
ST_A4-6cm,sba,0.98,10,False,-1.0,0.0,2024-12-01,1.0,1.0,16337.023795313375,0.0,196044.2855437605,10000.0,17875.13952528623,0.0
ST_A4-6cm,ses,0.9,2,True,-1.0,0.0,2024-12-01,1.0,1.0,7015.025988742757,0.0,84180.31186491309,10000.0,11781.692655409424,0.0
ST_A4-6cm,ses,0.9,5,True,-1.0,0.0,2024-12-01,1.0,1.0,7015.025988742757,0.0,84180.31186491309,10000.0,11781.692655409424,0.0
ST_A4-6cm,ses,0.9,10,True,-1.0,0.0,2024-12-01,1.0,1.0,7015.025988742757,0.0,84180.31186491309,10000.0,11781.692655409424,0.0
ST_A4-6cm,ses,0.9,20,True,-1.0,0.0,2024-12-01,1.0,1.0,7015.025988742757,0.0,84180.31186491309,10000.0,11781.692655409424,0.0
ST_A4-6cm,ses,0.9,50,True,-1.0,0.0,2024-12-01,1.0,1.0,7015.025988742757,0.0,84180.31186491309,10000.0,11781.692655409424,0.0
ST_A4-6cm,ses,0.9,10,False,-1.0,0.0,2024-12-01,1.0,1.0,7004.54084517547,0.0,84054.49014210564,10000.0,11775.05431961221,0.0
ST_A4-6cm,ses,0.95,2,True,-1.0,0.0,2024-12-01,1.0,1.0,9123.051736297248,0.0,109476.62083556698,10000.0,13898.05173629725,0.0
ST_A4-6cm,ses,0.95,5,True,-1.0,0.0,2024-12-01,1.0,1.0,9123.051736297248,0.0,109476.62083556698,10000.0,13898.05173629725,0.0
ST_A4-6cm,ses,0.95,10,True,-1.0,0.0,2024-12-01,1.0,1.0,9123.051736297248,0.0,109476.62083556698,10000.0,13898.05173629725,0.0
ST_A4-6cm,ses,0.95,20,True,-1.0,0.0,2024-12-01,1.0,1.0,9123.051736297248,0.0,109476.62083556698,10000.0,13898.05173629725,0.0
ST_A4-6cm,ses,0.95,50,True,-1.0,0.0,2024-12-01,1.0,1.0,9123.051736297248,0.0,109476.62083556698,10000.0,13898.05173629725,0.0
ST_A4-6cm,ses,0.95,10,False,-1.0,0.0,2024-12-01,1.0,1.0,9109.604676124995,0.0,109315.25611349993,10000.0,13887.506029538037,0.0
ST_A4-6cm,ses,0.98,2,True,-1.0,0.0,2024-12-01,1.0,1.0,11488.309353327095,0.0,137859.71223992514,10000.0,16271.642686660429,0.0
ST_A4-6cm,ses,0.98,5,True,-1.0,0.0,2024-12-01,1.0,1.0,11488.309353327095,0.0,137859.71223992514,10000.0,16271.642686660429,0.0
ST_A4-6cm,ses,0.98,10,True,-1.0,0.0,2024-12-01,1.0,1.0,11488.309353327095,0.0,137859.71223992514,10000.0,16271.642686660429,0.0
ST_A4-6cm,ses,0.98,20,True,-1.0,0.0,2024-12-01,1.0,1.0,11488.309353327095,0.0,137859.71223992514,10000.0,16271.642686660429,0.0
ST_A4-6cm,ses,0.98,50,True,-1.0,0.0,2024-12-01,1.0,1.0,11488.309353327095,0.0,137859.71223992514,10000.0,16271.642686660429,0.0
ST_A4-6cm,ses,0.98,10,False,-1.0,0.0,2024-12-01,1.0,1.0,11478.308485902495,0.0,137739.70183082993,10000.0,16264.522982518158,0.0
ST_A4-6cm,tsb,0.9,2,True,-1.0,0.0,2024-12-01,1.0,1.0,8808.005794468272,0.0,105696.06953361927,10000.0,14166.339127801606,0.0
ST_A4-6cm,tsb,0.9,5,True,-1.0,0.0,2024-12-01,1.0,1.0,8808.005794468272,0.0,105696.06953361927,10000.0,14166.339127801606,0.0
ST_A4-6cm,tsb,0.9,10,True,-1.0,0.0,2024-12-01,1.0,1.0,8808.005794468272,0.0,105696.06953361927,10000.0,14166.339127801606,0.0
ST_A4-6cm,tsb,0.9,20,True,-1.0,0.0,2024-12-01,1.0,1.0,8808.005794468272,0.0,105696.06953361927,10000.0,14166.339127801606,0.0
ST_A4-6cm,tsb,0.9,50,True,-1.0,0.0,2024-12-01,1.0,1.0,8808.005794468272,0.0,105696.06953361927,10000.0,14166.339127801606,0.0
ST_A4-6cm,tsb,0.9,10,False,-1.0,0.0,2024-12-01,1.0,1.0,8795.701721140267,0.0,105548.4206536832,10000.0,14157.61119251427,0.0
ST_A4-6cm,tsb,0.95,2,True,-1.0,0.0,2024-12-01,1.0,1.0,11098.43154091601,0.0,133181.1784909921,10000.0,16490.098207582676,0.0
ST_A4-6cm,tsb,0.95,5,True,-1.0,0.0,2024-12-01,1.0,1.0,11098.43154091601,0.0,133181.1784909921,10000.0,16490.098207582676,0.0
ST_A4-6cm,tsb,0.95,10,True,-1.0,0.0,2024-12-01,1.0,1.0,11098.43154091601,0.0,133181.1784909921,10000.0,16490.098207582676,0.0
ST_A4-6cm,tsb,0.95,20,True,-1.0,0.0,2024-12-01,1.0,1.0,11098.43154091601,0.0,133181.1784909921,10000.0,16490.098207582676,0.0
ST_A4-6cm,tsb,0.95,50,True,-1.0,0.0,2024-12-01,1.0,1.0,11098.43154091601,0.0,133181.1784909921,10000.0,16490.098207582676,0.0
ST_A4-6cm,tsb,0.95,10,False,-1.0,0.0,2024-12-01,1.0,1.0,11096.282919190591,0.0,133155.3950302871,10000.0,16489.307190250933,0.0
ST_A4-6cm,tsb,0.98,2,True,-1.0,0.0,2024-12-01,1.0,1.0,13691.98703723998,0.0,164303.84444687975,10000.0,19116.987037239982,0.0
ST_A4-6cm,tsb,0.98,5,True,-1.0,0.0,2024-12-01,1.0,1.0,13691.98703723998,0.0,164303.84444687975,10000.0,19116.987037239982,0.0
ST_A4-6cm,tsb,0.98,10,True,-1.0,0.0,2024-12-01,1.0,1.0,13691.98703723998,0.0,164303.84444687975,10000.0,19116.987037239982,0.0
ST_A4-6cm,tsb,0.98,20,True,-1.0,0.0,2024-12-01,1.0,1.0,13691.98703723998,0.0,164303.84444687975,10000.0,19116.987037239982,0.0
ST_A4-6cm,tsb,0.98,50,True,-1.0,0.0,2024-12-01,1.0,1.0,13691.98703723998,0.0,164303.84444687975,10000.0,19116.987037239982,0.0
ST_A4-6cm,tsb,0.98,10,False,-1.0,0.0,2024-12-01,1.0,1.0,13684.990856881132,0.0,164219.8902825736,10000.0,19113.02677151916,0.0
ST_A4-6cm,xgb,0.9,2,True,-1.0,0.0,2024-12-01,0.8341674741789203,0.8333333333333334,4842.643599377036,690.9688575878317,74694.97577463239,10000.0,8301.674741789204,0.0
ST_A4-6cm,xgb,0.9,5,True,-1.0,0.0,2024-12-01,0.8341674741789203,0.8333333333333334,4842.643599377036,690.9688575878317,99569.85464779433,10000.0,8301.674741789204,0.0
ST_A4-6cm,xgb,0.9,10,True,-1.0,0.0,2024-12-01,0.8341674741789203,0.8333333333333334,4842.643599377036,690.9688575878317,141027.98610306424,10000.0,8301.674741789204,0.0
ST_A4-6cm,xgb,0.9,20,True,-1.0,0.0,2024-12-01,0.8341674741789203,0.8333333333333334,4842.643599377036,690.9688575878317,223944.24901360404,10000.0,8301.674741789204,0.0
ST_A4-6cm,xgb,0.9,50,True,-1.0,0.0,2024-12-01,0.8341674741789203,0.8333333333333334,4842.643599377036,690.9688575878317,472693.0377452235,10000.0,8301.674741789204,0.0
ST_A4-6cm,xgb,0.9,10,False,-1.0,0.0,2024-12-01,0.8332923588870637,0.8333333333333334,4833.157476496428,694.6151713039012,141351.71027442528,10000.0,8285.412816851018,0.0
ST_A4-6cm,xgb,0.95,2,True,-1.0,0.0,2024-12-01,1.0,1.0,6492.107199426716,0.0,77905.2863931206,10000.0,10642.107199426717,0.0
ST_A4-6cm,xgb,0.95,5,True,-1.0,0.0,2024-12-01,1.0,1.0,6492.107199426716,0.0,77905.2863931206,10000.0,10642.107199426717,0.0
ST_A4-6cm,xgb,0.95,10,True,-1.0,0.0,2024-12-01,1.0,1.0,6492.107199426716,0.0,77905.2863931206,10000.0,10642.107199426717,0.0
ST_A4-6cm,xgb,0.95,20,True,-1.0,0.0,2024-12-01,1.0,1.0,6492.107199426716,0.0,77905.2863931206,10000.0,10642.107199426717,0.0
ST_A4-6cm,xgb,0.95,50,True,-1.0,0.0,2024-12-01,1.0,1.0,6492.107199426716,0.0,77905.2863931206,10000.0,10642.107199426717,0.0
ST_A4-6cm,xgb,0.95,10,False,-1.0,0.0,2024-12-01,1.0,1.0,6481.102921609269,0.0,77773.23505931124,10000.0,10626.332909527895,0.0
ST_A4-6cm,xgb,0.98,2,True,-1.0,0.0,2024-12-01,1.0,1.0,9120.927151758713,0.0,109451.12582110455,10000.0,13262.593818425381,0.0
ST_A4-6cm,xgb,0.98,5,True,-1.0,0.0,2024-12-01,1.0,1.0,9120.927151758713,0.0,109451.12582110455,10000.0,13262.593818425381,0.0
ST_A4-6cm,xgb,0.98,10,True,-1.0,0.0,2024-12-01,1.0,1.0,9120.927151758713,0.0,109451.12582110455,10000.0,13262.593818425381,0.0
ST_A4-6cm,xgb,0.98,20,True,-1.0,0.0,2024-12-01,1.0,1.0,9120.927151758713,0.0,109451.12582110455,10000.0,13262.593818425381,0.0
ST_A4-6cm,xgb,0.98,50,True,-1.0,0.0,2024-12-01,1.0,1.0,9120.927151758713,0.0,109451.12582110455,10000.0,13262.593818425381,0.0
ST_A4-6cm,xgb,0.98,10,False,-1.0,0.0,2024-12-01,1.0,1.0,9117.04781561193,0.0,109404.57378734315,10000.0,13260.431819206695,0.0
ST_Reg3-4cm,arima,0.9,2,True,-1.0,0.0,2024-12-01,,1.0,10867.75729851476,0.0,130413.08758217712,0.0,10867.757298514762,0.0
ST_Reg3-4cm,arima,0.9,5,True,-1.0,0.0,2024-12-01,,1.0,10867.75729851476,0.0,130413.08758217712,0.0,10867.757298514762,0.0
ST_Reg3-4cm,arima,0.9,10,True,-1.0,0.0,2024-12-01,,1.0,10867.75729851476,0.0,130413.08758217712,0.0,10867.757298514762,0.0
ST_Reg3-4cm,arima,0.9,20,True,-1.0,0.0,2024-12-01,,1.0,10867.75729851476,0.0,130413.08758217712,0.0,10867.757298514762,0.0
ST_Reg3-4cm,arima,0.9,50,True,-1.0,0.0,2024-12-01,,1.0,10867.75729851476,0.0,130413.08758217712,0.0,10867.757298514762,0.0
ST_Reg3-4cm,arima,0.9,10,False,-1.0,0.0,2024-12-01,,1.0,10867.75729851476,0.0,130413.08758217712,0.0,10867.757298514762,0.0
ST_Reg3-4cm,arima,0.95,2,True,-1.0,0.0,2024-12-01,,1.0,12836.65909173149,0.0,154039.90910077788,0.0,12836.65909173149,0.0
ST_Reg3-4cm,arima,0.95,5,True,-1.0,0.0,2024-12-01,,1.0,12836.65909173149,0.0,154039.90910077788,0.0,12836.65909173149,0.0
ST_Reg3-4cm,arima,0.95,10,True,-1.0,0.0,2024-12-01,,1.0,12836.65909173149,0.0,154039.90910077788,0.0,12836.65909173149,0.0
ST_Reg3-4cm,arima,0.95,20,True,-1.0,0.0,2024-12-01,,1.0,12836.65909173149,0.0,154039.90910077788,0.0,12836.65909173149,0.0
ST_Reg3-4cm,arima,0.95,50,True,-1.0,0.0,2024-12-01,,1.0,12836.65909173149,0.0,154039.90910077788,0.0,12836.65909173149,0.0
ST_Reg3-4cm,arima,0.95,10,False,-1.0,0.0,2024-12-01,,1.0,12836.65909173149,0.0,154039.90910077788,0.0,12836.65909173149,0.0
ST_Reg3-4cm,arima,0.98,2,True,-1.0,0.0,2024-12-01,,1.0,15052.147814734513,0.0,180625.77377681417,0.0,15052.147814734513,0.0
ST_Reg3-4cm,arima,0.98,5,True,-1.0,0.0,2024-12-01,,1.0,15052.147814734513,0.0,180625.77377681417,0.0,15052.147814734513,0.0
ST_Reg3-4cm,arima,0.98,10,True,-1.0,0.0,2024-12-01,,1.0,15052.147814734513,0.0,180625.77377681417,0.0,15052.147814734513,0.0
ST_Reg3-4cm,arima,0.98,20,True,-1.0,0.0,2024-12-01,,1.0,15052.147814734513,0.0,180625.77377681417,0.0,15052.147814734513,0.0
ST_Reg3-4cm,arima,0.98,50,True,-1.0,0.0,2024-12-01,,1.0,15052.147814734513,0.0,180625.77377681417,0.0,15052.147814734513,0.0
ST_Reg3-4cm,arima,0.98,10,False,-1.0,0.0,2024-12-01,,1.0,15052.147814734513,0.0,180625.77377681417,0.0,15052.147814734513,0.0
ST_Reg3-4cm,croston,0.9,2,True,-1.0,0.0,2024-12-01,,1.0,14846.027397260275,0.0,178152.3287671233,0.0,14846.027397260275,0.0
ST_Reg3-4cm,croston,0.9,5,True,-1.0,0.0,2024-12-01,,1.0,14846.027397260275,0.0,178152.3287671233,0.0,14846.027397260275,0.0
ST_Reg3-4cm,croston,0.9,10,True,-1.0,0.0,2024-12-01,,1.0,14846.027397260275,0.0,178152.3287671233,0.0,14846.027397260275,0.0
ST_Reg3-4cm,croston,0.9,20,True,-1.0,0.0,2024-12-01,,1.0,14846.027397260275,0.0,178152.3287671233,0.0,14846.027397260275,0.0
ST_Reg3-4cm,croston,0.9,50,True,-1.0,0.0,2024-12-01,,1.0,14846.027397260275,0.0,178152.3287671233,0.0,14846.027397260275,0.0
ST_Reg3-4cm,croston,0.9,10,False,-1.0,0.0,2024-12-01,,1.0,14846.027397260275,0.0,178152.3287671233,0.0,14846.027397260275,0.0
ST_Reg3-4cm,croston,0.95,2,True,-1.0,0.0,2024-12-01,,1.0,17209.965753424654,0.0,206519.58904109587,0.0,17209.965753424658,0.0
ST_Reg3-4cm,croston,0.95,5,True,-1.0,0.0,2024-12-01,,1.0,17209.965753424654,0.0,206519.58904109587,0.0,17209.965753424658,0.0
ST_Reg3-4cm,croston,0.95,10,True,-1.0,0.0,2024-12-01,,1.0,17209.965753424654,0.0,206519.58904109587,0.0,17209.965753424658,0.0
ST_Reg3-4cm,croston,0.95,20,True,-1.0,0.0,2024-12-01,,1.0,17209.965753424654,0.0,206519.58904109587,0.0,17209.965753424658,0.0
ST_Reg3-4cm,croston,0.95,50,True,-1.0,0.0,2024-12-01,,1.0,17209.965753424654,0.0,206519.58904109587,0.0,17209.965753424658,0.0
ST_Reg3-4cm,croston,0.95,10,False,-1.0,0.0,2024-12-01,,1.0,17209.965753424654,0.0,206519.58904109587,0.0,17209.965753424658,0.0
ST_Reg3-4cm,croston,0.98,2,True,-1.0,0.0,2024-12-01,,1.0,19869.965753424654,0.0,238439.58904109587,0.0,19869.965753424658,0.0
ST_Reg3-4cm,croston,0.98,5,True,-1.0,0.0,2024-12-01,,1.0,19869.965753424654,0.0,238439.58904109587,0.0,19869.965753424658,0.0
ST_Reg3-4cm,croston,0.98,10,True,-1.0,0.0,2024-12-01,,1.0,19869.965753424654,0.0,238439.58904109587,0.0,19869.965753424658,0.0
ST_Reg3-4cm,croston,0.98,20,True,-1.0,0.0,2024-12-01,,1.0,19869.965753424654,0.0,238439.58904109587,0.0,19869.965753424658,0.0
ST_Reg3-4cm,croston,0.98,50,True,-1.0,0.0,2024-12-01,,1.0,19869.965753424654,0.0,238439.58904109587,0.0,19869.965753424658,0.0
ST_Reg3-4cm,croston,0.98,10,False,-1.0,0.0,2024-12-01,,1.0,19869.965753424654,0.0,238439.58904109587,0.0,19869.965753424658,0.0
ST_Reg3-4cm,hybrid,0.9,2,True,-1.0,0.0,2024-12-01,,1.0,7661.1851011090175,0.0,91934.2212133082,0.0,7661.1851011090175,0.0
ST_Reg3-4cm,hybrid,0.9,5,True,-1.0,0.0,2024-12-01,,1.0,7661.1851011090175,0.0,91934.2212133082,0.0,7661.1851011090175,0.0
ST_Reg3-4cm,hybrid,0.9,10,True,-1.0,0.0,2024-12-01,,1.0,7661.1851011090175,0.0,91934.2212133082,0.0,7661.1851011090175,0.0
ST_Reg3-4cm,hybrid,0.9,20,True,-1.0,0.0,2024-12-01,,1.0,7661.1851011090175,0.0,91934.2212133082,0.0,7661.1851011090175,0.0
ST_Reg3-4cm,hybrid,0.9,50,True,-1.0,0.0,2024-12-01,,1.0,7661.1851011090175,0.0,91934.2212133082,0.0,7661.1851011090175,0.0
ST_Reg3-4cm,hybrid,0.9,10,False,-1.0,0.0,2024-12-01,,1.0,7661.1851011090175,0.0,91934.2212133082,0.0,7661.1851011090175,0.0
ST_Reg3-4cm,hybrid,0.95,2,True,-1.0,0.0,2024-12-01,,1.0,9658.500253544056,0.0,115902.00304252867,0.0,9658.500253544054,0.0
ST_Reg3-4cm,hybrid,0.95,5,True,-1.0,0.0,2024-12-01,,1.0,9658.500253544056,0.0,115902.00304252867,0.0,9658.500253544054,0.0
ST_Reg3-4cm,hybrid,0.95,10,True,-1.0,0.0,2024-12-01,,1.0,9658.500253544056,0.0,115902.00304252867,0.0,9658.500253544054,0.0
ST_Reg3-4cm,hybrid,0.95,20,True,-1.0,0.0,2024-12-01,,1.0,9658.500253544056,0.0,115902.00304252867,0.0,9658.500253544054,0.0
ST_Reg3-4cm,hybrid,0.95,50,True,-1.0,0.0,2024-12-01,,1.0,9658.500253544056,0.0,115902.00304252867,0.0,9658.500253544054,0.0
ST_Reg3-4cm,hybrid,0.95,10,False,-1.0,0.0,2024-12-01,,1.0,9658.500253544056,0.0,115902.00304252867,0.0,9658.500253544054,0.0
ST_Reg3-4cm,hybrid,0.98,2,True,-1.0,0.0,2024-12-01,,1.0,11905.960848962286,0.0,142871.53018754744,0.0,11905.960848962286,0.0
ST_Reg3-4cm,hybrid,0.98,5,True,-1.0,0.0,2024-12-01,,1.0,11905.960848962286,0.0,142871.53018754744,0.0,11905.960848962286,0.0
ST_Reg3-4cm,hybrid,0.98,10,True,-1.0,0.0,2024-12-01,,1.0,11905.960848962286,0.0,142871.53018754744,0.0,11905.960848962286,0.0
ST_Reg3-4cm,hybrid,0.98,20,True,-1.0,0.0,2024-12-01,,1.0,11905.960848962286,0.0,142871.53018754744,0.0,11905.960848962286,0.0
ST_Reg3-4cm,hybrid,0.98,50,True,-1.0,0.0,2024-12-01,,1.0,11905.960848962286,0.0,142871.53018754744,0.0,11905.960848962286,0.0
ST_Reg3-4cm,hybrid,0.98,10,False,-1.0,0.0,2024-12-01,,1.0,11905.960848962286,0.0,142871.53018754744,0.0,11905.960848962286,0.0
ST_Reg3-4cm,mitra,0.9,2,True,-1.0,0.0,2024-12-01,,1.0,2670.0000000000005,0.0,32040.000000000004,0.0,2670.0000000000005,0.0
ST_Reg3-4cm,mitra,0.9,5,True,-1.0,0.0,2024-12-01,,1.0,2670.0000000000005,0.0,32040.000000000004,0.0,2670.0000000000005,0.0
ST_Reg3-4cm,mitra,0.9,10,True,-1.0,0.0,2024-12-01,,1.0,2670.0000000000005,0.0,32040.000000000004,0.0,2670.0000000000005,0.0
ST_Reg3-4cm,mitra,0.9,20,True,-1.0,0.0,2024-12-01,,1.0,2670.0000000000005,0.0,32040.000000000004,0.0,2670.0000000000005,0.0
ST_Reg3-4cm,mitra,0.9,50,True,-1.0,0.0,2024-12-01,,1.0,2670.0000000000005,0.0,32040.000000000004,0.0,2670.0000000000005,0.0
ST_Reg3-4cm,mitra,0.9,10,False,-1.0,0.0,2024-12-01,,1.0,2670.0000000000005,0.0,32040.000000000004,0.0,2670.0000000000005,0.0
ST_Reg3-4cm,mitra,0.95,2,True,-1.0,0.0,2024-12-01,,1.0,3426.8750000000005,0.0,41122.50000000001,0.0,3426.8750000000005,0.0
ST_Reg3-4cm,mitra,0.95,5,True,-1.0,0.0,2024-12-01,,1.0,3426.8750000000005,0.0,41122.50000000001,0.0,3426.8750000000005,0.0
ST_Reg3-4cm,mitra,0.95,10,True,-1.0,0.0,2024-12-01,,1.0,3426.8750000000005,0.0,41122.50000000001,0.0,3426.8750000000005,0.0
ST_Reg3-4cm,mitra,0.95,20,True,-1.0,0.0,2024-12-01,,1.0,3426.8750000000005,0.0,41122.50000000001,0.0,3426.8750000000005,0.0
ST_Reg3-4cm,mitra,0.95,50,True,-1.0,0.0,2024-12-01,,1.0,3426.8750000000005,0.0,41122.50000000001,0.0,3426.8750000000005,0.0
ST_Reg3-4cm,mitra,0.95,10,False,-1.0,0.0,2024-12-01,,1.0,3426.8750000000005,0.0,41122.50000000001,0.0,3426.8750000000005,0.0
ST_Reg3-4cm,mitra,0.98,2,True,-1.0,0.0,2024-12-01,,1.0,4278.541666666666,0.0,51342.49999999999,0.0,4278.541666666667,0.0
ST_Reg3-4cm,mitra,0.98,5,True,-1.0,0.0,2024-12-01,,1.0,4278.541666666666,0.0,51342.49999999999,0.0,4278.541666666667,0.0
ST_Reg3-4cm,mitra,0.98,10,True,-1.0,0.0,2024-12-01,,1.0,4278.541666666666,0.0,51342.49999999999,0.0,4278.541666666667,0.0
ST_Reg3-4cm,mitra,0.98,20,True,-1.0,0.0,2024-12-01,,1.0,4278.541666666666,0.0,51342.49999999999,0.0,4278.541666666667,0.0
ST_Reg3-4cm,mitra,0.98,50,True,-1.0,0.0,2024-12-01,,1.0,4278.541666666666,0.0,51342.49999999999,0.0,4278.541666666667,0.0
ST_Reg3-4cm,mitra,0.98,10,False,-1.0,0.0,2024-12-01,,1.0,4278.541666666666,0.0,51342.49999999999,0.0,4278.541666666667,0.0
ST_Reg3-4cm,naive,0.9,2,True,-1.0,0.0,2024-12-01,,1.0,0.0,0.0,0.0,0.0,0.0,0.0
ST_Reg3-4cm,naive,0.9,5,True,-1.0,0.0,2024-12-01,,1.0,0.0,0.0,0.0,0.0,0.0,0.0
ST_Reg3-4cm,naive,0.9,10,True,-1.0,0.0,2024-12-01,,1.0,0.0,0.0,0.0,0.0,0.0,0.0
ST_Reg3-4cm,naive,0.9,20,True,-1.0,0.0,2024-12-01,,1.0,0.0,0.0,0.0,0.0,0.0,0.0
ST_Reg3-4cm,naive,0.9,50,True,-1.0,0.0,2024-12-01,,1.0,0.0,0.0,0.0,0.0,0.0,0.0
ST_Reg3-4cm,naive,0.9,10,False,-1.0,0.0,2024-12-01,,1.0,0.0,0.0,0.0,0.0,0.0,0.0
ST_Reg3-4cm,naive,0.95,2,True,-1.0,0.0,2024-12-01,,1.0,0.0,0.0,0.0,0.0,0.0,0.0
ST_Reg3-4cm,naive,0.95,5,True,-1.0,0.0,2024-12-01,,1.0,0.0,0.0,0.0,0.0,0.0,0.0
ST_Reg3-4cm,naive,0.95,10,True,-1.0,0.0,2024-12-01,,1.0,0.0,0.0,0.0,0.0,0.0,0.0
ST_Reg3-4cm,naive,0.95,20,True,-1.0,0.0,2024-12-01,,1.0,0.0,0.0,0.0,0.0,0.0,0.0
ST_Reg3-4cm,naive,0.95,50,True,-1.0,0.0,2024-12-01,,1.0,0.0,0.0,0.0,0.0,0.0,0.0
ST_Reg3-4cm,naive,0.95,10,False,-1.0,0.0,2024-12-01,,1.0,0.0,0.0,0.0,0.0,0.0,0.0
ST_Reg3-4cm,naive,0.98,2,True,-1.0,0.0,2024-12-01,,1.0,0.0,0.0,0.0,0.0,0.0,0.0
ST_Reg3-4cm,naive,0.98,5,True,-1.0,0.0,2024-12-01,,1.0,0.0,0.0,0.0,0.0,0.0,0.0
ST_Reg3-4cm,naive,0.98,10,True,-1.0,0.0,2024-12-01,,1.0,0.0,0.0,0.0,0.0,0.0,0.0
ST_Reg3-4cm,naive,0.98,20,True,-1.0,0.0,2024-12-01,,1.0,0.0,0.0,0.0,0.0,0.0,0.0
ST_Reg3-4cm,naive,0.98,50,True,-1.0,0.0,2024-12-01,,1.0,0.0,0.0,0.0,0.0,0.0,0.0
ST_Reg3-4cm,naive,0.98,10,False,-1.0,0.0,2024-12-01,,1.0,0.0,0.0,0.0,0.0,0.0,0.0
ST_Reg3-4cm,rf,0.9,2,True,-1.0,0.0,2024-12-01,,1.0,9091.724193110525,0.0,109100.69031732631,0.0,9091.724193110527,0.0
ST_Reg3-4cm,rf,0.9,5,True,-1.0,0.0,2024-12-01,,1.0,9091.724193110525,0.0,109100.69031732631,0.0,9091.724193110527,0.0
ST_Reg3-4cm,rf,0.9,10,True,-1.0,0.0,2024-12-01,,1.0,9091.724193110525,0.0,109100.69031732631,0.0,9091.724193110527,0.0
ST_Reg3-4cm,rf,0.9,20,True,-1.0,0.0,2024-12-01,,1.0,9091.724193110525,0.0,109100.69031732631,0.0,9091.724193110527,0.0
ST_Reg3-4cm,rf,0.9,50,True,-1.0,0.0,2024-12-01,,1.0,9091.724193110525,0.0,109100.69031732631,0.0,9091.724193110527,0.0
ST_Reg3-4cm,rf,0.9,10,False,-1.0,0.0,2024-12-01,,1.0,9091.724193110525,0.0,109100.69031732631,0.0,9091.724193110527,0.0
ST_Reg3-4cm,rf,0.95,2,True,-1.0,0.0,2024-12-01,,1.0,10823.171907964657,0.0,129878.06289557589,0.0,10823.171907964657,0.0
ST_Reg3-4cm,rf,0.95,5,True,-1.0,0.0,2024-12-01,,1.0,10823.171907964657,0.0,129878.06289557589,0.0,10823.171907964657,0.0
ST_Reg3-4cm,rf,0.95,10,True,-1.0,0.0,2024-12-01,,1.0,10823.171907964657,0.0,129878.06289557589,0.0,10823.171907964657,0.0
ST_Reg3-4cm,rf,0.95,20,True,-1.0,0.0,2024-12-01,,1.0,10823.171907964657,0.0,129878.06289557589,0.0,10823.171907964657,0.0
ST_Reg3-4cm,rf,0.95,50,True,-1.0,0.0,2024-12-01,,1.0,10823.171907964657,0.0,129878.06289557589,0.0,10823.171907964657,0.0
ST_Reg3-4cm,rf,0.95,10,False,-1.0,0.0,2024-12-01,,1.0,10823.171907964657,0.0,129878.06289557589,0.0,10823.171907964657,0.0
ST_Reg3-4cm,rf,0.98,2,True,-1.0,0.0,2024-12-01,,1.0,12771.467602521136,0.0,153257.61123025362,0.0,12771.467602521136,0.0
ST_Reg3-4cm,rf,0.98,5,True,-1.0,0.0,2024-12-01,,1.0,12771.467602521136,0.0,153257.61123025362,0.0,12771.467602521136,0.0
ST_Reg3-4cm,rf,0.98,10,True,-1.0,0.0,2024-12-01,,1.0,12771.467602521136,0.0,153257.61123025362,0.0,12771.467602521136,0.0
ST_Reg3-4cm,rf,0.98,20,True,-1.0,0.0,2024-12-01,,1.0,12771.467602521136,0.0,153257.61123025362,0.0,12771.467602521136,0.0
ST_Reg3-4cm,rf,0.98,50,True,-1.0,0.0,2024-12-01,,1.0,12771.467602521136,0.0,153257.61123025362,0.0,12771.467602521136,0.0
ST_Reg3-4cm,rf,0.98,10,False,-1.0,0.0,2024-12-01,,1.0,12771.467602521136,0.0,153257.61123025362,0.0,12771.467602521136,0.0
ST_Reg3-4cm,sba,0.9,2,True,-1.0,0.0,2024-12-01,,1.0,14103.726027397262,0.0,169244.71232876714,0.0,14103.72602739726,0.0
ST_Reg3-4cm,sba,0.9,5,True,-1.0,0.0,2024-12-01,,1.0,14103.726027397262,0.0,169244.71232876714,0.0,14103.72602739726,0.0
ST_Reg3-4cm,sba,0.9,10,True,-1.0,0.0,2024-12-01,,1.0,14103.726027397262,0.0,169244.71232876714,0.0,14103.72602739726,0.0
ST_Reg3-4cm,sba,0.9,20,True,-1.0,0.0,2024-12-01,,1.0,14103.726027397262,0.0,169244.71232876714,0.0,14103.72602739726,0.0
ST_Reg3-4cm,sba,0.9,50,True,-1.0,0.0,2024-12-01,,1.0,14103.726027397262,0.0,169244.71232876714,0.0,14103.72602739726,0.0
ST_Reg3-4cm,sba,0.9,10,False,-1.0,0.0,2024-12-01,,1.0,14103.726027397262,0.0,169244.71232876714,0.0,14103.72602739726,0.0
ST_Reg3-4cm,sba,0.95,2,True,-1.0,0.0,2024-12-01,,1.0,16349.467465753427,0.0,196193.60958904112,0.0,16349.467465753425,0.0
ST_Reg3-4cm,sba,0.95,5,True,-1.0,0.0,2024-12-01,,1.0,16349.467465753427,0.0,196193.60958904112,0.0,16349.467465753425,0.0
ST_Reg3-4cm,sba,0.95,10,True,-1.0,0.0,2024-12-01,,1.0,16349.467465753427,0.0,196193.60958904112,0.0,16349.467465753425,0.0
ST_Reg3-4cm,sba,0.95,20,True,-1.0,0.0,2024-12-01,,1.0,16349.467465753427,0.0,196193.60958904112,0.0,16349.467465753425,0.0
ST_Reg3-4cm,sba,0.95,50,True,-1.0,0.0,2024-12-01,,1.0,16349.467465753427,0.0,196193.60958904112,0.0,16349.467465753425,0.0
ST_Reg3-4cm,sba,0.95,10,False,-1.0,0.0,2024-12-01,,1.0,16349.467465753427,0.0,196193.60958904112,0.0,16349.467465753425,0.0
ST_Reg3-4cm,sba,0.98,2,True,-1.0,0.0,2024-12-01,,1.0,18876.46746575343,0.0,226517.60958904115,0.0,18876.467465753427,0.0
ST_Reg3-4cm,sba,0.98,5,True,-1.0,0.0,2024-12-01,,1.0,18876.46746575343,0.0,226517.60958904115,0.0,18876.467465753427,0.0
ST_Reg3-4cm,sba,0.98,10,True,-1.0,0.0,2024-12-01,,1.0,18876.46746575343,0.0,226517.60958904115,0.0,18876.467465753427,0.0
ST_Reg3-4cm,sba,0.98,20,True,-1.0,0.0,2024-12-01,,1.0,18876.46746575343,0.0,226517.60958904115,0.0,18876.467465753427,0.0
ST_Reg3-4cm,sba,0.98,50,True,-1.0,0.0,2024-12-01,,1.0,18876.46746575343,0.0,226517.60958904115,0.0,18876.467465753427,0.0
ST_Reg3-4cm,sba,0.98,10,False,-1.0,0.0,2024-12-01,,1.0,18876.46746575343,0.0,226517.60958904115,0.0,18876.467465753427,0.0
ST_Reg3-4cm,ses,0.9,2,True,-1.0,0.0,2024-12-01,,1.0,5905.873195827205,0.0,70870.47834992646,0.0,5905.873195827206,0.0
ST_Reg3-4cm,ses,0.9,5,True,-1.0,0.0,2024-12-01,,1.0,5905.873195827205,0.0,70870.47834992646,0.0,5905.873195827206,0.0
ST_Reg3-4cm,ses,0.9,10,True,-1.0,0.0,2024-12-01,,1.0,5905.873195827205,0.0,70870.47834992646,0.0,5905.873195827206,0.0
ST_Reg3-4cm,ses,0.9,20,True,-1.0,0.0,2024-12-01,,1.0,5905.873195827205,0.0,70870.47834992646,0.0,5905.873195827206,0.0
ST_Reg3-4cm,ses,0.9,50,True,-1.0,0.0,2024-12-01,,1.0,5905.873195827205,0.0,70870.47834992646,0.0,5905.873195827206,0.0
ST_Reg3-4cm,ses,0.9,10,False,-1.0,0.0,2024-12-01,,1.0,5905.873195827205,0.0,70870.47834992646,0.0,5905.873195827206,0.0
ST_Reg3-4cm,ses,0.95,2,True,-1.0,0.0,2024-12-01,,1.0,7023.7234765169405,0.0,84284.68171820328,0.0,7023.72347651694,0.0
ST_Reg3-4cm,ses,0.95,5,True,-1.0,0.0,2024-12-01,,1.0,7023.7234765169405,0.0,84284.68171820328,0.0,7023.72347651694,0.0
ST_Reg3-4cm,ses,0.95,10,True,-1.0,0.0,2024-12-01,,1.0,7023.7234765169405,0.0,84284.68171820328,0.0,7023.72347651694,0.0
ST_Reg3-4cm,ses,0.95,20,True,-1.0,0.0,2024-12-01,,1.0,7023.7234765169405,0.0,84284.68171820328,0.0,7023.72347651694,0.0
ST_Reg3-4cm,ses,0.95,50,True,-1.0,0.0,2024-12-01,,1.0,7023.7234765169405,0.0,84284.68171820328,0.0,7023.72347651694,0.0
ST_Reg3-4cm,ses,0.95,10,False,-1.0,0.0,2024-12-01,,1.0,7023.7234765169405,0.0,84284.68171820328,0.0,7023.72347651694,0.0
ST_Reg3-4cm,ses,0.98,2,True,-1.0,0.0,2024-12-01,,1.0,8281.574274056065,0.0,99378.89128867278,0.0,8281.574274056064,0.0
ST_Reg3-4cm,ses,0.98,5,True,-1.0,0.0,2024-12-01,,1.0,8281.574274056065,0.0,99378.89128867278,0.0,8281.574274056064,0.0
ST_Reg3-4cm,ses,0.98,10,True,-1.0,0.0,2024-12-01,,1.0,8281.574274056065,0.0,99378.89128867278,0.0,8281.574274056064,0.0
ST_Reg3-4cm,ses,0.98,20,True,-1.0,0.0,2024-12-01,,1.0,8281.574274056065,0.0,99378.89128867278,0.0,8281.574274056064,0.0
ST_Reg3-4cm,ses,0.98,50,True,-1.0,0.0,2024-12-01,,1.0,8281.574274056065,0.0,99378.89128867278,0.0,8281.574274056064,0.0
ST_Reg3-4cm,ses,0.98,10,False,-1.0,0.0,2024-12-01,,1.0,8281.574274056065,0.0,99378.89128867278,0.0,8281.574274056064,0.0
ST_Reg3-4cm,tsb,0.9,2,True,-1.0,0.0,2024-12-01,,1.0,6343.761986744273,0.0,76125.14384093127,0.0,6343.761986744274,0.0
ST_Reg3-4cm,tsb,0.9,5,True,-1.0,0.0,2024-12-01,,1.0,6343.761986744273,0.0,76125.14384093127,0.0,6343.761986744274,0.0
ST_Reg3-4cm,tsb,0.9,10,True,-1.0,0.0,2024-12-01,,1.0,6343.761986744273,0.0,76125.14384093127,0.0,6343.761986744274,0.0
ST_Reg3-4cm,tsb,0.9,20,True,-1.0,0.0,2024-12-01,,1.0,6343.761986744273,0.0,76125.14384093127,0.0,6343.761986744274,0.0
ST_Reg3-4cm,tsb,0.9,50,True,-1.0,0.0,2024-12-01,,1.0,6343.761986744273,0.0,76125.14384093127,0.0,6343.761986744274,0.0
ST_Reg3-4cm,tsb,0.9,10,False,-1.0,0.0,2024-12-01,,1.0,6343.761986744273,0.0,76125.14384093127,0.0,6343.761986744274,0.0
ST_Reg3-4cm,tsb,0.95,2,True,-1.0,0.0,2024-12-01,,1.0,7725.988141489618,0.0,92711.85769787541,0.0,7725.988141489615,0.0
ST_Reg3-4cm,tsb,0.95,5,True,-1.0,0.0,2024-12-01,,1.0,7725.988141489618,0.0,92711.85769787541,0.0,7725.988141489615,0.0
ST_Reg3-4cm,tsb,0.95,10,True,-1.0,0.0,2024-12-01,,1.0,7725.988141489618,0.0,92711.85769787541,0.0,7725.988141489615,0.0
ST_Reg3-4cm,tsb,0.95,20,True,-1.0,0.0,2024-12-01,,1.0,7725.988141489618,0.0,92711.85769787541,0.0,7725.988141489615,0.0
ST_Reg3-4cm,tsb,0.95,50,True,-1.0,0.0,2024-12-01,,1.0,7725.988141489618,0.0,92711.85769787541,0.0,7725.988141489615,0.0
ST_Reg3-4cm,tsb,0.95,10,False,-1.0,0.0,2024-12-01,,1.0,7725.988141489618,0.0,92711.85769787541,0.0,7725.988141489615,0.0
ST_Reg3-4cm,tsb,0.98,2,True,-1.0,0.0,2024-12-01,,1.0,9281.32547168476,0.0,111375.90566021712,0.0,9281.32547168476,0.0
ST_Reg3-4cm,tsb,0.98,5,True,-1.0,0.0,2024-12-01,,1.0,9281.32547168476,0.0,111375.90566021712,0.0,9281.32547168476,0.0
ST_Reg3-4cm,tsb,0.98,10,True,-1.0,0.0,2024-12-01,,1.0,9281.32547168476,0.0,111375.90566021712,0.0,9281.32547168476,0.0
ST_Reg3-4cm,tsb,0.98,20,True,-1.0,0.0,2024-12-01,,1.0,9281.32547168476,0.0,111375.90566021712,0.0,9281.32547168476,0.0
ST_Reg3-4cm,tsb,0.98,50,True,-1.0,0.0,2024-12-01,,1.0,9281.32547168476,0.0,111375.90566021712,0.0,9281.32547168476,0.0
ST_Reg3-4cm,tsb,0.98,10,False,-1.0,0.0,2024-12-01,,1.0,9281.32547168476,0.0,111375.90566021712,0.0,9281.32547168476,0.0
ST_Reg3-4cm,xgb,0.9,2,True,-1.0,0.0,2024-12-01,,1.0,513.492725202261,0.0,6161.912702427132,0.0,513.4927252022611,0.0
ST_Reg3-4cm,xgb,0.9,5,True,-1.0,0.0,2024-12-01,,1.0,513.492725202261,0.0,6161.912702427132,0.0,513.4927252022611,0.0
ST_Reg3-4cm,xgb,0.9,10,True,-1.0,0.0,2024-12-01,,1.0,513.492725202261,0.0,6161.912702427132,0.0,513.4927252022611,0.0
ST_Reg3-4cm,xgb,0.9,20,True,-1.0,0.0,2024-12-01,,1.0,513.492725202261,0.0,6161.912702427132,0.0,513.4927252022611,0.0
ST_Reg3-4cm,xgb,0.9,50,True,-1.0,0.0,2024-12-01,,1.0,513.492725202261,0.0,6161.912702427132,0.0,513.4927252022611,0.0
ST_Reg3-4cm,xgb,0.9,10,False,-1.0,0.0,2024-12-01,,1.0,513.492725202261,0.0,6161.912702427132,0.0,513.4927252022611,0.0
ST_Reg3-4cm,xgb,0.95,2,True,-1.0,0.0,2024-12-01,,1.0,659.0300294880359,0.0,7908.360353856431,0.0,659.0300294880358,0.0
ST_Reg3-4cm,xgb,0.95,5,True,-1.0,0.0,2024-12-01,,1.0,659.0300294880359,0.0,7908.360353856431,0.0,659.0300294880358,0.0
ST_Reg3-4cm,xgb,0.95,10,True,-1.0,0.0,2024-12-01,,1.0,659.0300294880359,0.0,7908.360353856431,0.0,659.0300294880358,0.0
ST_Reg3-4cm,xgb,0.95,20,True,-1.0,0.0,2024-12-01,,1.0,659.0300294880359,0.0,7908.360353856431,0.0,659.0300294880358,0.0
ST_Reg3-4cm,xgb,0.95,50,True,-1.0,0.0,2024-12-01,,1.0,659.0300294880359,0.0,7908.360353856431,0.0,659.0300294880358,0.0
ST_Reg3-4cm,xgb,0.95,10,False,-1.0,0.0,2024-12-01,,1.0,659.0300294880359,0.0,7908.360353856431,0.0,659.0300294880358,0.0
ST_Reg3-4cm,xgb,0.98,2,True,-1.0,0.0,2024-12-01,,1.0,822.7945491467877,0.0,9873.534589761453,0.0,822.794549146788,0.0
ST_Reg3-4cm,xgb,0.98,5,True,-1.0,0.0,2024-12-01,,1.0,822.7945491467877,0.0,9873.534589761453,0.0,822.794549146788,0.0
ST_Reg3-4cm,xgb,0.98,10,True,-1.0,0.0,2024-12-01,,1.0,822.7945491467877,0.0,9873.534589761453,0.0,822.794549146788,0.0
ST_Reg3-4cm,xgb,0.98,20,True,-1.0,0.0,2024-12-01,,1.0,822.7945491467877,0.0,9873.534589761453,0.0,822.794549146788,0.0
ST_Reg3-4cm,xgb,0.98,50,True,-1.0,0.0,2024-12-01,,1.0,822.7945491467877,0.0,9873.534589761453,0.0,822.794549146788,0.0
ST_Reg3-4cm,xgb,0.98,10,False,-1.0,0.0,2024-12-01,,1.0,822.7945491467877,0.0,9873.534589761453,0.0,822.794549146788,0.0
ST_Reg3.50in,arima,0.9,2,True,-1.0,0.0,2024-12-01,1.0,1.0,32437.645143982936,0.0,389251.7417277952,81360.0,39484.31181064961,0.0
ST_Reg3.50in,arima,0.9,5,True,-1.0,0.0,2024-12-01,1.0,1.0,32437.645143982936,0.0,389251.7417277952,81360.0,39484.31181064961,0.0
ST_Reg3.50in,arima,0.9,10,True,-1.0,0.0,2024-12-01,1.0,1.0,32437.645143982936,0.0,389251.7417277952,81360.0,39484.31181064961,0.0
ST_Reg3.50in,arima,0.9,20,True,-1.0,0.0,2024-12-01,1.0,1.0,32437.645143982936,0.0,389251.7417277952,81360.0,39484.31181064961,0.0
ST_Reg3.50in,arima,0.9,50,True,-1.0,0.0,2024-12-01,1.0,1.0,32437.645143982936,0.0,389251.7417277952,81360.0,39484.31181064961,0.0
ST_Reg3.50in,arima,0.9,10,False,-1.0,0.0,2024-12-01,1.0,1.0,32422.727929353492,0.0,389072.7351522419,81360.0,39475.46332976069,0.0
ST_Reg3.50in,arima,0.95,2,True,-1.0,0.0,2024-12-01,1.0,1.0,39830.18207184507,0.0,477962.1848621408,81360.0,45881.84873851173,0.0
ST_Reg3.50in,arima,0.95,5,True,-1.0,0.0,2024-12-01,1.0,1.0,39830.18207184507,0.0,477962.1848621408,81360.0,45881.84873851173,0.0
ST_Reg3.50in,arima,0.95,10,True,-1.0,0.0,2024-12-01,1.0,1.0,39830.18207184507,0.0,477962.1848621408,81360.0,45881.84873851173,0.0
ST_Reg3.50in,arima,0.95,20,True,-1.0,0.0,2024-12-01,1.0,1.0,39830.18207184507,0.0,477962.1848621408,81360.0,45881.84873851173,0.0
ST_Reg3.50in,arima,0.95,50,True,-1.0,0.0,2024-12-01,1.0,1.0,39830.18207184507,0.0,477962.1848621408,81360.0,45881.84873851173,0.0
ST_Reg3.50in,arima,0.95,10,False,-1.0,0.0,2024-12-01,1.0,1.0,39814.262207161955,0.0,477771.14648594346,81360.0,45869.24784764883,0.0
ST_Reg3.50in,arima,0.98,2,True,-1.0,0.0,2024-12-01,1.0,1.0,48145.17545502711,0.0,577742.1054603253,81360.0,53083.50878836044,0.0
ST_Reg3.50in,arima,0.98,5,True,-1.0,0.0,2024-12-01,1.0,1.0,48145.17545502711,0.0,577742.1054603253,81360.0,53083.50878836044,0.0
ST_Reg3.50in,arima,0.98,10,True,-1.0,0.0,2024-12-01,1.0,1.0,48145.17545502711,0.0,577742.1054603253,81360.0,53083.50878836044,0.0
ST_Reg3.50in,arima,0.98,20,True,-1.0,0.0,2024-12-01,1.0,1.0,48145.17545502711,0.0,577742.1054603253,81360.0,53083.50878836044,0.0
ST_Reg3.50in,arima,0.98,50,True,-1.0,0.0,2024-12-01,1.0,1.0,48145.17545502711,0.0,577742.1054603253,81360.0,53083.50878836044,0.0
ST_Reg3.50in,arima,0.98,10,False,-1.0,0.0,2024-12-01,1.0,1.0,48131.51850434916,0.0,577578.2220521899,81360.0,53063.79535910676,0.0
ST_Reg3.50in,croston,0.9,2,True,-1.0,0.0,2024-12-01,0.9880400526041916,0.8333333333333334,15431.360456553948,81.08844334358037,187122.4481188933,81360.0,30526.938679877036,9020.0
ST_Reg3.50in,croston,0.9,5,True,-1.0,0.0,2024-12-01,0.9880400526041916,0.8333333333333334,15431.360456553948,81.08844334358037,190041.6320792622,81360.0,30526.938679877036,9020.0
ST_Reg3.50in,croston,0.9,10,True,-1.0,0.0,2024-12-01,0.9880400526041916,0.8333333333333334,15431.360456553948,81.08844334358037,194906.93867987703,81360.0,30526.938679877036,9020.0
ST_Reg3.50in,croston,0.9,20,True,-1.0,0.0,2024-12-01,0.9880400526041916,0.8333333333333334,15431.360456553948,81.08844334358037,204637.55188110666,81360.0,30526.938679877036,9020.0
ST_Reg3.50in,croston,0.9,50,True,-1.0,0.0,2024-12-01,0.9880400526041916,0.8333333333333334,15431.360456553948,81.08844334358037,233829.3914847956,81360.0,30526.938679877036,9020.0
ST_Reg3.50in,croston,0.9,10,False,-1.0,0.0,2024-12-01,0.9879122424316948,0.8333333333333334,15420.41623078502,81.9549963131097,194879.5943269934,81360.0,30523.590325729216,9006.414852660928
ST_Reg3.50in,croston,0.95,2,True,-1.0,0.0,2024-12-01,1.0,1.0,24166.253507048885,0.0,289995.04208458663,81360.0,40489.58684038222,8420.0
ST_Reg3.50in,croston,0.95,5,True,-1.0,0.0,2024-12-01,1.0,1.0,24166.253507048885,0.0,289995.04208458663,81360.0,40489.58684038222,8420.0
ST_Reg3.50in,croston,0.95,10,True,-1.0,0.0,2024-12-01,1.0,1.0,24166.253507048885,0.0,289995.04208458663,81360.0,40489.58684038222,8420.0
ST_Reg3.50in,croston,0.95,20,True,-1.0,0.0,2024-12-01,1.0,1.0,24166.253507048885,0.0,289995.04208458663,81360.0,40489.58684038222,8420.0
ST_Reg3.50in,croston,0.95,50,True,-1.0,0.0,2024-12-01,1.0,1.0,24166.253507048885,0.0,289995.04208458663,81360.0,40489.58684038222,8420.0
ST_Reg3.50in,croston,0.95,10,False,-1.0,0.0,2024-12-01,1.0,1.0,24158.752531112143,0.0,289905.0303733457,81360.0,40477.76219736948,8428.511132739077
ST_Reg3.50in,croston,0.98,2,True,-1.0,0.0,2024-12-01,1.0,1.0,34094.00211154797,0.0,409128.0253385756,81360.0,51692.335444881304,7780.0
ST_Reg3.50in,croston,0.98,5,True,-1.0,0.0,2024-12-01,1.0,1.0,34094.00211154797,0.0,409128.0253385756,81360.0,51692.335444881304,7780.0
ST_Reg3.50in,croston,0.98,10,True,-1.0,0.0,2024-12-01,1.0,1.0,34094.00211154797,0.0,409128.0253385756,81360.0,51692.335444881304,7780.0
ST_Reg3.50in,croston,0.98,20,True,-1.0,0.0,2024-12-01,1.0,1.0,34094.00211154797,0.0,409128.0253385756,81360.0,51692.335444881304,7780.0
ST_Reg3.50in,croston,0.98,50,True,-1.0,0.0,2024-12-01,1.0,1.0,34094.00211154797,0.0,409128.0253385756,81360.0,51692.335444881304,7780.0
ST_Reg3.50in,croston,0.98,10,False,-1.0,0.0,2024-12-01,1.0,1.0,34083.70458744721,0.0,409004.4550493665,81360.0,51678.60299320362,7778.230260996563
ST_Reg3.50in,hybrid,0.9,2,True,-1.0,0.0,2024-12-01,0.9543554333576487,0.8333333333333334,21884.161553146772,309.4701618351416,270037.2225218047,81360.0,24786.3580579783,4100.0
ST_Reg3.50in,hybrid,0.9,5,True,-1.0,0.0,2024-12-01,0.9543554333576487,0.8333333333333334,21884.161553146772,309.4701618351416,281178.14834786975,81360.0,24786.3580579783,4100.0
ST_Reg3.50in,hybrid,0.9,10,True,-1.0,0.0,2024-12-01,0.9543554333576487,0.8333333333333334,21884.161553146772,309.4701618351416,299746.3580579783,81360.0,24786.3580579783,4100.0
ST_Reg3.50in,hybrid,0.9,20,True,-1.0,0.0,2024-12-01,0.9543554333576487,0.8333333333333334,21884.161553146772,309.4701618351416,336882.77747819526,81360.0,24786.3580579783,4100.0
ST_Reg3.50in,hybrid,0.9,50,True,-1.0,0.0,2024-12-01,0.9543554333576487,0.8333333333333334,21884.161553146772,309.4701618351416,448292.0357388462,81360.0,24786.3580579783,4100.0
ST_Reg3.50in,hybrid,0.9,10,False,-1.0,0.0,2024-12-01,0.9542900495068016,0.8333333333333334,21877.954590524227,309.9134643438847,299725.07080755685,81360.0,24768.531408659037,4099.404508267442
ST_Reg3.50in,hybrid,0.95,2,True,-1.0,0.0,2024-12-01,1.0,1.0,28944.234581373952,0.0,347330.8149764874,81360.0,32175.901248040624,3480.0
ST_Reg3.50in,hybrid,0.95,5,True,-1.0,0.0,2024-12-01,1.0,1.0,28944.234581373952,0.0,347330.8149764874,81360.0,32175.901248040624,3480.0
ST_Reg3.50in,hybrid,0.95,10,True,-1.0,0.0,2024-12-01,1.0,1.0,28944.234581373952,0.0,347330.8149764874,81360.0,32175.901248040624,3480.0
ST_Reg3.50in,hybrid,0.95,20,True,-1.0,0.0,2024-12-01,1.0,1.0,28944.234581373952,0.0,347330.8149764874,81360.0,32175.901248040624,3480.0
ST_Reg3.50in,hybrid,0.95,50,True,-1.0,0.0,2024-12-01,1.0,1.0,28944.234581373952,0.0,347330.8149764874,81360.0,32175.901248040624,3480.0
ST_Reg3.50in,hybrid,0.95,10,False,-1.0,0.0,2024-12-01,1.0,1.0,28935.15807923496,0.0,347221.89695081953,81360.0,32166.138573587858,3484.470046316521
ST_Reg3.50in,hybrid,0.98,2,True,-1.0,0.0,2024-12-01,1.0,1.0,37240.5028337755,0.0,446886.03400530596,81360.0,40508.83616710882,2780.0
ST_Reg3.50in,hybrid,0.98,5,True,-1.0,0.0,2024-12-01,1.0,1.0,37240.5028337755,0.0,446886.03400530596,81360.0,40508.83616710882,2780.0
ST_Reg3.50in,hybrid,0.98,10,True,-1.0,0.0,2024-12-01,1.0,1.0,37240.5028337755,0.0,446886.03400530596,81360.0,40508.83616710882,2780.0
ST_Reg3.50in,hybrid,0.98,20,True,-1.0,0.0,2024-12-01,1.0,1.0,37240.5028337755,0.0,446886.03400530596,81360.0,40508.83616710882,2780.0
ST_Reg3.50in,hybrid,0.98,50,True,-1.0,0.0,2024-12-01,1.0,1.0,37240.5028337755,0.0,446886.03400530596,81360.0,40508.83616710882,2780.0
ST_Reg3.50in,hybrid,0.98,10,False,-1.0,0.0,2024-12-01,1.0,1.0,37224.939005215485,0.0,446699.26806258585,81360.0,40490.22833142683,2792.520671019156
ST_Reg3.50in,mitra,0.9,2,True,-1.0,0.0,2024-12-01,1.0,1.0,15957.805342489979,0.0,191493.66410987976,81360.0,22897.805342489984,4200.0
ST_Reg3.50in,mitra,0.9,5,True,-1.0,0.0,2024-12-01,1.0,1.0,15957.805342489979,0.0,191493.66410987976,81360.0,22897.805342489984,4200.0
ST_Reg3.50in,mitra,0.9,10,True,-1.0,0.0,2024-12-01,1.0,1.0,15957.805342489979,0.0,191493.66410987976,81360.0,22897.805342489984,4200.0
ST_Reg3.50in,mitra,0.9,20,True,-1.0,0.0,2024-12-01,1.0,1.0,15957.805342489979,0.0,191493.66410987976,81360.0,22897.805342489984,4200.0
ST_Reg3.50in,mitra,0.9,50,True,-1.0,0.0,2024-12-01,1.0,1.0,15957.805342489979,0.0,191493.66410987976,81360.0,22897.805342489984,4200.0
ST_Reg3.50in,mitra,0.9,10,False,-1.0,0.0,2024-12-01,1.0,1.0,15946.835792791375,0.0,191362.0295134965,81360.0,22890.569363812392,4200.379123837283
ST_Reg3.50in,mitra,0.95,2,True,-1.0,0.0,2024-12-01,1.0,1.0,20005.661288905878,0.0,240067.93546687055,81360.0,27345.661288905874,4040.0
ST_Reg3.50in,mitra,0.95,5,True,-1.0,0.0,2024-12-01,1.0,1.0,20005.661288905878,0.0,240067.93546687055,81360.0,27345.661288905874,4040.0
ST_Reg3.50in,mitra,0.95,10,True,-1.0,0.0,2024-12-01,1.0,1.0,20005.661288905878,0.0,240067.93546687055,81360.0,27345.661288905874,4040.0
ST_Reg3.50in,mitra,0.95,20,True,-1.0,0.0,2024-12-01,1.0,1.0,20005.661288905878,0.0,240067.93546687055,81360.0,27345.661288905874,4040.0
ST_Reg3.50in,mitra,0.95,50,True,-1.0,0.0,2024-12-01,1.0,1.0,20005.661288905878,0.0,240067.93546687055,81360.0,27345.661288905874,4040.0
ST_Reg3.50in,mitra,0.95,10,False,-1.0,0.0,2024-12-01,1.0,1.0,19994.889353591236,0.0,239938.67224309483,81360.0,27338.434415211457,4030.402325842657
ST_Reg3.50in,mitra,0.98,2,True,-1.0,0.0,2024-12-01,1.0,1.0,24562.140812425874,0.0,294745.6897491105,81360.0,32360.47414575921,3840.0
ST_Reg3.50in,mitra,0.98,5,True,-1.0,0.0,2024-12-01,1.0,1.0,24562.140812425874,0.0,294745.6897491105,81360.0,32360.47414575921,3840.0
ST_Reg3.50in,mitra,0.98,10,True,-1.0,0.0,2024-12-01,1.0,1.0,24562.140812425874,0.0,294745.6897491105,81360.0,32360.47414575921,3840.0
ST_Reg3.50in,mitra,0.98,20,True,-1.0,0.0,2024-12-01,1.0,1.0,24562.140812425874,0.0,294745.6897491105,81360.0,32360.47414575921,3840.0
ST_Reg3.50in,mitra,0.98,50,True,-1.0,0.0,2024-12-01,1.0,1.0,24562.140812425874,0.0,294745.6897491105,81360.0,32360.47414575921,3840.0
ST_Reg3.50in,mitra,0.98,10,False,-1.0,0.0,2024-12-01,1.0,1.0,24549.92457422153,0.0,294599.0948906584,81360.0,32343.353856477464,3839.137489563531
ST_Reg3.50in,naive,0.9,2,True,-1.0,0.0,2024-12-01,1.0,1.0,119972.81882314419,0.0,1439673.8258777303,81360.0,135182.8188231442,0.0
ST_Reg3.50in,naive,0.9,5,True,-1.0,0.0,2024-12-01,1.0,1.0,119972.81882314419,0.0,1439673.8258777303,81360.0,135182.8188231442,0.0
ST_Reg3.50in,naive,0.9,10,True,-1.0,0.0,2024-12-01,1.0,1.0,119972.81882314419,0.0,1439673.8258777303,81360.0,135182.8188231442,0.0
ST_Reg3.50in,naive,0.9,20,True,-1.0,0.0,2024-12-01,1.0,1.0,119972.81882314419,0.0,1439673.8258777303,81360.0,135182.8188231442,0.0
ST_Reg3.50in,naive,0.9,50,True,-1.0,0.0,2024-12-01,1.0,1.0,119972.81882314419,0.0,1439673.8258777303,81360.0,135182.8188231442,0.0
ST_Reg3.50in,naive,0.9,10,False,-1.0,0.0,2024-12-01,1.0,1.0,119965.23270021228,0.0,1439582.7924025473,81360.0,135178.1360390064,0.0
ST_Reg3.50in,naive,0.95,2,True,-1.0,0.0,2024-12-01,1.0,1.0,136118.53829758888,0.0,1633422.4595710665,81360.0,151353.53829758885,0.0
ST_Reg3.50in,naive,0.95,5,True,-1.0,0.0,2024-12-01,1.0,1.0,136118.53829758888,0.0,1633422.4595710665,81360.0,151353.53829758885,0.0
ST_Reg3.50in,naive,0.95,10,True,-1.0,0.0,2024-12-01,1.0,1.0,136118.53829758888,0.0,1633422.4595710665,81360.0,151353.53829758885,0.0
ST_Reg3.50in,naive,0.95,20,True,-1.0,0.0,2024-12-01,1.0,1.0,136118.53829758888,0.0,1633422.4595710665,81360.0,151353.53829758885,0.0
ST_Reg3.50in,naive,0.95,50,True,-1.0,0.0,2024-12-01,1.0,1.0,136118.53829758888,0.0,1633422.4595710665,81360.0,151353.53829758885,0.0
ST_Reg3.50in,naive,0.95,10,False,-1.0,0.0,2024-12-01,1.0,1.0,136112.43778759296,0.0,1633349.2534511155,81360.0,151352.6216998764,0.0
ST_Reg3.50in,naive,0.98,2,True,-1.0,0.0,2024-12-01,1.0,1.0,154287.75828424722,0.0,1851453.0994109665,81360.0,169567.7582842472,0.0
ST_Reg3.50in,naive,0.98,5,True,-1.0,0.0,2024-12-01,1.0,1.0,154287.75828424722,0.0,1851453.0994109665,81360.0,169567.7582842472,0.0
ST_Reg3.50in,naive,0.98,10,True,-1.0,0.0,2024-12-01,1.0,1.0,154287.75828424722,0.0,1851453.0994109665,81360.0,169567.7582842472,0.0
ST_Reg3.50in,naive,0.98,20,True,-1.0,0.0,2024-12-01,1.0,1.0,154287.75828424722,0.0,1851453.0994109665,81360.0,169567.7582842472,0.0
ST_Reg3.50in,naive,0.98,50,True,-1.0,0.0,2024-12-01,1.0,1.0,154287.75828424722,0.0,1851453.0994109665,81360.0,169567.7582842472,0.0
ST_Reg3.50in,naive,0.98,10,False,-1.0,0.0,2024-12-01,1.0,1.0,154281.93252946253,0.0,1851383.1903535505,81360.0,169552.81365738722,0.0
ST_Reg3.50in,rf,0.9,2,True,-1.0,0.0,2024-12-01,1.0,1.0,20908.543646629987,0.0,250902.52375955984,81360.0,31530.21031329666,0.0
ST_Reg3.50in,rf,0.9,5,True,-1.0,0.0,2024-12-01,1.0,1.0,20908.543646629987,0.0,250902.52375955984,81360.0,31530.21031329666,0.0
ST_Reg3.50in,rf,0.9,10,True,-1.0,0.0,2024-12-01,1.0,1.0,20908.543646629987,0.0,250902.52375955984,81360.0,31530.21031329666,0.0
ST_Reg3.50in,rf,0.9,20,True,-1.0,0.0,2024-12-01,1.0,1.0,20908.543646629987,0.0,250902.52375955984,81360.0,31530.21031329666,0.0
ST_Reg3.50in,rf,0.9,50,True,-1.0,0.0,2024-12-01,1.0,1.0,20908.543646629987,0.0,250902.52375955984,81360.0,31530.21031329666,0.0
ST_Reg3.50in,rf,0.9,10,False,-1.0,0.0,2024-12-01,1.0,1.0,20900.260380016945,0.0,250803.12456020335,81360.0,31523.20521313636,0.0
ST_Reg3.50in,rf,0.95,2,True,-1.0,0.0,2024-12-01,1.0,1.0,27070.236633381457,0.0,324842.8396005775,81360.0,37605.23663338146,0.0
ST_Reg3.50in,rf,0.95,5,True,-1.0,0.0,2024-12-01,1.0,1.0,27070.236633381457,0.0,324842.8396005775,81360.0,37605.23663338146,0.0
ST_Reg3.50in,rf,0.95,10,True,-1.0,0.0,2024-12-01,1.0,1.0,27070.236633381457,0.0,324842.8396005775,81360.0,37605.23663338146,0.0
ST_Reg3.50in,rf,0.95,20,True,-1.0,0.0,2024-12-01,1.0,1.0,27070.236633381457,0.0,324842.8396005775,81360.0,37605.23663338146,0.0
ST_Reg3.50in,rf,0.95,50,True,-1.0,0.0,2024-12-01,1.0,1.0,27070.236633381457,0.0,324842.8396005775,81360.0,37605.23663338146,0.0
ST_Reg3.50in,rf,0.95,10,False,-1.0,0.0,2024-12-01,1.0,1.0,27055.348466050153,0.0,324664.1815926018,81360.0,37595.31716845193,0.0
ST_Reg3.50in,rf,0.98,2,True,-1.0,0.0,2024-12-01,1.0,1.0,33993.994573515396,0.0,407927.9348821847,81360.0,44443.9945735154,0.0
ST_Reg3.50in,rf,0.98,5,True,-1.0,0.0,2024-12-01,1.0,1.0,33993.994573515396,0.0,407927.9348821847,81360.0,44443.9945735154,0.0
ST_Reg3.50in,rf,0.98,10,True,-1.0,0.0,2024-12-01,1.0,1.0,33993.994573515396,0.0,407927.9348821847,81360.0,44443.9945735154,0.0
ST_Reg3.50in,rf,0.98,20,True,-1.0,0.0,2024-12-01,1.0,1.0,33993.994573515396,0.0,407927.9348821847,81360.0,44443.9945735154,0.0
ST_Reg3.50in,rf,0.98,50,True,-1.0,0.0,2024-12-01,1.0,1.0,33993.994573515396,0.0,407927.9348821847,81360.0,44443.9945735154,0.0
ST_Reg3.50in,rf,0.98,10,False,-1.0,0.0,2024-12-01,1.0,1.0,33981.30500216458,0.0,407775.660025975,81360.0,44427.9055728918,0.0
ST_Reg3.50in,sba,0.9,2,True,-1.0,0.0,2024-12-01,0.9864591218577302,0.8333333333333334,15310.121308149524,91.80715380458848,185924.8273891044,81360.0,30518.31415434494,9360.0
ST_Reg3.50in,sba,0.9,5,True,-1.0,0.0,2024-12-01,0.9864591218577302,0.8333333333333334,15310.121308149524,91.80715380458848,189229.88492606962,81360.0,30518.31415434494,9360.0
ST_Reg3.50in,sba,0.9,10,True,-1.0,0.0,2024-12-01,0.9864591218577302,0.8333333333333334,15310.121308149524,91.80715380458848,194738.3141543449,81360.0,30518.31415434494,9360.0
ST_Reg3.50in,sba,0.9,20,True,-1.0,0.0,2024-12-01,0.9864591218577302,0.8333333333333334,15310.121308149524,91.80715380458848,205755.17261089553,81360.0,30518.31415434494,9360.0
ST_Reg3.50in,sba,0.9,50,True,-1.0,0.0,2024-12-01,0.9864591218577302,0.8333333333333334,15310.121308149524,91.80715380458848,238805.74798054737,81360.0,30518.31415434494,9360.0
ST_Reg3.50in,sba,0.9,10,False,-1.0,0.0,2024-12-01,0.9862476966238072,0.8333333333333334,15300.41447589499,93.24061689058787,194793.8477376104,81360.0,30516.33734311165,9355.506537932
ST_Reg3.50in,sba,0.95,2,True,-1.0,0.0,2024-12-01,1.0,1.0,24168.898220646766,0.0,290026.7786477612,81360.0,40655.564887313434,8800.0
ST_Reg3.50in,sba,0.95,5,True,-1.0,0.0,2024-12-01,1.0,1.0,24168.898220646766,0.0,290026.7786477612,81360.0,40655.564887313434,8800.0
ST_Reg3.50in,sba,0.95,10,True,-1.0,0.0,2024-12-01,1.0,1.0,24168.898220646766,0.0,290026.7786477612,81360.0,40655.564887313434,8800.0
ST_Reg3.50in,sba,0.95,20,True,-1.0,0.0,2024-12-01,1.0,1.0,24168.898220646766,0.0,290026.7786477612,81360.0,40655.564887313434,8800.0
ST_Reg3.50in,sba,0.95,50,True,-1.0,0.0,2024-12-01,1.0,1.0,24168.898220646766,0.0,290026.7786477612,81360.0,40655.564887313434,8800.0
ST_Reg3.50in,sba,0.95,10,False,-1.0,0.0,2024-12-01,1.0,1.0,24161.869964889444,0.0,289942.43957867334,81360.0,40641.494448949175,8794.992491410703
ST_Reg3.50in,sba,0.98,2,True,-1.0,0.0,2024-12-01,1.0,1.0,34249.76417065371,0.0,410997.1700478445,81360.0,52044.76417065371,8160.0
ST_Reg3.50in,sba,0.98,5,True,-1.0,0.0,2024-12-01,1.0,1.0,34249.76417065371,0.0,410997.1700478445,81360.0,52044.76417065371,8160.0
ST_Reg3.50in,sba,0.98,10,True,-1.0,0.0,2024-12-01,1.0,1.0,34249.76417065371,0.0,410997.1700478445,81360.0,52044.76417065371,8160.0
ST_Reg3.50in,sba,0.98,20,True,-1.0,0.0,2024-12-01,1.0,1.0,34249.76417065371,0.0,410997.1700478445,81360.0,52044.76417065371,8160.0
ST_Reg3.50in,sba,0.98,50,True,-1.0,0.0,2024-12-01,1.0,1.0,34249.76417065371,0.0,410997.1700478445,81360.0,52044.76417065371,8160.0
ST_Reg3.50in,sba,0.98,10,False,-1.0,0.0,2024-12-01,1.0,1.0,34238.059802725395,0.0,410856.71763270476,81360.0,52034.73481467001,8164.279190508125
ST_Reg3.50in,ses,0.9,2,True,-1.0,0.0,2024-12-01,1.0,1.0,23949.762621471687,0.0,287397.15145766025,81360.0,31081.42928813836,940.0
ST_Reg3.50in,ses,0.9,5,True,-1.0,0.0,2024-12-01,1.0,1.0,23949.762621471687,0.0,287397.15145766025,81360.0,31081.42928813836,940.0
ST_Reg3.50in,ses,0.9,10,True,-1.0,0.0,2024-12-01,1.0,1.0,23949.762621471687,0.0,287397.15145766025,81360.0,31081.42928813836,940.0
ST_Reg3.50in,ses,0.9,20,True,-1.0,0.0,2024-12-01,1.0,1.0,23949.762621471687,0.0,287397.15145766025,81360.0,31081.42928813836,940.0
ST_Reg3.50in,ses,0.9,50,True,-1.0,0.0,2024-12-01,1.0,1.0,23949.762621471687,0.0,287397.15145766025,81360.0,31081.42928813836,940.0
ST_Reg3.50in,ses,0.9,10,False,-1.0,0.0,2024-12-01,1.0,1.0,23939.639323031948,0.0,287275.67187638336,81360.0,31074.632146410077,934.6556126119103
ST_Reg3.50in,ses,0.95,2,True,-1.0,0.0,2024-12-01,1.0,1.0,29784.41275898793,0.0,357412.95310785517,81360.0,37207.746092321264,0.0
ST_Reg3.50in,ses,0.95,5,True,-1.0,0.0,2024-12-01,1.0,1.0,29784.41275898793,0.0,357412.95310785517,81360.0,37207.746092321264,0.0
ST_Reg3.50in,ses,0.95,10,True,-1.0,0.0,2024-12-01,1.0,1.0,29784.41275898793,0.0,357412.95310785517,81360.0,37207.746092321264,0.0
ST_Reg3.50in,ses,0.95,20,True,-1.0,0.0,2024-12-01,1.0,1.0,29784.41275898793,0.0,357412.95310785517,81360.0,37207.746092321264,0.0
ST_Reg3.50in,ses,0.95,50,True,-1.0,0.0,2024-12-01,1.0,1.0,29784.41275898793,0.0,357412.95310785517,81360.0,37207.746092321264,0.0
ST_Reg3.50in,ses,0.95,10,False,-1.0,0.0,2024-12-01,1.0,1.0,29770.695949860612,0.0,357248.35139832733,81360.0,37190.768141313456,0.0
ST_Reg3.50in,ses,0.98,2,True,-1.0,0.0,2024-12-01,1.0,1.0,36351.71336330937,0.0,436220.56035971246,81360.0,44221.71336330936,0.0
ST_Reg3.50in,ses,0.98,5,True,-1.0,0.0,2024-12-01,1.0,1.0,36351.71336330937,0.0,436220.56035971246,81360.0,44221.71336330936,0.0
ST_Reg3.50in,ses,0.98,10,True,-1.0,0.0,2024-12-01,1.0,1.0,36351.71336330937,0.0,436220.56035971246,81360.0,44221.71336330936,0.0
ST_Reg3.50in,ses,0.98,20,True,-1.0,0.0,2024-12-01,1.0,1.0,36351.71336330937,0.0,436220.56035971246,81360.0,44221.71336330936,0.0
ST_Reg3.50in,ses,0.98,50,True,-1.0,0.0,2024-12-01,1.0,1.0,36351.71336330937,0.0,436220.56035971246,81360.0,44221.71336330936,0.0
ST_Reg3.50in,ses,0.98,10,False,-1.0,0.0,2024-12-01,1.0,1.0,36343.64129539839,0.0,436123.6955447807,81360.0,44212.12111283098,0.0
ST_Reg3.50in,tsb,0.9,2,True,-1.0,0.0,2024-12-01,1.0,1.0,23389.934873977414,0.0,280679.21848772897,81360.0,31458.268207310743,1360.0
ST_Reg3.50in,tsb,0.9,5,True,-1.0,0.0,2024-12-01,1.0,1.0,23389.934873977414,0.0,280679.21848772897,81360.0,31458.268207310743,1360.0
ST_Reg3.50in,tsb,0.9,10,True,-1.0,0.0,2024-12-01,1.0,1.0,23389.934873977414,0.0,280679.21848772897,81360.0,31458.268207310743,1360.0
ST_Reg3.50in,tsb,0.9,20,True,-1.0,0.0,2024-12-01,1.0,1.0,23389.934873977414,0.0,280679.21848772897,81360.0,31458.268207310743,1360.0
ST_Reg3.50in,tsb,0.9,50,True,-1.0,0.0,2024-12-01,1.0,1.0,23389.934873977414,0.0,280679.21848772897,81360.0,31458.268207310743,1360.0
ST_Reg3.50in,tsb,0.9,10,False,-1.0,0.0,2024-12-01,1.0,1.0,23379.114527631114,0.0,280549.3743315734,81360.0,31458.150251091123,1354.0480502839564
ST_Reg3.50in,tsb,0.95,2,True,-1.0,0.0,2024-12-01,1.0,1.0,29843.797612631042,0.0,358125.5713515725,81360.0,38125.46427929771,300.0
ST_Reg3.50in,tsb,0.95,5,True,-1.0,0.0,2024-12-01,1.0,1.0,29843.797612631042,0.0,358125.5713515725,81360.0,38125.46427929771,300.0
ST_Reg3.50in,tsb,0.95,10,True,-1.0,0.0,2024-12-01,1.0,1.0,29843.797612631042,0.0,358125.5713515725,81360.0,38125.46427929771,300.0
ST_Reg3.50in,tsb,0.95,20,True,-1.0,0.0,2024-12-01,1.0,1.0,29843.797612631042,0.0,358125.5713515725,81360.0,38125.46427929771,300.0
ST_Reg3.50in,tsb,0.95,50,True,-1.0,0.0,2024-12-01,1.0,1.0,29843.797612631042,0.0,358125.5713515725,81360.0,38125.46427929771,300.0
ST_Reg3.50in,tsb,0.95,10,False,-1.0,0.0,2024-12-01,1.0,1.0,29836.991352919445,0.0,358043.89623503335,81360.0,38117.23157273972,291.16313752950373
ST_Reg3.50in,tsb,0.98,2,True,-1.0,0.0,2024-12-01,1.0,1.0,37112.17431020405,0.0,445346.0917224486,81360.0,45625.50764353739,0.0
ST_Reg3.50in,tsb,0.98,5,True,-1.0,0.0,2024-12-01,1.0,1.0,37112.17431020405,0.0,445346.0917224486,81360.0,45625.50764353739,0.0
ST_Reg3.50in,tsb,0.98,10,True,-1.0,0.0,2024-12-01,1.0,1.0,37112.17431020405,0.0,445346.0917224486,81360.0,45625.50764353739,0.0
ST_Reg3.50in,tsb,0.98,20,True,-1.0,0.0,2024-12-01,1.0,1.0,37112.17431020405,0.0,445346.0917224486,81360.0,45625.50764353739,0.0
ST_Reg3.50in,tsb,0.98,50,True,-1.0,0.0,2024-12-01,1.0,1.0,37112.17431020405,0.0,445346.0917224486,81360.0,45625.50764353739,0.0
ST_Reg3.50in,tsb,0.98,10,False,-1.0,0.0,2024-12-01,1.0,1.0,37103.65814669284,0.0,445243.89776031405,81360.0,45610.30188457553,0.0
ST_Reg3.50in,xgb,0.9,2,True,-1.0,0.0,2024-12-01,1.0,1.0,18069.126741581178,0.0,216829.52089897415,81360.0,28037.460074914517,10880.0
ST_Reg3.50in,xgb,0.9,5,True,-1.0,0.0,2024-12-01,1.0,1.0,18069.126741581178,0.0,216829.52089897415,81360.0,28037.460074914517,10880.0
ST_Reg3.50in,xgb,0.9,10,True,-1.0,0.0,2024-12-01,1.0,1.0,18069.126741581178,0.0,216829.52089897415,81360.0,28037.460074914517,10880.0
ST_Reg3.50in,xgb,0.9,20,True,-1.0,0.0,2024-12-01,1.0,1.0,18069.126741581178,0.0,216829.52089897415,81360.0,28037.460074914517,10880.0
ST_Reg3.50in,xgb,0.9,50,True,-1.0,0.0,2024-12-01,1.0,1.0,18069.126741581178,0.0,216829.52089897415,81360.0,28037.460074914517,10880.0
ST_Reg3.50in,xgb,0.9,10,False,-1.0,0.0,2024-12-01,1.0,1.0,18058.917990772927,0.0,216707.01588927512,81360.0,28019.139558669347,10879.712891693256
ST_Reg3.50in,xgb,0.95,2,True,-1.0,0.0,2024-12-01,1.0,1.0,29434.886703993037,0.0,353218.64044791646,81360.0,40479.88670399304,9420.0
ST_Reg3.50in,xgb,0.95,5,True,-1.0,0.0,2024-12-01,1.0,1.0,29434.886703993037,0.0,353218.64044791646,81360.0,40479.88670399304,9420.0
ST_Reg3.50in,xgb,0.95,10,True,-1.0,0.0,2024-12-01,1.0,1.0,29434.886703993037,0.0,353218.64044791646,81360.0,40479.88670399304,9420.0
ST_Reg3.50in,xgb,0.95,20,True,-1.0,0.0,2024-12-01,1.0,1.0,29434.886703993037,0.0,353218.64044791646,81360.0,40479.88670399304,9420.0
ST_Reg3.50in,xgb,0.95,50,True,-1.0,0.0,2024-12-01,1.0,1.0,29434.886703993037,0.0,353218.64044791646,81360.0,40479.88670399304,9420.0
ST_Reg3.50in,xgb,0.95,10,False,-1.0,0.0,2024-12-01,1.0,1.0,29421.265294012537,0.0,353055.18352815043,81360.0,40466.29144589079,9422.854825201364
ST_Reg3.50in,xgb,0.98,2,True,-1.0,0.0,2024-12-01,1.0,1.0,42219.51512669412,0.0,506634.18152032944,81360.0,54482.84846002745,7780.0
ST_Reg3.50in,xgb,0.98,5,True,-1.0,0.0,2024-12-01,1.0,1.0,42219.51512669412,0.0,506634.18152032944,81360.0,54482.84846002745,7780.0
ST_Reg3.50in,xgb,0.98,10,True,-1.0,0.0,2024-12-01,1.0,1.0,42219.51512669412,0.0,506634.18152032944,81360.0,54482.84846002745,7780.0
ST_Reg3.50in,xgb,0.98,20,True,-1.0,0.0,2024-12-01,1.0,1.0,42219.51512669412,0.0,506634.18152032944,81360.0,54482.84846002745,7780.0
ST_Reg3.50in,xgb,0.98,50,True,-1.0,0.0,2024-12-01,1.0,1.0,42219.51512669412,0.0,506634.18152032944,81360.0,54482.84846002745,7780.0
ST_Reg3.50in,xgb,0.98,10,False,-1.0,0.0,2024-12-01,1.0,1.0,42206.6426063284,0.0,506479.7112759408,81360.0,54472.335187966586,7783.538619360748
ST_Reg4.00in,arima,0.9,2,True,-1.0,0.0,2024-12-01,1.0,1.0,26180.018952507486,0.0,314160.22743008984,17760.0,19320.01895250749,0.0
ST_Reg4.00in,arima,0.9,5,True,-1.0,0.0,2024-12-01,1.0,1.0,26180.018952507486,0.0,314160.22743008984,17760.0,19320.01895250749,0.0
ST_Reg4.00in,arima,0.9,10,True,-1.0,0.0,2024-12-01,1.0,1.0,26180.018952507486,0.0,314160.22743008984,17760.0,19320.01895250749,0.0
ST_Reg4.00in,arima,0.9,20,True,-1.0,0.0,2024-12-01,1.0,1.0,26180.018952507486,0.0,314160.22743008984,17760.0,19320.01895250749,0.0
ST_Reg4.00in,arima,0.9,50,True,-1.0,0.0,2024-12-01,1.0,1.0,26180.018952507486,0.0,314160.22743008984,17760.0,19320.01895250749,0.0
ST_Reg4.00in,arima,0.9,10,False,-1.0,0.0,2024-12-01,1.0,1.0,26180.018952507486,0.0,314160.22743008984,17760.0,19320.01895250749,0.0
ST_Reg4.00in,arima,0.95,2,True,-1.0,0.0,2024-12-01,1.0,1.0,38507.211324882046,0.0,462086.5358985846,17760.0,31647.211324882046,0.0
ST_Reg4.00in,arima,0.95,5,True,-1.0,0.0,2024-12-01,1.0,1.0,38507.211324882046,0.0,462086.5358985846,17760.0,31647.211324882046,0.0
ST_Reg4.00in,arima,0.95,10,True,-1.0,0.0,2024-12-01,1.0,1.0,38507.211324882046,0.0,462086.5358985846,17760.0,31647.211324882046,0.0
ST_Reg4.00in,arima,0.95,20,True,-1.0,0.0,2024-12-01,1.0,1.0,38507.211324882046,0.0,462086.5358985846,17760.0,31647.211324882046,0.0
ST_Reg4.00in,arima,0.95,50,True,-1.0,0.0,2024-12-01,1.0,1.0,38507.211324882046,0.0,462086.5358985846,17760.0,31647.211324882046,0.0
ST_Reg4.00in,arima,0.95,10,False,-1.0,0.0,2024-12-01,1.0,1.0,38507.211324882046,0.0,462086.5358985846,17760.0,31647.211324882046,0.0
ST_Reg4.00in,arima,0.98,2,True,-1.0,0.0,2024-12-01,1.0,1.0,52378.271720771714,0.0,628539.2606492606,17760.0,45518.27172077172,0.0
ST_Reg4.00in,arima,0.98,5,True,-1.0,0.0,2024-12-01,1.0,1.0,52378.271720771714,0.0,628539.2606492606,17760.0,45518.27172077172,0.0
ST_Reg4.00in,arima,0.98,10,True,-1.0,0.0,2024-12-01,1.0,1.0,52378.271720771714,0.0,628539.2606492606,17760.0,45518.27172077172,0.0
ST_Reg4.00in,arima,0.98,20,True,-1.0,0.0,2024-12-01,1.0,1.0,52378.271720771714,0.0,628539.2606492606,17760.0,45518.27172077172,0.0
ST_Reg4.00in,arima,0.98,50,True,-1.0,0.0,2024-12-01,1.0,1.0,52378.271720771714,0.0,628539.2606492606,17760.0,45518.27172077172,0.0
ST_Reg4.00in,arima,0.98,10,False,-1.0,0.0,2024-12-01,1.0,1.0,52378.271720771714,0.0,628539.2606492606,17760.0,45518.27172077172,0.0
ST_Reg4.00in,croston,0.9,2,True,-1.0,0.0,2024-12-01,1.0,1.0,45090.26278828934,0.0,541083.1534594721,17760.0,38230.26278828934,0.0
ST_Reg4.00in,croston,0.9,5,True,-1.0,0.0,2024-12-01,1.0,1.0,45090.26278828934,0.0,541083.1534594721,17760.0,38230.26278828934,0.0
ST_Reg4.00in,croston,0.9,10,True,-1.0,0.0,2024-12-01,1.0,1.0,45090.26278828934,0.0,541083.1534594721,17760.0,38230.26278828934,0.0
ST_Reg4.00in,croston,0.9,20,True,-1.0,0.0,2024-12-01,1.0,1.0,45090.26278828934,0.0,541083.1534594721,17760.0,38230.26278828934,0.0
ST_Reg4.00in,croston,0.9,50,True,-1.0,0.0,2024-12-01,1.0,1.0,45090.26278828934,0.0,541083.1534594721,17760.0,38230.26278828934,0.0
ST_Reg4.00in,croston,0.9,10,False,-1.0,0.0,2024-12-01,1.0,1.0,45080.91846418409,0.0,540971.0215702091,17760.0,38220.918464184084,0.0
ST_Reg4.00in,croston,0.95,2,True,-1.0,0.0,2024-12-01,1.0,1.0,55590.74921180397,0.0,667088.9905416477,17760.0,48730.749211803966,0.0
ST_Reg4.00in,croston,0.95,5,True,-1.0,0.0,2024-12-01,1.0,1.0,55590.74921180397,0.0,667088.9905416477,17760.0,48730.749211803966,0.0
ST_Reg4.00in,croston,0.95,10,True,-1.0,0.0,2024-12-01,1.0,1.0,55590.74921180397,0.0,667088.9905416477,17760.0,48730.749211803966,0.0
ST_Reg4.00in,croston,0.95,20,True,-1.0,0.0,2024-12-01,1.0,1.0,55590.74921180397,0.0,667088.9905416477,17760.0,48730.749211803966,0.0
ST_Reg4.00in,croston,0.95,50,True,-1.0,0.0,2024-12-01,1.0,1.0,55590.74921180397,0.0,667088.9905416477,17760.0,48730.749211803966,0.0
ST_Reg4.00in,croston,0.95,10,False,-1.0,0.0,2024-12-01,1.0,1.0,55590.74921180397,0.0,667088.9905416477,17760.0,48730.749211803966,0.0
ST_Reg4.00in,croston,0.98,2,True,-1.0,0.0,2024-12-01,1.0,1.0,69184.2059966451,0.0,830210.4719597413,17760.0,62324.20599664509,0.0
ST_Reg4.00in,croston,0.98,5,True,-1.0,0.0,2024-12-01,1.0,1.0,69184.2059966451,0.0,830210.4719597413,17760.0,62324.20599664509,0.0
ST_Reg4.00in,croston,0.98,10,True,-1.0,0.0,2024-12-01,1.0,1.0,69184.2059966451,0.0,830210.4719597413,17760.0,62324.20599664509,0.0
ST_Reg4.00in,croston,0.98,20,True,-1.0,0.0,2024-12-01,1.0,1.0,69184.2059966451,0.0,830210.4719597413,17760.0,62324.20599664509,0.0
ST_Reg4.00in,croston,0.98,50,True,-1.0,0.0,2024-12-01,1.0,1.0,69184.2059966451,0.0,830210.4719597413,17760.0,62324.20599664509,0.0
ST_Reg4.00in,croston,0.98,10,False,-1.0,0.0,2024-12-01,1.0,1.0,69184.2059966451,0.0,830210.4719597413,17760.0,62324.20599664509,0.0
ST_Reg4.00in,hybrid,0.9,2,True,-1.0,0.0,2024-12-01,1.0,1.0,27574.0064772769,0.0,330888.0777273228,17760.0,20714.006477276896,0.0
ST_Reg4.00in,hybrid,0.9,5,True,-1.0,0.0,2024-12-01,1.0,1.0,27574.0064772769,0.0,330888.0777273228,17760.0,20714.006477276896,0.0
ST_Reg4.00in,hybrid,0.9,10,True,-1.0,0.0,2024-12-01,1.0,1.0,27574.0064772769,0.0,330888.0777273228,17760.0,20714.006477276896,0.0
ST_Reg4.00in,hybrid,0.9,20,True,-1.0,0.0,2024-12-01,1.0,1.0,27574.0064772769,0.0,330888.0777273228,17760.0,20714.006477276896,0.0
ST_Reg4.00in,hybrid,0.9,50,True,-1.0,0.0,2024-12-01,1.0,1.0,27574.0064772769,0.0,330888.0777273228,17760.0,20714.006477276896,0.0
ST_Reg4.00in,hybrid,0.9,10,False,-1.0,0.0,2024-12-01,1.0,1.0,27554.94973093142,0.0,330659.39677117707,17760.0,20694.949730931417,0.0
ST_Reg4.00in,hybrid,0.95,2,True,-1.0,0.0,2024-12-01,1.0,1.0,31907.294976138324,0.0,382887.5397136599,17760.0,25047.29497613832,0.0
ST_Reg4.00in,hybrid,0.95,5,True,-1.0,0.0,2024-12-01,1.0,1.0,31907.294976138324,0.0,382887.5397136599,17760.0,25047.29497613832,0.0
ST_Reg4.00in,hybrid,0.95,10,True,-1.0,0.0,2024-12-01,1.0,1.0,31907.294976138324,0.0,382887.5397136599,17760.0,25047.29497613832,0.0
ST_Reg4.00in,hybrid,0.95,20,True,-1.0,0.0,2024-12-01,1.0,1.0,31907.294976138324,0.0,382887.5397136599,17760.0,25047.29497613832,0.0
ST_Reg4.00in,hybrid,0.95,50,True,-1.0,0.0,2024-12-01,1.0,1.0,31907.294976138324,0.0,382887.5397136599,17760.0,25047.29497613832,0.0
ST_Reg4.00in,hybrid,0.95,10,False,-1.0,0.0,2024-12-01,1.0,1.0,31900.197145861235,0.0,382802.3657503348,17760.0,25040.19714586124,0.0
ST_Reg4.00in,hybrid,0.98,2,True,-1.0,0.0,2024-12-01,1.0,1.0,43137.43078217893,0.0,517649.1693861472,17760.0,36277.430782178926,0.0
ST_Reg4.00in,hybrid,0.98,5,True,-1.0,0.0,2024-12-01,1.0,1.0,43137.43078217893,0.0,517649.1693861472,17760.0,36277.430782178926,0.0
ST_Reg4.00in,hybrid,0.98,10,True,-1.0,0.0,2024-12-01,1.0,1.0,43137.43078217893,0.0,517649.1693861472,17760.0,36277.430782178926,0.0
ST_Reg4.00in,hybrid,0.98,20,True,-1.0,0.0,2024-12-01,1.0,1.0,43137.43078217893,0.0,517649.1693861472,17760.0,36277.430782178926,0.0
ST_Reg4.00in,hybrid,0.98,50,True,-1.0,0.0,2024-12-01,1.0,1.0,43137.43078217893,0.0,517649.1693861472,17760.0,36277.430782178926,0.0
ST_Reg4.00in,hybrid,0.98,10,False,-1.0,0.0,2024-12-01,1.0,1.0,43137.43078217893,0.0,517649.1693861472,17760.0,36277.430782178926,0.0
ST_Reg4.00in,mitra,0.9,2,True,-1.0,0.0,2024-12-01,1.0,1.0,6639.562295506762,0.0,79674.74754608114,17760.0,8867.895628840095,0.0
ST_Reg4.00in,mitra,0.9,5,True,-1.0,0.0,2024-12-01,1.0,1.0,6639.562295506762,0.0,79674.74754608114,17760.0,8867.895628840095,0.0
ST_Reg4.00in,mitra,0.9,10,True,-1.0,0.0,2024-12-01,1.0,1.0,6639.562295506762,0.0,79674.74754608114,17760.0,8867.895628840095,0.0
ST_Reg4.00in,mitra,0.9,20,True,-1.0,0.0,2024-12-01,1.0,1.0,6639.562295506762,0.0,79674.74754608114,17760.0,8867.895628840095,0.0
ST_Reg4.00in,mitra,0.9,50,True,-1.0,0.0,2024-12-01,1.0,1.0,6639.562295506762,0.0,79674.74754608114,17760.0,8867.895628840095,0.0
ST_Reg4.00in,mitra,0.9,10,False,-1.0,0.0,2024-12-01,1.0,1.0,6630.003516963402,0.0,79560.04220356082,17760.0,8863.43555367196,0.0
ST_Reg4.00in,mitra,0.95,2,True,-1.0,0.0,2024-12-01,1.0,1.0,8960.329681553581,0.0,107523.95617864298,17760.0,10668.663014886915,0.0
ST_Reg4.00in,mitra,0.95,5,True,-1.0,0.0,2024-12-01,1.0,1.0,8960.329681553581,0.0,107523.95617864298,17760.0,10668.663014886915,0.0
ST_Reg4.00in,mitra,0.95,10,True,-1.0,0.0,2024-12-01,1.0,1.0,8960.329681553581,0.0,107523.95617864298,17760.0,10668.663014886915,0.0
ST_Reg4.00in,mitra,0.95,20,True,-1.0,0.0,2024-12-01,1.0,1.0,8960.329681553581,0.0,107523.95617864298,17760.0,10668.663014886915,0.0
ST_Reg4.00in,mitra,0.95,50,True,-1.0,0.0,2024-12-01,1.0,1.0,8960.329681553581,0.0,107523.95617864298,17760.0,10668.663014886915,0.0
ST_Reg4.00in,mitra,0.95,10,False,-1.0,0.0,2024-12-01,1.0,1.0,8952.67845015587,0.0,107432.14140187044,17760.0,10657.853575401845,0.0
ST_Reg4.00in,mitra,0.98,2,True,-1.0,0.0,2024-12-01,1.0,1.0,11591.963888588927,0.0,139103.56666306712,17760.0,12690.297221922261,0.0
ST_Reg4.00in,mitra,0.98,5,True,-1.0,0.0,2024-12-01,1.0,1.0,11591.963888588927,0.0,139103.56666306712,17760.0,12690.297221922261,0.0
ST_Reg4.00in,mitra,0.98,10,True,-1.0,0.0,2024-12-01,1.0,1.0,11591.963888588927,0.0,139103.56666306712,17760.0,12690.297221922261,0.0
ST_Reg4.00in,mitra,0.98,20,True,-1.0,0.0,2024-12-01,1.0,1.0,11591.963888588927,0.0,139103.56666306712,17760.0,12690.297221922261,0.0
ST_Reg4.00in,mitra,0.98,50,True,-1.0,0.0,2024-12-01,1.0,1.0,11591.963888588927,0.0,139103.56666306712,17760.0,12690.297221922261,0.0
ST_Reg4.00in,mitra,0.98,10,False,-1.0,0.0,2024-12-01,1.0,1.0,11582.547624350656,0.0,138990.57149220788,17760.0,12677.00603145243,0.0
ST_Reg4.00in,naive,0.9,2,True,-1.0,0.0,2024-12-01,1.0,1.0,27104.45640573405,0.0,325253.4768688086,17760.0,37226.12307240072,0.0
ST_Reg4.00in,naive,0.9,5,True,-1.0,0.0,2024-12-01,1.0,1.0,27104.45640573405,0.0,325253.4768688086,17760.0,37226.12307240072,0.0
ST_Reg4.00in,naive,0.9,10,True,-1.0,0.0,2024-12-01,1.0,1.0,27104.45640573405,0.0,325253.4768688086,17760.0,37226.12307240072,0.0
ST_Reg4.00in,naive,0.9,20,True,-1.0,0.0,2024-12-01,1.0,1.0,27104.45640573405,0.0,325253.4768688086,17760.0,37226.12307240072,0.0
ST_Reg4.00in,naive,0.9,50,True,-1.0,0.0,2024-12-01,1.0,1.0,27104.45640573405,0.0,325253.4768688086,17760.0,37226.12307240072,0.0
ST_Reg4.00in,naive,0.9,10,False,-1.0,0.0,2024-12-01,1.0,1.0,27099.441878436308,0.0,325193.3025412357,17760.0,37224.405685647,0.0
ST_Reg4.00in,naive,0.95,2,True,-1.0,0.0,2024-12-01,1.0,1.0,32635.798877802696,0.0,391629.58653363236,17760.0,43830.7988778027,0.0
ST_Reg4.00in,naive,0.95,5,True,-1.0,0.0,2024-12-01,1.0,1.0,32635.798877802696,0.0,391629.58653363236,17760.0,43830.7988778027,0.0
ST_Reg4.00in,naive,0.95,10,True,-1.0,0.0,2024-12-01,1.0,1.0,32635.798877802696,0.0,391629.58653363236,17760.0,43830.7988778027,0.0
ST_Reg4.00in,naive,0.95,20,True,-1.0,0.0,2024-12-01,1.0,1.0,32635.798877802696,0.0,391629.58653363236,17760.0,43830.7988778027,0.0
ST_Reg4.00in,naive,0.95,50,True,-1.0,0.0,2024-12-01,1.0,1.0,32635.798877802696,0.0,391629.58653363236,17760.0,43830.7988778027,0.0
ST_Reg4.00in,naive,0.95,10,False,-1.0,0.0,2024-12-01,1.0,1.0,32632.69190530578,0.0,391592.30286366935,17760.0,43830.593720599834,0.0
ST_Reg4.00in,naive,0.98,2,True,-1.0,0.0,2024-12-01,1.0,1.0,38871.840631858104,0.0,466462.0875822973,17760.0,51281.84063185811,0.0
ST_Reg4.00in,naive,0.98,5,True,-1.0,0.0,2024-12-01,1.0,1.0,38871.840631858104,0.0,466462.0875822973,17760.0,51281.84063185811,0.0
ST_Reg4.00in,naive,0.98,10,True,-1.0,0.0,2024-12-01,1.0,1.0,38871.840631858104,0.0,466462.0875822973,17760.0,51281.84063185811,0.0
ST_Reg4.00in,naive,0.98,20,True,-1.0,0.0,2024-12-01,1.0,1.0,38871.840631858104,0.0,466462.0875822973,17760.0,51281.84063185811,0.0
ST_Reg4.00in,naive,0.98,50,True,-1.0,0.0,2024-12-01,1.0,1.0,38871.840631858104,0.0,466462.0875822973,17760.0,51281.84063185811,0.0
ST_Reg4.00in,naive,0.98,10,False,-1.0,0.0,2024-12-01,1.0,1.0,38858.930856542334,0.0,466307.17027850804,17760.0,51264.146345672,0.0
ST_Reg4.00in,rf,0.9,2,True,-1.0,0.0,2024-12-01,1.0,1.0,37500.940604975855,0.0,450011.28725971025,17760.0,30640.940604975855,0.0
ST_Reg4.00in,rf,0.9,5,True,-1.0,0.0,2024-12-01,1.0,1.0,37500.940604975855,0.0,450011.28725971025,17760.0,30640.940604975855,0.0
ST_Reg4.00in,rf,0.9,10,True,-1.0,0.0,2024-12-01,1.0,1.0,37500.940604975855,0.0,450011.28725971025,17760.0,30640.940604975855,0.0
ST_Reg4.00in,rf,0.9,20,True,-1.0,0.0,2024-12-01,1.0,1.0,37500.940604975855,0.0,450011.28725971025,17760.0,30640.940604975855,0.0
ST_Reg4.00in,rf,0.9,50,True,-1.0,0.0,2024-12-01,1.0,1.0,37500.940604975855,0.0,450011.28725971025,17760.0,30640.940604975855,0.0
ST_Reg4.00in,rf,0.9,10,False,-1.0,0.0,2024-12-01,1.0,1.0,37500.940604975855,0.0,450011.28725971025,17760.0,30640.940604975855,0.0
ST_Reg4.00in,rf,0.95,2,True,-1.0,0.0,2024-12-01,1.0,1.0,51957.93928302496,0.0,623495.2713962996,17760.0,45097.939283024956,0.0
ST_Reg4.00in,rf,0.95,5,True,-1.0,0.0,2024-12-01,1.0,1.0,51957.93928302496,0.0,623495.2713962996,17760.0,45097.939283024956,0.0
ST_Reg4.00in,rf,0.95,10,True,-1.0,0.0,2024-12-01,1.0,1.0,51957.93928302496,0.0,623495.2713962996,17760.0,45097.939283024956,0.0
ST_Reg4.00in,rf,0.95,20,True,-1.0,0.0,2024-12-01,1.0,1.0,51957.93928302496,0.0,623495.2713962996,17760.0,45097.939283024956,0.0
ST_Reg4.00in,rf,0.95,50,True,-1.0,0.0,2024-12-01,1.0,1.0,51957.93928302496,0.0,623495.2713962996,17760.0,45097.939283024956,0.0
ST_Reg4.00in,rf,0.95,10,False,-1.0,0.0,2024-12-01,1.0,1.0,51957.93928302496,0.0,623495.2713962996,17760.0,45097.939283024956,0.0
ST_Reg4.00in,rf,0.98,2,True,-1.0,0.0,2024-12-01,1.0,1.0,68225.544731928,0.0,818706.5367831361,17760.0,61365.54473192799,0.0
ST_Reg4.00in,rf,0.98,5,True,-1.0,0.0,2024-12-01,1.0,1.0,68225.544731928,0.0,818706.5367831361,17760.0,61365.54473192799,0.0
ST_Reg4.00in,rf,0.98,10,True,-1.0,0.0,2024-12-01,1.0,1.0,68225.544731928,0.0,818706.5367831361,17760.0,61365.54473192799,0.0
ST_Reg4.00in,rf,0.98,20,True,-1.0,0.0,2024-12-01,1.0,1.0,68225.544731928,0.0,818706.5367831361,17760.0,61365.54473192799,0.0
ST_Reg4.00in,rf,0.98,50,True,-1.0,0.0,2024-12-01,1.0,1.0,68225.544731928,0.0,818706.5367831361,17760.0,61365.54473192799,0.0
ST_Reg4.00in,rf,0.98,10,False,-1.0,0.0,2024-12-01,1.0,1.0,68225.544731928,0.0,818706.5367831361,17760.0,61365.54473192799,0.0
ST_Reg4.00in,sba,0.9,2,True,-1.0,0.0,2024-12-01,1.0,1.0,42113.32667818551,0.0,505359.9201382261,17760.0,35253.32667818552,0.0
ST_Reg4.00in,sba,0.9,5,True,-1.0,0.0,2024-12-01,1.0,1.0,42113.32667818551,0.0,505359.9201382261,17760.0,35253.32667818552,0.0
ST_Reg4.00in,sba,0.9,10,True,-1.0,0.0,2024-12-01,1.0,1.0,42113.32667818551,0.0,505359.9201382261,17760.0,35253.32667818552,0.0
ST_Reg4.00in,sba,0.9,20,True,-1.0,0.0,2024-12-01,1.0,1.0,42113.32667818551,0.0,505359.9201382261,17760.0,35253.32667818552,0.0
ST_Reg4.00in,sba,0.9,50,True,-1.0,0.0,2024-12-01,1.0,1.0,42113.32667818551,0.0,505359.9201382261,17760.0,35253.32667818552,0.0
ST_Reg4.00in,sba,0.9,10,False,-1.0,0.0,2024-12-01,1.0,1.0,42106.44513540256,0.0,505277.34162483073,17760.0,35246.445135402566,0.0
ST_Reg4.00in,sba,0.95,2,True,-1.0,0.0,2024-12-01,1.0,1.0,51351.966866314506,0.0,616223.6023957741,17760.0,44491.9668663145,0.0
ST_Reg4.00in,sba,0.95,5,True,-1.0,0.0,2024-12-01,1.0,1.0,51351.966866314506,0.0,616223.6023957741,17760.0,44491.9668663145,0.0
ST_Reg4.00in,sba,0.95,10,True,-1.0,0.0,2024-12-01,1.0,1.0,51351.966866314506,0.0,616223.6023957741,17760.0,44491.9668663145,0.0
ST_Reg4.00in,sba,0.95,20,True,-1.0,0.0,2024-12-01,1.0,1.0,51351.966866314506,0.0,616223.6023957741,17760.0,44491.9668663145,0.0
ST_Reg4.00in,sba,0.95,50,True,-1.0,0.0,2024-12-01,1.0,1.0,51351.966866314506,0.0,616223.6023957741,17760.0,44491.9668663145,0.0
ST_Reg4.00in,sba,0.95,10,False,-1.0,0.0,2024-12-01,1.0,1.0,51351.966866314506,0.0,616223.6023957741,17760.0,44491.9668663145,0.0
ST_Reg4.00in,sba,0.98,2,True,-1.0,0.0,2024-12-01,1.0,1.0,64223.19204910318,0.0,770678.3045892381,17760.0,57363.19204910316,0.0
ST_Reg4.00in,sba,0.98,5,True,-1.0,0.0,2024-12-01,1.0,1.0,64223.19204910318,0.0,770678.3045892381,17760.0,57363.19204910316,0.0
ST_Reg4.00in,sba,0.98,10,True,-1.0,0.0,2024-12-01,1.0,1.0,64223.19204910318,0.0,770678.3045892381,17760.0,57363.19204910316,0.0
ST_Reg4.00in,sba,0.98,20,True,-1.0,0.0,2024-12-01,1.0,1.0,64223.19204910318,0.0,770678.3045892381,17760.0,57363.19204910316,0.0
ST_Reg4.00in,sba,0.98,50,True,-1.0,0.0,2024-12-01,1.0,1.0,64223.19204910318,0.0,770678.3045892381,17760.0,57363.19204910316,0.0
ST_Reg4.00in,sba,0.98,10,False,-1.0,0.0,2024-12-01,1.0,1.0,64223.19204910318,0.0,770678.3045892381,17760.0,57363.19204910316,0.0
ST_Reg4.00in,ses,0.9,2,True,-1.0,0.0,2024-12-01,1.0,1.0,13910.174980542739,0.0,166922.09976651287,17760.0,16575.17498054274,0.0
ST_Reg4.00in,ses,0.9,5,True,-1.0,0.0,2024-12-01,1.0,1.0,13910.174980542739,0.0,166922.09976651287,17760.0,16575.17498054274,0.0
ST_Reg4.00in,ses,0.9,10,True,-1.0,0.0,2024-12-01,1.0,1.0,13910.174980542739,0.0,166922.09976651287,17760.0,16575.17498054274,0.0
ST_Reg4.00in,ses,0.9,20,True,-1.0,0.0,2024-12-01,1.0,1.0,13910.174980542739,0.0,166922.09976651287,17760.0,16575.17498054274,0.0
ST_Reg4.00in,ses,0.9,50,True,-1.0,0.0,2024-12-01,1.0,1.0,13910.174980542739,0.0,166922.09976651287,17760.0,16575.17498054274,0.0
ST_Reg4.00in,ses,0.9,10,False,-1.0,0.0,2024-12-01,1.0,1.0,13901.100389792971,0.0,166813.20467751566,17760.0,16555.435946187186,0.0
ST_Reg4.00in,ses,0.95,2,True,-1.0,0.0,2024-12-01,1.0,1.0,17468.715836984407,0.0,209624.59004381287,17760.0,19268.71583698441,0.0
ST_Reg4.00in,ses,0.95,5,True,-1.0,0.0,2024-12-01,1.0,1.0,17468.715836984407,0.0,209624.59004381287,17760.0,19268.71583698441,0.0
ST_Reg4.00in,ses,0.95,10,True,-1.0,0.0,2024-12-01,1.0,1.0,17468.715836984407,0.0,209624.59004381287,17760.0,19268.71583698441,0.0
ST_Reg4.00in,ses,0.95,20,True,-1.0,0.0,2024-12-01,1.0,1.0,17468.715836984407,0.0,209624.59004381287,17760.0,19268.71583698441,0.0
ST_Reg4.00in,ses,0.95,50,True,-1.0,0.0,2024-12-01,1.0,1.0,17468.715836984407,0.0,209624.59004381287,17760.0,19268.71583698441,0.0
ST_Reg4.00in,ses,0.95,10,False,-1.0,0.0,2024-12-01,1.0,1.0,17461.50975945856,0.0,209538.11711350273,17760.0,19268.238187577466,0.0
ST_Reg4.00in,ses,0.98,2,True,-1.0,0.0,2024-12-01,1.0,1.0,26475.24350588987,0.0,317702.92207067844,17760.0,22328.5768392232,0.0
ST_Reg4.00in,ses,0.98,5,True,-1.0,0.0,2024-12-01,1.0,1.0,26475.24350588987,0.0,317702.92207067844,17760.0,22328.5768392232,0.0
ST_Reg4.00in,ses,0.98,10,True,-1.0,0.0,2024-12-01,1.0,1.0,26475.24350588987,0.0,317702.92207067844,17760.0,22328.5768392232,0.0
ST_Reg4.00in,ses,0.98,20,True,-1.0,0.0,2024-12-01,1.0,1.0,26475.24350588987,0.0,317702.92207067844,17760.0,22328.5768392232,0.0
ST_Reg4.00in,ses,0.98,50,True,-1.0,0.0,2024-12-01,1.0,1.0,26475.24350588987,0.0,317702.92207067844,17760.0,22328.5768392232,0.0
ST_Reg4.00in,ses,0.98,10,False,-1.0,0.0,2024-12-01,1.0,1.0,26474.594942750464,0.0,317695.13931300555,17760.0,22320.794081550343,0.0
ST_Reg4.00in,tsb,0.9,2,True,-1.0,0.0,2024-12-01,1.0,1.0,52484.472104708955,0.0,629813.6652565075,17760.0,45624.472104708955,0.0
ST_Reg4.00in,tsb,0.9,5,True,-1.0,0.0,2024-12-01,1.0,1.0,52484.472104708955,0.0,629813.6652565075,17760.0,45624.472104708955,0.0
ST_Reg4.00in,tsb,0.9,10,True,-1.0,0.0,2024-12-01,1.0,1.0,52484.472104708955,0.0,629813.6652565075,17760.0,45624.472104708955,0.0
ST_Reg4.00in,tsb,0.9,20,True,-1.0,0.0,2024-12-01,1.0,1.0,52484.472104708955,0.0,629813.6652565075,17760.0,45624.472104708955,0.0
ST_Reg4.00in,tsb,0.9,50,True,-1.0,0.0,2024-12-01,1.0,1.0,52484.472104708955,0.0,629813.6652565075,17760.0,45624.472104708955,0.0
ST_Reg4.00in,tsb,0.9,10,False,-1.0,0.0,2024-12-01,1.0,1.0,52484.472104708955,0.0,629813.6652565075,17760.0,45624.472104708955,0.0
ST_Reg4.00in,tsb,0.95,2,True,-1.0,0.0,2024-12-01,1.0,1.0,67857.49070112802,0.0,814289.8884135361,17760.0,60997.490701128,0.0
ST_Reg4.00in,tsb,0.95,5,True,-1.0,0.0,2024-12-01,1.0,1.0,67857.49070112802,0.0,814289.8884135361,17760.0,60997.490701128,0.0
ST_Reg4.00in,tsb,0.95,10,True,-1.0,0.0,2024-12-01,1.0,1.0,67857.49070112802,0.0,814289.8884135361,17760.0,60997.490701128,0.0
ST_Reg4.00in,tsb,0.95,20,True,-1.0,0.0,2024-12-01,1.0,1.0,67857.49070112802,0.0,814289.8884135361,17760.0,60997.490701128,0.0
ST_Reg4.00in,tsb,0.95,50,True,-1.0,0.0,2024-12-01,1.0,1.0,67857.49070112802,0.0,814289.8884135361,17760.0,60997.490701128,0.0
ST_Reg4.00in,tsb,0.95,10,False,-1.0,0.0,2024-12-01,1.0,1.0,67857.49070112802,0.0,814289.8884135361,17760.0,60997.490701128,0.0
ST_Reg4.00in,tsb,0.98,2,True,-1.0,0.0,2024-12-01,1.0,1.0,85155.83917956486,0.0,1021870.0701547783,17760.0,78295.83917956486,0.0
ST_Reg4.00in,tsb,0.98,5,True,-1.0,0.0,2024-12-01,1.0,1.0,85155.83917956486,0.0,1021870.0701547783,17760.0,78295.83917956486,0.0
ST_Reg4.00in,tsb,0.98,10,True,-1.0,0.0,2024-12-01,1.0,1.0,85155.83917956486,0.0,1021870.0701547783,17760.0,78295.83917956486,0.0
ST_Reg4.00in,tsb,0.98,20,True,-1.0,0.0,2024-12-01,1.0,1.0,85155.83917956486,0.0,1021870.0701547783,17760.0,78295.83917956486,0.0
ST_Reg4.00in,tsb,0.98,50,True,-1.0,0.0,2024-12-01,1.0,1.0,85155.83917956486,0.0,1021870.0701547783,17760.0,78295.83917956486,0.0
ST_Reg4.00in,tsb,0.98,10,False,-1.0,0.0,2024-12-01,1.0,1.0,85155.83917956486,0.0,1021870.0701547783,17760.0,78295.83917956486,0.0
ST_Reg4.00in,xgb,0.9,2,True,-1.0,0.0,2024-12-01,1.0,1.0,4728.696079933198,0.0,56744.35295919838,17760.0,8227.029413266533,780.0
ST_Reg4.00in,xgb,0.9,5,True,-1.0,0.0,2024-12-01,1.0,1.0,4728.696079933198,0.0,56744.35295919838,17760.0,8227.029413266533,780.0
ST_Reg4.00in,xgb,0.9,10,True,-1.0,0.0,2024-12-01,1.0,1.0,4728.696079933198,0.0,56744.35295919838,17760.0,8227.029413266533,780.0
ST_Reg4.00in,xgb,0.9,20,True,-1.0,0.0,2024-12-01,1.0,1.0,4728.696079933198,0.0,56744.35295919838,17760.0,8227.029413266533,780.0
ST_Reg4.00in,xgb,0.9,50,True,-1.0,0.0,2024-12-01,1.0,1.0,4728.696079933198,0.0,56744.35295919838,17760.0,8227.029413266533,780.0
ST_Reg4.00in,xgb,0.9,10,False,-1.0,0.0,2024-12-01,1.0,1.0,4717.442628304995,0.0,56609.311539659946,17760.0,8215.699614178486,777.4391150907486
ST_Reg4.00in,xgb,0.95,2,True,-1.0,0.0,2024-12-01,1.0,1.0,7573.126167589765,0.0,90877.51401107718,17760.0,10933.126167589762,580.0
ST_Reg4.00in,xgb,0.95,5,True,-1.0,0.0,2024-12-01,1.0,1.0,7573.126167589765,0.0,90877.51401107718,17760.0,10933.126167589762,580.0
ST_Reg4.00in,xgb,0.95,10,True,-1.0,0.0,2024-12-01,1.0,1.0,7573.126167589765,0.0,90877.51401107718,17760.0,10933.126167589762,580.0
ST_Reg4.00in,xgb,0.95,20,True,-1.0,0.0,2024-12-01,1.0,1.0,7573.126167589765,0.0,90877.51401107718,17760.0,10933.126167589762,580.0
ST_Reg4.00in,xgb,0.95,50,True,-1.0,0.0,2024-12-01,1.0,1.0,7573.126167589765,0.0,90877.51401107718,17760.0,10933.126167589762,580.0
ST_Reg4.00in,xgb,0.95,10,False,-1.0,0.0,2024-12-01,1.0,1.0,7561.8550510049,0.0,90742.2606120588,17760.0,10932.712021976527,575.6604982470326
ST_Reg4.00in,xgb,0.98,2,True,-1.0,0.0,2024-12-01,1.0,1.0,10775.381474959255,0.0,129304.57769951105,17760.0,14005.381474959253,340.0
ST_Reg4.00in,xgb,0.98,5,True,-1.0,0.0,2024-12-01,1.0,1.0,10775.381474959255,0.0,129304.57769951105,17760.0,14005.381474959253,340.0
ST_Reg4.00in,xgb,0.98,10,True,-1.0,0.0,2024-12-01,1.0,1.0,10775.381474959255,0.0,129304.57769951105,17760.0,14005.381474959253,340.0
ST_Reg4.00in,xgb,0.98,20,True,-1.0,0.0,2024-12-01,1.0,1.0,10775.381474959255,0.0,129304.57769951105,17760.0,14005.381474959253,340.0
ST_Reg4.00in,xgb,0.98,50,True,-1.0,0.0,2024-12-01,1.0,1.0,10775.381474959255,0.0,129304.57769951105,17760.0,14005.381474959253,340.0
ST_Reg4.00in,xgb,0.98,10,False,-1.0,0.0,2024-12-01,1.0,1.0,10762.504096971656,0.0,129150.04916365986,17760.0,13990.005367167387,348.61095636508617
ST_Reg6.00in,arima,0.9,2,True,-1.0,0.0,2024-12-01,0.8821011531354375,0.8333333333333334,1365.4097699809618,66.02335424415499,17969.47774163126,6720.0,2507.71974907014,240.0
ST_Reg6.00in,arima,0.9,5,True,-1.0,0.0,2024-12-01,0.8821011531354375,0.8333333333333334,1365.4097699809618,66.02335424415499,20346.31849442084,6720.0,2507.71974907014,240.0
ST_Reg6.00in,arima,0.9,10,True,-1.0,0.0,2024-12-01,0.8821011531354375,0.8333333333333334,1365.4097699809618,66.02335424415499,24307.71974907014,6720.0,2507.71974907014,240.0
ST_Reg6.00in,arima,0.9,20,True,-1.0,0.0,2024-12-01,0.8821011531354375,0.8333333333333334,1365.4097699809618,66.02335424415499,32230.52225836874,6720.0,2507.71974907014,240.0
ST_Reg6.00in,arima,0.9,50,True,-1.0,0.0,2024-12-01,0.8821011531354375,0.8333333333333334,1365.4097699809618,66.02335424415499,55998.92978626453,6720.0,2507.71974907014,240.0
ST_Reg6.00in,arima,0.9,10,False,-1.0,0.0,2024-12-01,0.8795383671107027,0.8333333333333334,1356.7764631300377,67.45851441800649,24376.33928772123,6720.0,2500.5180967856722,241.1704249605209
ST_Reg6.00in,arima,0.95,2,True,-1.0,0.0,2024-12-01,0.9575377409925134,0.8333333333333334,1850.099151180549,23.778865044192496,22771.88257522721,6720.0,3054.65361946969,260.0
ST_Reg6.00in,arima,0.95,5,True,-1.0,0.0,2024-12-01,0.9575377409925134,0.8333333333333334,1850.099151180549,23.778865044192496,23627.92171681814,6720.0,3054.65361946969,260.0
ST_Reg6.00in,arima,0.95,10,True,-1.0,0.0,2024-12-01,0.9575377409925134,0.8333333333333334,1850.099151180549,23.778865044192496,25054.65361946969,6720.0,3054.65361946969,260.0
ST_Reg6.00in,arima,0.95,20,True,-1.0,0.0,2024-12-01,0.9575377409925134,0.8333333333333334,1850.099151180549,23.778865044192496,27908.117424772787,6720.0,3054.65361946969,260.0
ST_Reg6.00in,arima,0.95,50,True,-1.0,0.0,2024-12-01,0.9575377409925134,0.8333333333333334,1850.099151180549,23.778865044192496,36468.50884068209,6720.0,3054.65361946969,260.0
ST_Reg6.00in,arima,0.95,10,False,-1.0,0.0,2024-12-01,0.9563416968818691,0.8333333333333334,1839.2539770609885,24.448649746153365,25004.885694270266,6720.0,3054.5074348541175,256.3659054097079
ST_Reg6.00in,arima,0.98,2,True,-1.0,0.0,2024-12-01,1.0,1.0,2417.5522327901854,0.0,29010.626793482224,6720.0,3692.5522327901854,260.0
ST_Reg6.00in,arima,0.98,5,True,-1.0,0.0,2024-12-01,1.0,1.0,2417.5522327901854,0.0,29010.626793482224,6720.0,3692.5522327901854,260.0
ST_Reg6.00in,arima,0.98,10,True,-1.0,0.0,2024-12-01,1.0,1.0,2417.5522327901854,0.0,29010.626793482224,6720.0,3692.5522327901854,260.0
ST_Reg6.00in,arima,0.98,20,True,-1.0,0.0,2024-12-01,1.0,1.0,2417.5522327901854,0.0,29010.626793482224,6720.0,3692.5522327901854,260.0
ST_Reg6.00in,arima,0.98,50,True,-1.0,0.0,2024-12-01,1.0,1.0,2417.5522327901854,0.0,29010.626793482224,6720.0,3692.5522327901854,260.0
ST_Reg6.00in,arima,0.98,10,False,-1.0,0.0,2024-12-01,1.0,1.0,2406.1051907137517,0.0,28873.26228856502,6720.0,3677.8788672856626,273.46448071283976
ST_Reg6.00in,croston,0.9,2,True,-1.0,0.0,2024-12-01,0.864688218064922,0.8333333333333334,1324.8127566132525,75.7745978836437,17716.343428566477,6720.0,2630.7048253962757,220.0
ST_Reg6.00in,croston,0.9,5,True,-1.0,0.0,2024-12-01,0.864688218064922,0.8333333333333334,1324.8127566132525,75.7745978836437,20444.228952377653,6720.0,2630.7048253962757,220.0
ST_Reg6.00in,croston,0.9,10,True,-1.0,0.0,2024-12-01,0.864688218064922,0.8333333333333334,1324.8127566132525,75.7745978836437,24990.70482539627,6720.0,2630.7048253962757,220.0
ST_Reg6.00in,croston,0.9,20,True,-1.0,0.0,2024-12-01,0.864688218064922,0.8333333333333334,1324.8127566132525,75.7745978836437,34083.656571433516,6720.0,2630.7048253962757,220.0
ST_Reg6.00in,croston,0.9,50,True,-1.0,0.0,2024-12-01,0.864688218064922,0.8333333333333334,1324.8127566132525,75.7745978836437,61362.51180954525,6720.0,2630.7048253962757,220.0
ST_Reg6.00in,croston,0.9,10,False,-1.0,0.0,2024-12-01,0.8632146764245585,0.8333333333333334,1316.730227582683,76.59978120224726,24992.736475261867,6720.0,2628.7308033234326,217.18670869977404
ST_Reg6.00in,croston,0.95,2,True,-1.0,0.0,2024-12-01,0.9382140020908551,0.8333333333333334,1802.7315862130015,34.600158829121106,22463.182846454925,6720.0,3204.7980940505468,240.0
ST_Reg6.00in,croston,0.95,5,True,-1.0,0.0,2024-12-01,0.9382140020908551,0.8333333333333334,1802.7315862130015,34.600158829121106,23708.788564303282,6720.0,3204.7980940505468,240.0
ST_Reg6.00in,croston,0.95,10,True,-1.0,0.0,2024-12-01,0.9382140020908551,0.8333333333333334,1802.7315862130015,34.600158829121106,25784.79809405055,6720.0,3204.7980940505468,240.0
ST_Reg6.00in,croston,0.95,20,True,-1.0,0.0,2024-12-01,0.9382140020908551,0.8333333333333334,1802.7315862130015,34.600158829121106,29936.817153545082,6720.0,3204.7980940505468,240.0
ST_Reg6.00in,croston,0.95,50,True,-1.0,0.0,2024-12-01,0.9382140020908551,0.8333333333333334,1802.7315862130015,34.600158829121106,42392.874332028674,6720.0,3204.7980940505468,240.0
ST_Reg6.00in,croston,0.95,10,False,-1.0,0.0,2024-12-01,0.93592672845742,0.8333333333333334,1796.9683615754268,35.88103206384483,25869.3441865665,6720.0,3199.4328099764916,232.93114888812943
ST_Reg6.00in,croston,0.98,2,True,-1.0,0.0,2024-12-01,1.0,1.0,2361.5812711104577,0.0,28338.975253325494,6720.0,3848.247937777125,260.0
ST_Reg6.00in,croston,0.98,5,True,-1.0,0.0,2024-12-01,1.0,1.0,2361.5812711104577,0.0,28338.975253325494,6720.0,3848.247937777125,260.0
ST_Reg6.00in,croston,0.98,10,True,-1.0,0.0,2024-12-01,1.0,1.0,2361.5812711104577,0.0,28338.975253325494,6720.0,3848.247937777125,260.0
ST_Reg6.00in,croston,0.98,20,True,-1.0,0.0,2024-12-01,1.0,1.0,2361.5812711104577,0.0,28338.975253325494,6720.0,3848.247937777125,260.0
ST_Reg6.00in,croston,0.98,50,True,-1.0,0.0,2024-12-01,1.0,1.0,2361.5812711104577,0.0,28338.975253325494,6720.0,3848.247937777125,260.0
ST_Reg6.00in,croston,0.98,10,False,-1.0,0.0,2024-12-01,1.0,1.0,2347.2892943450893,0.0,28167.471532141073,6720.0,3841.6100197749256,250.64743611356062
ST_Reg6.00in,hybrid,0.9,2,True,-1.0,0.0,2024-12-01,1.0,1.0,12750.39230981052,0.0,153004.70771772624,6720.0,11825.392309810519,0.0
ST_Reg6.00in,hybrid,0.9,5,True,-1.0,0.0,2024-12-01,1.0,1.0,12750.39230981052,0.0,153004.70771772624,6720.0,11825.392309810519,0.0
ST_Reg6.00in,hybrid,0.9,10,True,-1.0,0.0,2024-12-01,1.0,1.0,12750.39230981052,0.0,153004.70771772624,6720.0,11825.392309810519,0.0
ST_Reg6.00in,hybrid,0.9,20,True,-1.0,0.0,2024-12-01,1.0,1.0,12750.39230981052,0.0,153004.70771772624,6720.0,11825.392309810519,0.0
ST_Reg6.00in,hybrid,0.9,50,True,-1.0,0.0,2024-12-01,1.0,1.0,12750.39230981052,0.0,153004.70771772624,6720.0,11825.392309810519,0.0
ST_Reg6.00in,hybrid,0.9,10,False,-1.0,0.0,2024-12-01,1.0,1.0,12732.764800739476,0.0,152793.17760887372,6720.0,11807.401025124962,0.0
ST_Reg6.00in,hybrid,0.95,2,True,-1.0,0.0,2024-12-01,1.0,1.0,14243.674222487241,0.0,170924.0906698469,6720.0,14347.007555820575,0.0
ST_Reg6.00in,hybrid,0.95,5,True,-1.0,0.0,2024-12-01,1.0,1.0,14243.674222487241,0.0,170924.0906698469,6720.0,14347.007555820575,0.0
ST_Reg6.00in,hybrid,0.95,10,True,-1.0,0.0,2024-12-01,1.0,1.0,14243.674222487241,0.0,170924.0906698469,6720.0,14347.007555820575,0.0
ST_Reg6.00in,hybrid,0.95,20,True,-1.0,0.0,2024-12-01,1.0,1.0,14243.674222487241,0.0,170924.0906698469,6720.0,14347.007555820575,0.0
ST_Reg6.00in,hybrid,0.95,50,True,-1.0,0.0,2024-12-01,1.0,1.0,14243.674222487241,0.0,170924.0906698469,6720.0,14347.007555820575,0.0
ST_Reg6.00in,hybrid,0.95,10,False,-1.0,0.0,2024-12-01,1.0,1.0,14235.106721181526,0.0,170821.28065417832,6720.0,14333.014220503253,0.0
ST_Reg6.00in,hybrid,0.98,2,True,-1.0,0.0,2024-12-01,1.0,1.0,16050.828950174857,0.0,192609.94740209827,6720.0,17184.162283508187,0.0
ST_Reg6.00in,hybrid,0.98,5,True,-1.0,0.0,2024-12-01,1.0,1.0,16050.828950174857,0.0,192609.94740209827,6720.0,17184.162283508187,0.0
ST_Reg6.00in,hybrid,0.98,10,True,-1.0,0.0,2024-12-01,1.0,1.0,16050.828950174857,0.0,192609.94740209827,6720.0,17184.162283508187,0.0
ST_Reg6.00in,hybrid,0.98,20,True,-1.0,0.0,2024-12-01,1.0,1.0,16050.828950174857,0.0,192609.94740209827,6720.0,17184.162283508187,0.0
ST_Reg6.00in,hybrid,0.98,50,True,-1.0,0.0,2024-12-01,1.0,1.0,16050.828950174857,0.0,192609.94740209827,6720.0,17184.162283508187,0.0
ST_Reg6.00in,hybrid,0.98,10,False,-1.0,0.0,2024-12-01,1.0,1.0,16043.136357951238,0.0,192517.63629541485,6720.0,17174.937353645684,0.0
ST_Reg6.00in,mitra,0.9,2,True,-1.0,0.0,2024-12-01,0.9466703780648987,0.8333333333333334,1501.4895288797768,29.864588283656683,18734.62446536508,6720.0,2501.62494059612,80.0
ST_Reg6.00in,mitra,0.9,5,True,-1.0,0.0,2024-12-01,0.9466703780648987,0.8333333333333334,1501.4895288797768,29.864588283656683,19809.74964357672,6720.0,2501.62494059612,80.0
ST_Reg6.00in,mitra,0.9,10,True,-1.0,0.0,2024-12-01,0.9466703780648987,0.8333333333333334,1501.4895288797768,29.864588283656683,21601.62494059612,6720.0,2501.62494059612,80.0
ST_Reg6.00in,mitra,0.9,20,True,-1.0,0.0,2024-12-01,0.9466703780648987,0.8333333333333334,1501.4895288797768,29.864588283656683,25185.375534634924,6720.0,2501.62494059612,80.0
ST_Reg6.00in,mitra,0.9,50,True,-1.0,0.0,2024-12-01,0.9466703780648987,0.8333333333333334,1501.4895288797768,29.864588283656683,35936.62731675133,6720.0,2501.62494059612,80.0
ST_Reg6.00in,mitra,0.9,10,False,-1.0,0.0,2024-12-01,0.9438270927591536,0.8333333333333334,1493.9257831203242,31.456828054873995,21701.928764028773,6720.0,2490.3817481941373,78.99179524962165
ST_Reg6.00in,mitra,0.95,2,True,-1.0,0.0,2024-12-01,1.0,1.0,1981.467981262919,0.0,23777.615775155027,6720.0,2981.4679812629192,80.0
ST_Reg6.00in,mitra,0.95,5,True,-1.0,0.0,2024-12-01,1.0,1.0,1981.467981262919,0.0,23777.615775155027,6720.0,2981.4679812629192,80.0
ST_Reg6.00in,mitra,0.95,10,True,-1.0,0.0,2024-12-01,1.0,1.0,1981.467981262919,0.0,23777.615775155027,6720.0,2981.4679812629192,80.0
ST_Reg6.00in,mitra,0.95,20,True,-1.0,0.0,2024-12-01,1.0,1.0,1981.467981262919,0.0,23777.615775155027,6720.0,2981.4679812629192,80.0
ST_Reg6.00in,mitra,0.95,50,True,-1.0,0.0,2024-12-01,1.0,1.0,1981.467981262919,0.0,23777.615775155027,6720.0,2981.4679812629192,80.0
ST_Reg6.00in,mitra,0.95,10,False,-1.0,0.0,2024-12-01,1.0,1.0,1969.4845122142833,0.0,23633.8141465714,6720.0,2977.119957556598,74.9263451982697
ST_Reg6.00in,mitra,0.98,2,True,-1.0,0.0,2024-12-01,1.0,1.0,2553.882886367757,0.0,30646.59463641308,6720.0,3528.8828863677572,80.0
ST_Reg6.00in,mitra,0.98,5,True,-1.0,0.0,2024-12-01,1.0,1.0,2553.882886367757,0.0,30646.59463641308,6720.0,3528.8828863677572,80.0
ST_Reg6.00in,mitra,0.98,10,True,-1.0,0.0,2024-12-01,1.0,1.0,2553.882886367757,0.0,30646.59463641308,6720.0,3528.8828863677572,80.0
ST_Reg6.00in,mitra,0.98,20,True,-1.0,0.0,2024-12-01,1.0,1.0,2553.882886367757,0.0,30646.59463641308,6720.0,3528.8828863677572,80.0
ST_Reg6.00in,mitra,0.98,50,True,-1.0,0.0,2024-12-01,1.0,1.0,2553.882886367757,0.0,30646.59463641308,6720.0,3528.8828863677572,80.0
ST_Reg6.00in,mitra,0.98,10,False,-1.0,0.0,2024-12-01,1.0,1.0,2539.9991275802154,0.0,30479.989530962583,6720.0,3524.817672908578,70.35173473586156
ST_Reg6.00in,naive,0.9,2,True,-1.0,0.0,2024-12-01,1.0,1.0,8742.401549128077,0.0,104908.81858953692,6720.0,12692.401549128079,0.0
ST_Reg6.00in,naive,0.9,5,True,-1.0,0.0,2024-12-01,1.0,1.0,8742.401549128077,0.0,104908.81858953692,6720.0,12692.401549128079,0.0
ST_Reg6.00in,naive,0.9,10,True,-1.0,0.0,2024-12-01,1.0,1.0,8742.401549128077,0.0,104908.81858953692,6720.0,12692.401549128079,0.0
ST_Reg6.00in,naive,0.9,20,True,-1.0,0.0,2024-12-01,1.0,1.0,8742.401549128077,0.0,104908.81858953692,6720.0,12692.401549128079,0.0
ST_Reg6.00in,naive,0.9,50,True,-1.0,0.0,2024-12-01,1.0,1.0,8742.401549128077,0.0,104908.81858953692,6720.0,12692.401549128079,0.0
ST_Reg6.00in,naive,0.9,10,False,-1.0,0.0,2024-12-01,1.0,1.0,8733.294999242078,0.0,104799.53999090494,6720.0,12684.600498679807,0.0
ST_Reg6.00in,naive,0.95,2,True,-1.0,0.0,2024-12-01,1.0,1.0,10471.848711111717,0.0,125662.18453334061,6720.0,14523.515377778383,0.0
ST_Reg6.00in,naive,0.95,5,True,-1.0,0.0,2024-12-01,1.0,1.0,10471.848711111717,0.0,125662.18453334061,6720.0,14523.515377778383,0.0
ST_Reg6.00in,naive,0.95,10,True,-1.0,0.0,2024-12-01,1.0,1.0,10471.848711111717,0.0,125662.18453334061,6720.0,14523.515377778383,0.0
ST_Reg6.00in,naive,0.95,20,True,-1.0,0.0,2024-12-01,1.0,1.0,10471.848711111717,0.0,125662.18453334061,6720.0,14523.515377778383,0.0
ST_Reg6.00in,naive,0.95,50,True,-1.0,0.0,2024-12-01,1.0,1.0,10471.848711111717,0.0,125662.18453334061,6720.0,14523.515377778383,0.0
ST_Reg6.00in,naive,0.95,10,False,-1.0,0.0,2024-12-01,1.0,1.0,10460.58438222011,0.0,125527.01258664131,6720.0,14511.475780491895,0.0
ST_Reg6.00in,naive,0.98,2,True,-1.0,0.0,2024-12-01,1.0,1.0,12421.310129092019,0.0,149055.72154910423,6720.0,16586.31012909202,0.0
ST_Reg6.00in,naive,0.98,5,True,-1.0,0.0,2024-12-01,1.0,1.0,12421.310129092019,0.0,149055.72154910423,6720.0,16586.31012909202,0.0
ST_Reg6.00in,naive,0.98,10,True,-1.0,0.0,2024-12-01,1.0,1.0,12421.310129092019,0.0,149055.72154910423,6720.0,16586.31012909202,0.0
ST_Reg6.00in,naive,0.98,20,True,-1.0,0.0,2024-12-01,1.0,1.0,12421.310129092019,0.0,149055.72154910423,6720.0,16586.31012909202,0.0
ST_Reg6.00in,naive,0.98,50,True,-1.0,0.0,2024-12-01,1.0,1.0,12421.310129092019,0.0,149055.72154910423,6720.0,16586.31012909202,0.0
ST_Reg6.00in,naive,0.98,10,False,-1.0,0.0,2024-12-01,1.0,1.0,12404.20095189096,0.0,148850.4114226915,6720.0,16567.150471394132,0.0
ST_Reg6.00in,rf,0.9,2,True,-1.0,0.0,2024-12-01,1.0,1.0,3642.1173218136305,0.0,43705.40786176357,6720.0,7015.450655146964,0.0
ST_Reg6.00in,rf,0.9,5,True,-1.0,0.0,2024-12-01,1.0,1.0,3642.1173218136305,0.0,43705.40786176357,6720.0,7015.450655146964,0.0
ST_Reg6.00in,rf,0.9,10,True,-1.0,0.0,2024-12-01,1.0,1.0,3642.1173218136305,0.0,43705.40786176357,6720.0,7015.450655146964,0.0
ST_Reg6.00in,rf,0.9,20,True,-1.0,0.0,2024-12-01,1.0,1.0,3642.1173218136305,0.0,43705.40786176357,6720.0,7015.450655146964,0.0
ST_Reg6.00in,rf,0.9,50,True,-1.0,0.0,2024-12-01,1.0,1.0,3642.1173218136305,0.0,43705.40786176357,6720.0,7015.450655146964,0.0
ST_Reg6.00in,rf,0.9,10,False,-1.0,0.0,2024-12-01,1.0,1.0,3626.4308713054766,0.0,43517.17045566572,6720.0,6996.965266181857,0.0
ST_Reg6.00in,rf,0.95,2,True,-1.0,0.0,2024-12-01,1.0,1.0,4621.847608186049,0.0,55462.171298232584,6720.0,7508.514274852716,0.0
ST_Reg6.00in,rf,0.95,5,True,-1.0,0.0,2024-12-01,1.0,1.0,4621.847608186049,0.0,55462.171298232584,6720.0,7508.514274852716,0.0
ST_Reg6.00in,rf,0.95,10,True,-1.0,0.0,2024-12-01,1.0,1.0,4621.847608186049,0.0,55462.171298232584,6720.0,7508.514274852716,0.0
ST_Reg6.00in,rf,0.95,20,True,-1.0,0.0,2024-12-01,1.0,1.0,4621.847608186049,0.0,55462.171298232584,6720.0,7508.514274852716,0.0
ST_Reg6.00in,rf,0.95,50,True,-1.0,0.0,2024-12-01,1.0,1.0,4621.847608186049,0.0,55462.171298232584,6720.0,7508.514274852716,0.0
ST_Reg6.00in,rf,0.95,10,False,-1.0,0.0,2024-12-01,1.0,1.0,4618.227745448953,0.0,55418.73294538743,6720.0,7507.948095616835,0.0
ST_Reg6.00in,rf,0.98,2,True,-1.0,0.0,2024-12-01,1.0,1.0,6093.666787199843,0.0,73124.00144639812,6720.0,8098.666787199843,0.0
ST_Reg6.00in,rf,0.98,5,True,-1.0,0.0,2024-12-01,1.0,1.0,6093.666787199843,0.0,73124.00144639812,6720.0,8098.666787199843,0.0
ST_Reg6.00in,rf,0.98,10,True,-1.0,0.0,2024-12-01,1.0,1.0,6093.666787199843,0.0,73124.00144639812,6720.0,8098.666787199843,0.0
ST_Reg6.00in,rf,0.98,20,True,-1.0,0.0,2024-12-01,1.0,1.0,6093.666787199843,0.0,73124.00144639812,6720.0,8098.666787199843,0.0
ST_Reg6.00in,rf,0.98,50,True,-1.0,0.0,2024-12-01,1.0,1.0,6093.666787199843,0.0,73124.00144639812,6720.0,8098.666787199843,0.0
ST_Reg6.00in,rf,0.98,10,False,-1.0,0.0,2024-12-01,1.0,1.0,6090.977709786926,0.0,73091.73251744312,6720.0,8082.926847813422,0.0
ST_Reg6.00in,sba,0.9,2,True,-1.0,0.0,2024-12-01,0.8572499952114002,0.8333333333333334,1255.6599705022254,79.94000268161585,16986.479710385487,6720.0,2600.71996782061,260.0
ST_Reg6.00in,sba,0.9,5,True,-1.0,0.0,2024-12-01,0.8572499952114002,0.8333333333333334,1255.6599705022254,79.94000268161585,19864.319806923657,6720.0,2600.71996782061,260.0
ST_Reg6.00in,sba,0.9,10,True,-1.0,0.0,2024-12-01,0.8572499952114002,0.8333333333333334,1255.6599705022254,79.94000268161585,24660.71996782061,6720.0,2600.71996782061,260.0
ST_Reg6.00in,sba,0.9,20,True,-1.0,0.0,2024-12-01,0.8572499952114002,0.8333333333333334,1255.6599705022254,79.94000268161585,34253.520289614506,6720.0,2600.71996782061,260.0
ST_Reg6.00in,sba,0.9,50,True,-1.0,0.0,2024-12-01,0.8572499952114002,0.8333333333333334,1255.6599705022254,79.94000268161585,63031.92125499622,6720.0,2600.71996782061,260.0
ST_Reg6.00in,sba,0.9,10,False,-1.0,0.0,2024-12-01,0.8559650799068019,0.8333333333333334,1251.6245280543171,80.6595552521909,24698.640966914714,6720.0,2597.666269824775,260.543584947774
ST_Reg6.00in,sba,0.95,2,True,-1.0,0.0,2024-12-01,0.9316022500714004,0.8333333333333334,1752.0031937731603,38.30273996001574,21943.304084318304,6720.0,3200.367120479811,260.0
ST_Reg6.00in,sba,0.95,5,True,-1.0,0.0,2024-12-01,0.9316022500714004,0.8333333333333334,1752.0031937731603,38.30273996001574,23322.20272287887,6720.0,3200.367120479811,260.0
ST_Reg6.00in,sba,0.95,10,True,-1.0,0.0,2024-12-01,0.9316022500714004,0.8333333333333334,1752.0031937731603,38.30273996001574,25620.367120479816,6720.0,3200.367120479811,260.0
ST_Reg6.00in,sba,0.95,20,True,-1.0,0.0,2024-12-01,0.9316022500714004,0.8333333333333334,1752.0031937731603,38.30273996001574,30216.695915681703,6720.0,3200.367120479811,260.0
ST_Reg6.00in,sba,0.95,50,True,-1.0,0.0,2024-12-01,0.9316022500714004,0.8333333333333334,1752.0031937731603,38.30273996001574,44005.682301287365,6720.0,3200.367120479811,260.0
ST_Reg6.00in,sba,0.95,10,False,-1.0,0.0,2024-12-01,0.9301593634378575,0.8333333333333334,1736.4052996244097,39.110756474799814,25530.154372468893,6720.0,3181.892750132625,277.26293616699695
ST_Reg6.00in,sba,0.98,2,True,-1.0,0.0,2024-12-01,1.0,1.0,2302.561604396907,0.0,27630.739252762884,6720.0,3847.5616043969076,300.0
ST_Reg6.00in,sba,0.98,5,True,-1.0,0.0,2024-12-01,1.0,1.0,2302.561604396907,0.0,27630.739252762884,6720.0,3847.5616043969076,300.0
ST_Reg6.00in,sba,0.98,10,True,-1.0,0.0,2024-12-01,1.0,1.0,2302.561604396907,0.0,27630.739252762884,6720.0,3847.5616043969076,300.0
ST_Reg6.00in,sba,0.98,20,True,-1.0,0.0,2024-12-01,1.0,1.0,2302.561604396907,0.0,27630.739252762884,6720.0,3847.5616043969076,300.0
ST_Reg6.00in,sba,0.98,50,True,-1.0,0.0,2024-12-01,1.0,1.0,2302.561604396907,0.0,27630.739252762884,6720.0,3847.5616043969076,300.0
ST_Reg6.00in,sba,0.98,10,False,-1.0,0.0,2024-12-01,1.0,1.0,2289.542075101306,0.0,27474.504901215674,6720.0,3839.288250132211,296.0762331073156
ST_Reg6.00in,ses,0.9,2,True,-1.0,0.0,2024-12-01,0.913532838311182,0.8333333333333334,1625.6956173302144,48.421610545738076,20670.466061060288,6720.0,2998.940673451143,120.0
ST_Reg6.00in,ses,0.9,5,True,-1.0,0.0,2024-12-01,0.913532838311182,0.8333333333333334,1625.6956173302144,48.421610545738076,22413.64404070686,6720.0,2998.940673451143,120.0
ST_Reg6.00in,ses,0.9,10,True,-1.0,0.0,2024-12-01,0.913532838311182,0.8333333333333334,1625.6956173302144,48.421610545738076,25318.940673451143,6720.0,2998.940673451143,120.0
ST_Reg6.00in,ses,0.9,20,True,-1.0,0.0,2024-12-01,0.913532838311182,0.8333333333333334,1625.6956173302144,48.421610545738076,31129.533938939712,6720.0,2998.940673451143,120.0
ST_Reg6.00in,ses,0.9,50,True,-1.0,0.0,2024-12-01,0.913532838311182,0.8333333333333334,1625.6956173302144,48.421610545738076,48561.31373540542,6720.0,2998.940673451143,120.0
ST_Reg6.00in,ses,0.9,10,False,-1.0,0.0,2024-12-01,0.9106061175047787,0.8333333333333334,1617.8624245133099,50.06057419732391,25421.617997838588,6720.0,2984.939327122315,115.55772073108028
ST_Reg6.00in,ses,0.95,2,True,-1.0,0.0,2024-12-01,0.9988488529075666,0.8333333333333334,2176.2422672439443,0.6446423717626809,26130.378623849636,6720.0,3612.264291538848,120.0
ST_Reg6.00in,ses,0.95,5,True,-1.0,0.0,2024-12-01,0.9988488529075666,0.8333333333333334,2176.2422672439443,0.6446423717626809,26153.58574923309,6720.0,3612.264291538848,120.0
ST_Reg6.00in,ses,0.95,10,True,-1.0,0.0,2024-12-01,0.9988488529075666,0.8333333333333334,2176.2422672439443,0.6446423717626809,26192.264291538853,6720.0,3612.264291538848,120.0
ST_Reg6.00in,ses,0.95,20,True,-1.0,0.0,2024-12-01,0.9988488529075666,0.8333333333333334,2176.2422672439443,0.6446423717626809,26269.621376150375,6720.0,3612.264291538848,120.0
ST_Reg6.00in,ses,0.95,50,True,-1.0,0.0,2024-12-01,0.9988488529075666,0.8333333333333334,2176.2422672439443,0.6446423717626809,26501.69262998494,6720.0,3612.264291538848,120.0
ST_Reg6.00in,ses,0.95,10,False,-1.0,0.0,2024-12-01,0.9977512783036578,0.8333333333333334,2169.0610473831907,1.25928414995163,26179.846666592483,6720.0,3609.669341293571,119.80631710458556
ST_Reg6.00in,ses,0.98,2,True,-1.0,0.0,2024-12-01,1.0,1.0,2860.695877209791,0.0,34328.35052651749,6720.0,4322.3625438764575,120.0
ST_Reg6.00in,ses,0.98,5,True,-1.0,0.0,2024-12-01,1.0,1.0,2860.695877209791,0.0,34328.35052651749,6720.0,4322.3625438764575,120.0
ST_Reg6.00in,ses,0.98,10,True,-1.0,0.0,2024-12-01,1.0,1.0,2860.695877209791,0.0,34328.35052651749,6720.0,4322.3625438764575,120.0
ST_Reg6.00in,ses,0.98,20,True,-1.0,0.0,2024-12-01,1.0,1.0,2860.695877209791,0.0,34328.35052651749,6720.0,4322.3625438764575,120.0
ST_Reg6.00in,ses,0.98,50,True,-1.0,0.0,2024-12-01,1.0,1.0,2860.695877209791,0.0,34328.35052651749,6720.0,4322.3625438764575,120.0
ST_Reg6.00in,ses,0.98,10,False,-1.0,0.0,2024-12-01,1.0,1.0,2846.508360841588,0.0,34158.100330099056,6720.0,4312.64107207587,124.58701128980192
ST_Reg6.00in,tsb,0.9,2,True,-1.0,0.0,2024-12-01,0.9102315476531948,0.8333333333333334,1750.359666877014,50.27033331421088,22210.804002065226,6720.0,3176.7560002294695,160.0
ST_Reg6.00in,tsb,0.9,5,True,-1.0,0.0,2024-12-01,0.9102315476531948,0.8333333333333334,1750.359666877014,50.27033331421088,24020.53600137682,6720.0,3176.7560002294695,160.0
ST_Reg6.00in,tsb,0.9,10,True,-1.0,0.0,2024-12-01,0.9102315476531948,0.8333333333333334,1750.359666877014,50.27033331421088,27036.75600022947,6720.0,3176.7560002294695,160.0
ST_Reg6.00in,tsb,0.9,20,True,-1.0,0.0,2024-12-01,0.9102315476531948,0.8333333333333334,1750.359666877014,50.27033331421088,33069.195997934774,6720.0,3176.7560002294695,160.0
ST_Reg6.00in,tsb,0.9,50,True,-1.0,0.0,2024-12-01,0.9102315476531948,0.8333333333333334,1750.359666877014,50.27033331421088,51166.51599105069,6720.0,3176.7560002294695,160.0
ST_Reg6.00in,tsb,0.9,10,False,-1.0,0.0,2024-12-01,0.9073631718908781,0.8333333333333334,1737.6504543538579,51.8766237411082,27077.00030117928,6720.0,3175.194503724644,149.0986038623114
ST_Reg6.00in,tsb,0.95,2,True,-1.0,0.0,2024-12-01,0.9895890170526934,0.8333333333333334,2272.5350117112584,5.830150450491677,27410.343751346903,6720.0,3830.0381945941,140.0
ST_Reg6.00in,tsb,0.95,5,True,-1.0,0.0,2024-12-01,0.9895890170526934,0.8333333333333334,2272.5350117112584,5.830150450491677,27620.2291675646,6720.0,3830.0381945941,140.0
ST_Reg6.00in,tsb,0.95,10,True,-1.0,0.0,2024-12-01,0.9895890170526934,0.8333333333333334,2272.5350117112584,5.830150450491677,27970.038194594104,6720.0,3830.0381945941,140.0
ST_Reg6.00in,tsb,0.95,20,True,-1.0,0.0,2024-12-01,0.9895890170526934,0.8333333333333334,2272.5350117112584,5.830150450491677,28669.656248653104,6720.0,3830.0381945941,140.0
ST_Reg6.00in,tsb,0.95,50,True,-1.0,0.0,2024-12-01,0.9895890170526934,0.8333333333333334,2272.5350117112584,5.830150450491677,30768.51041083011,6720.0,3830.0381945941,140.0
ST_Reg6.00in,tsb,0.95,10,False,-1.0,0.0,2024-12-01,0.9867971416497071,0.8333333333333334,2262.1562220943397,7.393600676164017,28033.10674627176,6720.0,3813.9610625801097,153.99642423973182
ST_Reg6.00in,tsb,0.98,2,True,-1.0,0.0,2024-12-01,1.0,1.0,2901.766135844476,0.0,34821.19363013371,6720.0,4545.099469177809,160.0
ST_Reg6.00in,tsb,0.98,5,True,-1.0,0.0,2024-12-01,1.0,1.0,2901.766135844476,0.0,34821.19363013371,6720.0,4545.099469177809,160.0
ST_Reg6.00in,tsb,0.98,10,True,-1.0,0.0,2024-12-01,1.0,1.0,2901.766135844476,0.0,34821.19363013371,6720.0,4545.099469177809,160.0
ST_Reg6.00in,tsb,0.98,20,True,-1.0,0.0,2024-12-01,1.0,1.0,2901.766135844476,0.0,34821.19363013371,6720.0,4545.099469177809,160.0
ST_Reg6.00in,tsb,0.98,50,True,-1.0,0.0,2024-12-01,1.0,1.0,2901.766135844476,0.0,34821.19363013371,6720.0,4545.099469177809,160.0
ST_Reg6.00in,tsb,0.98,10,False,-1.0,0.0,2024-12-01,1.0,1.0,2895.01205076378,0.0,34740.144609165356,6720.0,4532.727286802829,159.50765179351492
ST_Reg6.00in,xgb,0.9,2,True,-1.0,0.0,2024-12-01,0.898205081187233,0.8333333333333334,1074.609966780022,57.00515453514951,14263.443310203853,6720.0,2475.938145578206,880.0
ST_Reg6.00in,xgb,0.9,5,True,-1.0,0.0,2024-12-01,0.898205081187233,0.8333333333333334,1074.609966780022,57.00515453514951,16315.628873469235,6720.0,2475.938145578206,880.0
ST_Reg6.00in,xgb,0.9,10,True,-1.0,0.0,2024-12-01,0.898205081187233,0.8333333333333334,1074.609966780022,57.00515453514951,19735.938145578206,6720.0,2475.938145578206,880.0
ST_Reg6.00in,xgb,0.9,20,True,-1.0,0.0,2024-12-01,0.898205081187233,0.8333333333333334,1074.609966780022,57.00515453514951,26576.556689796147,6720.0,2475.938145578206,880.0
ST_Reg6.00in,xgb,0.9,50,True,-1.0,0.0,2024-12-01,0.898205081187233,0.8333333333333334,1074.609966780022,57.00515453514951,47098.41232244997,6720.0,2475.938145578206,880.0
ST_Reg6.00in,xgb,0.9,10,False,-1.0,0.0,2024-12-01,0.8962062968218011,0.8333333333333334,1065.53596865185,58.1244737797914,19761.36847739717,6720.0,2466.583936797187,873.4505042739224
ST_Reg6.00in,xgb,0.95,2,True,-1.0,0.0,2024-12-01,1.0,1.0,1885.9836609010197,0.0,22631.803930812235,6720.0,3409.3169942343534,880.0
ST_Reg6.00in,xgb,0.95,5,True,-1.0,0.0,2024-12-01,1.0,1.0,1885.9836609010197,0.0,22631.803930812235,6720.0,3409.3169942343534,880.0
ST_Reg6.00in,xgb,0.95,10,True,-1.0,0.0,2024-12-01,1.0,1.0,1885.9836609010197,0.0,22631.803930812235,6720.0,3409.3169942343534,880.0
ST_Reg6.00in,xgb,0.95,20,True,-1.0,0.0,2024-12-01,1.0,1.0,1885.9836609010197,0.0,22631.803930812235,6720.0,3409.3169942343534,880.0
ST_Reg6.00in,xgb,0.95,50,True,-1.0,0.0,2024-12-01,1.0,1.0,1885.9836609010197,0.0,22631.803930812235,6720.0,3409.3169942343534,880.0
ST_Reg6.00in,xgb,0.95,10,False,-1.0,0.0,2024-12-01,1.0,1.0,1875.9027294476616,0.0,22510.83275337194,6720.0,3389.5828190873117,883.8577370824323
ST_Reg6.00in,xgb,0.98,2,True,-1.0,0.0,2024-12-01,1.0,1.0,2862.7529241287466,0.0,34353.03508954496,6720.0,4429.419590795414,900.0
ST_Reg6.00in,xgb,0.98,5,True,-1.0,0.0,2024-12-01,1.0,1.0,2862.7529241287466,0.0,34353.03508954496,6720.0,4429.419590795414,900.0
ST_Reg6.00in,xgb,0.98,10,True,-1.0,0.0,2024-12-01,1.0,1.0,2862.7529241287466,0.0,34353.03508954496,6720.0,4429.419590795414,900.0
ST_Reg6.00in,xgb,0.98,20,True,-1.0,0.0,2024-12-01,1.0,1.0,2862.7529241287466,0.0,34353.03508954496,6720.0,4429.419590795414,900.0
ST_Reg6.00in,xgb,0.98,50,True,-1.0,0.0,2024-12-01,1.0,1.0,2862.7529241287466,0.0,34353.03508954496,6720.0,4429.419590795414,900.0
ST_Reg6.00in,xgb,0.98,10,False,-1.0,0.0,2024-12-01,1.0,1.0,2853.16454253466,0.0,34237.97451041592,6720.0,4428.17886389932,895.568380550967
ST_VA10cm,arima,0.9,2,True,-1.0,0.0,2024-12-01,,1.0,4940.0,0.0,59280.0,0.0,4940.0,0.0
ST_VA10cm,arima,0.9,5,True,-1.0,0.0,2024-12-01,,1.0,4940.0,0.0,59280.0,0.0,4940.0,0.0
ST_VA10cm,arima,0.9,10,True,-1.0,0.0,2024-12-01,,1.0,4940.0,0.0,59280.0,0.0,4940.0,0.0
ST_VA10cm,arima,0.9,20,True,-1.0,0.0,2024-12-01,,1.0,4940.0,0.0,59280.0,0.0,4940.0,0.0
ST_VA10cm,arima,0.9,50,True,-1.0,0.0,2024-12-01,,1.0,4940.0,0.0,59280.0,0.0,4940.0,0.0
ST_VA10cm,arima,0.9,10,False,-1.0,0.0,2024-12-01,,1.0,4928.297916975341,0.0,59139.575003704085,0.0,4928.297916975342,0.0
ST_VA10cm,arima,0.95,2,True,-1.0,0.0,2024-12-01,,1.0,5180.0,0.0,62160.0,0.0,5180.0,0.0
ST_VA10cm,arima,0.95,5,True,-1.0,0.0,2024-12-01,,1.0,5180.0,0.0,62160.0,0.0,5180.0,0.0
ST_VA10cm,arima,0.95,10,True,-1.0,0.0,2024-12-01,,1.0,5180.0,0.0,62160.0,0.0,5180.0,0.0
ST_VA10cm,arima,0.95,20,True,-1.0,0.0,2024-12-01,,1.0,5180.0,0.0,62160.0,0.0,5180.0,0.0
ST_VA10cm,arima,0.95,50,True,-1.0,0.0,2024-12-01,,1.0,5180.0,0.0,62160.0,0.0,5180.0,0.0
ST_VA10cm,arima,0.95,10,False,-1.0,0.0,2024-12-01,,1.0,5172.006965843044,0.0,62064.08359011653,0.0,5172.006965843044,0.0
ST_VA10cm,arima,0.98,2,True,-1.0,0.0,2024-12-01,,1.0,5640.0,0.0,67680.0,0.0,5640.0,0.0
ST_VA10cm,arima,0.98,5,True,-1.0,0.0,2024-12-01,,1.0,5640.0,0.0,67680.0,0.0,5640.0,0.0
ST_VA10cm,arima,0.98,10,True,-1.0,0.0,2024-12-01,,1.0,5640.0,0.0,67680.0,0.0,5640.0,0.0
ST_VA10cm,arima,0.98,20,True,-1.0,0.0,2024-12-01,,1.0,5640.0,0.0,67680.0,0.0,5640.0,0.0
ST_VA10cm,arima,0.98,50,True,-1.0,0.0,2024-12-01,,1.0,5640.0,0.0,67680.0,0.0,5640.0,0.0
ST_VA10cm,arima,0.98,10,False,-1.0,0.0,2024-12-01,,1.0,5637.184172706744,0.0,67646.21007248093,0.0,5637.184172706744,0.0
ST_VA10cm,croston,0.9,2,True,-1.0,0.0,2024-12-01,,1.0,15553.333333333334,0.0,186640.0,0.0,17120.0,0.0
ST_VA10cm,croston,0.9,5,True,-1.0,0.0,2024-12-01,,1.0,15553.333333333334,0.0,186640.0,0.0,17120.0,0.0
ST_VA10cm,croston,0.9,10,True,-1.0,0.0,2024-12-01,,1.0,15553.333333333334,0.0,186640.0,0.0,17120.0,0.0
ST_VA10cm,croston,0.9,20,True,-1.0,0.0,2024-12-01,,1.0,15553.333333333334,0.0,186640.0,0.0,17120.0,0.0
ST_VA10cm,croston,0.9,50,True,-1.0,0.0,2024-12-01,,1.0,15553.333333333334,0.0,186640.0,0.0,17120.0,0.0
ST_VA10cm,croston,0.9,10,False,-1.0,0.0,2024-12-01,,1.0,15545.279630023857,0.0,186543.3555602863,0.0,17112.0,0.0
ST_VA10cm,croston,0.95,2,True,-1.0,0.0,2024-12-01,,1.0,17833.333333333332,0.0,214000.0,0.0,19840.0,0.0
ST_VA10cm,croston,0.95,5,True,-1.0,0.0,2024-12-01,,1.0,17833.333333333332,0.0,214000.0,0.0,19840.0,0.0
ST_VA10cm,croston,0.95,10,True,-1.0,0.0,2024-12-01,,1.0,17833.333333333332,0.0,214000.0,0.0,19840.0,0.0
ST_VA10cm,croston,0.95,20,True,-1.0,0.0,2024-12-01,,1.0,17833.333333333332,0.0,214000.0,0.0,19840.0,0.0
ST_VA10cm,croston,0.95,50,True,-1.0,0.0,2024-12-01,,1.0,17833.333333333332,0.0,214000.0,0.0,19840.0,0.0
ST_VA10cm,croston,0.95,10,False,-1.0,0.0,2024-12-01,,1.0,17825.9054802015,0.0,213910.86576241802,0.0,19836.75,0.0
ST_VA10cm,croston,0.98,2,True,-1.0,0.0,2024-12-01,,1.0,20401.666666666668,0.0,244820.0,0.0,22920.0,0.0
ST_VA10cm,croston,0.98,5,True,-1.0,0.0,2024-12-01,,1.0,20401.666666666668,0.0,244820.0,0.0,22920.0,0.0
ST_VA10cm,croston,0.98,10,True,-1.0,0.0,2024-12-01,,1.0,20401.666666666668,0.0,244820.0,0.0,22920.0,0.0
ST_VA10cm,croston,0.98,20,True,-1.0,0.0,2024-12-01,,1.0,20401.666666666668,0.0,244820.0,0.0,22920.0,0.0
ST_VA10cm,croston,0.98,50,True,-1.0,0.0,2024-12-01,,1.0,20401.666666666668,0.0,244820.0,0.0,22920.0,0.0
ST_VA10cm,croston,0.98,10,False,-1.0,0.0,2024-12-01,,1.0,20392.158845333954,0.0,244705.90614400746,0.0,22902.75,0.0
ST_VA10cm,hybrid,0.9,2,True,-1.0,0.0,2024-12-01,,1.0,4680.861111666656,0.0,56170.333339999874,0.0,5555.861111666655,0.0
ST_VA10cm,hybrid,0.9,5,True,-1.0,0.0,2024-12-01,,1.0,4680.861111666656,0.0,56170.333339999874,0.0,5555.861111666655,0.0
ST_VA10cm,hybrid,0.9,10,True,-1.0,0.0,2024-12-01,,1.0,4680.861111666656,0.0,56170.333339999874,0.0,5555.861111666655,0.0
ST_VA10cm,hybrid,0.9,20,True,-1.0,0.0,2024-12-01,,1.0,4680.861111666656,0.0,56170.333339999874,0.0,5555.861111666655,0.0
ST_VA10cm,hybrid,0.9,50,True,-1.0,0.0,2024-12-01,,1.0,4680.861111666656,0.0,56170.333339999874,0.0,5555.861111666655,0.0
ST_VA10cm,hybrid,0.9,10,False,-1.0,0.0,2024-12-01,,1.0,4672.126287889083,0.0,56065.515454668996,0.0,5544.814341068713,0.0
ST_VA10cm,hybrid,0.95,2,True,-1.0,0.0,2024-12-01,,1.0,5181.459807198348,0.0,62177.517686380175,0.0,6021.459807198347,0.0
ST_VA10cm,hybrid,0.95,5,True,-1.0,0.0,2024-12-01,,1.0,5181.459807198348,0.0,62177.517686380175,0.0,6021.459807198347,0.0
ST_VA10cm,hybrid,0.95,10,True,-1.0,0.0,2024-12-01,,1.0,5181.459807198348,0.0,62177.517686380175,0.0,6021.459807198347,0.0
ST_VA10cm,hybrid,0.95,20,True,-1.0,0.0,2024-12-01,,1.0,5181.459807198348,0.0,62177.517686380175,0.0,6021.459807198347,0.0
ST_VA10cm,hybrid,0.95,50,True,-1.0,0.0,2024-12-01,,1.0,5181.459807198348,0.0,62177.517686380175,0.0,6021.459807198347,0.0
ST_VA10cm,hybrid,0.95,10,False,-1.0,0.0,2024-12-01,,1.0,5169.669508575738,0.0,62036.03410290886,0.0,6011.81752117878,0.0
ST_VA10cm,hybrid,0.98,2,True,-1.0,0.0,2024-12-01,,1.0,5737.904196775434,0.0,68854.8503613052,0.0,6542.904196775435,0.0
ST_VA10cm,hybrid,0.98,5,True,-1.0,0.0,2024-12-01,,1.0,5737.904196775434,0.0,68854.8503613052,0.0,6542.904196775435,0.0
ST_VA10cm,hybrid,0.98,10,True,-1.0,0.0,2024-12-01,,1.0,5737.904196775434,0.0,68854.8503613052,0.0,6542.904196775435,0.0
ST_VA10cm,hybrid,0.98,20,True,-1.0,0.0,2024-12-01,,1.0,5737.904196775434,0.0,68854.8503613052,0.0,6542.904196775435,0.0
ST_VA10cm,hybrid,0.98,50,True,-1.0,0.0,2024-12-01,,1.0,5737.904196775434,0.0,68854.8503613052,0.0,6542.904196775435,0.0
ST_VA10cm,hybrid,0.98,10,False,-1.0,0.0,2024-12-01,,1.0,5729.525464030471,0.0,68754.30556836566,0.0,6537.30857548375,0.0
ST_VA10cm,mitra,0.9,2,True,-1.0,0.0,2024-12-01,,1.0,1971.6666666666667,0.0,23660.0,0.0,2080.0,0.0
ST_VA10cm,mitra,0.9,5,True,-1.0,0.0,2024-12-01,,1.0,1971.6666666666667,0.0,23660.0,0.0,2080.0,0.0
ST_VA10cm,mitra,0.9,10,True,-1.0,0.0,2024-12-01,,1.0,1971.6666666666667,0.0,23660.0,0.0,2080.0,0.0
ST_VA10cm,mitra,0.9,20,True,-1.0,0.0,2024-12-01,,1.0,1971.6666666666667,0.0,23660.0,0.0,2080.0,0.0
ST_VA10cm,mitra,0.9,50,True,-1.0,0.0,2024-12-01,,1.0,1971.6666666666667,0.0,23660.0,0.0,2080.0,0.0
ST_VA10cm,mitra,0.9,10,False,-1.0,0.0,2024-12-01,,1.0,1963.126086347079,0.0,23557.51303616495,0.0,2074.2371974581897,0.0
ST_VA10cm,mitra,0.95,2,True,-1.0,0.0,2024-12-01,,1.0,2326.6666666666665,0.0,27920.0,0.0,2440.0,0.0
ST_VA10cm,mitra,0.95,5,True,-1.0,0.0,2024-12-01,,1.0,2326.6666666666665,0.0,27920.0,0.0,2440.0,0.0
ST_VA10cm,mitra,0.95,10,True,-1.0,0.0,2024-12-01,,1.0,2326.6666666666665,0.0,27920.0,0.0,2440.0,0.0
ST_VA10cm,mitra,0.95,20,True,-1.0,0.0,2024-12-01,,1.0,2326.6666666666665,0.0,27920.0,0.0,2440.0,0.0
ST_VA10cm,mitra,0.95,50,True,-1.0,0.0,2024-12-01,,1.0,2326.6666666666665,0.0,27920.0,0.0,2440.0,0.0
ST_VA10cm,mitra,0.95,10,False,-1.0,0.0,2024-12-01,,1.0,2314.889798766367,0.0,27778.67758519641,0.0,2426.000909877478,0.0
ST_VA10cm,mitra,0.98,2,True,-1.0,0.0,2024-12-01,,1.0,2726.6666666666665,0.0,32720.0,0.0,2840.0,0.0
ST_VA10cm,mitra,0.98,5,True,-1.0,0.0,2024-12-01,,1.0,2726.6666666666665,0.0,32720.0,0.0,2840.0,0.0
ST_VA10cm,mitra,0.98,10,True,-1.0,0.0,2024-12-01,,1.0,2726.6666666666665,0.0,32720.0,0.0,2840.0,0.0
ST_VA10cm,mitra,0.98,20,True,-1.0,0.0,2024-12-01,,1.0,2726.6666666666665,0.0,32720.0,0.0,2840.0,0.0
ST_VA10cm,mitra,0.98,50,True,-1.0,0.0,2024-12-01,,1.0,2726.6666666666665,0.0,32720.0,0.0,2840.0,0.0
ST_VA10cm,mitra,0.98,10,False,-1.0,0.0,2024-12-01,,1.0,2710.7086967487653,0.0,32528.504360985182,0.0,2821.819807859876,0.0
ST_VA10cm,naive,0.9,2,True,-1.0,0.0,2024-12-01,,1.0,3040.0,0.0,36480.0,0.0,3040.0,0.0
ST_VA10cm,naive,0.9,5,True,-1.0,0.0,2024-12-01,,1.0,3040.0,0.0,36480.0,0.0,3040.0,0.0
ST_VA10cm,naive,0.9,10,True,-1.0,0.0,2024-12-01,,1.0,3040.0,0.0,36480.0,0.0,3040.0,0.0
ST_VA10cm,naive,0.9,20,True,-1.0,0.0,2024-12-01,,1.0,3040.0,0.0,36480.0,0.0,3040.0,0.0
ST_VA10cm,naive,0.9,50,True,-1.0,0.0,2024-12-01,,1.0,3040.0,0.0,36480.0,0.0,3040.0,0.0
ST_VA10cm,naive,0.9,10,False,-1.0,0.0,2024-12-01,,1.0,3039.5812869538463,0.0,36474.97544344616,0.0,3039.5812869538463,0.0
ST_VA10cm,naive,0.95,2,True,-1.0,0.0,2024-12-01,,1.0,3920.0,0.0,47040.0,0.0,3920.0,0.0
ST_VA10cm,naive,0.95,5,True,-1.0,0.0,2024-12-01,,1.0,3920.0,0.0,47040.0,0.0,3920.0,0.0
ST_VA10cm,naive,0.95,10,True,-1.0,0.0,2024-12-01,,1.0,3920.0,0.0,47040.0,0.0,3920.0,0.0
ST_VA10cm,naive,0.95,20,True,-1.0,0.0,2024-12-01,,1.0,3920.0,0.0,47040.0,0.0,3920.0,0.0
ST_VA10cm,naive,0.95,50,True,-1.0,0.0,2024-12-01,,1.0,3920.0,0.0,47040.0,0.0,3920.0,0.0
ST_VA10cm,naive,0.95,10,False,-1.0,0.0,2024-12-01,,1.0,3901.2228924082247,0.0,46814.674708898696,0.0,3901.2228924082256,0.0
ST_VA10cm,naive,0.98,2,True,-1.0,0.0,2024-12-01,,1.0,4880.0,0.0,58560.0,0.0,4880.0,0.0
ST_VA10cm,naive,0.98,5,True,-1.0,0.0,2024-12-01,,1.0,4880.0,0.0,58560.0,0.0,4880.0,0.0
ST_VA10cm,naive,0.98,10,True,-1.0,0.0,2024-12-01,,1.0,4880.0,0.0,58560.0,0.0,4880.0,0.0
ST_VA10cm,naive,0.98,20,True,-1.0,0.0,2024-12-01,,1.0,4880.0,0.0,58560.0,0.0,4880.0,0.0
ST_VA10cm,naive,0.98,50,True,-1.0,0.0,2024-12-01,,1.0,4880.0,0.0,58560.0,0.0,4880.0,0.0
ST_VA10cm,naive,0.98,10,False,-1.0,0.0,2024-12-01,,1.0,4870.777223015851,0.0,58449.32667619021,0.0,4870.777223015851,0.0
ST_VA10cm,rf,0.9,2,True,-1.0,0.0,2024-12-01,,1.0,2826.231677662788,0.0,33914.780131953456,0.0,2826.231677662788,0.0
ST_VA10cm,rf,0.9,5,True,-1.0,0.0,2024-12-01,,1.0,2826.231677662788,0.0,33914.780131953456,0.0,2826.231677662788,0.0
ST_VA10cm,rf,0.9,10,True,-1.0,0.0,2024-12-01,,1.0,2826.231677662788,0.0,33914.780131953456,0.0,2826.231677662788,0.0
ST_VA10cm,rf,0.9,20,True,-1.0,0.0,2024-12-01,,1.0,2826.231677662788,0.0,33914.780131953456,0.0,2826.231677662788,0.0
ST_VA10cm,rf,0.9,50,True,-1.0,0.0,2024-12-01,,1.0,2826.231677662788,0.0,33914.780131953456,0.0,2826.231677662788,0.0
ST_VA10cm,rf,0.9,10,False,-1.0,0.0,2024-12-01,,1.0,2823.82593147759,0.0,33885.91117773108,0.0,2823.8259314775905,0.0
ST_VA10cm,rf,0.95,2,True,-1.0,0.0,2024-12-01,,1.0,3220.121443966542,0.0,38641.4573275985,0.0,3220.121443966542,0.0
ST_VA10cm,rf,0.95,5,True,-1.0,0.0,2024-12-01,,1.0,3220.121443966542,0.0,38641.4573275985,0.0,3220.121443966542,0.0
ST_VA10cm,rf,0.95,10,True,-1.0,0.0,2024-12-01,,1.0,3220.121443966542,0.0,38641.4573275985,0.0,3220.121443966542,0.0
ST_VA10cm,rf,0.95,20,True,-1.0,0.0,2024-12-01,,1.0,3220.121443966542,0.0,38641.4573275985,0.0,3220.121443966542,0.0
ST_VA10cm,rf,0.95,50,True,-1.0,0.0,2024-12-01,,1.0,3220.121443966542,0.0,38641.4573275985,0.0,3220.121443966542,0.0
ST_VA10cm,rf,0.95,10,False,-1.0,0.0,2024-12-01,,1.0,3211.954246791111,0.0,38543.450961493334,0.0,3211.9542467911115,0.0
ST_VA10cm,rf,0.98,2,True,-1.0,0.0,2024-12-01,,1.0,3658.2555933333865,0.0,43899.06712000064,0.0,3658.2555933333865,0.0
ST_VA10cm,rf,0.98,5,True,-1.0,0.0,2024-12-01,,1.0,3658.2555933333865,0.0,43899.06712000064,0.0,3658.2555933333865,0.0
ST_VA10cm,rf,0.98,10,True,-1.0,0.0,2024-12-01,,1.0,3658.2555933333865,0.0,43899.06712000064,0.0,3658.2555933333865,0.0
ST_VA10cm,rf,0.98,20,True,-1.0,0.0,2024-12-01,,1.0,3658.2555933333865,0.0,43899.06712000064,0.0,3658.2555933333865,0.0
ST_VA10cm,rf,0.98,50,True,-1.0,0.0,2024-12-01,,1.0,3658.2555933333865,0.0,43899.06712000064,0.0,3658.2555933333865,0.0
ST_VA10cm,rf,0.98,10,False,-1.0,0.0,2024-12-01,,1.0,3648.6920813635516,0.0,43784.30497636262,0.0,3648.6920813635516,0.0
ST_VA10cm,sba,0.9,2,True,-1.0,0.0,2024-12-01,,1.0,14783.333333333334,0.0,177400.0,0.0,16260.0,0.0
ST_VA10cm,sba,0.9,5,True,-1.0,0.0,2024-12-01,,1.0,14783.333333333334,0.0,177400.0,0.0,16260.0,0.0
ST_VA10cm,sba,0.9,10,True,-1.0,0.0,2024-12-01,,1.0,14783.333333333334,0.0,177400.0,0.0,16260.0,0.0
ST_VA10cm,sba,0.9,20,True,-1.0,0.0,2024-12-01,,1.0,14783.333333333334,0.0,177400.0,0.0,16260.0,0.0
ST_VA10cm,sba,0.9,50,True,-1.0,0.0,2024-12-01,,1.0,14783.333333333334,0.0,177400.0,0.0,16260.0,0.0
ST_VA10cm,sba,0.9,10,False,-1.0,0.0,2024-12-01,,1.0,14774.415088345413,0.0,177292.98106014496,0.0,16256.4,0.0
ST_VA10cm,sba,0.95,2,True,-1.0,0.0,2024-12-01,,1.0,16951.666666666668,0.0,203420.0,0.0,18860.0,0.0
ST_VA10cm,sba,0.95,5,True,-1.0,0.0,2024-12-01,,1.0,16951.666666666668,0.0,203420.0,0.0,18860.0,0.0
ST_VA10cm,sba,0.95,10,True,-1.0,0.0,2024-12-01,,1.0,16951.666666666668,0.0,203420.0,0.0,18860.0,0.0
ST_VA10cm,sba,0.95,20,True,-1.0,0.0,2024-12-01,,1.0,16951.666666666668,0.0,203420.0,0.0,18860.0,0.0
ST_VA10cm,sba,0.95,50,True,-1.0,0.0,2024-12-01,,1.0,16951.666666666668,0.0,203420.0,0.0,18860.0,0.0
ST_VA10cm,sba,0.95,10,False,-1.0,0.0,2024-12-01,,1.0,16942.82371942835,0.0,203313.8846331402,0.0,18844.9125,0.0
ST_VA10cm,sba,0.98,2,True,-1.0,0.0,2024-12-01,,1.0,19390.0,0.0,232680.0,0.0,21760.0,0.0
ST_VA10cm,sba,0.98,5,True,-1.0,0.0,2024-12-01,,1.0,19390.0,0.0,232680.0,0.0,21760.0,0.0
ST_VA10cm,sba,0.98,10,True,-1.0,0.0,2024-12-01,,1.0,19390.0,0.0,232680.0,0.0,21760.0,0.0
ST_VA10cm,sba,0.98,20,True,-1.0,0.0,2024-12-01,,1.0,19390.0,0.0,232680.0,0.0,21760.0,0.0
ST_VA10cm,sba,0.98,50,True,-1.0,0.0,2024-12-01,,1.0,19390.0,0.0,232680.0,0.0,21760.0,0.0
ST_VA10cm,sba,0.98,10,False,-1.0,0.0,2024-12-01,,1.0,19382.805685810683,0.0,232593.66822972818,0.0,21757.612500000003,0.0
ST_VA10cm,ses,0.9,2,True,-1.0,0.0,2024-12-01,,1.0,1540.0,0.0,18480.0,0.0,1540.0,0.0
ST_VA10cm,ses,0.9,5,True,-1.0,0.0,2024-12-01,,1.0,1540.0,0.0,18480.0,0.0,1540.0,0.0
ST_VA10cm,ses,0.9,10,True,-1.0,0.0,2024-12-01,,1.0,1540.0,0.0,18480.0,0.0,1540.0,0.0
ST_VA10cm,ses,0.9,20,True,-1.0,0.0,2024-12-01,,1.0,1540.0,0.0,18480.0,0.0,1540.0,0.0
ST_VA10cm,ses,0.9,50,True,-1.0,0.0,2024-12-01,,1.0,1540.0,0.0,18480.0,0.0,1540.0,0.0
ST_VA10cm,ses,0.9,10,False,-1.0,0.0,2024-12-01,,1.0,1538.8032787389036,0.0,18465.639344866842,0.0,1538.8032787389036,0.0
ST_VA10cm,ses,0.95,2,True,-1.0,0.0,2024-12-01,,1.0,1900.0,0.0,22800.0,0.0,1900.0,0.0
ST_VA10cm,ses,0.95,5,True,-1.0,0.0,2024-12-01,,1.0,1900.0,0.0,22800.0,0.0,1900.0,0.0
ST_VA10cm,ses,0.95,10,True,-1.0,0.0,2024-12-01,,1.0,1900.0,0.0,22800.0,0.0,1900.0,0.0
ST_VA10cm,ses,0.95,20,True,-1.0,0.0,2024-12-01,,1.0,1900.0,0.0,22800.0,0.0,1900.0,0.0
ST_VA10cm,ses,0.95,50,True,-1.0,0.0,2024-12-01,,1.0,1900.0,0.0,22800.0,0.0,1900.0,0.0
ST_VA10cm,ses,0.95,10,False,-1.0,0.0,2024-12-01,,1.0,1892.7586865831508,0.0,22713.10423899781,0.0,1892.7586865831508,0.0
ST_VA10cm,ses,0.98,2,True,-1.0,0.0,2024-12-01,,1.0,2300.0,0.0,27600.0,0.0,2300.0,0.0
ST_VA10cm,ses,0.98,5,True,-1.0,0.0,2024-12-01,,1.0,2300.0,0.0,27600.0,0.0,2300.0,0.0
ST_VA10cm,ses,0.98,10,True,-1.0,0.0,2024-12-01,,1.0,2300.0,0.0,27600.0,0.0,2300.0,0.0
ST_VA10cm,ses,0.98,20,True,-1.0,0.0,2024-12-01,,1.0,2300.0,0.0,27600.0,0.0,2300.0,0.0
ST_VA10cm,ses,0.98,50,True,-1.0,0.0,2024-12-01,,1.0,2300.0,0.0,27600.0,0.0,2300.0,0.0
ST_VA10cm,ses,0.98,10,False,-1.0,0.0,2024-12-01,,1.0,2291.0437697836137,0.0,27492.525237403366,0.0,2291.043769783614,0.0
ST_VA10cm,tsb,0.9,2,True,-1.0,0.0,2024-12-01,,1.0,1720.0,0.0,20640.0,0.0,1720.0,0.0
ST_VA10cm,tsb,0.9,5,True,-1.0,0.0,2024-12-01,,1.0,1720.0,0.0,20640.0,0.0,1720.0,0.0
ST_VA10cm,tsb,0.9,10,True,-1.0,0.0,2024-12-01,,1.0,1720.0,0.0,20640.0,0.0,1720.0,0.0
ST_VA10cm,tsb,0.9,20,True,-1.0,0.0,2024-12-01,,1.0,1720.0,0.0,20640.0,0.0,1720.0,0.0
ST_VA10cm,tsb,0.9,50,True,-1.0,0.0,2024-12-01,,1.0,1720.0,0.0,20640.0,0.0,1720.0,0.0
ST_VA10cm,tsb,0.9,10,False,-1.0,0.0,2024-12-01,,1.0,1714.4155800976423,0.0,20572.986961171708,0.0,1714.4155800976423,0.0
ST_VA10cm,tsb,0.95,2,True,-1.0,0.0,2024-12-01,,1.0,2080.0,0.0,24960.0,0.0,2080.0,0.0
ST_VA10cm,tsb,0.95,5,True,-1.0,0.0,2024-12-01,,1.0,2080.0,0.0,24960.0,0.0,2080.0,0.0
ST_VA10cm,tsb,0.95,10,True,-1.0,0.0,2024-12-01,,1.0,2080.0,0.0,24960.0,0.0,2080.0,0.0
ST_VA10cm,tsb,0.95,20,True,-1.0,0.0,2024-12-01,,1.0,2080.0,0.0,24960.0,0.0,2080.0,0.0
ST_VA10cm,tsb,0.95,50,True,-1.0,0.0,2024-12-01,,1.0,2080.0,0.0,24960.0,0.0,2080.0,0.0
ST_VA10cm,tsb,0.95,10,False,-1.0,0.0,2024-12-01,,1.0,2074.8661243388046,0.0,24898.393492065657,0.0,2074.8661243388046,0.0
ST_VA10cm,tsb,0.98,2,True,-1.0,0.0,2024-12-01,,1.0,2500.0,0.0,30000.0,0.0,2500.0,0.0
ST_VA10cm,tsb,0.98,5,True,-1.0,0.0,2024-12-01,,1.0,2500.0,0.0,30000.0,0.0,2500.0,0.0
ST_VA10cm,tsb,0.98,10,True,-1.0,0.0,2024-12-01,,1.0,2500.0,0.0,30000.0,0.0,2500.0,0.0
ST_VA10cm,tsb,0.98,20,True,-1.0,0.0,2024-12-01,,1.0,2500.0,0.0,30000.0,0.0,2500.0,0.0
ST_VA10cm,tsb,0.98,50,True,-1.0,0.0,2024-12-01,,1.0,2500.0,0.0,30000.0,0.0,2500.0,0.0
ST_VA10cm,tsb,0.98,10,False,-1.0,0.0,2024-12-01,,1.0,2480.459800325006,0.0,29765.517603900076,0.0,2480.459800325006,0.0
ST_VA10cm,xgb,0.9,2,True,-1.0,0.0,2024-12-01,,1.0,1263.261641473545,0.0,15159.139697682542,0.0,1263.2616414735448,0.0
ST_VA10cm,xgb,0.9,5,True,-1.0,0.0,2024-12-01,,1.0,1263.261641473545,0.0,15159.139697682542,0.0,1263.2616414735448,0.0
ST_VA10cm,xgb,0.9,10,True,-1.0,0.0,2024-12-01,,1.0,1263.261641473545,0.0,15159.139697682542,0.0,1263.2616414735448,0.0
ST_VA10cm,xgb,0.9,20,True,-1.0,0.0,2024-12-01,,1.0,1263.261641473545,0.0,15159.139697682542,0.0,1263.2616414735448,0.0
ST_VA10cm,xgb,0.9,50,True,-1.0,0.0,2024-12-01,,1.0,1263.261641473545,0.0,15159.139697682542,0.0,1263.2616414735448,0.0
ST_VA10cm,xgb,0.9,10,False,-1.0,0.0,2024-12-01,,1.0,1263.1838427343375,0.0,15158.206112812051,0.0,1263.1838427343378,0.0
ST_VA10cm,xgb,0.95,2,True,-1.0,0.0,2024-12-01,,1.0,1624.1831053670587,0.0,19490.197264404705,0.0,1624.183105367059,0.0
ST_VA10cm,xgb,0.95,5,True,-1.0,0.0,2024-12-01,,1.0,1624.1831053670587,0.0,19490.197264404705,0.0,1624.183105367059,0.0
ST_VA10cm,xgb,0.95,10,True,-1.0,0.0,2024-12-01,,1.0,1624.1831053670587,0.0,19490.197264404705,0.0,1624.183105367059,0.0
ST_VA10cm,xgb,0.95,20,True,-1.0,0.0,2024-12-01,,1.0,1624.1831053670587,0.0,19490.197264404705,0.0,1624.183105367059,0.0
ST_VA10cm,xgb,0.95,50,True,-1.0,0.0,2024-12-01,,1.0,1624.1831053670587,0.0,19490.197264404705,0.0,1624.183105367059,0.0
ST_VA10cm,xgb,0.95,10,False,-1.0,0.0,2024-12-01,,1.0,1614.9295696271704,0.0,19379.154835526046,0.0,1614.9295696271704,0.0
ST_VA10cm,xgb,0.98,2,True,-1.0,0.0,2024-12-01,,1.0,2025.2199741797995,0.0,24302.639690157594,0.0,2025.2199741797995,0.0
ST_VA10cm,xgb,0.98,5,True,-1.0,0.0,2024-12-01,,1.0,2025.2199741797995,0.0,24302.639690157594,0.0,2025.2199741797995,0.0
ST_VA10cm,xgb,0.98,10,True,-1.0,0.0,2024-12-01,,1.0,2025.2199741797995,0.0,24302.639690157594,0.0,2025.2199741797995,0.0
ST_VA10cm,xgb,0.98,20,True,-1.0,0.0,2024-12-01,,1.0,2025.2199741797995,0.0,24302.639690157594,0.0,2025.2199741797995,0.0
ST_VA10cm,xgb,0.98,50,True,-1.0,0.0,2024-12-01,,1.0,2025.2199741797995,0.0,24302.639690157594,0.0,2025.2199741797995,0.0
ST_VA10cm,xgb,0.98,10,False,-1.0,0.0,2024-12-01,,1.0,2010.7282295605316,0.0,24128.73875472638,0.0,2010.7282295605312,0.0
ST_VA7cm,arima,0.9,2,True,-1.0,0.0,2024-12-01,0.9333771852614305,0.8333333333333334,33009.92642445489,821.6813817756896,415839.4702560752,74000.0,48609.91170934586,0.0
ST_VA7cm,arima,0.9,5,True,-1.0,0.0,2024-12-01,0.9333771852614305,0.8333333333333334,33009.92642445489,821.6813817756896,445420.0,74000.0,48609.91170934586,0.0
ST_VA7cm,arima,0.9,10,True,-1.0,0.0,2024-12-01,0.9333771852614305,0.8333333333333334,33009.92642445489,821.6813817756896,494720.8829065414,74000.0,48609.91170934586,0.0
ST_VA7cm,arima,0.9,20,True,-1.0,0.0,2024-12-01,0.9333771852614305,0.8333333333333334,33009.92642445489,821.6813817756896,593322.6487196242,74000.0,48609.91170934586,0.0
ST_VA7cm,arima,0.9,50,True,-1.0,0.0,2024-12-01,0.9333771852614305,0.8333333333333334,33009.92642445489,821.6813817756896,889127.9461588725,74000.0,48609.91170934586,0.0
ST_VA7cm,arima,0.9,10,False,-1.0,0.0,2024-12-01,0.9333146348976533,0.8333333333333334,33003.7441917386,822.4528362622756,494739.2706523363,74000.0,48601.927654736806,0.0
ST_VA7cm,arima,0.95,2,True,-1.0,0.0,2024-12-01,1.0,1.0,43209.13567092001,0.0,518509.6280510401,74000.0,57057.46900425335,0.0
ST_VA7cm,arima,0.95,5,True,-1.0,0.0,2024-12-01,1.0,1.0,43209.13567092001,0.0,518509.6280510401,74000.0,57057.46900425335,0.0
ST_VA7cm,arima,0.95,10,True,-1.0,0.0,2024-12-01,1.0,1.0,43209.13567092001,0.0,518509.6280510401,74000.0,57057.46900425335,0.0
ST_VA7cm,arima,0.95,20,True,-1.0,0.0,2024-12-01,1.0,1.0,43209.13567092001,0.0,518509.6280510401,74000.0,57057.46900425335,0.0
ST_VA7cm,arima,0.95,50,True,-1.0,0.0,2024-12-01,1.0,1.0,43209.13567092001,0.0,518509.6280510401,74000.0,57057.46900425335,0.0
ST_VA7cm,arima,0.95,10,False,-1.0,0.0,2024-12-01,1.0,1.0,43207.63716943535,0.0,518491.64603322424,74000.0,57046.07203312129,0.0
ST_VA7cm,arima,0.98,2,True,-1.0,0.0,2024-12-01,1.0,1.0,55627.08068098934,0.0,667524.9681718721,74000.0,66555.41401432267,0.0
ST_VA7cm,arima,0.98,5,True,-1.0,0.0,2024-12-01,1.0,1.0,55627.08068098934,0.0,667524.9681718721,74000.0,66555.41401432267,0.0
ST_VA7cm,arima,0.98,10,True,-1.0,0.0,2024-12-01,1.0,1.0,55627.08068098934,0.0,667524.9681718721,74000.0,66555.41401432267,0.0
ST_VA7cm,arima,0.98,20,True,-1.0,0.0,2024-12-01,1.0,1.0,55627.08068098934,0.0,667524.9681718721,74000.0,66555.41401432267,0.0
ST_VA7cm,arima,0.98,50,True,-1.0,0.0,2024-12-01,1.0,1.0,55627.08068098934,0.0,667524.9681718721,74000.0,66555.41401432267,0.0
ST_VA7cm,arima,0.98,10,False,-1.0,0.0,2024-12-01,1.0,1.0,55614.93188109637,0.0,667379.1825731564,74000.0,66547.76821226683,0.0
ST_VA7cm,croston,0.9,2,True,-1.0,0.0,2024-12-01,0.9251951693237022,0.8333333333333334,26113.70210829496,922.5929116743415,335506.65517972375,74000.0,49644.44252995395,0.0
ST_VA7cm,croston,0.9,5,True,-1.0,0.0,2024-12-01,0.9251951693237022,0.8333333333333334,26113.70210829496,922.5929116743415,368720.0,74000.0,49644.44252995395,0.0
ST_VA7cm,croston,0.9,10,True,-1.0,0.0,2024-12-01,0.9251951693237022,0.8333333333333334,26113.70210829496,922.5929116743415,424075.57470046054,74000.0,49644.44252995395,0.0
ST_VA7cm,croston,0.9,20,True,-1.0,0.0,2024-12-01,0.9251951693237022,0.8333333333333334,26113.70210829496,922.5929116743415,534786.7241013815,74000.0,49644.44252995395,0.0
ST_VA7cm,croston,0.9,50,True,-1.0,0.0,2024-12-01,0.9251951693237022,0.8333333333333334,26113.70210829496,922.5929116743415,866920.1723041444,74000.0,49644.44252995395,0.0
ST_VA7cm,croston,0.9,10,False,-1.0,0.0,2024-12-01,0.9251782709073243,0.8333333333333334,26103.351948413856,922.8013254763331,423976.38243812625,74000.0,49626.4119258108,0.0
ST_VA7cm,croston,0.95,2,True,-1.0,0.0,2024-12-01,1.0,1.0,33545.051661804464,0.0,402540.61994165357,74000.0,58061.718328471135,0.0
ST_VA7cm,croston,0.95,5,True,-1.0,0.0,2024-12-01,1.0,1.0,33545.051661804464,0.0,402540.61994165357,74000.0,58061.718328471135,0.0
ST_VA7cm,croston,0.95,10,True,-1.0,0.0,2024-12-01,1.0,1.0,33545.051661804464,0.0,402540.61994165357,74000.0,58061.718328471135,0.0
ST_VA7cm,croston,0.95,20,True,-1.0,0.0,2024-12-01,1.0,1.0,33545.051661804464,0.0,402540.61994165357,74000.0,58061.718328471135,0.0
ST_VA7cm,croston,0.95,50,True,-1.0,0.0,2024-12-01,1.0,1.0,33545.051661804464,0.0,402540.61994165357,74000.0,58061.718328471135,0.0
ST_VA7cm,croston,0.95,10,False,-1.0,0.0,2024-12-01,1.0,1.0,33534.82922575774,0.0,402417.9507090929,74000.0,58052.84250772162,0.0
ST_VA7cm,croston,0.98,2,True,-1.0,0.0,2024-12-01,1.0,1.0,42947.03444857526,0.0,515364.4133829031,74000.0,67550.36778190859,0.0
ST_VA7cm,croston,0.98,5,True,-1.0,0.0,2024-12-01,1.0,1.0,42947.03444857526,0.0,515364.4133829031,74000.0,67550.36778190859,0.0
ST_VA7cm,croston,0.98,10,True,-1.0,0.0,2024-12-01,1.0,1.0,42947.03444857526,0.0,515364.4133829031,74000.0,67550.36778190859,0.0
ST_VA7cm,croston,0.98,20,True,-1.0,0.0,2024-12-01,1.0,1.0,42947.03444857526,0.0,515364.4133829031,74000.0,67550.36778190859,0.0
ST_VA7cm,croston,0.98,50,True,-1.0,0.0,2024-12-01,1.0,1.0,42947.03444857526,0.0,515364.4133829031,74000.0,67550.36778190859,0.0
ST_VA7cm,croston,0.98,10,False,-1.0,0.0,2024-12-01,1.0,1.0,42935.40476342057,0.0,515224.8571610468,74000.0,67534.60639950569,0.0
ST_VA7cm,hybrid,0.9,2,True,-1.0,0.0,2024-12-01,0.5976266554259467,0.8333333333333334,16817.5506258867,6916.511457699977,367806.88249543984,74000.0,40464.372501520054,1740.0
ST_VA7cm,hybrid,0.9,5,True,-1.0,0.0,2024-12-01,0.5976266554259467,0.8333333333333334,16817.5506258867,6916.511457699977,616801.294972639,74000.0,40464.372501520054,1740.0
ST_VA7cm,hybrid,0.9,10,True,-1.0,0.0,2024-12-01,0.5976266554259467,0.8333333333333334,16817.5506258867,6916.511457699977,1031791.9824346376,74000.0,40464.372501520054,1740.0
ST_VA7cm,hybrid,0.9,20,True,-1.0,0.0,2024-12-01,0.5976266554259467,0.8333333333333334,16817.5506258867,6916.511457699977,1861773.3573586347,74000.0,40464.372501520054,1740.0
ST_VA7cm,hybrid,0.9,50,True,-1.0,0.0,2024-12-01,0.5976266554259467,0.8333333333333334,16817.5506258867,6916.511457699977,4351717.482130626,74000.0,40464.372501520054,1740.0
ST_VA7cm,hybrid,0.9,10,False,-1.0,0.0,2024-12-01,0.5976027607204026,0.8333333333333334,16815.565995758687,6917.918742842822,1031937.0410902428,74000.0,40451.16618924547,1737.8655292887634
ST_VA7cm,hybrid,0.95,2,True,-1.0,0.0,2024-12-01,0.719610342586362,0.8333333333333334,22709.110234260526,4246.278216203071,374420.0,74000.0,49751.16535139079,3680.0
ST_VA7cm,hybrid,0.95,5,True,-1.0,0.0,2024-12-01,0.719610342586362,0.8333333333333334,22709.110234260526,4246.278216203071,527286.0157833105,74000.0,49751.16535139079,3680.0
ST_VA7cm,hybrid,0.95,10,True,-1.0,0.0,2024-12-01,0.719610342586362,0.8333333333333334,22709.110234260526,4246.278216203071,782062.7087554948,74000.0,49751.16535139079,3680.0
ST_VA7cm,hybrid,0.95,20,True,-1.0,0.0,2024-12-01,0.719610342586362,0.8333333333333334,22709.110234260526,4246.278216203071,1291616.0946998633,74000.0,49751.16535139079,3680.0
ST_VA7cm,hybrid,0.95,50,True,-1.0,0.0,2024-12-01,0.719610342586362,0.8333333333333334,22709.110234260526,4246.278216203071,2820276.2525329688,74000.0,49751.16535139079,3680.0
ST_VA7cm,hybrid,0.95,10,False,-1.0,0.0,2024-12-01,0.7196029900315681,0.8333333333333334,22707.141471311756,4247.717902268335,782211.8459279414,74000.0,49731.34881938877,3687.477212329075
ST_VA7cm,hybrid,0.98,2,True,-1.0,0.0,2024-12-01,0.8569354226343886,0.8333333333333334,29862.684395787302,1764.4631208425405,400699.32764966856,74000.0,60193.22127494476,5880.0
ST_VA7cm,hybrid,0.98,5,True,-1.0,0.0,2024-12-01,0.8569354226343886,0.8333333333333334,29862.684395787302,1764.4631208425405,464220.00000000006,74000.0,60193.22127494476,5880.0
ST_VA7cm,hybrid,0.98,10,True,-1.0,0.0,2024-12-01,0.8569354226343886,0.8333333333333334,29862.684395787302,1764.4631208425405,570087.7872505524,74000.0,60193.22127494476,5880.0
ST_VA7cm,hybrid,0.98,20,True,-1.0,0.0,2024-12-01,0.8569354226343886,0.8333333333333334,29862.684395787302,1764.4631208425405,781823.3617516573,74000.0,60193.22127494476,5880.0
ST_VA7cm,hybrid,0.98,50,True,-1.0,0.0,2024-12-01,0.8569354226343886,0.8333333333333334,29862.684395787302,1764.4631208425405,1417030.0852549719,74000.0,60193.22127494476,5880.0
ST_VA7cm,hybrid,0.98,10,False,-1.0,0.0,2024-12-01,0.856882631491531,0.8333333333333334,29858.598221145938,1765.1142116044514,570116.8840462854,74000.0,60173.78938972342,5881.259915403323
ST_VA7cm,mitra,0.9,2,True,-1.0,0.0,2024-12-01,0.8697854945908088,0.8333333333333334,18591.77216643321,1605.9789000466917,261644.75959831913,74000.0,43704.12659971985,0.0
ST_VA7cm,mitra,0.9,5,True,-1.0,0.0,2024-12-01,0.8697854945908088,0.8333333333333334,18591.77216643321,1605.9789000466917,319460.0,74000.0,43704.12659971985,0.0
ST_VA7cm,mitra,0.9,10,True,-1.0,0.0,2024-12-01,0.8697854945908088,0.8333333333333334,18591.77216643321,1605.9789000466917,415818.73400280153,74000.0,43704.12659971985,0.0
ST_VA7cm,mitra,0.9,20,True,-1.0,0.0,2024-12-01,0.8697854945908088,0.8333333333333334,18591.77216643321,1605.9789000466917,608536.2020084045,74000.0,43704.12659971985,0.0
ST_VA7cm,mitra,0.9,50,True,-1.0,0.0,2024-12-01,0.8697854945908088,0.8333333333333334,18591.77216643321,1605.9789000466917,1186688.6060252134,74000.0,43704.12659971985,0.0
ST_VA7cm,mitra,0.9,10,False,-1.0,0.0,2024-12-01,0.869591632252591,0.8333333333333334,18584.250458612205,1608.3698688847119,416015.3897695119,74000.0,43690.40835726162,0.0
ST_VA7cm,mitra,0.95,2,True,-1.0,0.0,2024-12-01,0.967552709070157,0.8333333333333334,24225.750392659684,400.1832548013966,300313.4028271497,74000.0,51358.90047119162,0.0
ST_VA7cm,mitra,0.95,5,True,-1.0,0.0,2024-12-01,0.967552709070157,0.8333333333333334,24225.750392659684,400.1832548013966,314720.0,74000.0,51358.90047119162,0.0
ST_VA7cm,mitra,0.95,10,True,-1.0,0.0,2024-12-01,0.967552709070157,0.8333333333333334,24225.750392659684,400.1832548013966,338730.9952880838,74000.0,51358.90047119162,0.0
ST_VA7cm,mitra,0.95,20,True,-1.0,0.0,2024-12-01,0.967552709070157,0.8333333333333334,24225.750392659684,400.1832548013966,386752.9858642514,74000.0,51358.90047119162,0.0
ST_VA7cm,mitra,0.95,50,True,-1.0,0.0,2024-12-01,0.967552709070157,0.8333333333333334,24225.750392659684,400.1832548013966,530818.9575927542,74000.0,51358.90047119162,0.0
ST_VA7cm,mitra,0.95,10,False,-1.0,0.0,2024-12-01,0.967338171205221,0.8333333333333334,24216.583304232638,402.82922180227496,338938.5062670646,74000.0,51350.93063893543,0.0
ST_VA7cm,mitra,0.98,2,True,-1.0,0.0,2024-12-01,1.0,1.0,31591.30498167237,0.0,379095.65978006844,74000.0,59974.63831500571,0.0
ST_VA7cm,mitra,0.98,5,True,-1.0,0.0,2024-12-01,1.0,1.0,31591.30498167237,0.0,379095.65978006844,74000.0,59974.63831500571,0.0
ST_VA7cm,mitra,0.98,10,True,-1.0,0.0,2024-12-01,1.0,1.0,31591.30498167237,0.0,379095.65978006844,74000.0,59974.63831500571,0.0
ST_VA7cm,mitra,0.98,20,True,-1.0,0.0,2024-12-01,1.0,1.0,31591.30498167237,0.0,379095.65978006844,74000.0,59974.63831500571,0.0
ST_VA7cm,mitra,0.98,50,True,-1.0,0.0,2024-12-01,1.0,1.0,31591.30498167237,0.0,379095.65978006844,74000.0,59974.63831500571,0.0
ST_VA7cm,mitra,0.98,10,False,-1.0,0.0,2024-12-01,1.0,1.0,31584.35294712159,0.0,379012.2353654591,74000.0,59970.86322563581,0.0
ST_VA7cm,naive,0.9,2,True,-1.0,0.0,2024-12-01,0.9442491509423118,0.8333333333333334,40027.95811315405,1375.1876100896432,513340.0,74000.0,141214.43716973107,0.0
ST_VA7cm,naive,0.9,5,True,-1.0,0.0,2024-12-01,0.9442491509423118,0.8333333333333334,40027.95811315405,1375.1876100896432,562846.7539632272,74000.0,141214.43716973107,0.0
ST_VA7cm,naive,0.9,10,True,-1.0,0.0,2024-12-01,0.9442491509423118,0.8333333333333334,40027.95811315405,1375.1876100896432,645358.0105686057,74000.0,141214.43716973107,0.0
ST_VA7cm,naive,0.9,20,True,-1.0,0.0,2024-12-01,0.9442491509423118,0.8333333333333334,40027.95811315405,1375.1876100896432,810380.5237793629,74000.0,141214.43716973107,0.0
ST_VA7cm,naive,0.9,50,True,-1.0,0.0,2024-12-01,0.9442491509423118,0.8333333333333334,40027.95811315405,1375.1876100896432,1305448.0634116344,74000.0,141214.43716973107,0.0
ST_VA7cm,naive,0.9,10,False,-1.0,0.0,2024-12-01,0.9442464554413676,0.8333333333333334,40027.15837059591,1375.2540991129306,645356.3923407026,74000.0,141206.23652852245,0.0
ST_VA7cm,naive,0.95,2,True,-1.0,0.0,2024-12-01,1.0,1.0,57510.28534682479,0.0,690123.4241618975,74000.0,149493.6186801581,0.0
ST_VA7cm,naive,0.95,5,True,-1.0,0.0,2024-12-01,1.0,1.0,57510.28534682479,0.0,690123.4241618975,74000.0,149493.6186801581,0.0
ST_VA7cm,naive,0.95,10,True,-1.0,0.0,2024-12-01,1.0,1.0,57510.28534682479,0.0,690123.4241618975,74000.0,149493.6186801581,0.0
ST_VA7cm,naive,0.95,20,True,-1.0,0.0,2024-12-01,1.0,1.0,57510.28534682479,0.0,690123.4241618975,74000.0,149493.6186801581,0.0
ST_VA7cm,naive,0.95,50,True,-1.0,0.0,2024-12-01,1.0,1.0,57510.28534682479,0.0,690123.4241618975,74000.0,149493.6186801581,0.0
ST_VA7cm,naive,0.95,10,False,-1.0,0.0,2024-12-01,1.0,1.0,57498.726073784586,0.0,689984.7128854151,74000.0,149485.43887778293,0.0
ST_VA7cm,naive,0.98,2,True,-1.0,0.0,2024-12-01,1.0,1.0,78717.64951270031,0.0,944611.7941524037,74000.0,158820.98284603364,0.0
ST_VA7cm,naive,0.98,5,True,-1.0,0.0,2024-12-01,1.0,1.0,78717.64951270031,0.0,944611.7941524037,74000.0,158820.98284603364,0.0
ST_VA7cm,naive,0.98,10,True,-1.0,0.0,2024-12-01,1.0,1.0,78717.64951270031,0.0,944611.7941524037,74000.0,158820.98284603364,0.0
ST_VA7cm,naive,0.98,20,True,-1.0,0.0,2024-12-01,1.0,1.0,78717.64951270031,0.0,944611.7941524037,74000.0,158820.98284603364,0.0
ST_VA7cm,naive,0.98,50,True,-1.0,0.0,2024-12-01,1.0,1.0,78717.64951270031,0.0,944611.7941524037,74000.0,158820.98284603364,0.0
ST_VA7cm,naive,0.98,10,False,-1.0,0.0,2024-12-01,1.0,1.0,78705.93981664423,0.0,944471.2777997308,74000.0,158801.53554824172,0.0
ST_VA7cm,rf,0.9,2,True,-1.0,0.0,2024-12-01,0.7758415608801976,0.8333333333333334,26381.89625427885,2764.620749144229,382933.65303080773,74000.0,48032.275505134625,0.0
ST_VA7cm,rf,0.9,5,True,-1.0,0.0,2024-12-01,0.7758415608801976,0.8333333333333334,26381.89625427885,2764.620749144229,482459.99999999994,74000.0,48032.275505134625,0.0
ST_VA7cm,rf,0.9,10,True,-1.0,0.0,2024-12-01,0.7758415608801976,0.8333333333333334,26381.89625427885,2764.620749144229,648337.2449486537,74000.0,48032.275505134625,0.0
ST_VA7cm,rf,0.9,20,True,-1.0,0.0,2024-12-01,0.7758415608801976,0.8333333333333334,26381.89625427885,2764.620749144229,980091.7348459612,74000.0,48032.275505134625,0.0
ST_VA7cm,rf,0.9,50,True,-1.0,0.0,2024-12-01,0.7758415608801976,0.8333333333333334,26381.89625427885,2764.620749144229,1975355.2045378839,74000.0,48032.275505134625,0.0
ST_VA7cm,rf,0.9,10,False,-1.0,0.0,2024-12-01,0.7757606937468351,0.8333333333333334,26375.509810522937,2765.6181104557,648380.2909809592,74000.0,48022.010374351376,0.0
ST_VA7cm,rf,0.95,2,True,-1.0,0.0,2024-12-01,0.9146470318499251,0.8333333333333334,34233.23363074538,1052.6866071842571,436063.28214136674,74000.0,56443.88035689446,0.0
ST_VA7cm,rf,0.95,5,True,-1.0,0.0,2024-12-01,0.9146470318499251,0.8333333333333334,34233.23363074538,1052.6866071842571,473960.0,74000.0,56443.88035689446,0.0
ST_VA7cm,rf,0.95,10,True,-1.0,0.0,2024-12-01,0.9146470318499251,0.8333333333333334,34233.23363074538,1052.6866071842571,537121.1964310554,74000.0,56443.88035689446,0.0
ST_VA7cm,rf,0.95,20,True,-1.0,0.0,2024-12-01,0.9146470318499251,0.8333333333333334,34233.23363074538,1052.6866071842571,663443.5892931663,74000.0,56443.88035689446,0.0
ST_VA7cm,rf,0.95,50,True,-1.0,0.0,2024-12-01,0.9146470318499251,0.8333333333333334,34233.23363074538,1052.6866071842571,1042410.7678794989,74000.0,56443.88035689446,0.0
ST_VA7cm,rf,0.95,10,False,-1.0,0.0,2024-12-01,0.9146194119857411,0.8333333333333334,34230.23732176902,1053.0272521758598,537126.1181223313,74000.0,56433.17369442148,0.0
ST_VA7cm,rf,0.98,2,True,-1.0,0.0,2024-12-01,1.0,1.0,43957.844197795705,0.0,527494.1303735485,74000.0,65901.17753112904,0.0
ST_VA7cm,rf,0.98,5,True,-1.0,0.0,2024-12-01,1.0,1.0,43957.844197795705,0.0,527494.1303735485,74000.0,65901.17753112904,0.0
ST_VA7cm,rf,0.98,10,True,-1.0,0.0,2024-12-01,1.0,1.0,43957.844197795705,0.0,527494.1303735485,74000.0,65901.17753112904,0.0
ST_VA7cm,rf,0.98,20,True,-1.0,0.0,2024-12-01,1.0,1.0,43957.844197795705,0.0,527494.1303735485,74000.0,65901.17753112904,0.0
ST_VA7cm,rf,0.98,50,True,-1.0,0.0,2024-12-01,1.0,1.0,43957.844197795705,0.0,527494.1303735485,74000.0,65901.17753112904,0.0
ST_VA7cm,rf,0.98,10,False,-1.0,0.0,2024-12-01,1.0,1.0,43942.74750273986,0.0,527312.9700328783,74000.0,65897.75823954855,0.0
ST_VA7cm,sba,0.9,2,True,-1.0,0.0,2024-12-01,0.8896787118013434,0.8333333333333334,24006.853894416174,1360.629221116765,320737.34803979646,74000.0,47896.22467329941,0.0
ST_VA7cm,sba,0.9,5,True,-1.0,0.0,2024-12-01,0.8896787118013434,0.8333333333333334,24006.853894416174,1360.629221116765,369720.0,74000.0,47896.22467329941,0.0
ST_VA7cm,sba,0.9,10,True,-1.0,0.0,2024-12-01,0.8896787118013434,0.8333333333333334,24006.853894416174,1360.629221116765,451357.7532670059,74000.0,47896.22467329941,0.0
ST_VA7cm,sba,0.9,20,True,-1.0,0.0,2024-12-01,0.8896787118013434,0.8333333333333334,24006.853894416174,1360.629221116765,614633.2598010177,74000.0,47896.22467329941,0.0
ST_VA7cm,sba,0.9,50,True,-1.0,0.0,2024-12-01,0.8896787118013434,0.8333333333333334,24006.853894416174,1360.629221116765,1104459.7794030532,74000.0,47896.22467329941,0.0
ST_VA7cm,sba,0.9,10,False,-1.0,0.0,2024-12-01,0.8894610107230716,0.8333333333333334,23996.705166515352,1363.3142010821175,451558.1661280383,74000.0,47883.96326042111,0.0
ST_VA7cm,sba,0.95,2,True,-1.0,0.0,2024-12-01,1.0,1.0,30618.252358571463,0.0,367419.02830285754,74000.0,56113.252358571466,0.0
ST_VA7cm,sba,0.95,5,True,-1.0,0.0,2024-12-01,1.0,1.0,30618.252358571463,0.0,367419.02830285754,74000.0,56113.252358571466,0.0
ST_VA7cm,sba,0.95,10,True,-1.0,0.0,2024-12-01,1.0,1.0,30618.252358571463,0.0,367419.02830285754,74000.0,56113.252358571466,0.0
ST_VA7cm,sba,0.95,20,True,-1.0,0.0,2024-12-01,1.0,1.0,30618.252358571463,0.0,367419.02830285754,74000.0,56113.252358571466,0.0
ST_VA7cm,sba,0.95,50,True,-1.0,0.0,2024-12-01,1.0,1.0,30618.252358571463,0.0,367419.02830285754,74000.0,56113.252358571466,0.0
ST_VA7cm,sba,0.95,10,False,-1.0,0.0,2024-12-01,1.0,1.0,30608.754091993807,0.0,367305.0491039257,74000.0,56098.523134472576,0.0
ST_VA7cm,sba,0.98,2,True,-1.0,0.0,2024-12-01,1.0,1.0,39594.214147008606,0.0,475130.5697641033,74000.0,65349.214147008606,0.0
ST_VA7cm,sba,0.98,5,True,-1.0,0.0,2024-12-01,1.0,1.0,39594.214147008606,0.0,475130.5697641033,74000.0,65349.214147008606,0.0
ST_VA7cm,sba,0.98,10,True,-1.0,0.0,2024-12-01,1.0,1.0,39594.214147008606,0.0,475130.5697641033,74000.0,65349.214147008606,0.0
ST_VA7cm,sba,0.98,20,True,-1.0,0.0,2024-12-01,1.0,1.0,39594.214147008606,0.0,475130.5697641033,74000.0,65349.214147008606,0.0
ST_VA7cm,sba,0.98,50,True,-1.0,0.0,2024-12-01,1.0,1.0,39594.214147008606,0.0,475130.5697641033,74000.0,65349.214147008606,0.0
ST_VA7cm,sba,0.98,10,False,-1.0,0.0,2024-12-01,1.0,1.0,39582.95845791167,0.0,474995.50149494,74000.0,65341.88145132432,0.0
ST_VA7cm,ses,0.9,2,True,-1.0,0.0,2024-12-01,0.7615161659852937,0.8333333333333334,26288.496902426443,2941.3006195147113,386053.1776974704,74000.0,64032.19628291173,0.0
ST_VA7cm,ses,0.9,5,True,-1.0,0.0,2024-12-01,0.7615161659852937,0.8333333333333334,26288.496902426443,2941.3006195147113,491940.0,74000.0,64032.19628291173,0.0
ST_VA7cm,ses,0.9,10,True,-1.0,0.0,2024-12-01,0.7615161659852937,0.8333333333333334,26288.496902426443,2941.3006195147113,668418.0371708827,74000.0,64032.19628291173,0.0
ST_VA7cm,ses,0.9,20,True,-1.0,0.0,2024-12-01,0.7615161659852937,0.8333333333333334,26288.496902426443,2941.3006195147113,1021374.111512648,74000.0,64032.19628291173,0.0
ST_VA7cm,ses,0.9,50,True,-1.0,0.0,2024-12-01,0.7615161659852937,0.8333333333333334,26288.496902426443,2941.3006195147113,2080242.3345379438,74000.0,64032.19628291173,0.0
ST_VA7cm,ses,0.9,10,False,-1.0,0.0,2024-12-01,0.7614495817027328,0.8333333333333334,26281.116844179265,2942.1218256662955,668428.0212101066,74000.0,64015.87439005454,0.0
ST_VA7cm,ses,0.95,2,True,-1.0,0.0,2024-12-01,0.8734551808603508,0.8333333333333334,32993.0694863883,1560.719436055674,433374.1003019959,74000.0,72315.68338366595,0.0
ST_VA7cm,ses,0.95,5,True,-1.0,0.0,2024-12-01,0.8734551808603508,0.8333333333333334,32993.0694863883,1560.719436055674,489560.0000000001,74000.0,72315.68338366595,0.0
ST_VA7cm,ses,0.95,10,True,-1.0,0.0,2024-12-01,0.8734551808603508,0.8333333333333334,32993.0694863883,1560.719436055674,583203.1661633406,74000.0,72315.68338366595,0.0
ST_VA7cm,ses,0.95,20,True,-1.0,0.0,2024-12-01,0.8734551808603508,0.8333333333333334,32993.0694863883,1560.719436055674,770489.4984900213,74000.0,72315.68338366595,0.0
ST_VA7cm,ses,0.95,50,True,-1.0,0.0,2024-12-01,0.8734551808603508,0.8333333333333334,32993.0694863883,1560.719436055674,1332348.495470064,74000.0,72315.68338366595,0.0
ST_VA7cm,ses,0.95,10,False,-1.0,0.0,2024-12-01,0.8733833457227808,0.8333333333333334,32987.27107578268,1561.6054027523703,583239.9012396766,74000.0,72303.51751578716,0.0
ST_VA7cm,ses,0.98,2,True,-1.0,0.0,2024-12-01,0.9999191830173175,0.8333333333333334,40545.01628606792,0.9967427864175988,486564.117259689,74000.0,81634.0195432815,0.0
ST_VA7cm,ses,0.98,5,True,-1.0,0.0,2024-12-01,0.9999191830173175,0.8333333333333334,40545.01628606792,0.9967427864175988,486600.00000000006,74000.0,81634.0195432815,0.0
ST_VA7cm,ses,0.98,10,True,-1.0,0.0,2024-12-01,0.9999191830173175,0.8333333333333334,40545.01628606792,0.9967427864175988,486659.8045671851,74000.0,81634.0195432815,0.0
ST_VA7cm,ses,0.98,20,True,-1.0,0.0,2024-12-01,0.9999191830173175,0.8333333333333334,40545.01628606792,0.9967427864175988,486779.4137015552,74000.0,81634.0195432815,0.0
ST_VA7cm,ses,0.98,50,True,-1.0,0.0,2024-12-01,0.9999191830173175,0.8333333333333334,40545.01628606792,0.9967427864175988,487138.24110466556,74000.0,81634.0195432815,0.0
ST_VA7cm,ses,0.98,10,False,-1.0,0.0,2024-12-01,0.9996809899672617,0.8333333333333334,40533.30974872371,3.934457070439142,486871.8518331372,74000.0,81629.11209271943,0.0
ST_VA7cm,tsb,0.9,2,True,-1.0,0.0,2024-12-01,0.7000476316699188,0.8333333333333334,22052.349829049326,3935.4917521420043,359080.0,74000.0,52003.52474357399,0.0
ST_VA7cm,tsb,0.9,5,True,-1.0,0.0,2024-12-01,0.7000476316699188,0.8333333333333334,22052.349829049326,3935.4917521420043,500757.70307711215,74000.0,52003.52474357399,0.0
ST_VA7cm,tsb,0.9,10,True,-1.0,0.0,2024-12-01,0.7000476316699188,0.8333333333333334,22052.349829049326,3935.4917521420043,736887.2082056324,74000.0,52003.52474357399,0.0
ST_VA7cm,tsb,0.9,20,True,-1.0,0.0,2024-12-01,0.7000476316699188,0.8333333333333334,22052.349829049326,3935.4917521420043,1209146.218462673,74000.0,52003.52474357399,0.0
ST_VA7cm,tsb,0.9,50,True,-1.0,0.0,2024-12-01,0.7000476316699188,0.8333333333333334,22052.349829049326,3935.4917521420043,2625923.2492337944,74000.0,52003.52474357399,0.0
ST_VA7cm,tsb,0.9,10,False,-1.0,0.0,2024-12-01,0.6998566341469619,0.8333333333333334,22042.469305649764,3941.0421543016187,737434.6901839913,74000.0,51983.895179670886,0.0
ST_VA7cm,tsb,0.95,2,True,-1.0,0.0,2024-12-01,0.8110647861323891,0.8333333333333334,28372.328478163992,2330.200971033868,396392.7650427807,74000.0,60298.79417379679,0.0
ST_VA7cm,tsb,0.95,5,True,-1.0,0.0,2024-12-01,0.8110647861323891,0.8333333333333334,28372.328478163992,2330.200971033868,480280.0,74000.0,60298.79417379679,0.0
ST_VA7cm,tsb,0.95,10,True,-1.0,0.0,2024-12-01,0.8110647861323891,0.8333333333333334,28372.328478163992,2330.200971033868,620092.058262032,74000.0,60298.79417379679,0.0
ST_VA7cm,tsb,0.95,20,True,-1.0,0.0,2024-12-01,0.8110647861323891,0.8333333333333334,28372.328478163992,2330.200971033868,899716.1747860962,74000.0,60298.79417379679,0.0
ST_VA7cm,tsb,0.95,50,True,-1.0,0.0,2024-12-01,0.8110647861323891,0.8333333333333334,28372.328478163992,2330.200971033868,1738588.5243582889,74000.0,60298.79417379679,0.0
ST_VA7cm,tsb,0.95,10,False,-1.0,0.0,2024-12-01,0.8109572445743847,0.8333333333333334,28364.964708110358,2331.5273169159227,620162.854527235,74000.0,60283.58075585365,0.0
ST_VA7cm,tsb,0.98,2,True,-1.0,0.0,2024-12-01,0.936156629783124,0.8333333333333334,35759.65883662598,787.4015660081374,448013.5436237071,74000.0,69635.59060395118,0.0
ST_VA7cm,tsb,0.98,5,True,-1.0,0.0,2024-12-01,0.936156629783124,0.8333333333333334,35759.65883662598,787.4015660081374,476360.0,74000.0,69635.59060395118,0.0
ST_VA7cm,tsb,0.98,10,True,-1.0,0.0,2024-12-01,0.936156629783124,0.8333333333333334,35759.65883662598,787.4015660081374,523604.0939604883,74000.0,69635.59060395118,0.0
ST_VA7cm,tsb,0.98,20,True,-1.0,0.0,2024-12-01,0.936156629783124,0.8333333333333334,35759.65883662598,787.4015660081374,618092.2818814648,74000.0,69635.59060395118,0.0
ST_VA7cm,tsb,0.98,50,True,-1.0,0.0,2024-12-01,0.936156629783124,0.8333333333333334,35759.65883662598,787.4015660081374,901556.8456443942,74000.0,69635.59060395118,0.0
ST_VA7cm,tsb,0.98,10,False,-1.0,0.0,2024-12-01,0.93597218964108,0.8333333333333334,35748.53564587203,789.6763277600136,523743.58708166593,74000.0,69622.72598993983,0.0
ST_VA7cm,xgb,0.9,2,True,-1.0,0.0,2024-12-01,0.5715398907811814,0.8333333333333334,15271.471952054331,8780.85336758024,393998.14424657775,74000.0,33493.951917807426,8320.0
ST_VA7cm,xgb,0.9,5,True,-1.0,0.0,2024-12-01,0.5715398907811814,0.8333333333333334,15271.471952054331,8780.85336758024,710108.8654794663,74000.0,33493.951917807426,8320.0
ST_VA7cm,xgb,0.9,10,True,-1.0,0.0,2024-12-01,0.5715398907811814,0.8333333333333334,15271.471952054331,8780.85336758024,1236960.0675342807,74000.0,33493.951917807426,8320.0
ST_VA7cm,xgb,0.9,20,True,-1.0,0.0,2024-12-01,0.5715398907811814,0.8333333333333334,15271.471952054331,8780.85336758024,2290662.4716439093,74000.0,33493.951917807426,8320.0
ST_VA7cm,xgb,0.9,50,True,-1.0,0.0,2024-12-01,0.5715398907811814,0.8333333333333334,15271.471952054331,8780.85336758024,5451769.6839727955,74000.0,33493.951917807426,8320.0
ST_VA7cm,xgb,0.9,10,False,-1.0,0.0,2024-12-01,0.5713251669175101,0.8333333333333334,15262.894747694258,8787.522953861015,1237657.4914356528,74000.0,33486.36286095661,8310.642625971035
ST_VA7cm,xgb,0.95,2,True,-1.0,0.0,2024-12-01,0.7324648154262804,0.8333333333333334,22698.2642276965,5539.201219485083,405320.0,74000.0,42962.39634154475,10700.0
ST_VA7cm,xgb,0.95,5,True,-1.0,0.0,2024-12-01,0.7324648154262804,0.8333333333333334,22698.2642276965,5539.201219485083,604731.243901463,74000.0,42962.39634154475,10700.0
ST_VA7cm,xgb,0.95,10,True,-1.0,0.0,2024-12-01,0.7324648154262804,0.8333333333333334,22698.2642276965,5539.201219485083,937083.317070568,74000.0,42962.39634154475,10700.0
ST_VA7cm,xgb,0.95,20,True,-1.0,0.0,2024-12-01,0.7324648154262804,0.8333333333333334,22698.2642276965,5539.201219485083,1601787.463408778,74000.0,42962.39634154475,10700.0
ST_VA7cm,xgb,0.95,50,True,-1.0,0.0,2024-12-01,0.7324648154262804,0.8333333333333334,22698.2642276965,5539.201219485083,3595899.902423408,74000.0,42962.39634154475,10700.0
ST_VA7cm,xgb,0.95,10,False,-1.0,0.0,2024-12-01,0.7322017652798191,0.8333333333333334,22686.421067532578,5542.9562922644,937391.807882119,74000.0,42956.53839544469,10687.512106756854
ST_VA7cm,xgb,0.98,2,True,-1.0,0.0,2024-12-01,0.913480582323708,0.8333333333333334,31400.042061302927,2134.145636015203,428020.0,74000.0,53617.56309195439,13360.0
ST_VA7cm,xgb,0.98,5,True,-1.0,0.0,2024-12-01,0.913480582323708,0.8333333333333334,31400.042061302927,2134.145636015203,504849.2428965473,74000.0,53617.56309195439,13360.0
ST_VA7cm,xgb,0.98,10,True,-1.0,0.0,2024-12-01,0.913480582323708,0.8333333333333334,31400.042061302927,2134.145636015203,632897.9810574595,74000.0,53617.56309195439,13360.0
ST_VA7cm,xgb,0.98,20,True,-1.0,0.0,2024-12-01,0.913480582323708,0.8333333333333334,31400.042061302927,2134.145636015203,888995.4573792838,74000.0,53617.56309195439,13360.0
ST_VA7cm,xgb,0.98,50,True,-1.0,0.0,2024-12-01,0.913480582323708,0.8333333333333334,31400.042061302927,2134.145636015203,1657287.886344757,74000.0,53617.56309195439,13360.0
ST_VA7cm,xgb,0.98,10,False,-1.0,0.0,2024-12-01,0.9132266852096619,0.8333333333333334,31388.682473428507,2140.4084314950064,633513.2014605429,74000.0,53612.76674253724,13362.062736388696
ST_VA7cmbox,arima,0.9,2,True,-1.0,0.0,2024-12-01,,1.0,56860.0,0.0,682320.0,0.0,56860.0,0.0
ST_VA7cmbox,arima,0.9,5,True,-1.0,0.0,2024-12-01,,1.0,56860.0,0.0,682320.0,0.0,56860.0,0.0
ST_VA7cmbox,arima,0.9,10,True,-1.0,0.0,2024-12-01,,1.0,56860.0,0.0,682320.0,0.0,56860.0,0.0
ST_VA7cmbox,arima,0.9,20,True,-1.0,0.0,2024-12-01,,1.0,56860.0,0.0,682320.0,0.0,56860.0,0.0
ST_VA7cmbox,arima,0.9,50,True,-1.0,0.0,2024-12-01,,1.0,56860.0,0.0,682320.0,0.0,56860.0,0.0
ST_VA7cmbox,arima,0.9,10,False,-1.0,0.0,2024-12-01,,1.0,56845.51332830467,0.0,682146.159939656,0.0,56845.513328304674,0.0
ST_VA7cmbox,arima,0.95,2,True,-1.0,0.0,2024-12-01,,1.0,59460.0,0.0,713520.0,0.0,59460.0,0.0
ST_VA7cmbox,arima,0.95,5,True,-1.0,0.0,2024-12-01,,1.0,59460.0,0.0,713520.0,0.0,59460.0,0.0
ST_VA7cmbox,arima,0.95,10,True,-1.0,0.0,2024-12-01,,1.0,59460.0,0.0,713520.0,0.0,59460.0,0.0
ST_VA7cmbox,arima,0.95,20,True,-1.0,0.0,2024-12-01,,1.0,59460.0,0.0,713520.0,0.0,59460.0,0.0
ST_VA7cmbox,arima,0.95,50,True,-1.0,0.0,2024-12-01,,1.0,59460.0,0.0,713520.0,0.0,59460.0,0.0
ST_VA7cmbox,arima,0.95,10,False,-1.0,0.0,2024-12-01,,1.0,59445.07651622684,0.0,713340.9181947222,0.0,59445.076516226836,0.0
ST_VA7cmbox,arima,0.98,2,True,-1.0,0.0,2024-12-01,,1.0,62380.0,0.0,748560.0,0.0,62380.0,0.0
ST_VA7cmbox,arima,0.98,5,True,-1.0,0.0,2024-12-01,,1.0,62380.0,0.0,748560.0,0.0,62380.0,0.0
ST_VA7cmbox,arima,0.98,10,True,-1.0,0.0,2024-12-01,,1.0,62380.0,0.0,748560.0,0.0,62380.0,0.0
ST_VA7cmbox,arima,0.98,20,True,-1.0,0.0,2024-12-01,,1.0,62380.0,0.0,748560.0,0.0,62380.0,0.0
ST_VA7cmbox,arima,0.98,50,True,-1.0,0.0,2024-12-01,,1.0,62380.0,0.0,748560.0,0.0,62380.0,0.0
ST_VA7cmbox,arima,0.98,10,False,-1.0,0.0,2024-12-01,,1.0,62370.211201672944,0.0,748442.5344200754,0.0,62370.211201672966,0.0
ST_VA7cmbox,croston,0.9,2,True,-1.0,0.0,2024-12-01,,1.0,165828.33333333334,0.0,1989940.0,0.0,182540.0,0.0
ST_VA7cmbox,croston,0.9,5,True,-1.0,0.0,2024-12-01,,1.0,165828.33333333334,0.0,1989940.0,0.0,182540.0,0.0
ST_VA7cmbox,croston,0.9,10,True,-1.0,0.0,2024-12-01,,1.0,165828.33333333334,0.0,1989940.0,0.0,182540.0,0.0
ST_VA7cmbox,croston,0.9,20,True,-1.0,0.0,2024-12-01,,1.0,165828.33333333334,0.0,1989940.0,0.0,182540.0,0.0
ST_VA7cmbox,croston,0.9,50,True,-1.0,0.0,2024-12-01,,1.0,165828.33333333334,0.0,1989940.0,0.0,182540.0,0.0
ST_VA7cmbox,croston,0.9,10,False,-1.0,0.0,2024-12-01,,1.0,165816.31605358783,0.0,1989795.792643054,0.0,182528.0,0.0
ST_VA7cmbox,croston,0.95,2,True,-1.0,0.0,2024-12-01,,1.0,190150.0,0.0,2281800.0,0.0,211600.0,0.0
ST_VA7cmbox,croston,0.95,5,True,-1.0,0.0,2024-12-01,,1.0,190150.0,0.0,2281800.0,0.0,211600.0,0.0
ST_VA7cmbox,croston,0.95,10,True,-1.0,0.0,2024-12-01,,1.0,190150.0,0.0,2281800.0,0.0,211600.0,0.0
ST_VA7cmbox,croston,0.95,20,True,-1.0,0.0,2024-12-01,,1.0,190150.0,0.0,2281800.0,0.0,211600.0,0.0
ST_VA7cmbox,croston,0.95,50,True,-1.0,0.0,2024-12-01,,1.0,190150.0,0.0,2281800.0,0.0,211600.0,0.0
ST_VA7cmbox,croston,0.95,10,False,-1.0,0.0,2024-12-01,,1.0,190142.99178881603,0.0,2281715.901465792,0.0,211592.0,0.0
ST_VA7cmbox,croston,0.98,2,True,-1.0,0.0,2024-12-01,,1.0,217526.66666666666,0.0,2610320.0,0.0,244300.0,0.0
ST_VA7cmbox,croston,0.98,5,True,-1.0,0.0,2024-12-01,,1.0,217526.66666666666,0.0,2610320.0,0.0,244300.0,0.0
ST_VA7cmbox,croston,0.98,10,True,-1.0,0.0,2024-12-01,,1.0,217526.66666666666,0.0,2610320.0,0.0,244300.0,0.0
ST_VA7cmbox,croston,0.98,20,True,-1.0,0.0,2024-12-01,,1.0,217526.66666666666,0.0,2610320.0,0.0,244300.0,0.0
ST_VA7cmbox,croston,0.98,50,True,-1.0,0.0,2024-12-01,,1.0,217526.66666666666,0.0,2610320.0,0.0,244300.0,0.0
ST_VA7cmbox,croston,0.98,10,False,-1.0,0.0,2024-12-01,,1.0,217516.3610168955,0.0,2610196.332202746,0.0,244296.0,0.0
ST_VA7cmbox,hybrid,0.9,2,True,-1.0,0.0,2024-12-01,,1.0,18455.93766501138,0.0,221471.25198013659,0.0,18455.93766501138,0.0
ST_VA7cmbox,hybrid,0.9,5,True,-1.0,0.0,2024-12-01,,1.0,18455.93766501138,0.0,221471.25198013659,0.0,18455.93766501138,0.0
ST_VA7cmbox,hybrid,0.9,10,True,-1.0,0.0,2024-12-01,,1.0,18455.93766501138,0.0,221471.25198013659,0.0,18455.93766501138,0.0
ST_VA7cmbox,hybrid,0.9,20,True,-1.0,0.0,2024-12-01,,1.0,18455.93766501138,0.0,221471.25198013659,0.0,18455.93766501138,0.0
ST_VA7cmbox,hybrid,0.9,50,True,-1.0,0.0,2024-12-01,,1.0,18455.93766501138,0.0,221471.25198013659,0.0,18455.93766501138,0.0
ST_VA7cmbox,hybrid,0.9,10,False,-1.0,0.0,2024-12-01,,1.0,18451.578754985265,0.0,221418.94505982316,0.0,18451.57875498526,0.0
ST_VA7cmbox,hybrid,0.95,2,True,-1.0,0.0,2024-12-01,,1.0,21701.536360543076,0.0,260418.4363265169,0.0,21701.536360543076,0.0
ST_VA7cmbox,hybrid,0.95,5,True,-1.0,0.0,2024-12-01,,1.0,21701.536360543076,0.0,260418.4363265169,0.0,21701.536360543076,0.0
ST_VA7cmbox,hybrid,0.95,10,True,-1.0,0.0,2024-12-01,,1.0,21701.536360543076,0.0,260418.4363265169,0.0,21701.536360543076,0.0
ST_VA7cmbox,hybrid,0.95,20,True,-1.0,0.0,2024-12-01,,1.0,21701.536360543076,0.0,260418.4363265169,0.0,21701.536360543076,0.0
ST_VA7cmbox,hybrid,0.95,50,True,-1.0,0.0,2024-12-01,,1.0,21701.536360543076,0.0,260418.4363265169,0.0,21701.536360543076,0.0
ST_VA7cmbox,hybrid,0.95,10,False,-1.0,0.0,2024-12-01,,1.0,21689.30267519559,0.0,260271.6321023471,0.0,21689.30267519559,0.0
ST_VA7cmbox,hybrid,0.98,2,True,-1.0,0.0,2024-12-01,,1.0,25342.98075012016,0.0,304115.76900144195,0.0,25342.98075012016,0.0
ST_VA7cmbox,hybrid,0.98,5,True,-1.0,0.0,2024-12-01,,1.0,25342.98075012016,0.0,304115.76900144195,0.0,25342.98075012016,0.0
ST_VA7cmbox,hybrid,0.98,10,True,-1.0,0.0,2024-12-01,,1.0,25342.98075012016,0.0,304115.76900144195,0.0,25342.98075012016,0.0
ST_VA7cmbox,hybrid,0.98,20,True,-1.0,0.0,2024-12-01,,1.0,25342.98075012016,0.0,304115.76900144195,0.0,25342.98075012016,0.0
ST_VA7cmbox,hybrid,0.98,50,True,-1.0,0.0,2024-12-01,,1.0,25342.98075012016,0.0,304115.76900144195,0.0,25342.98075012016,0.0
ST_VA7cmbox,hybrid,0.98,10,False,-1.0,0.0,2024-12-01,,1.0,25332.521884064252,0.0,303990.26260877104,0.0,25332.521884064252,0.0
ST_VA7cmbox,mitra,0.9,2,True,-1.0,0.0,2024-12-01,,1.0,15980.0,0.0,191760.0,0.0,15980.0,0.0
ST_VA7cmbox,mitra,0.9,5,True,-1.0,0.0,2024-12-01,,1.0,15980.0,0.0,191760.0,0.0,15980.0,0.0
ST_VA7cmbox,mitra,0.9,10,True,-1.0,0.0,2024-12-01,,1.0,15980.0,0.0,191760.0,0.0,15980.0,0.0
ST_VA7cmbox,mitra,0.9,20,True,-1.0,0.0,2024-12-01,,1.0,15980.0,0.0,191760.0,0.0,15980.0,0.0
ST_VA7cmbox,mitra,0.9,50,True,-1.0,0.0,2024-12-01,,1.0,15980.0,0.0,191760.0,0.0,15980.0,0.0
ST_VA7cmbox,mitra,0.9,10,False,-1.0,0.0,2024-12-01,,1.0,15974.966715211487,0.0,191699.60058253785,0.0,15974.966715211487,0.0
ST_VA7cmbox,mitra,0.95,2,True,-1.0,0.0,2024-12-01,,1.0,19100.0,0.0,229200.0,0.0,19100.0,0.0
ST_VA7cmbox,mitra,0.95,5,True,-1.0,0.0,2024-12-01,,1.0,19100.0,0.0,229200.0,0.0,19100.0,0.0
ST_VA7cmbox,mitra,0.95,10,True,-1.0,0.0,2024-12-01,,1.0,19100.0,0.0,229200.0,0.0,19100.0,0.0
ST_VA7cmbox,mitra,0.95,20,True,-1.0,0.0,2024-12-01,,1.0,19100.0,0.0,229200.0,0.0,19100.0,0.0
ST_VA7cmbox,mitra,0.95,50,True,-1.0,0.0,2024-12-01,,1.0,19100.0,0.0,229200.0,0.0,19100.0,0.0
ST_VA7cmbox,mitra,0.95,10,False,-1.0,0.0,2024-12-01,,1.0,19086.082045764186,0.0,229032.98454917024,0.0,19086.082045764182,0.0
ST_VA7cmbox,mitra,0.98,2,True,-1.0,0.0,2024-12-01,,1.0,22600.0,0.0,271200.0,0.0,22600.0,0.0
ST_VA7cmbox,mitra,0.98,5,True,-1.0,0.0,2024-12-01,,1.0,22600.0,0.0,271200.0,0.0,22600.0,0.0
ST_VA7cmbox,mitra,0.98,10,True,-1.0,0.0,2024-12-01,,1.0,22600.0,0.0,271200.0,0.0,22600.0,0.0
ST_VA7cmbox,mitra,0.98,20,True,-1.0,0.0,2024-12-01,,1.0,22600.0,0.0,271200.0,0.0,22600.0,0.0
ST_VA7cmbox,mitra,0.98,50,True,-1.0,0.0,2024-12-01,,1.0,22600.0,0.0,271200.0,0.0,22600.0,0.0
ST_VA7cmbox,mitra,0.98,10,False,-1.0,0.0,2024-12-01,,1.0,22586.83609786972,0.0,271042.03317443666,0.0,22586.836097869716,0.0
ST_VA7cmbox,naive,0.9,2,True,-1.0,0.0,2024-12-01,,1.0,32440.0,0.0,389280.0,0.0,32440.0,0.0
ST_VA7cmbox,naive,0.9,5,True,-1.0,0.0,2024-12-01,,1.0,32440.0,0.0,389280.0,0.0,32440.0,0.0
ST_VA7cmbox,naive,0.9,10,True,-1.0,0.0,2024-12-01,,1.0,32440.0,0.0,389280.0,0.0,32440.0,0.0
ST_VA7cmbox,naive,0.9,20,True,-1.0,0.0,2024-12-01,,1.0,32440.0,0.0,389280.0,0.0,32440.0,0.0
ST_VA7cmbox,naive,0.9,50,True,-1.0,0.0,2024-12-01,,1.0,32440.0,0.0,389280.0,0.0,32440.0,0.0
ST_VA7cmbox,naive,0.9,10,False,-1.0,0.0,2024-12-01,,1.0,32422.200394174364,0.0,389066.4047300924,0.0,32422.200394174364,0.0
ST_VA7cmbox,naive,0.95,2,True,-1.0,0.0,2024-12-01,,1.0,41620.0,0.0,499440.0,0.0,41620.0,0.0
ST_VA7cmbox,naive,0.95,5,True,-1.0,0.0,2024-12-01,,1.0,41620.0,0.0,499440.0,0.0,41620.0,0.0
ST_VA7cmbox,naive,0.95,10,True,-1.0,0.0,2024-12-01,,1.0,41620.0,0.0,499440.0,0.0,41620.0,0.0
ST_VA7cmbox,naive,0.95,20,True,-1.0,0.0,2024-12-01,,1.0,41620.0,0.0,499440.0,0.0,41620.0,0.0
ST_VA7cmbox,naive,0.95,50,True,-1.0,0.0,2024-12-01,,1.0,41620.0,0.0,499440.0,0.0,41620.0,0.0
ST_VA7cmbox,naive,0.95,10,False,-1.0,0.0,2024-12-01,,1.0,41613.04418568774,0.0,499356.5302282528,0.0,41613.04418568774,0.0
ST_VA7cmbox,naive,0.98,2,True,-1.0,0.0,2024-12-01,,1.0,51960.0,0.0,623520.0,0.0,51960.0,0.0
ST_VA7cmbox,naive,0.98,5,True,-1.0,0.0,2024-12-01,,1.0,51960.0,0.0,623520.0,0.0,51960.0,0.0
ST_VA7cmbox,naive,0.98,10,True,-1.0,0.0,2024-12-01,,1.0,51960.0,0.0,623520.0,0.0,51960.0,0.0
ST_VA7cmbox,naive,0.98,20,True,-1.0,0.0,2024-12-01,,1.0,51960.0,0.0,623520.0,0.0,51960.0,0.0
ST_VA7cmbox,naive,0.98,50,True,-1.0,0.0,2024-12-01,,1.0,51960.0,0.0,623520.0,0.0,51960.0,0.0
ST_VA7cmbox,naive,0.98,10,False,-1.0,0.0,2024-12-01,,1.0,51954.9570455024,0.0,623459.4845460288,0.0,51954.95704550241,0.0
ST_VA7cmbox,rf,0.9,2,True,-1.0,0.0,2024-12-01,,1.0,26809.2033147074,0.0,321710.4397764888,0.0,26809.203314707403,0.0
ST_VA7cmbox,rf,0.9,5,True,-1.0,0.0,2024-12-01,,1.0,26809.2033147074,0.0,321710.4397764888,0.0,26809.203314707403,0.0
ST_VA7cmbox,rf,0.9,10,True,-1.0,0.0,2024-12-01,,1.0,26809.2033147074,0.0,321710.4397764888,0.0,26809.203314707403,0.0
ST_VA7cmbox,rf,0.9,20,True,-1.0,0.0,2024-12-01,,1.0,26809.2033147074,0.0,321710.4397764888,0.0,26809.203314707403,0.0
ST_VA7cmbox,rf,0.9,50,True,-1.0,0.0,2024-12-01,,1.0,26809.2033147074,0.0,321710.4397764888,0.0,26809.203314707403,0.0
ST_VA7cmbox,rf,0.9,10,False,-1.0,0.0,2024-12-01,,1.0,26800.640820252313,0.0,321607.68984302774,0.0,26800.640820252313,0.0
ST_VA7cmbox,rf,0.95,2,True,-1.0,0.0,2024-12-01,,1.0,30159.218458459898,0.0,361910.62150151876,0.0,30159.2184584599,0.0
ST_VA7cmbox,rf,0.95,5,True,-1.0,0.0,2024-12-01,,1.0,30159.218458459898,0.0,361910.62150151876,0.0,30159.2184584599,0.0
ST_VA7cmbox,rf,0.95,10,True,-1.0,0.0,2024-12-01,,1.0,30159.218458459898,0.0,361910.62150151876,0.0,30159.2184584599,0.0
ST_VA7cmbox,rf,0.95,20,True,-1.0,0.0,2024-12-01,,1.0,30159.218458459898,0.0,361910.62150151876,0.0,30159.2184584599,0.0
ST_VA7cmbox,rf,0.95,50,True,-1.0,0.0,2024-12-01,,1.0,30159.218458459898,0.0,361910.62150151876,0.0,30159.2184584599,0.0
ST_VA7cmbox,rf,0.95,10,False,-1.0,0.0,2024-12-01,,1.0,30147.193630019538,0.0,361766.32356023445,0.0,30147.19363001953,0.0
ST_VA7cmbox,rf,0.98,2,True,-1.0,0.0,2024-12-01,,1.0,33912.992724262316,0.0,406955.91269114777,0.0,33912.99272426232,0.0
ST_VA7cmbox,rf,0.98,5,True,-1.0,0.0,2024-12-01,,1.0,33912.992724262316,0.0,406955.91269114777,0.0,33912.99272426232,0.0
ST_VA7cmbox,rf,0.98,10,True,-1.0,0.0,2024-12-01,,1.0,33912.992724262316,0.0,406955.91269114777,0.0,33912.99272426232,0.0
ST_VA7cmbox,rf,0.98,20,True,-1.0,0.0,2024-12-01,,1.0,33912.992724262316,0.0,406955.91269114777,0.0,33912.99272426232,0.0
ST_VA7cmbox,rf,0.98,50,True,-1.0,0.0,2024-12-01,,1.0,33912.992724262316,0.0,406955.91269114777,0.0,33912.99272426232,0.0
ST_VA7cmbox,rf,0.98,10,False,-1.0,0.0,2024-12-01,,1.0,33912.87155083659,0.0,406954.45861003915,0.0,33912.87155083659,0.0
ST_VA7cmbox,sba,0.9,2,True,-1.0,0.0,2024-12-01,,1.0,157608.33333333334,0.0,1891300.0,0.0,173420.0,0.0
ST_VA7cmbox,sba,0.9,5,True,-1.0,0.0,2024-12-01,,1.0,157608.33333333334,0.0,1891300.0,0.0,173420.0,0.0
ST_VA7cmbox,sba,0.9,10,True,-1.0,0.0,2024-12-01,,1.0,157608.33333333334,0.0,1891300.0,0.0,173420.0,0.0
ST_VA7cmbox,sba,0.9,20,True,-1.0,0.0,2024-12-01,,1.0,157608.33333333334,0.0,1891300.0,0.0,173420.0,0.0
ST_VA7cmbox,sba,0.9,50,True,-1.0,0.0,2024-12-01,,1.0,157608.33333333334,0.0,1891300.0,0.0,173420.0,0.0
ST_VA7cmbox,sba,0.9,10,False,-1.0,0.0,2024-12-01,,1.0,157593.7609423511,0.0,1891125.1313082133,0.0,173401.6,0.0
ST_VA7cmbox,sba,0.95,2,True,-1.0,0.0,2024-12-01,,1.0,180733.33333333334,0.0,2168800.0,0.0,201020.0,0.0
ST_VA7cmbox,sba,0.95,5,True,-1.0,0.0,2024-12-01,,1.0,180733.33333333334,0.0,2168800.0,0.0,201020.0,0.0
ST_VA7cmbox,sba,0.95,10,True,-1.0,0.0,2024-12-01,,1.0,180733.33333333334,0.0,2168800.0,0.0,201020.0,0.0
ST_VA7cmbox,sba,0.95,20,True,-1.0,0.0,2024-12-01,,1.0,180733.33333333334,0.0,2168800.0,0.0,201020.0,0.0
ST_VA7cmbox,sba,0.95,50,True,-1.0,0.0,2024-12-01,,1.0,180733.33333333334,0.0,2168800.0,0.0,201020.0,0.0
ST_VA7cmbox,sba,0.95,10,False,-1.0,0.0,2024-12-01,,1.0,180723.4530072357,0.0,2168681.4360868284,0.0,201012.40000000002,0.0
ST_VA7cmbox,sba,0.98,2,True,-1.0,0.0,2024-12-01,,1.0,206761.66666666666,0.0,2481140.0,0.0,232100.0,0.0
ST_VA7cmbox,sba,0.98,5,True,-1.0,0.0,2024-12-01,,1.0,206761.66666666666,0.0,2481140.0,0.0,232100.0,0.0
ST_VA7cmbox,sba,0.98,10,True,-1.0,0.0,2024-12-01,,1.0,206761.66666666666,0.0,2481140.0,0.0,232100.0,0.0
ST_VA7cmbox,sba,0.98,20,True,-1.0,0.0,2024-12-01,,1.0,206761.66666666666,0.0,2481140.0,0.0,232100.0,0.0
ST_VA7cmbox,sba,0.98,50,True,-1.0,0.0,2024-12-01,,1.0,206761.66666666666,0.0,2481140.0,0.0,232100.0,0.0
ST_VA7cmbox,sba,0.98,10,False,-1.0,0.0,2024-12-01,,1.0,206749.92731531404,0.0,2480999.1277837683,0.0,232081.2,0.0
ST_VA7cmbox,ses,0.9,2,True,-1.0,0.0,2024-12-01,,1.0,16420.0,0.0,197040.0,0.0,16420.0,0.0
ST_VA7cmbox,ses,0.9,5,True,-1.0,0.0,2024-12-01,,1.0,16420.0,0.0,197040.0,0.0,16420.0,0.0
ST_VA7cmbox,ses,0.9,10,True,-1.0,0.0,2024-12-01,,1.0,16420.0,0.0,197040.0,0.0,16420.0,0.0
ST_VA7cmbox,ses,0.9,20,True,-1.0,0.0,2024-12-01,,1.0,16420.0,0.0,197040.0,0.0,16420.0,0.0
ST_VA7cmbox,ses,0.9,50,True,-1.0,0.0,2024-12-01,,1.0,16420.0,0.0,197040.0,0.0,16420.0,0.0
ST_VA7cmbox,ses,0.9,10,False,-1.0,0.0,2024-12-01,,1.0,16413.901639881635,0.0,196966.81967857963,0.0,16413.90163988164,0.0
ST_VA7cmbox,ses,0.95,2,True,-1.0,0.0,2024-12-01,,1.0,20200.0,0.0,242400.0,0.0,20200.0,0.0
ST_VA7cmbox,ses,0.95,5,True,-1.0,0.0,2024-12-01,,1.0,20200.0,0.0,242400.0,0.0,20200.0,0.0
ST_VA7cmbox,ses,0.95,10,True,-1.0,0.0,2024-12-01,,1.0,20200.0,0.0,242400.0,0.0,20200.0,0.0
ST_VA7cmbox,ses,0.95,20,True,-1.0,0.0,2024-12-01,,1.0,20200.0,0.0,242400.0,0.0,20200.0,0.0
ST_VA7cmbox,ses,0.95,50,True,-1.0,0.0,2024-12-01,,1.0,20200.0,0.0,242400.0,0.0,20200.0,0.0
ST_VA7cmbox,ses,0.95,10,False,-1.0,0.0,2024-12-01,,1.0,20189.425990220276,0.0,242273.1118826433,0.0,20189.425990220276,0.0
ST_VA7cmbox,ses,0.98,2,True,-1.0,0.0,2024-12-01,,1.0,24440.0,0.0,293280.0,0.0,24440.0,0.0
ST_VA7cmbox,ses,0.98,5,True,-1.0,0.0,2024-12-01,,1.0,24440.0,0.0,293280.0,0.0,24440.0,0.0
ST_VA7cmbox,ses,0.98,10,True,-1.0,0.0,2024-12-01,,1.0,24440.0,0.0,293280.0,0.0,24440.0,0.0
ST_VA7cmbox,ses,0.98,20,True,-1.0,0.0,2024-12-01,,1.0,24440.0,0.0,293280.0,0.0,24440.0,0.0
ST_VA7cmbox,ses,0.98,50,True,-1.0,0.0,2024-12-01,,1.0,24440.0,0.0,293280.0,0.0,24440.0,0.0
ST_VA7cmbox,ses,0.98,10,False,-1.0,0.0,2024-12-01,,1.0,24437.800211025224,0.0,293253.60253230267,0.0,24437.80021102522,0.0
ST_VA7cmbox,tsb,0.9,2,True,-1.0,0.0,2024-12-01,,1.0,18300.0,0.0,219600.0,0.0,18300.0,0.0
ST_VA7cmbox,tsb,0.9,5,True,-1.0,0.0,2024-12-01,,1.0,18300.0,0.0,219600.0,0.0,18300.0,0.0
ST_VA7cmbox,tsb,0.9,10,True,-1.0,0.0,2024-12-01,,1.0,18300.0,0.0,219600.0,0.0,18300.0,0.0
ST_VA7cmbox,tsb,0.9,20,True,-1.0,0.0,2024-12-01,,1.0,18300.0,0.0,219600.0,0.0,18300.0,0.0
ST_VA7cmbox,tsb,0.9,50,True,-1.0,0.0,2024-12-01,,1.0,18300.0,0.0,219600.0,0.0,18300.0,0.0
ST_VA7cmbox,tsb,0.9,10,False,-1.0,0.0,2024-12-01,,1.0,18287.099521041524,0.0,219445.19425249827,0.0,18287.09952104152,0.0
ST_VA7cmbox,tsb,0.95,2,True,-1.0,0.0,2024-12-01,,1.0,22140.0,0.0,265680.0,0.0,22140.0,0.0
ST_VA7cmbox,tsb,0.95,5,True,-1.0,0.0,2024-12-01,,1.0,22140.0,0.0,265680.0,0.0,22140.0,0.0
ST_VA7cmbox,tsb,0.95,10,True,-1.0,0.0,2024-12-01,,1.0,22140.0,0.0,265680.0,0.0,22140.0,0.0
ST_VA7cmbox,tsb,0.95,20,True,-1.0,0.0,2024-12-01,,1.0,22140.0,0.0,265680.0,0.0,22140.0,0.0
ST_VA7cmbox,tsb,0.95,50,True,-1.0,0.0,2024-12-01,,1.0,22140.0,0.0,265680.0,0.0,22140.0,0.0
ST_VA7cmbox,tsb,0.95,10,False,-1.0,0.0,2024-12-01,,1.0,22131.90532628058,0.0,265582.86391536694,0.0,22131.905326280583,0.0
ST_VA7cmbox,tsb,0.98,2,True,-1.0,0.0,2024-12-01,,1.0,26460.0,0.0,317520.0,0.0,26460.0,0.0
ST_VA7cmbox,tsb,0.98,5,True,-1.0,0.0,2024-12-01,,1.0,26460.0,0.0,317520.0,0.0,26460.0,0.0
ST_VA7cmbox,tsb,0.98,10,True,-1.0,0.0,2024-12-01,,1.0,26460.0,0.0,317520.0,0.0,26460.0,0.0
ST_VA7cmbox,tsb,0.98,20,True,-1.0,0.0,2024-12-01,,1.0,26460.0,0.0,317520.0,0.0,26460.0,0.0
ST_VA7cmbox,tsb,0.98,50,True,-1.0,0.0,2024-12-01,,1.0,26460.0,0.0,317520.0,0.0,26460.0,0.0
ST_VA7cmbox,tsb,0.98,10,False,-1.0,0.0,2024-12-01,,1.0,26458.237870133406,0.0,317498.85444160085,0.0,26458.237870133402,0.0
ST_VA7cmbox,xgb,0.9,2,True,-1.0,0.0,2024-12-01,,1.0,13323.657055474032,0.0,159883.88466568838,0.0,13323.657055474032,0.0
ST_VA7cmbox,xgb,0.9,5,True,-1.0,0.0,2024-12-01,,1.0,13323.657055474032,0.0,159883.88466568838,0.0,13323.657055474032,0.0
ST_VA7cmbox,xgb,0.9,10,True,-1.0,0.0,2024-12-01,,1.0,13323.657055474032,0.0,159883.88466568838,0.0,13323.657055474032,0.0
ST_VA7cmbox,xgb,0.9,20,True,-1.0,0.0,2024-12-01,,1.0,13323.657055474032,0.0,159883.88466568838,0.0,13323.657055474032,0.0
ST_VA7cmbox,xgb,0.9,50,True,-1.0,0.0,2024-12-01,,1.0,13323.657055474032,0.0,159883.88466568838,0.0,13323.657055474032,0.0
ST_VA7cmbox,xgb,0.9,10,False,-1.0,0.0,2024-12-01,,1.0,13312.883580379568,0.0,159754.60296455483,0.0,13312.88358037957,0.0
ST_VA7cmbox,xgb,0.95,2,True,-1.0,0.0,2024-12-01,,1.0,17084.69044896035,0.0,205016.2853875242,0.0,17084.69044896035,0.0
ST_VA7cmbox,xgb,0.95,5,True,-1.0,0.0,2024-12-01,,1.0,17084.69044896035,0.0,205016.2853875242,0.0,17084.69044896035,0.0
ST_VA7cmbox,xgb,0.95,10,True,-1.0,0.0,2024-12-01,,1.0,17084.69044896035,0.0,205016.2853875242,0.0,17084.69044896035,0.0
ST_VA7cmbox,xgb,0.95,20,True,-1.0,0.0,2024-12-01,,1.0,17084.69044896035,0.0,205016.2853875242,0.0,17084.69044896035,0.0
ST_VA7cmbox,xgb,0.95,50,True,-1.0,0.0,2024-12-01,,1.0,17084.69044896035,0.0,205016.2853875242,0.0,17084.69044896035,0.0
ST_VA7cmbox,xgb,0.95,10,False,-1.0,0.0,2024-12-01,,1.0,17065.00929462526,0.0,204780.11153550312,0.0,17065.009294625263,0.0
ST_VA7cmbox,xgb,0.98,2,True,-1.0,0.0,2024-12-01,,1.0,21305.85326552299,0.0,255670.23918627587,0.0,21305.853265522994,0.0
ST_VA7cmbox,xgb,0.98,5,True,-1.0,0.0,2024-12-01,,1.0,21305.85326552299,0.0,255670.23918627587,0.0,21305.853265522994,0.0
ST_VA7cmbox,xgb,0.98,10,True,-1.0,0.0,2024-12-01,,1.0,21305.85326552299,0.0,255670.23918627587,0.0,21305.853265522994,0.0
ST_VA7cmbox,xgb,0.98,20,True,-1.0,0.0,2024-12-01,,1.0,21305.85326552299,0.0,255670.23918627587,0.0,21305.853265522994,0.0
ST_VA7cmbox,xgb,0.98,50,True,-1.0,0.0,2024-12-01,,1.0,21305.85326552299,0.0,255670.23918627587,0.0,21305.853265522994,0.0
ST_VA7cmbox,xgb,0.98,10,False,-1.0,0.0,2024-12-01,,1.0,21287.05441431599,0.0,255444.65297179186,0.0,21287.054414315986,0.0
ST_VA7cmrej,arima,0.9,2,True,-1.0,0.0,2024-12-01,,1.0,35560.0,0.0,426720.0,0.0,35560.0,0.0
ST_VA7cmrej,arima,0.9,5,True,-1.0,0.0,2024-12-01,,1.0,35560.0,0.0,426720.0,0.0,35560.0,0.0
ST_VA7cmrej,arima,0.9,10,True,-1.0,0.0,2024-12-01,,1.0,35560.0,0.0,426720.0,0.0,35560.0,0.0
ST_VA7cmrej,arima,0.9,20,True,-1.0,0.0,2024-12-01,,1.0,35560.0,0.0,426720.0,0.0,35560.0,0.0
ST_VA7cmrej,arima,0.9,50,True,-1.0,0.0,2024-12-01,,1.0,35560.0,0.0,426720.0,0.0,35560.0,0.0
ST_VA7cmrej,arima,0.9,10,False,-1.0,0.0,2024-12-01,,1.0,35547.67675813909,0.0,426572.12109766906,0.0,35547.67675813908,0.0
ST_VA7cmrej,arima,0.95,2,True,-1.0,0.0,2024-12-01,,1.0,37180.0,0.0,446160.0,0.0,37180.0,0.0
ST_VA7cmrej,arima,0.95,5,True,-1.0,0.0,2024-12-01,,1.0,37180.0,0.0,446160.0,0.0,37180.0,0.0
ST_VA7cmrej,arima,0.95,10,True,-1.0,0.0,2024-12-01,,1.0,37180.0,0.0,446160.0,0.0,37180.0,0.0
ST_VA7cmrej,arima,0.95,20,True,-1.0,0.0,2024-12-01,,1.0,37180.0,0.0,446160.0,0.0,37180.0,0.0
ST_VA7cmrej,arima,0.95,50,True,-1.0,0.0,2024-12-01,,1.0,37180.0,0.0,446160.0,0.0,37180.0,0.0
ST_VA7cmrej,arima,0.95,10,False,-1.0,0.0,2024-12-01,,1.0,37172.40375059042,0.0,446068.845007085,0.0,37172.40375059043,0.0
ST_VA7cmrej,arima,0.98,2,True,-1.0,0.0,2024-12-01,,1.0,39020.0,0.0,468240.0,0.0,39020.0,0.0
ST_VA7cmrej,arima,0.98,5,True,-1.0,0.0,2024-12-01,,1.0,39020.0,0.0,468240.0,0.0,39020.0,0.0
ST_VA7cmrej,arima,0.98,10,True,-1.0,0.0,2024-12-01,,1.0,39020.0,0.0,468240.0,0.0,39020.0,0.0
ST_VA7cmrej,arima,0.98,20,True,-1.0,0.0,2024-12-01,,1.0,39020.0,0.0,468240.0,0.0,39020.0,0.0
ST_VA7cmrej,arima,0.98,50,True,-1.0,0.0,2024-12-01,,1.0,39020.0,0.0,468240.0,0.0,39020.0,0.0
ST_VA7cmrej,arima,0.98,10,False,-1.0,0.0,2024-12-01,,1.0,39000.61292899425,0.0,468007.35514793097,0.0,39000.612928994255,0.0
ST_VA7cmrej,croston,0.9,2,True,-1.0,0.0,2024-12-01,,1.0,103645.0,0.0,1243740.0,0.0,114080.0,0.0
ST_VA7cmrej,croston,0.9,5,True,-1.0,0.0,2024-12-01,,1.0,103645.0,0.0,1243740.0,0.0,114080.0,0.0
ST_VA7cmrej,croston,0.9,10,True,-1.0,0.0,2024-12-01,,1.0,103645.0,0.0,1243740.0,0.0,114080.0,0.0
ST_VA7cmrej,croston,0.9,20,True,-1.0,0.0,2024-12-01,,1.0,103645.0,0.0,1243740.0,0.0,114080.0,0.0
ST_VA7cmrej,croston,0.9,50,True,-1.0,0.0,2024-12-01,,1.0,103645.0,0.0,1243740.0,0.0,114080.0,0.0
ST_VA7cmrej,croston,0.9,10,False,-1.0,0.0,2024-12-01,,1.0,103635.19753349239,0.0,1243622.3704019086,0.0,114080.0,0.0
ST_VA7cmrej,croston,0.95,2,True,-1.0,0.0,2024-12-01,,1.0,118851.66666666667,0.0,1426220.0,0.0,132260.0,0.0
ST_VA7cmrej,croston,0.95,5,True,-1.0,0.0,2024-12-01,,1.0,118851.66666666667,0.0,1426220.0,0.0,132260.0,0.0
ST_VA7cmrej,croston,0.95,10,True,-1.0,0.0,2024-12-01,,1.0,118851.66666666667,0.0,1426220.0,0.0,132260.0,0.0
ST_VA7cmrej,croston,0.95,20,True,-1.0,0.0,2024-12-01,,1.0,118851.66666666667,0.0,1426220.0,0.0,132260.0,0.0
ST_VA7cmrej,croston,0.95,50,True,-1.0,0.0,2024-12-01,,1.0,118851.66666666667,0.0,1426220.0,0.0,132260.0,0.0
ST_VA7cmrej,croston,0.95,10,False,-1.0,0.0,2024-12-01,,1.0,118839.36986801,0.0,1426072.4384161201,0.0,132245.0,0.0
ST_VA7cmrej,croston,0.98,2,True,-1.0,0.0,2024-12-01,,1.0,135955.0,0.0,1631460.0,0.0,152700.0,0.0
ST_VA7cmrej,croston,0.98,5,True,-1.0,0.0,2024-12-01,,1.0,135955.0,0.0,1631460.0,0.0,152700.0,0.0
ST_VA7cmrej,croston,0.98,10,True,-1.0,0.0,2024-12-01,,1.0,135955.0,0.0,1631460.0,0.0,152700.0,0.0
ST_VA7cmrej,croston,0.98,20,True,-1.0,0.0,2024-12-01,,1.0,135955.0,0.0,1631460.0,0.0,152700.0,0.0
ST_VA7cmrej,croston,0.98,50,True,-1.0,0.0,2024-12-01,,1.0,135955.0,0.0,1631460.0,0.0,152700.0,0.0
ST_VA7cmrej,croston,0.98,10,False,-1.0,0.0,2024-12-01,,1.0,135947.7256355597,0.0,1631372.7076267165,0.0,152685.0,0.0
ST_VA7cmrej,hybrid,0.9,2,True,-1.0,0.0,2024-12-01,,1.0,12810.667416598297,0.0,153728.00899917955,0.0,12810.667416598295,0.0
ST_VA7cmrej,hybrid,0.9,5,True,-1.0,0.0,2024-12-01,,1.0,12810.667416598297,0.0,153728.00899917955,0.0,12810.667416598295,0.0
ST_VA7cmrej,hybrid,0.9,10,True,-1.0,0.0,2024-12-01,,1.0,12810.667416598297,0.0,153728.00899917955,0.0,12810.667416598295,0.0
ST_VA7cmrej,hybrid,0.9,20,True,-1.0,0.0,2024-12-01,,1.0,12810.667416598297,0.0,153728.00899917955,0.0,12810.667416598295,0.0
ST_VA7cmrej,hybrid,0.9,50,True,-1.0,0.0,2024-12-01,,1.0,12810.667416598297,0.0,153728.00899917955,0.0,12810.667416598295,0.0
ST_VA7cmrej,hybrid,0.9,10,False,-1.0,0.0,2024-12-01,,1.0,12800.654432644718,0.0,153607.85319173662,0.0,12800.654432644718,0.0
ST_VA7cmrej,hybrid,0.95,2,True,-1.0,0.0,2024-12-01,,1.0,14816.266112129988,0.0,177795.19334555985,0.0,14816.266112129988,0.0
ST_VA7cmrej,hybrid,0.95,5,True,-1.0,0.0,2024-12-01,,1.0,14816.266112129988,0.0,177795.19334555985,0.0,14816.266112129988,0.0
ST_VA7cmrej,hybrid,0.95,10,True,-1.0,0.0,2024-12-01,,1.0,14816.266112129988,0.0,177795.19334555985,0.0,14816.266112129988,0.0
ST_VA7cmrej,hybrid,0.95,20,True,-1.0,0.0,2024-12-01,,1.0,14816.266112129988,0.0,177795.19334555985,0.0,14816.266112129988,0.0
ST_VA7cmrej,hybrid,0.95,50,True,-1.0,0.0,2024-12-01,,1.0,14816.266112129988,0.0,177795.19334555985,0.0,14816.266112129988,0.0
ST_VA7cmrej,hybrid,0.95,10,False,-1.0,0.0,2024-12-01,,1.0,14804.69124395807,0.0,177656.29492749684,0.0,14804.691243958066,0.0
ST_VA7cmrej,hybrid,0.98,2,True,-1.0,0.0,2024-12-01,,1.0,17077.710501707075,0.0,204932.5260204849,0.0,17077.710501707075,0.0
ST_VA7cmrej,hybrid,0.98,5,True,-1.0,0.0,2024-12-01,,1.0,17077.710501707075,0.0,204932.5260204849,0.0,17077.710501707075,0.0
ST_VA7cmrej,hybrid,0.98,10,True,-1.0,0.0,2024-12-01,,1.0,17077.710501707075,0.0,204932.5260204849,0.0,17077.710501707075,0.0
ST_VA7cmrej,hybrid,0.98,20,True,-1.0,0.0,2024-12-01,,1.0,17077.710501707075,0.0,204932.5260204849,0.0,17077.710501707075,0.0
ST_VA7cmrej,hybrid,0.98,50,True,-1.0,0.0,2024-12-01,,1.0,17077.710501707075,0.0,204932.5260204849,0.0,17077.710501707075,0.0
ST_VA7cmrej,hybrid,0.98,10,False,-1.0,0.0,2024-12-01,,1.0,17059.715324511046,0.0,204716.58389413255,0.0,17059.715324511042,0.0
ST_VA7cmrej,mitra,0.9,2,True,-1.0,0.0,2024-12-01,,1.0,9720.0,0.0,116640.0,0.0,9940.0,0.0
ST_VA7cmrej,mitra,0.9,5,True,-1.0,0.0,2024-12-01,,1.0,9720.0,0.0,116640.0,0.0,9940.0,0.0
ST_VA7cmrej,mitra,0.9,10,True,-1.0,0.0,2024-12-01,,1.0,9720.0,0.0,116640.0,0.0,9940.0,0.0
ST_VA7cmrej,mitra,0.9,20,True,-1.0,0.0,2024-12-01,,1.0,9720.0,0.0,116640.0,0.0,9940.0,0.0
ST_VA7cmrej,mitra,0.9,50,True,-1.0,0.0,2024-12-01,,1.0,9720.0,0.0,116640.0,0.0,9940.0,0.0
ST_VA7cmrej,mitra,0.9,10,False,-1.0,0.0,2024-12-01,,1.0,9717.136871943485,0.0,116605.64246332183,0.0,9939.35909416571,0.0
ST_VA7cmrej,mitra,0.95,2,True,-1.0,0.0,2024-12-01,,1.0,12075.0,0.0,144900.0,0.0,12300.0,0.0
ST_VA7cmrej,mitra,0.95,5,True,-1.0,0.0,2024-12-01,,1.0,12075.0,0.0,144900.0,0.0,12300.0,0.0
ST_VA7cmrej,mitra,0.95,10,True,-1.0,0.0,2024-12-01,,1.0,12075.0,0.0,144900.0,0.0,12300.0,0.0
ST_VA7cmrej,mitra,0.95,20,True,-1.0,0.0,2024-12-01,,1.0,12075.0,0.0,144900.0,0.0,12300.0,0.0
ST_VA7cmrej,mitra,0.95,50,True,-1.0,0.0,2024-12-01,,1.0,12075.0,0.0,144900.0,0.0,12300.0,0.0
ST_VA7cmrej,mitra,0.95,10,False,-1.0,0.0,2024-12-01,,1.0,12062.228288072074,0.0,144746.7394568649,0.0,12284.450510294299,0.0
ST_VA7cmrej,mitra,0.98,2,True,-1.0,0.0,2024-12-01,,1.0,14715.0,0.0,176580.0,0.0,14940.0,0.0
ST_VA7cmrej,mitra,0.98,5,True,-1.0,0.0,2024-12-01,,1.0,14715.0,0.0,176580.0,0.0,14940.0,0.0
ST_VA7cmrej,mitra,0.98,10,True,-1.0,0.0,2024-12-01,,1.0,14715.0,0.0,176580.0,0.0,14940.0,0.0
ST_VA7cmrej,mitra,0.98,20,True,-1.0,0.0,2024-12-01,,1.0,14715.0,0.0,176580.0,0.0,14940.0,0.0
ST_VA7cmrej,mitra,0.98,50,True,-1.0,0.0,2024-12-01,,1.0,14715.0,0.0,176580.0,0.0,14940.0,0.0
ST_VA7cmrej,mitra,0.98,10,False,-1.0,0.0,2024-12-01,,1.0,14701.020941288063,0.0,176412.25129545675,0.0,14923.243163510286,0.0
ST_VA7cmrej,naive,0.9,2,True,-1.0,0.0,2024-12-01,,1.0,20280.0,0.0,243360.0,0.0,20280.0,0.0
ST_VA7cmrej,naive,0.9,5,True,-1.0,0.0,2024-12-01,,1.0,20280.0,0.0,243360.0,0.0,20280.0,0.0
ST_VA7cmrej,naive,0.9,10,True,-1.0,0.0,2024-12-01,,1.0,20280.0,0.0,243360.0,0.0,20280.0,0.0
ST_VA7cmrej,naive,0.9,20,True,-1.0,0.0,2024-12-01,,1.0,20280.0,0.0,243360.0,0.0,20280.0,0.0
ST_VA7cmrej,naive,0.9,50,True,-1.0,0.0,2024-12-01,,1.0,20280.0,0.0,243360.0,0.0,20280.0,0.0
ST_VA7cmrej,naive,0.9,10,False,-1.0,0.0,2024-12-01,,1.0,20263.875246358974,0.0,243166.5029563077,0.0,20263.875246358974,0.0
ST_VA7cmrej,naive,0.95,2,True,-1.0,0.0,2024-12-01,,1.0,26020.0,0.0,312240.0,0.0,26020.0,0.0
ST_VA7cmrej,naive,0.95,5,True,-1.0,0.0,2024-12-01,,1.0,26020.0,0.0,312240.0,0.0,26020.0,0.0
ST_VA7cmrej,naive,0.95,10,True,-1.0,0.0,2024-12-01,,1.0,26020.0,0.0,312240.0,0.0,26020.0,0.0
ST_VA7cmrej,naive,0.95,20,True,-1.0,0.0,2024-12-01,,1.0,26020.0,0.0,312240.0,0.0,26020.0,0.0
ST_VA7cmrej,naive,0.95,50,True,-1.0,0.0,2024-12-01,,1.0,26020.0,0.0,312240.0,0.0,26020.0,0.0
ST_VA7cmrej,naive,0.95,10,False,-1.0,0.0,2024-12-01,,1.0,26008.152616054835,0.0,312097.831392658,0.0,26008.152616054835,0.0
ST_VA7cmrej,naive,0.98,2,True,-1.0,0.0,2024-12-01,,1.0,32480.0,0.0,389760.0,0.0,32480.0,0.0
ST_VA7cmrej,naive,0.98,5,True,-1.0,0.0,2024-12-01,,1.0,32480.0,0.0,389760.0,0.0,32480.0,0.0
ST_VA7cmrej,naive,0.98,10,True,-1.0,0.0,2024-12-01,,1.0,32480.0,0.0,389760.0,0.0,32480.0,0.0
ST_VA7cmrej,naive,0.98,20,True,-1.0,0.0,2024-12-01,,1.0,32480.0,0.0,389760.0,0.0,32480.0,0.0
ST_VA7cmrej,naive,0.98,50,True,-1.0,0.0,2024-12-01,,1.0,32480.0,0.0,389760.0,0.0,32480.0,0.0
ST_VA7cmrej,naive,0.98,10,False,-1.0,0.0,2024-12-01,,1.0,32471.848153439005,0.0,389662.1778412681,0.0,32471.848153439005,0.0
ST_VA7cmrej,rf,0.9,2,True,-1.0,0.0,2024-12-01,,1.0,15333.90643937706,0.0,184006.87727252473,0.0,15333.906439377064,0.0
ST_VA7cmrej,rf,0.9,5,True,-1.0,0.0,2024-12-01,,1.0,15333.90643937706,0.0,184006.87727252473,0.0,15333.906439377064,0.0
ST_VA7cmrej,rf,0.9,10,True,-1.0,0.0,2024-12-01,,1.0,15333.90643937706,0.0,184006.87727252473,0.0,15333.906439377064,0.0
ST_VA7cmrej,rf,0.9,20,True,-1.0,0.0,2024-12-01,,1.0,15333.90643937706,0.0,184006.87727252473,0.0,15333.906439377064,0.0
ST_VA7cmrej,rf,0.9,50,True,-1.0,0.0,2024-12-01,,1.0,15333.90643937706,0.0,184006.87727252473,0.0,15333.906439377064,0.0
ST_VA7cmrej,rf,0.9,10,False,-1.0,0.0,2024-12-01,,1.0,15314.010954841477,0.0,183768.13145809772,0.0,15314.010954841477,0.0
ST_VA7cmrej,rf,0.95,2,True,-1.0,0.0,2024-12-01,,1.0,17404.302323760403,0.0,208851.62788512485,0.0,17404.302323760403,0.0
ST_VA7cmrej,rf,0.95,5,True,-1.0,0.0,2024-12-01,,1.0,17404.302323760403,0.0,208851.62788512485,0.0,17404.302323760403,0.0
ST_VA7cmrej,rf,0.95,10,True,-1.0,0.0,2024-12-01,,1.0,17404.302323760403,0.0,208851.62788512485,0.0,17404.302323760403,0.0
ST_VA7cmrej,rf,0.95,20,True,-1.0,0.0,2024-12-01,,1.0,17404.302323760403,0.0,208851.62788512485,0.0,17404.302323760403,0.0
ST_VA7cmrej,rf,0.95,50,True,-1.0,0.0,2024-12-01,,1.0,17404.302323760403,0.0,208851.62788512485,0.0,17404.302323760403,0.0
ST_VA7cmrej,rf,0.95,10,False,-1.0,0.0,2024-12-01,,1.0,17401.404441806135,0.0,208816.85330167363,0.0,17401.404441806135,0.0
ST_VA7cmrej,rf,0.98,2,True,-1.0,0.0,2024-12-01,,1.0,19758.50501447306,0.0,237102.0601736767,0.0,19758.505014473063,0.0
ST_VA7cmrej,rf,0.98,5,True,-1.0,0.0,2024-12-01,,1.0,19758.50501447306,0.0,237102.0601736767,0.0,19758.505014473063,0.0
ST_VA7cmrej,rf,0.98,10,True,-1.0,0.0,2024-12-01,,1.0,19758.50501447306,0.0,237102.0601736767,0.0,19758.505014473063,0.0
ST_VA7cmrej,rf,0.98,20,True,-1.0,0.0,2024-12-01,,1.0,19758.50501447306,0.0,237102.0601736767,0.0,19758.505014473063,0.0
ST_VA7cmrej,rf,0.98,50,True,-1.0,0.0,2024-12-01,,1.0,19758.50501447306,0.0,237102.0601736767,0.0,19758.505014473063,0.0
ST_VA7cmrej,rf,0.98,10,False,-1.0,0.0,2024-12-01,,1.0,19750.224858737467,0.0,237002.69830484962,0.0,19750.22485873747,0.0
ST_VA7cmrej,sba,0.9,2,True,-1.0,0.0,2024-12-01,,1.0,98506.66666666667,0.0,1182080.0,0.0,108380.0,0.0
ST_VA7cmrej,sba,0.9,5,True,-1.0,0.0,2024-12-01,,1.0,98506.66666666667,0.0,1182080.0,0.0,108380.0,0.0
ST_VA7cmrej,sba,0.9,10,True,-1.0,0.0,2024-12-01,,1.0,98506.66666666667,0.0,1182080.0,0.0,108380.0,0.0
ST_VA7cmrej,sba,0.9,20,True,-1.0,0.0,2024-12-01,,1.0,98506.66666666667,0.0,1182080.0,0.0,108380.0,0.0
ST_VA7cmrej,sba,0.9,50,True,-1.0,0.0,2024-12-01,,1.0,98506.66666666667,0.0,1182080.0,0.0,108380.0,0.0
ST_VA7cmrej,sba,0.9,10,False,-1.0,0.0,2024-12-01,,1.0,98496.10058896942,0.0,1181953.207067633,0.0,108376.0,0.0
ST_VA7cmrej,sba,0.95,2,True,-1.0,0.0,2024-12-01,,1.0,112963.33333333333,0.0,1355560.0,0.0,125640.0,0.0
ST_VA7cmrej,sba,0.95,5,True,-1.0,0.0,2024-12-01,,1.0,112963.33333333333,0.0,1355560.0,0.0,125640.0,0.0
ST_VA7cmrej,sba,0.95,10,True,-1.0,0.0,2024-12-01,,1.0,112963.33333333333,0.0,1355560.0,0.0,125640.0,0.0
ST_VA7cmrej,sba,0.95,20,True,-1.0,0.0,2024-12-01,,1.0,112963.33333333333,0.0,1355560.0,0.0,125640.0,0.0
ST_VA7cmrej,sba,0.95,50,True,-1.0,0.0,2024-12-01,,1.0,112963.33333333333,0.0,1355560.0,0.0,125640.0,0.0
ST_VA7cmrej,sba,0.95,10,False,-1.0,0.0,2024-12-01,,1.0,112952.15812952233,0.0,1355425.897554268,0.0,125632.75,0.0
ST_VA7cmrej,sba,0.98,2,True,-1.0,0.0,2024-12-01,,1.0,129230.0,0.0,1550760.0,0.0,145060.0,0.0
ST_VA7cmrej,sba,0.98,5,True,-1.0,0.0,2024-12-01,,1.0,129230.0,0.0,1550760.0,0.0,145060.0,0.0
ST_VA7cmrej,sba,0.98,10,True,-1.0,0.0,2024-12-01,,1.0,129230.0,0.0,1550760.0,0.0,145060.0,0.0
ST_VA7cmrej,sba,0.98,20,True,-1.0,0.0,2024-12-01,,1.0,129230.0,0.0,1550760.0,0.0,145060.0,0.0
ST_VA7cmrej,sba,0.98,50,True,-1.0,0.0,2024-12-01,,1.0,129230.0,0.0,1550760.0,0.0,145060.0,0.0
ST_VA7cmrej,sba,0.98,10,False,-1.0,0.0,2024-12-01,,1.0,129218.70457207125,0.0,1550624.454864855,0.0,145050.75,0.0
ST_VA7cmrej,ses,0.9,2,True,-1.0,0.0,2024-12-01,,1.0,10260.0,0.0,123120.0,0.0,10260.0,0.0
ST_VA7cmrej,ses,0.9,5,True,-1.0,0.0,2024-12-01,,1.0,10260.0,0.0,123120.0,0.0,10260.0,0.0
ST_VA7cmrej,ses,0.9,10,True,-1.0,0.0,2024-12-01,,1.0,10260.0,0.0,123120.0,0.0,10260.0,0.0
ST_VA7cmrej,ses,0.9,20,True,-1.0,0.0,2024-12-01,,1.0,10260.0,0.0,123120.0,0.0,10260.0,0.0
ST_VA7cmrej,ses,0.9,50,True,-1.0,0.0,2024-12-01,,1.0,10260.0,0.0,123120.0,0.0,10260.0,0.0
ST_VA7cmrej,ses,0.9,10,False,-1.0,0.0,2024-12-01,,1.0,10258.688524926025,0.0,123104.26229911229,0.0,10258.688524926025,0.0
ST_VA7cmrej,ses,0.95,2,True,-1.0,0.0,2024-12-01,,1.0,12620.0,0.0,151440.0,0.0,12620.0,0.0
ST_VA7cmrej,ses,0.95,5,True,-1.0,0.0,2024-12-01,,1.0,12620.0,0.0,151440.0,0.0,12620.0,0.0
ST_VA7cmrej,ses,0.95,10,True,-1.0,0.0,2024-12-01,,1.0,12620.0,0.0,151440.0,0.0,12620.0,0.0
ST_VA7cmrej,ses,0.95,20,True,-1.0,0.0,2024-12-01,,1.0,12620.0,0.0,151440.0,0.0,12620.0,0.0
ST_VA7cmrej,ses,0.95,50,True,-1.0,0.0,2024-12-01,,1.0,12620.0,0.0,151440.0,0.0,12620.0,0.0
ST_VA7cmrej,ses,0.95,10,False,-1.0,0.0,2024-12-01,,1.0,12618.391243887674,0.0,151420.6949266521,0.0,12618.391243887674,0.0
ST_VA7cmrej,ses,0.98,2,True,-1.0,0.0,2024-12-01,,1.0,15280.0,0.0,183360.0,0.0,15280.0,0.0
ST_VA7cmrej,ses,0.98,5,True,-1.0,0.0,2024-12-01,,1.0,15280.0,0.0,183360.0,0.0,15280.0,0.0
ST_VA7cmrej,ses,0.98,10,True,-1.0,0.0,2024-12-01,,1.0,15280.0,0.0,183360.0,0.0,15280.0,0.0
ST_VA7cmrej,ses,0.98,20,True,-1.0,0.0,2024-12-01,,1.0,15280.0,0.0,183360.0,0.0,15280.0,0.0
ST_VA7cmrej,ses,0.98,50,True,-1.0,0.0,2024-12-01,,1.0,15280.0,0.0,183360.0,0.0,15280.0,0.0
ST_VA7cmrej,ses,0.98,10,False,-1.0,0.0,2024-12-01,,1.0,15273.625131890762,0.0,183283.50158268915,0.0,15273.625131890763,0.0
ST_VA7cmrej,tsb,0.9,2,True,-1.0,0.0,2024-12-01,,1.0,11440.0,0.0,137280.0,0.0,11440.0,0.0
ST_VA7cmrej,tsb,0.9,5,True,-1.0,0.0,2024-12-01,,1.0,11440.0,0.0,137280.0,0.0,11440.0,0.0
ST_VA7cmrej,tsb,0.9,10,True,-1.0,0.0,2024-12-01,,1.0,11440.0,0.0,137280.0,0.0,11440.0,0.0
ST_VA7cmrej,tsb,0.9,20,True,-1.0,0.0,2024-12-01,,1.0,11440.0,0.0,137280.0,0.0,11440.0,0.0
ST_VA7cmrej,tsb,0.9,50,True,-1.0,0.0,2024-12-01,,1.0,11440.0,0.0,137280.0,0.0,11440.0,0.0
ST_VA7cmrej,tsb,0.9,10,False,-1.0,0.0,2024-12-01,,1.0,11429.43720065095,0.0,137153.24640781138,0.0,11429.43720065095,0.0
ST_VA7cmrej,tsb,0.95,2,True,-1.0,0.0,2024-12-01,,1.0,13840.0,0.0,166080.0,0.0,13840.0,0.0
ST_VA7cmrej,tsb,0.95,5,True,-1.0,0.0,2024-12-01,,1.0,13840.0,0.0,166080.0,0.0,13840.0,0.0
ST_VA7cmrej,tsb,0.95,10,True,-1.0,0.0,2024-12-01,,1.0,13840.0,0.0,166080.0,0.0,13840.0,0.0
ST_VA7cmrej,tsb,0.95,20,True,-1.0,0.0,2024-12-01,,1.0,13840.0,0.0,166080.0,0.0,13840.0,0.0
ST_VA7cmrej,tsb,0.95,50,True,-1.0,0.0,2024-12-01,,1.0,13840.0,0.0,166080.0,0.0,13840.0,0.0
ST_VA7cmrej,tsb,0.95,10,False,-1.0,0.0,2024-12-01,,1.0,13832.440828925362,0.0,165989.28994710435,0.0,13832.440828925362,0.0
ST_VA7cmrej,tsb,0.98,2,True,-1.0,0.0,2024-12-01,,1.0,16540.0,0.0,198480.0,0.0,16540.0,0.0
ST_VA7cmrej,tsb,0.98,5,True,-1.0,0.0,2024-12-01,,1.0,16540.0,0.0,198480.0,0.0,16540.0,0.0
ST_VA7cmrej,tsb,0.98,10,True,-1.0,0.0,2024-12-01,,1.0,16540.0,0.0,198480.0,0.0,16540.0,0.0
ST_VA7cmrej,tsb,0.98,20,True,-1.0,0.0,2024-12-01,,1.0,16540.0,0.0,198480.0,0.0,16540.0,0.0
ST_VA7cmrej,tsb,0.98,50,True,-1.0,0.0,2024-12-01,,1.0,16540.0,0.0,198480.0,0.0,16540.0,0.0
ST_VA7cmrej,tsb,0.98,10,False,-1.0,0.0,2024-12-01,,1.0,16536.39866883337,0.0,198436.78402600047,0.0,16536.398668833375,0.0
ST_VA7cmrej,xgb,0.9,2,True,-1.0,0.0,2024-12-01,,1.0,8323.270691607551,0.0,99879.24829929062,0.0,8323.27069160755,0.0
ST_VA7cmrej,xgb,0.9,5,True,-1.0,0.0,2024-12-01,,1.0,8323.270691607551,0.0,99879.24829929062,0.0,8323.27069160755,0.0
ST_VA7cmrej,xgb,0.9,10,True,-1.0,0.0,2024-12-01,,1.0,8323.270691607551,0.0,99879.24829929062,0.0,8323.27069160755,0.0
ST_VA7cmrej,xgb,0.9,20,True,-1.0,0.0,2024-12-01,,1.0,8323.270691607551,0.0,99879.24829929062,0.0,8323.27069160755,0.0
ST_VA7cmrej,xgb,0.9,50,True,-1.0,0.0,2024-12-01,,1.0,8323.270691607551,0.0,99879.24829929062,0.0,8323.27069160755,0.0
ST_VA7cmrej,xgb,0.9,10,False,-1.0,0.0,2024-12-01,,1.0,8311.830191071826,0.0,99741.9622928619,0.0,8311.830191071824,0.0
ST_VA7cmrej,xgb,0.95,2,True,-1.0,0.0,2024-12-01,,1.0,10664.195128547773,0.0,127970.34154257328,0.0,10664.195128547775,0.0
ST_VA7cmrej,xgb,0.95,5,True,-1.0,0.0,2024-12-01,,1.0,10664.195128547773,0.0,127970.34154257328,0.0,10664.195128547775,0.0
ST_VA7cmrej,xgb,0.95,10,True,-1.0,0.0,2024-12-01,,1.0,10664.195128547773,0.0,127970.34154257328,0.0,10664.195128547775,0.0
ST_VA7cmrej,xgb,0.95,20,True,-1.0,0.0,2024-12-01,,1.0,10664.195128547773,0.0,127970.34154257328,0.0,10664.195128547775,0.0
ST_VA7cmrej,xgb,0.95,50,True,-1.0,0.0,2024-12-01,,1.0,10664.195128547773,0.0,127970.34154257328,0.0,10664.195128547775,0.0
ST_VA7cmrej,xgb,0.95,10,False,-1.0,0.0,2024-12-01,,1.0,10656.905182073673,0.0,127882.86218488408,0.0,10656.905182073671,0.0
ST_VA7cmrej,xgb,0.98,2,True,-1.0,0.0,2024-12-01,,1.0,13305.235342754117,0.0,159662.8241130494,0.0,13305.235342754118,0.0
ST_VA7cmrej,xgb,0.98,5,True,-1.0,0.0,2024-12-01,,1.0,13305.235342754117,0.0,159662.8241130494,0.0,13305.235342754118,0.0
ST_VA7cmrej,xgb,0.98,10,True,-1.0,0.0,2024-12-01,,1.0,13305.235342754117,0.0,159662.8241130494,0.0,13305.235342754118,0.0
ST_VA7cmrej,xgb,0.98,20,True,-1.0,0.0,2024-12-01,,1.0,13305.235342754117,0.0,159662.8241130494,0.0,13305.235342754118,0.0
ST_VA7cmrej,xgb,0.98,50,True,-1.0,0.0,2024-12-01,,1.0,13305.235342754117,0.0,159662.8241130494,0.0,13305.235342754118,0.0
ST_VA7cmrej,xgb,0.98,10,False,-1.0,0.0,2024-12-01,,1.0,13295.679353066114,0.0,159548.15223679336,0.0,13295.679353066116,0.0
BR_1.0-1.5,arima,0.95,10,True,-1.0,2.5,2024-12-01,1.0,1.0,220138.8695226335,0.0,3291310.4830781855,525300.0,259857.6195226335,0.0
BR_1.0-1.5,arima,0.95,10,True,-1.0,5.0,2024-12-01,1.0,1.0,220138.8695226335,0.0,3940954.5318847694,525300.0,259857.6195226335,0.0
BR_1.0-1.5,arima,0.95,10,True,-1.0,0.0,2024-08-01,1.0,1.0,206538.8695226335,0.0,1652310.956181068,375225.0,234757.6195226335,175175.0
BR_1.0-1.5,croston,0.95,10,True,-1.0,2.5,2024-12-01,1.0,1.0,195974.3865916261,0.0,2935711.938911912,525300.0,233607.71992495947,0.0
BR_1.0-1.5,croston,0.95,10,True,-1.0,5.0,2024-12-01,1.0,1.0,195974.3865916261,0.0,3519731.2387243104,525300.0,233607.71992495947,0.0
BR_1.0-1.5,croston,0.95,10,True,-1.0,0.0,2024-08-01,1.0,1.0,183417.09492495947,0.0,1467336.7593996758,375225.0,208507.71992495947,175175.0
BR_1.0-1.5,hybrid,0.95,10,True,-1.0,2.5,2024-12-01,1.0,1.0,282836.5850229202,0.0,3986672.1494990103,525300.0,237053.25168958696,0.0
BR_1.0-1.5,hybrid,0.95,10,True,-1.0,5.0,2024-12-01,1.0,1.0,282836.5850229202,0.0,4579305.278722977,525300.0,237053.25168958696,0.0
BR_1.0-1.5,hybrid,0.95,10,True,-1.0,0.0,2024-08-01,1.0,1.0,296347.00168958696,0.0,2370776.0135166957,375225.0,337078.25168958696,50050.0
BR_1.0-1.5,mitra,0.95,10,True,-1.0,2.5,2024-12-01,1.0,1.0,253885.71433449947,0.0,3676368.8995169094,525300.0,251896.13100116618,0.0
BR_1.0-1.5,mitra,0.95,10,True,-1.0,5.0,2024-12-01,1.0,1.0,253885.71433449947,0.0,4306109.227019824,525300.0,251896.13100116618,0.0
BR_1.0-1.5,mitra,0.95,10,True,-1.0,0.0,2024-08-01,1.0,1.0,251755.50600116618,0.0,2014044.0480093295,375225.0,301871.1310011662,100100.0
BR_1.0-1.5,naive,0.95,10,True,-1.0,2.5,2024-12-01,1.0,1.0,604314.6393998972,0.0,8940062.27129851,525300.0,675314.6393998971,0.0
BR_1.0-1.5,naive,0.95,10,True,-1.0,5.0,2024-12-01,1.0,1.0,604314.6393998972,0.0,10628348.86979825,525300.0,675314.6393998971,0.0
BR_1.0-1.5,naive,0.95,10,True,-1.0,0.0,2024-08-01,1.0,1.0,568817.7643998971,0.0,4550542.115199177,375225.0,700264.6393998971,125125.0
BR_1.0-1.5,rf,0.95,10,True,-1.0,2.5,2024-12-01,1.0,1.0,275977.7783519137,0.0,3970636.1194360815,525300.0,263561.1116852469,0.0
BR_1.0-1.5,rf,0.95,10,True,-1.0,5.0,2024-12-01,1.0,1.0,275977.7783519137,0.0,4629538.898649199,525300.0,263561.1116852469,0.0
BR_1.0-1.5,rf,0.95,10,True,-1.0,0.0,2024-08-01,1.0,1.0,279061.1116852469,0.0,2232488.8934819754,375225.0,313536.1116852469,100100.0
BR_1.0-1.5,sba,0.95,10,True,-1.0,2.5,2024-12-01,1.0,1.0,186439.8179728604,0.0,2760965.9022731422,525300.0,209475.23463952704,0.0
BR_1.0-1.5,sba,0.95,10,True,-1.0,5.0,2024-12-01,1.0,1.0,186439.8179728604,0.0,3284653.98887196,525300.0,209475.23463952704,0.0
BR_1.0-1.5,sba,0.95,10,True,-1.0,0.0,2024-08-01,1.0,1.0,178053.35963952704,0.0,1424426.8771162163,375225.0,209400.23463952704,150150.0
BR_1.0-1.5,ses,0.95,10,True,-1.0,2.5,2024-12-01,1.0,1.0,237403.7892017602,0.0,3494729.943425523,525300.0,258353.7892017602,0.0
BR_1.0-1.5,ses,0.95,10,True,-1.0,5.0,2024-12-01,1.0,1.0,237403.7892017602,0.0,4140614.4164299234,525300.0,258353.7892017602,0.0
BR_1.0-1.5,ses,0.95,10,True,-1.0,0.0,2024-08-01,1.0,1.0,226931.9142017602,0.0,1815455.3136140816,375225.0,283303.7892017602,125125.0
BR_1.0-1.5,tsb,0.95,10,True,-1.0,2.5,2024-12-01,1.0,1.0,217489.48547731814,0.0,3190331.914421113,525300.0,232183.23547731817,0.0
BR_1.0-1.5,tsb,0.95,10,True,-1.0,5.0,2024-12-01,1.0,1.0,217489.48547731814,0.0,3770790.0031144083,525300.0,232183.23547731817,0.0
BR_1.0-1.5,tsb,0.95,10,True,-1.0,0.0,2024-08-01,1.0,1.0,210145.73547731817,0.0,1681165.8838185454,375225.0,257133.23547731817,125125.0
BR_1.0-1.5,xgb,0.95,10,True,-1.0,2.5,2024-12-01,1.0,1.0,220733.25367458854,0.0,3393772.803281534,525300.0,197889.50367458852,100100.0
BR_1.0-1.5,xgb,0.95,10,True,-1.0,5.0,2024-12-01,1.0,1.0,220733.25367458854,0.0,4138746.5624680053,525300.0,197889.50367458852,100100.0
BR_1.0-1.5,xgb,0.95,10,True,-1.0,0.0,2024-08-01,1.0,1.0,229030.12867458852,0.0,1832241.0293967081,375225.0,247864.50367458852,100100.0
BR_1.7-2.2,arima,0.95,10,True,-1.0,2.5,2024-12-01,1.0,1.0,314850.4949984374,0.0,4388269.677477343,700550.0,244025.49499843747,0.0
BR_1.7-2.2,arima,0.95,10,True,-1.0,5.0,2024-12-01,1.0,1.0,314850.4949984374,0.0,4998333.414973436,700550.0,244025.49499843747,0.0
BR_1.7-2.2,arima,0.95,10,True,-1.0,0.0,2024-08-01,1.0,1.0,334634.86999843747,0.0,2677078.9599874998,425325.0,344075.49499843747,175175.0
BR_1.7-2.2,croston,0.95,10,True,-1.0,2.5,2024-12-01,1.0,1.0,336634.58147678996,0.0,4667644.139746788,700550.0,251211.66481012327,0.0
BR_1.7-2.2,croston,0.95,10,True,-1.0,5.0,2024-12-01,1.0,1.0,336634.58147678996,0.0,5295673.301772096,700550.0,251211.66481012327,0.0
BR_1.7-2.2,croston,0.95,10,True,-1.0,0.0,2024-08-01,1.0,1.0,363717.9148101233,0.0,2909743.318480986,425325.0,351261.6648101233,175175.0
BR_1.7-2.2,hybrid,0.95,10,True,-1.0,2.5,2024-12-01,1.0,1.0,493972.26415859006,0.0,6730071.788632889,700550.0,320961.84749192325,0.0
BR_1.7-2.2,hybrid,0.95,10,True,-1.0,5.0,2024-12-01,1.0,1.0,493972.26415859006,0.0,7532476.407362698,700550.0,320961.84749192325,0.0
BR_1.7-2.2,hybrid,0.95,10,True,-1.0,0.0,2024-08-01,1.0,1.0,552336.8474919233,0.0,4418694.779935386,425325.0,521111.84749192325,75075.0
BR_1.7-2.2,mitra,0.95,10,True,-1.0,2.5,2024-12-01,1.0,1.0,92136.69903544516,0.0,1357034.219347288,700550.0,25482.532368778484,75075.0
BR_1.7-2.2,mitra,0.95,10,True,-1.0,5.0,2024-12-01,1.0,1.0,92136.69903544516,0.0,1608428.0502692342,700550.0,25482.532368778484,75075.0
BR_1.7-2.2,mitra,0.95,10,True,-1.0,0.0,2024-08-01,1.0,1.0,109835.65736877848,0.0,878685.2589502279,425325.0,125532.53236877848,175175.0
BR_1.7-2.2,naive,0.95,10,True,-1.0,2.5,2024-12-01,1.0,1.0,540238.6298300695,0.0,7546913.257536008,700550.0,425619.8798300694,0.0
BR_1.7-2.2,naive,0.95,10,True,-1.0,5.0,2024-12-01,1.0,1.0,540238.6298300695,0.0,8610962.957111182,700550.0,425619.8798300694,0.0
BR_1.7-2.2,naive,0.95,10,True,-1.0,0.0,2024-08-01,1.0,1.0,588176.1298300694,0.0,4705409.038640555,425325.0,475619.8798300694,225225.0
BR_1.7-2.2,rf,0.95,10,True,-1.0,2.5,2024-12-01,1.0,1.0,455617.7680431302,0.0,6267775.344958722,700550.0,320144.85137646354,0.0
BR_1.7-2.2,rf,0.95,10,True,-1.0,5.0,2024-12-01,1.0,1.0,455617.7680431302,0.0,7068137.473399881,700550.0,320144.85137646354,0.0
BR_1.7-2.2,rf,0.95,10,True,-1.0,0.0,2024-08-01,1.0,1.0,495213.60137646354,0.0,3961708.8110117083,425325.0,520294.85137646354,75075.0
BR_1.7-2.2,sba,0.95,10,True,-1.0,2.5,2024-12-01,1.0,1.0,291230.6682810981,0.0,4019714.4817425883,700550.0,209978.58494776464,0.0
BR_1.7-2.2,sba,0.95,10,True,-1.0,5.0,2024-12-01,1.0,1.0,291230.6682810981,0.0,4544660.944112,700550.0,209978.58494776464,0.0
BR_1.7-2.2,sba,0.95,10,True,-1.0,0.0,2024-08-01,1.0,1.0,316228.58494776464,0.0,2529828.679582117,425325.0,310028.58494776464,175175.0
BR_1.7-2.2,ses,0.95,10,True,-1.0,2.5,2024-12-01,1.0,1.0,294129.3216303922,0.0,4025250.1636406872,700550.0,198279.32163039222,0.0
BR_1.7-2.2,ses,0.95,10,True,-1.0,5.0,2024-12-01,1.0,1.0,294129.3216303922,0.0,4520948.467716668,700550.0,198279.32163039222,0.0
BR_1.7-2.2,ses,0.95,10,True,-1.0,0.0,2024-08-01,1.0,1.0,323298.0716303922,0.0,2586384.573043138,425325.0,323354.3216303922,150150.0
BR_1.7-2.2,tsb,0.95,10,True,-1.0,2.5,2024-12-01,1.0,1.0,323698.08289633336,0.0,4453997.201996834,700550.0,227848.08289633342,0.0
BR_1.7-2.2,tsb,0.95,10,True,-1.0,5.0,2024-12-01,1.0,1.0,323698.08289633336,0.0,5023617.409237667,700550.0,227848.08289633342,0.0
BR_1.7-2.2,tsb,0.95,10,True,-1.0,0.0,2024-08-01,1.0,1.0,352866.8328963334,0.0,2822934.6631706674,425325.0,352923.0828963334,150150.0
BR_1.7-2.2,xgb,0.95,10,True,-1.0,2.5,2024-12-01,0.9658911553695737,0.8333333333333334,130302.54481964193,1991.2459254870967,2681405.171129542,700550.0,126305.04889415484,225225.0
BR_1.7-2.2,xgb,0.95,10,True,-1.0,5.0,2024-12-01,0.9658911553695737,0.8333333333333334,130302.54481964193,1991.2459254870967,3560230.293364929,700550.0,126305.04889415484,225225.0
BR_1.7-2.2,xgb,0.95,10,True,-1.0,0.0,2024-08-01,1.0,1.0,157480.04889415484,0.0,1259840.3911532387,425325.0,76205.04889415484,225225.0
BR_2.1-2.6,arima,0.95,10,True,-1.0,2.5,2024-12-01,1.0,1.0,466276.70790781407,0.0,6114533.097996637,1001000.0,207685.04124114732,0.0
BR_2.1-2.6,arima,0.95,10,True,-1.0,5.0,2024-12-01,1.0,1.0,466276.70790781407,0.0,6633745.701099506,1001000.0,207685.04124114732,0.0
BR_2.1-2.6,arima,0.95,10,True,-1.0,0.0,2024-08-01,1.0,1.0,570547.5412411473,0.0,4564380.329929179,675675.0,332810.0412411473,175175.0
BR_2.1-2.6,croston,0.95,10,True,-1.0,2.5,2024-12-01,1.0,1.0,466660.1873930609,0.0,6036676.883866049,1001000.0,174701.8540597274,0.0
BR_2.1-2.6,croston,0.95,10,True,-1.0,5.0,2024-12-01,1.0,1.0,466660.1873930609,0.0,6473431.519015368,1001000.0,174701.8540597274,0.0
BR_2.1-2.6,croston,0.95,10,True,-1.0,0.0,2024-08-01,1.0,1.0,584486.2290597274,0.0,4675889.832477819,675675.0,324851.8540597274,150150.0
BR_2.1-2.6,hybrid,0.95,10,True,-1.0,2.5,2024-12-01,1.0,1.0,401288.9426404477,0.0,5010590.709953158,1001000.0,53024.3593071145,25025.0
BR_2.1-2.6,hybrid,0.95,10,True,-1.0,5.0,2024-12-01,1.0,1.0,401288.9426404477,0.0,5205714.108220944,1001000.0,53024.3593071145,25025.0
BR_2.1-2.6,hybrid,0.95,10,True,-1.0,0.0,2024-08-01,1.0,1.0,531627.4843071145,0.0,4253019.874456916,675675.0,328299.3593071145,25025.0
BR_2.1-2.6,mitra,0.95,10,True,-1.0,2.5,2024-12-01,0.973612010203267,0.8333333333333334,165559.73702901442,2201.1981488774763,2622762.177747146,1001000.0,73685.62221347028,75075.0
BR_2.1-2.6,mitra,0.95,10,True,-1.0,5.0,2024-12-01,0.973612010203267,0.8333333333333334,165559.73702901442,2201.1981488774763,2994663.7332808217,1001000.0,73685.62221347028,75075.0
BR_2.1-2.6,mitra,0.95,10,True,-1.0,0.0,2024-08-01,1.0,1.0,223835.62221347028,0.0,1790684.9777077623,675675.0,73685.62221347028,200200.0
BR_2.1-2.6,naive,0.95,10,True,-1.0,2.5,2024-12-01,1.0,1.0,960747.0778253622,0.0,13680582.628467752,1001000.0,860647.0778253623,0.0
BR_2.1-2.6,naive,0.95,10,True,-1.0,5.0,2024-12-01,1.0,1.0,960747.0778253622,0.0,15832200.323031157,1001000.0,860647.0778253623,0.0
BR_2.1-2.6,naive,0.95,10,True,-1.0,0.0,2024-08-01,1.0,1.0,1017053.3278253623,0.0,8136426.622602899,675675.0,685472.0778253623,500500.0
BR_2.1-2.6,rf,0.95,10,True,-1.0,2.5,2024-12-01,1.0,1.0,463799.21790115954,0.0,5875281.367900146,1001000.0,98851.3012344928,25025.0
BR_2.1-2.6,rf,0.95,10,True,-1.0,5.0,2024-12-01,1.0,1.0,463799.21790115954,0.0,6184972.120986379,1001000.0,98851.3012344928,25025.0
BR_2.1-2.6,rf,0.95,10,True,-1.0,0.0,2024-08-01,1.0,1.0,596223.1762344928,0.0,4769785.409875942,675675.0,374126.3012344928,50050.0
BR_2.1-2.6,sba,0.95,10,True,-1.0,2.5,2024-12-01,1.0,1.0,402933.4871924422,0.0,5222124.105957079,1001000.0,129743.90385910892,25025.0
BR_2.1-2.6,sba,0.95,10,True,-1.0,5.0,2024-12-01,1.0,1.0,402933.4871924422,0.0,5609046.36560485,1001000.0,129743.90385910892,25025.0
BR_2.1-2.6,sba,0.95,10,True,-1.0,0.0,2024-08-01,1.0,1.0,514503.2788591089,0.0,4116026.2308728714,675675.0,254868.90385910892,175175.0
BR_2.1-2.6,ses,0.95,10,True,-1.0,2.5,2024-12-01,1.0,1.0,373896.78822890436,0.0,4993993.0126524465,1001000.0,177867.62156223762,25025.0
BR_2.1-2.6,ses,0.95,10,True,-1.0,5.0,2024-12-01,1.0,1.0,373896.78822890436,0.0,5501224.566558041,1001000.0,177867.62156223762,25025.0
BR_2.1-2.6,ses,0.95,10,True,-1.0,0.0,2024-08-01,1.0,1.0,471911.3715622376,0.0,3775290.972497901,675675.0,202892.62156223762,225225.0
BR_2.1-2.6,tsb,0.95,10,True,-1.0,2.5,2024-12-01,1.0,1.0,477029.3259345267,0.0,6140107.517717303,1001000.0,166302.24260119325,0.0
BR_2.1-2.6,tsb,0.95,10,True,-1.0,5.0,2024-12-01,1.0,1.0,477029.3259345267,0.0,6555863.1242202865,1001000.0,166302.24260119325,0.0
BR_2.1-2.6,tsb,0.95,10,True,-1.0,0.0,2024-08-01,1.0,1.0,601111.6176011933,0.0,4808892.940809546,675675.0,341477.24260119325,125125.0
BR_2.1-2.6,xgb,0.95,10,True,-1.0,2.5,2024-12-01,1.0,1.0,157856.61259106066,0.0,2982321.9242370464,1001000.0,310092.0292577273,125125.0
BR_2.1-2.6,xgb,0.95,10,True,-1.0,5.0,2024-12-01,1.0,1.0,157856.61259106066,0.0,4070364.4973813645,1001000.0,310092.0292577273,125125.0
BR_2.1-2.6,xgb,0.95,10,True,-1.0,0.0,2024-08-01,1.0,1.0,141173.27925772732,0.0,1129386.2340618186,675675.0,159942.02925772732,250250.0
BR_2.6-3.1,arima,0.95,10,True,-1.0,2.5,2024-12-01,1.0,1.0,127780.13778871002,0.0,1873666.164602962,75075.0,136121.8044553767,0.0
BR_2.6-3.1,arima,0.95,10,True,-1.0,5.0,2024-12-01,1.0,1.0,127780.13778871002,0.0,2213970.675741404,75075.0,136121.8044553767,0.0
BR_2.6-3.1,arima,0.95,10,True,-1.0,0.0,2024-08-01,1.0,1.0,123609.3044553767,0.0,988874.4356430136,50050.0,136121.8044553767,25025.0
BR_2.6-3.1,croston,0.95,10,True,-1.0,2.5,2024-12-01,1.0,1.0,158590.7065199062,0.0,2320419.4112053066,75075.0,166932.37318657286,0.0
BR_2.6-3.1,croston,0.95,10,True,-1.0,5.0,2024-12-01,1.0,1.0,158590.7065199062,0.0,2737750.344171739,75075.0,166932.37318657286,0.0
BR_2.6-3.1,croston,0.95,10,True,-1.0,0.0,2024-08-01,1.0,1.0,154419.87318657286,0.0,1235358.985492583,50050.0,166932.37318657286,25025.0
BR_2.6-3.1,hybrid,0.95,10,True,-1.0,2.5,2024-12-01,1.0,1.0,94499.99795543337,0.0,1338968.7203537838,75075.0,81987.49795543338,0.0
BR_2.6-3.1,hybrid,0.95,10,True,-1.0,5.0,2024-12-01,1.0,1.0,94499.99795543337,0.0,1543937.4652423672,75075.0,81987.49795543338,0.0
BR_2.6-3.1,hybrid,0.95,10,True,-1.0,0.0,2024-08-01,1.0,1.0,97628.12295543338,0.0,781024.9836434671,50050.0,107012.49795543338,0.0
BR_2.6-3.1,mitra,0.95,10,True,-1.0,2.5,2024-12-01,1.0,1.0,73223.17276968392,0.0,1082590.1718270835,75075.0,81564.83943635056,0.0
BR_2.6-3.1,mitra,0.95,10,True,-1.0,5.0,2024-12-01,1.0,1.0,73223.17276968392,0.0,1286502.27041796,75075.0,81564.83943635056,0.0
BR_2.6-3.1,mitra,0.95,10,True,-1.0,0.0,2024-08-01,1.0,1.0,69052.33943635056,0.0,552418.7154908045,50050.0,81564.83943635056,25025.0
BR_2.6-3.1,naive,0.95,10,True,-1.0,2.5,2024-12-01,1.0,1.0,367717.5942987762,0.0,5258915.5339989215,75075.0,338521.76096544287,0.0
BR_2.6-3.1,naive,0.95,10,True,-1.0,5.0,2024-12-01,1.0,1.0,367717.5942987762,0.0,6105219.936412528,75075.0,338521.76096544287,0.0
BR_2.6-3.1,naive,0.95,10,True,-1.0,0.0,2024-08-01,1.0,1.0,379187.38596544287,0.0,3033499.087723543,50050.0,363546.76096544287,0.0
BR_2.6-3.1,rf,0.95,10,True,-1.0,2.5,2024-12-01,1.0,1.0,190841.8360859086,0.0,2767206.623245675,75075.0,190841.83608590864,0.0
BR_2.6-3.1,rf,0.95,10,True,-1.0,5.0,2024-12-01,1.0,1.0,190841.8360859086,0.0,3244311.2134604463,75075.0,190841.83608590864,0.0
BR_2.6-3.1,rf,0.95,10,True,-1.0,0.0,2024-08-01,1.0,1.0,190841.83608590864,0.0,1526734.688687269,50050.0,190841.83608590864,25025.0
BR_2.6-3.1,sba,0.95,10,True,-1.0,2.5,2024-12-01,1.0,1.0,142918.26039909964,0.0,2056674.1507869447,75075.0,136662.0103990996,0.0
BR_2.6-3.1,sba,0.95,10,True,-1.0,5.0,2024-12-01,1.0,1.0,142918.26039909964,0.0,2398329.1767846937,75075.0,136662.0103990996,0.0
BR_2.6-3.1,sba,0.95,10,True,-1.0,0.0,2024-08-01,1.0,1.0,142918.2603990996,0.0,1143346.083192797,50050.0,161687.0103990996,0.0
BR_2.6-3.1,ses,0.95,10,True,-1.0,2.5,2024-12-01,1.0,1.0,122374.69520907411,0.0,1774433.0805315746,75075.0,122374.69520907413,0.0
BR_2.6-3.1,ses,0.95,10,True,-1.0,5.0,2024-12-01,1.0,1.0,122374.69520907411,0.0,2080369.8185542598,75075.0,122374.69520907413,0.0
BR_2.6-3.1,ses,0.95,10,True,-1.0,0.0,2024-08-01,1.0,1.0,122374.69520907413,0.0,978997.561672593,50050.0,122374.69520907413,25025.0
BR_2.6-3.1,tsb,0.95,10,True,-1.0,2.5,2024-12-01,1.0,1.0,132085.64145766894,0.0,1930882.4261361999,75075.0,138341.89145766894,0.0
BR_2.6-3.1,tsb,0.95,10,True,-1.0,5.0,2024-12-01,1.0,1.0,132085.64145766894,0.0,2276737.154780372,75075.0,138341.89145766894,0.0
BR_2.6-3.1,tsb,0.95,10,True,-1.0,0.0,2024-08-01,1.0,1.0,128957.51645766894,0.0,1031660.1316613515,50050.0,138341.89145766894,25025.0
BR_2.6-3.1,xgb,0.95,10,True,-1.0,2.5,2024-12-01,1.0,1.0,88933.10560223191,0.0,1279102.9478990294,75075.0,59737.27226889858,25025.0
BR_2.6-3.1,xgb,0.95,10,True,-1.0,5.0,2024-12-01,1.0,1.0,88933.10560223191,0.0,1491008.6285712756,75075.0,59737.27226889858,25025.0
BR_2.6-3.1,xgb,0.95,10,True,-1.0,0.0,2024-08-01,1.0,1.0,100402.89726889858,0.0,803223.1781511887,50050.0,84762.27226889858,0.0
BR_3.1-3.6,arima,0.95,10,True,-1.0,2.5,2024-12-01,1.0,1.0,148727.99382737235,0.0,2114847.5771635654,25025.0,132044.66049403898,0.0
BR_3.1-3.6,arima,0.95,10,True,-1.0,5.0,2024-12-01,1.0,1.0,148727.99382737235,0.0,2444959.228398663,25025.0,132044.66049403898,0.0
BR_3.1-3.6,arima,0.95,10,True,-1.0,0.0,2024-08-01,,1.0,157069.66049403898,0.0,1256557.2839523118,0.0,157069.66049403898,0.0
BR_3.1-3.6,croston,0.95,10,True,-1.0,2.5,2024-12-01,1.0,1.0,128083.43091593042,0.0,1820714.9566143244,25025.0,113485.51424926374,0.0
BR_3.1-3.6,croston,0.95,10,True,-1.0,5.0,2024-12-01,1.0,1.0,128083.43091593042,0.0,2104428.742237484,25025.0,113485.51424926374,0.0
BR_3.1-3.6,croston,0.95,10,True,-1.0,0.0,2024-08-01,,1.0,135382.38924926374,0.0,1083059.11399411,0.0,138510.51424926374,0.0
BR_3.1-3.6,hybrid,0.95,10,True,-1.0,2.5,2024-12-01,1.0,1.0,86370.10358136965,0.0,1252366.50192986,25025.0,86370.10358136967,0.0
BR_3.1-3.6,hybrid,0.95,10,True,-1.0,5.0,2024-12-01,1.0,1.0,86370.10358136965,0.0,1468291.7608832843,25025.0,86370.10358136967,0.0
BR_3.1-3.6,hybrid,0.95,10,True,-1.0,0.0,2024-08-01,,1.0,86370.10358136967,0.0,690960.8286509573,0.0,111395.10358136967,0.0
BR_3.1-3.6,mitra,0.95,10,True,-1.0,2.5,2024-12-01,1.0,1.0,68241.26720253107,0.0,958217.1244367005,25025.0,55728.76720253106,0.0
BR_3.1-3.6,mitra,0.95,10,True,-1.0,5.0,2024-12-01,1.0,1.0,68241.26720253107,0.0,1097539.0424430282,25025.0,55728.76720253106,0.0
BR_3.1-3.6,mitra,0.95,10,True,-1.0,0.0,2024-08-01,,1.0,74497.51720253106,0.0,595980.1376202485,0.0,80753.76720253106,0.0
BR_3.1-3.6,naive,0.95,10,True,-1.0,2.5,2024-12-01,1.0,1.0,174464.94619695848,0.0,2488033.3865225646,25025.0,157781.61286362514,0.0
BR_3.1-3.6,naive,0.95,10,True,-1.0,5.0,2024-12-01,1.0,1.0,174464.94619695848,0.0,2882487.4186816276,25025.0,157781.61286362514,0.0
BR_3.1-3.6,naive,0.95,10,True,-1.0,0.0,2024-08-01,,1.0,182806.61286362514,0.0,1462452.902909001,0.0,182806.61286362514,0.0
BR_3.1-3.6,rf,0.95,10,True,-1.0,2.5,2024-12-01,1.0,1.0,142763.81086249312,0.0,2064861.7158394835,25025.0,140678.39419582643,0.0
BR_3.1-3.6,rf,0.95,10,True,-1.0,5.0,2024-12-01,1.0,1.0,142763.81086249312,0.0,2416557.7013290497,25025.0,140678.39419582643,0.0
BR_3.1-3.6,rf,0.95,10,True,-1.0,0.0,2024-08-01,,1.0,143806.51919582643,0.0,1150452.1535666115,0.0,165703.39419582643,0.0
BR_3.1-3.6,sba,0.95,10,True,-1.0,2.5,2024-12-01,1.0,1.0,119890.19551318498,0.0,1701913.0432745153,25025.0,105292.27884651828,0.0
BR_3.1-3.6,sba,0.95,10,True,-1.0,5.0,2024-12-01,1.0,1.0,119890.19551318498,0.0,1965143.740390811,25025.0,105292.27884651828,0.0
BR_3.1-3.6,sba,0.95,10,True,-1.0,0.0,2024-08-01,,1.0,127189.15384651828,0.0,1017513.2307721463,0.0,130317.27884651828,0.0
BR_3.1-3.6,ses,0.95,10,True,-1.0,2.5,2024-12-01,1.0,1.0,139664.49175270463,0.0,1983426.797080884,25025.0,122981.15841937129,0.0
BR_3.1-3.6,ses,0.95,10,True,-1.0,5.0,2024-12-01,1.0,1.0,139664.49175270463,0.0,2290879.6931293122,25025.0,122981.15841937129,0.0
BR_3.1-3.6,ses,0.95,10,True,-1.0,0.0,2024-08-01,,1.0,148006.1584193713,0.0,1184049.2673549703,0.0,148006.1584193713,0.0
BR_3.1-3.6,tsb,0.95,10,True,-1.0,2.5,2024-12-01,1.0,1.0,137082.81205800592,0.0,1951205.983174419,25025.0,122484.89539133926,0.0
BR_3.1-3.6,tsb,0.95,10,True,-1.0,5.0,2024-12-01,1.0,1.0,137082.81205800592,0.0,2257418.221652767,25025.0,122484.89539133926,0.0
BR_3.1-3.6,tsb,0.95,10,True,-1.0,0.0,2024-08-01,,1.0,144381.77039133926,0.0,1155054.163130714,0.0,147509.89539133926,0.0
BR_3.1-3.6,xgb,0.95,10,True,-1.0,2.5,2024-12-01,1.0,1.0,59440.96733600913,0.0,830612.7763721324,25025.0,46928.467336009126,0.0
BR_3.1-3.6,xgb,0.95,10,True,-1.0,5.0,2024-12-01,1.0,1.0,59440.96733600913,0.0,947933.9447121553,25025.0,46928.467336009126,0.0
BR_3.1-3.6,xgb,0.95,10,True,-1.0,0.0,2024-08-01,,1.0,65697.21733600913,0.0,525577.738688073,0.0,71953.46733600913,0.0
BR_3.5,arima,0.95,10,True,-1.0,2.5,2024-12-01,1.0,1.0,58558.12528753083,0.0,854306.3583358637,75075.0,60643.5419541975,0.0
BR_3.5,arima,0.95,10,True,-1.0,5.0,2024-12-01,1.0,1.0,58558.12528753083,0.0,1005915.2132213574,75075.0,60643.5419541975,0.0
BR_3.5,arima,0.95,10,True,-1.0,0.0,2024-08-01,1.0,1.0,54387.2919541975,0.0,435098.33563358,50050.0,60643.5419541975,25025.0
BR_3.5,croston,0.95,10,True,-1.0,2.5,2024-12-01,1.0,1.0,45154.98310178852,0.0,644320.1716426002,75075.0,40984.14976845519,0.0
BR_3.5,croston,0.95,10,True,-1.0,5.0,2024-12-01,1.0,1.0,45154.98310178852,0.0,746780.5460637382,75075.0,40984.14976845519,0.0
BR_3.5,croston,0.95,10,True,-1.0,0.0,2024-08-01,1.0,1.0,44112.27476845519,0.0,352898.1981476415,50050.0,40984.14976845519,25025.0
BR_3.5,hybrid,0.95,10,True,-1.0,2.5,2024-12-01,1.0,1.0,59925.659646835156,0.0,926271.0232124431,75075.0,82865.24298016849,0.0
BR_3.5,hybrid,0.95,10,True,-1.0,5.0,2024-12-01,1.0,1.0,59925.659646835156,0.0,1133434.1306628643,75075.0,82865.24298016849,0.0
BR_3.5,hybrid,0.95,10,True,-1.0,0.0,2024-08-01,1.0,1.0,57840.24298016849,0.0,462721.94384134794,50050.0,32815.24298016849,50050.0
BR_3.5,mitra,0.95,10,True,-1.0,2.5,2024-12-01,1.0,1.0,52331.23729166666,0.0,764016.4823958332,75075.0,54416.653958333336,0.0
BR_3.5,mitra,0.95,10,True,-1.0,5.0,2024-12-01,1.0,1.0,52331.23729166666,0.0,900058.1172916666,75075.0,54416.653958333336,0.0
BR_3.5,mitra,0.95,10,True,-1.0,0.0,2024-08-01,1.0,1.0,48160.403958333336,0.0,385283.2316666667,50050.0,54416.653958333336,25025.0
BR_3.5,naive,0.95,10,True,-1.0,2.5,2024-12-01,1.0,1.0,281788.3450970065,0.0,3992087.2539065937,75075.0,244250.84509700653,0.0
BR_3.5,naive,0.95,10,True,-1.0,5.0,2024-12-01,1.0,1.0,281788.3450970065,0.0,4602714.36664911,75075.0,244250.84509700653,0.0
BR_3.5,naive,0.95,10,True,-1.0,0.0,2024-08-01,1.0,1.0,294300.84509700653,0.0,2354406.7607760523,50050.0,269275.84509700653,0.0
BR_3.5,rf,0.95,10,True,-1.0,2.5,2024-12-01,1.0,1.0,84657.55337749387,0.0,1222320.9823069943,75075.0,82572.13671082718,0.0
BR_3.5,rf,0.95,10,True,-1.0,5.0,2024-12-01,1.0,1.0,84657.55337749387,0.0,1428751.3240840624,75075.0,82572.13671082718,0.0
BR_3.5,rf,0.95,10,True,-1.0,0.0,2024-08-01,1.0,1.0,82572.13671082718,0.0,660577.0936866174,50050.0,82572.13671082718,25025.0
BR_3.5,sba,0.95,10,True,-1.0,2.5,2024-12-01,1.0,1.0,44503.775059491694,0.0,634877.6550292963,75075.0,40332.94172615836,0.0
BR_3.5,sba,0.95,10,True,-1.0,5.0,2024-12-01,1.0,1.0,44503.775059491694,0.0,735710.0093446921,75075.0,40332.94172615836,0.0
BR_3.5,sba,0.95,10,True,-1.0,0.0,2024-08-01,1.0,1.0,43461.06672615836,0.0,347688.53380926687,50050.0,40332.94172615836,25025.0
BR_3.5,ses,0.95,10,True,-1.0,2.5,2024-12-01,1.0,1.0,57623.5077949203,0.0,840754.404693011,75075.0,59708.924461586954,0.0
BR_3.5,ses,0.95,10,True,-1.0,5.0,2024-12-01,1.0,1.0,57623.5077949203,0.0,990026.7158469784,75075.0,59708.924461586954,0.0
BR_3.5,ses,0.95,10,True,-1.0,0.0,2024-08-01,1.0,1.0,53452.674461586954,0.0,427621.39569269563,50050.0,59708.924461586954,25025.0
BR_3.5,tsb,0.95,10,True,-1.0,2.5,2024-12-01,1.0,1.0,55088.02430846674,0.0,788349.2691394344,75075.0,50917.1909751334,0.0
BR_3.5,tsb,0.95,10,True,-1.0,5.0,2024-12-01,1.0,1.0,55088.02430846674,0.0,915642.2465772679,75075.0,50917.1909751334,0.0
BR_3.5,tsb,0.95,10,True,-1.0,0.0,2024-08-01,1.0,1.0,54045.3159751334,0.0,432362.5278010672,50050.0,50917.1909751334,25025.0
BR_3.5,xgb,0.95,10,True,-1.0,2.5,2024-12-01,1.0,1.0,41620.38920967827,0.0,603495.6435403349,75075.0,41620.389209678266,0.0
BR_3.5,xgb,0.95,10,True,-1.0,5.0,2024-12-01,1.0,1.0,41620.38920967827,0.0,707546.6165645306,75075.0,41620.389209678266,0.0
BR_3.5,xgb,0.95,10,True,-1.0,0.0,2024-08-01,1.0,1.0,41620.389209678266,0.0,332963.1136774261,50050.0,16595.389209678266,50050.0
ST_A3.50in,arima,0.95,10,True,-1.0,2.5,2024-12-01,0.9331106817131767,0.6666666666666666,2922.231207813558,82.03404183992522,62457.18576282113,13200.0,4818.530499306966,2200.0
ST_A3.50in,arima,0.95,10,True,-1.0,5.0,2024-12-01,0.9331106817131767,0.6666666666666666,2922.231207813558,82.03404183992522,80003.51201108855,13200.0,4818.530499306966,2200.0
ST_A3.50in,arima,0.95,10,True,-1.0,0.0,2024-08-01,0.9080271873556178,0.5,2636.5815620668536,123.05106275988783,30936.737517325855,9600.0,5318.530499306966,200.0
ST_A3.50in,croston,0.95,10,True,-1.0,2.5,2024-12-01,1.0,1.0,26261.28837965179,0.0,367138.681504951,13200.0,20801.288379651793,0.0
ST_A3.50in,croston,0.95,10,True,-1.0,5.0,2024-12-01,1.0,1.0,26261.28837965179,0.0,419141.9024540804,13200.0,20801.288379651793,0.0
ST_A3.50in,croston,0.95,10,True,-1.0,0.0,2024-08-01,1.0,1.0,28541.288379651793,0.0,228330.30703721434,9600.0,24401.288379651793,0.0
ST_A3.50in,hybrid,0.95,10,True,-1.0,2.5,2024-12-01,1.0,1.0,11134.935184380332,0.0,160473.2268401815,13200.0,8481.601851046998,2260.0
ST_A3.50in,hybrid,0.95,10,True,-1.0,5.0,2024-12-01,1.0,1.0,11134.935184380332,0.0,187327.231467799,13200.0,8481.601851046998,2260.0
ST_A3.50in,hybrid,0.95,10,True,-1.0,0.0,2024-08-01,1.0,1.0,12011.601851046998,0.0,96092.81480837599,9600.0,12081.601851046998,0.0
ST_A3.50in,mitra,0.95,10,True,-1.0,2.5,2024-12-01,1.0,1.0,3869.0009923628386,0.0,61150.51438926116,13200.0,4009.0009923628386,1880.0
ST_A3.50in,mitra,0.95,10,True,-1.0,5.0,2024-12-01,1.0,1.0,3869.0009923628386,0.0,75873.01687016826,13200.0,4009.0009923628386,1880.0
ST_A3.50in,mitra,0.95,10,True,-1.0,0.0,2024-08-01,1.0,1.0,3994.0009923628386,0.0,31952.00793890271,9600.0,5889.000992362839,0.0
ST_A3.50in,naive,0.95,10,True,-1.0,2.5,2024-12-01,1.0,1.0,27993.855951848574,0.0,421648.41130180436,13200.0,34288.85595184858,0.0
ST_A3.50in,naive,0.95,10,True,-1.0,5.0,2024-12-01,1.0,1.0,27993.855951848574,0.0,507370.5511814258,13200.0,34288.85595184858,0.0
ST_A3.50in,naive,0.95,10,True,-1.0,0.0,2024-08-01,1.0,1.0,24396.355951848578,0.0,195170.84761478862,9600.0,37888.85595184858,0.0
ST_A3.50in,rf,0.95,10,True,-1.0,2.5,2024-12-01,1.0,1.0,10479.893611237874,0.0,153995.95736294918,13200.0,11294.893611237876,0.0
ST_A3.50in,rf,0.95,10,True,-1.0,5.0,2024-12-01,1.0,1.0,10479.893611237874,0.0,182233.1913910439,13200.0,11294.893611237876,0.0
ST_A3.50in,rf,0.95,10,True,-1.0,0.0,2024-08-01,1.0,1.0,10544.893611237876,0.0,84359.14888990301,9600.0,12074.893611237876,540.0
ST_A3.50in,sba,0.95,10,True,-1.0,2.5,2024-12-01,1.0,1.0,23941.408130829204,0.0,333500.41789702344,13200.0,18481.4081308292,0.0
ST_A3.50in,sba,0.95,10,True,-1.0,5.0,2024-12-01,1.0,1.0,23941.408130829204,0.0,379703.93822409643,13200.0,18481.4081308292,0.0
ST_A3.50in,sba,0.95,10,True,-1.0,0.0,2024-08-01,1.0,1.0,26221.4081308292,0.0,209771.2650466336,9600.0,22081.4081308292,0.0
ST_A3.50in,ses,0.95,10,True,-1.0,2.5,2024-12-01,0.9139169923337119,0.6666666666666666,3214.722445385207,119.53696264937525,72025.73523605376,13200.0,5561.852149402499,2080.0
ST_A3.50in,ses,0.95,10,True,-1.0,5.0,2024-12-01,0.9139169923337119,0.6666666666666666,3214.722445385207,119.53696264937525,91130.36560956,13200.0,5561.852149402499,2080.0
ST_A3.50in,ses,0.95,10,True,-1.0,0.0,2024-08-01,0.881635864458854,0.5,2716.1575933765616,179.30544397406288,36073.69626493752,9600.0,6081.852149402499,120.0
ST_A3.50in,tsb,0.95,10,True,-1.0,2.5,2024-12-01,1.0,1.0,11911.109135015831,0.0,169877.7491243962,13200.0,10777.7758016825,0.0
ST_A3.50in,tsb,0.95,10,True,-1.0,5.0,2024-12-01,1.0,1.0,11911.109135015831,0.0,196822.18862860248,13200.0,10777.7758016825,0.0
ST_A3.50in,tsb,0.95,10,True,-1.0,0.0,2024-08-01,1.0,1.0,12027.7758016825,0.0,96222.20641346,9600.0,14377.7758016825,0.0
ST_A3.50in,xgb,0.95,10,True,-1.0,2.5,2024-12-01,0.7453427463993726,0.6666666666666666,2476.946594676894,406.0178017743686,102068.6506646366,13200.0,6109.262126235859,3340.0
ST_A3.50in,xgb,0.95,10,True,-1.0,5.0,2024-12-01,0.7453427463993726,0.6666666666666666,2476.946594676894,406.0178017743686,125691.80598022626,13200.0,6109.262126235859,3340.0
ST_A3.50in,xgb,0.95,10,True,-1.0,0.0,2024-08-01,0.6498462762991373,0.5,1733.2888288974118,609.0267026615529,62588.44684410353,9600.0,4729.262126235859,1380.0
ST_A4-6cm,arima,0.95,10,True,-1.0,2.5,2024-12-01,1.0,1.0,19857.888276930313,0.0,287939.3800154895,10000.0,19857.88827693031,0.0
ST_A4-6cm,arima,0.95,10,True,-1.0,5.0,2024-12-01,1.0,1.0,19857.888276930313,0.0,337584.10070781526,10000.0,19857.88827693031,0.0
ST_A4-6cm,arima,0.95,10,True,-1.0,0.0,2024-08-01,1.0,1.0,19857.88827693031,0.0,158863.10621544247,10000.0,19857.88827693031,0.0
ST_A4-6cm,croston,0.95,10,True,-1.0,2.5,2024-12-01,1.0,1.0,14424.0,0.0,213660.5,10000.0,16229.0,0.0
ST_A4-6cm,croston,0.95,10,True,-1.0,5.0,2024-12-01,1.0,1.0,14424.0,0.0,254233.0,10000.0,16229.0,0.0
ST_A4-6cm,croston,0.95,10,True,-1.0,0.0,2024-08-01,1.0,1.0,13521.5,0.0,108172.0,10000.0,16229.0,0.0
ST_A4-6cm,hybrid,0.95,10,True,-1.0,2.5,2024-12-01,1.0,1.0,9070.207648872713,0.0,143443.01090865434,10000.0,13840.20764887271,0.0
ST_A4-6cm,hybrid,0.95,10,True,-1.0,5.0,2024-12-01,1.0,1.0,9070.207648872713,0.0,178043.53003083612,10000.0,13840.20764887271,0.0
ST_A4-6cm,hybrid,0.95,10,True,-1.0,0.0,2024-08-01,1.0,1.0,6685.207648872711,0.0,53481.661190981686,10000.0,13840.20764887271,0.0
ST_A4-6cm,mitra,0.95,10,True,-1.0,2.5,2024-12-01,1.0,1.0,7963.541666666667,0.0,126929.6875,10000.0,12546.875,0.0
ST_A4-6cm,mitra,0.95,10,True,-1.0,5.0,2024-12-01,1.0,1.0,7963.541666666667,0.0,158296.875,10000.0,12546.875,0.0
ST_A4-6cm,mitra,0.95,10,True,-1.0,0.0,2024-08-01,1.0,1.0,5671.875,0.0,45375.0,10000.0,12546.875,0.0
ST_A4-6cm,naive,0.95,10,True,-1.0,2.5,2024-12-01,1.0,1.0,21853.333333333332,0.0,327290.0,10000.0,26020.0,0.0
ST_A4-6cm,naive,0.95,10,True,-1.0,5.0,2024-12-01,1.0,1.0,21853.333333333332,0.0,392340.0,10000.0,26020.0,0.0
ST_A4-6cm,naive,0.95,10,True,-1.0,0.0,2024-08-01,1.0,1.0,19770.0,0.0,158160.0,10000.0,26020.0,0.0
ST_A4-6cm,rf,0.95,10,True,-1.0,2.5,2024-12-01,1.0,1.0,12710.996563921328,0.0,193446.95017685927,10000.0,16365.996563921326,0.0
ST_A4-6cm,rf,0.95,10,True,-1.0,5.0,2024-12-01,1.0,1.0,12710.996563921328,0.0,234361.94158666258,10000.0,16365.996563921326,0.0
ST_A4-6cm,rf,0.95,10,True,-1.0,0.0,2024-08-01,1.0,1.0,10883.496563921326,0.0,87067.97251137061,10000.0,16365.996563921326,0.0
ST_A4-6cm,sba,0.95,10,True,-1.0,2.5,2024-12-01,1.0,1.0,13578.216666666669,0.0,201954.97500000003,10000.0,15606.550000000003,0.0
ST_A4-6cm,sba,0.95,10,True,-1.0,5.0,2024-12-01,1.0,1.0,13578.216666666669,0.0,240971.35000000003,10000.0,15606.550000000003,0.0
ST_A4-6cm,sba,0.95,10,True,-1.0,0.0,2024-08-01,1.0,1.0,12569.050000000003,0.0,100552.40000000002,10000.0,15566.550000000003,40.0
ST_A4-6cm,ses,0.95,10,True,-1.0,2.5,2024-12-01,1.0,1.0,9123.051736297248,0.0,144221.7501763101,10000.0,13898.05173629725,0.0
ST_A4-6cm,ses,0.95,10,True,-1.0,5.0,2024-12-01,1.0,1.0,9123.051736297248,0.0,178966.87951705322,10000.0,13898.05173629725,0.0
ST_A4-6cm,ses,0.95,10,True,-1.0,0.0,2024-08-01,1.0,1.0,6735.55173629725,0.0,53884.413890378,10000.0,13898.05173629725,0.0
ST_A4-6cm,tsb,0.95,10,True,-1.0,2.5,2024-12-01,1.0,1.0,11098.43154091601,0.0,174406.4240099488,10000.0,16490.098207582676,0.0
ST_A4-6cm,tsb,0.95,10,True,-1.0,5.0,2024-12-01,1.0,1.0,11098.43154091601,0.0,215631.66952890548,10000.0,16490.098207582676,0.0
ST_A4-6cm,tsb,0.95,10,True,-1.0,0.0,2024-08-01,1.0,1.0,8402.598207582676,0.0,67220.78566066141,10000.0,16490.098207582676,0.0
ST_A4-6cm,xgb,0.95,10,True,-1.0,2.5,2024-12-01,1.0,1.0,6492.107199426716,0.0,104510.55439168739,10000.0,10642.107199426717,0.0
ST_A4-6cm,xgb,0.95,10,True,-1.0,5.0,2024-12-01,1.0,1.0,6492.107199426716,0.0,131115.82239025418,10000.0,10642.107199426717,0.0
ST_A4-6cm,xgb,0.95,10,True,-1.0,0.0,2024-08-01,1.0,1.0,4417.107199426717,0.0,35336.857595413734,10000.0,10642.107199426717,0.0
ST_Reg3-4cm,arima,0.95,10,True,-1.0,2.5,2024-12-01,,1.0,12836.65909173149,0.0,186131.5568301066,0.0,12836.65909173149,0.0
ST_Reg3-4cm,arima,0.95,10,True,-1.0,5.0,2024-12-01,,1.0,12836.65909173149,0.0,218223.2045594353,0.0,12836.65909173149,0.0
ST_Reg3-4cm,arima,0.95,10,True,-1.0,0.0,2024-08-01,,1.0,12836.65909173149,0.0,102693.27273385192,0.0,12836.65909173149,0.0
ST_Reg3-4cm,croston,0.95,10,True,-1.0,2.5,2024-12-01,,1.0,17209.965753424654,0.0,249544.5034246575,0.0,17209.965753424658,0.0
ST_Reg3-4cm,croston,0.95,10,True,-1.0,5.0,2024-12-01,,1.0,17209.965753424654,0.0,292569.41780821915,0.0,17209.965753424658,0.0
ST_Reg3-4cm,croston,0.95,10,True,-1.0,0.0,2024-08-01,,1.0,17209.965753424658,0.0,137679.72602739726,0.0,17209.965753424658,0.0
ST_Reg3-4cm,hybrid,0.95,10,True,-1.0,2.5,2024-12-01,,1.0,9658.500253544056,0.0,140048.25367638882,0.0,9658.500253544054,0.0
ST_Reg3-4cm,hybrid,0.95,10,True,-1.0,5.0,2024-12-01,,1.0,9658.500253544056,0.0,164194.50431024894,0.0,9658.500253544054,0.0
ST_Reg3-4cm,hybrid,0.95,10,True,-1.0,0.0,2024-08-01,,1.0,9658.500253544054,0.0,77268.00202835244,0.0,9658.500253544054,0.0
ST_Reg3-4cm,mitra,0.95,10,True,-1.0,2.5,2024-12-01,,1.0,3426.8750000000005,0.0,49689.68750000001,0.0,3426.8750000000005,0.0
ST_Reg3-4cm,mitra,0.95,10,True,-1.0,5.0,2024-12-01,,1.0,3426.8750000000005,0.0,58256.875000000015,0.0,3426.8750000000005,0.0
ST_Reg3-4cm,mitra,0.95,10,True,-1.0,0.0,2024-08-01,,1.0,3426.8750000000005,0.0,27415.000000000004,0.0,3426.8750000000005,0.0
ST_Reg3-4cm,naive,0.95,10,True,-1.0,2.5,2024-12-01,,1.0,0.0,0.0,0.0,0.0,0.0,0.0
ST_Reg3-4cm,naive,0.95,10,True,-1.0,5.0,2024-12-01,,1.0,0.0,0.0,0.0,0.0,0.0,0.0
ST_Reg3-4cm,naive,0.95,10,True,-1.0,0.0,2024-08-01,,1.0,0.0,0.0,0.0,0.0,0.0,0.0
ST_Reg3-4cm,rf,0.95,10,True,-1.0,2.5,2024-12-01,,1.0,10823.171907964657,0.0,156935.99266548752,0.0,10823.171907964657,0.0
ST_Reg3-4cm,rf,0.95,10,True,-1.0,5.0,2024-12-01,,1.0,10823.171907964657,0.0,183993.92243539917,0.0,10823.171907964657,0.0
ST_Reg3-4cm,rf,0.95,10,True,-1.0,0.0,2024-08-01,,1.0,10823.171907964657,0.0,86585.37526371726,0.0,10823.171907964657,0.0
ST_Reg3-4cm,sba,0.95,10,True,-1.0,2.5,2024-12-01,,1.0,16349.467465753427,0.0,237067.27825342468,0.0,16349.467465753425,0.0
ST_Reg3-4cm,sba,0.95,10,True,-1.0,5.0,2024-12-01,,1.0,16349.467465753427,0.0,277940.94691780827,0.0,16349.467465753425,0.0
ST_Reg3-4cm,sba,0.95,10,True,-1.0,0.0,2024-08-01,,1.0,16349.467465753425,0.0,130795.7397260274,0.0,16349.467465753425,0.0
ST_Reg3-4cm,ses,0.95,10,True,-1.0,2.5,2024-12-01,,1.0,7023.7234765169405,0.0,101843.99040949563,0.0,7023.72347651694,0.0
ST_Reg3-4cm,ses,0.95,10,True,-1.0,5.0,2024-12-01,,1.0,7023.7234765169405,0.0,119403.29910078799,0.0,7023.72347651694,0.0
ST_Reg3-4cm,ses,0.95,10,True,-1.0,0.0,2024-08-01,,1.0,7023.72347651694,0.0,56189.78781213552,0.0,7023.72347651694,0.0
ST_Reg3-4cm,tsb,0.95,10,True,-1.0,2.5,2024-12-01,,1.0,7725.988141489618,0.0,112026.82805159946,0.0,7725.988141489615,0.0
ST_Reg3-4cm,tsb,0.95,10,True,-1.0,5.0,2024-12-01,,1.0,7725.988141489618,0.0,131341.7984053235,0.0,7725.988141489615,0.0
ST_Reg3-4cm,tsb,0.95,10,True,-1.0,0.0,2024-08-01,,1.0,7725.988141489615,0.0,61807.90513191692,0.0,7725.988141489615,0.0
ST_Reg3-4cm,xgb,0.95,10,True,-1.0,2.5,2024-12-01,,1.0,659.0300294880359,0.0,9555.93542757652,0.0,659.0300294880358,0.0
ST_Reg3-4cm,xgb,0.95,10,True,-1.0,5.0,2024-12-01,,1.0,659.0300294880359,0.0,11203.51050129661,0.0,659.0300294880358,0.0
ST_Reg3-4cm,xgb,0.95,10,True,-1.0,0.0,2024-08-01,,1.0,659.0300294880358,0.0,5272.240235904286,0.0,659.0300294880358,0.0
ST_Reg3.50in,arima,0.95,10,True,-1.0,2.5,2024-12-01,1.0,1.0,39830.18207184507,0.0,592666.8067084202,81360.0,45881.84873851173,0.0
ST_Reg3.50in,arima,0.95,10,True,-1.0,5.0,2024-12-01,1.0,1.0,39830.18207184507,0.0,707371.4285546995,81360.0,45881.84873851173,0.0
ST_Reg3.50in,arima,0.95,10,True,-1.0,0.0,2024-08-01,1.0,1.0,39914.34873851173,0.0,319314.78990809387,64560.0,32761.848738511733,24040.0
ST_Reg3.50in,croston,0.95,10,True,-1.0,2.5,2024-12-01,1.0,1.0,24166.253507048885,0.0,412269.0091855422,81360.0,40489.58684038222,8420.0
ST_Reg3.50in,croston,0.95,10,True,-1.0,5.0,2024-12-01,1.0,1.0,24166.253507048885,0.0,534542.9762864977,81360.0,40489.58684038222,8420.0
ST_Reg3.50in,croston,0.95,10,True,-1.0,0.0,2024-08-01,1.0,1.0,20362.086840382217,0.0,162896.69472305774,64560.0,22269.586840382217,26700.0
ST_Reg3.50in,hybrid,0.95,10,True,-1.0,2.5,2024-12-01,1.0,1.0,28944.234581373952,0.0,436470.56809658895,81360.0,32175.901248040624,3480.0
ST_Reg3.50in,hybrid,0.95,10,True,-1.0,5.0,2024-12-01,1.0,1.0,28944.234581373952,0.0,525610.3212166906,81360.0,32175.901248040624,3480.0
ST_Reg3.50in,hybrid,0.95,10,True,-1.0,0.0,2024-08-01,1.0,1.0,28590.901248040624,0.0,228727.209984325,64560.0,22075.901248040624,26900.0
ST_Reg3.50in,mitra,0.95,10,True,-1.0,2.5,2024-12-01,1.0,1.0,20005.661288905878,0.0,318532.0886891353,81360.0,27345.661288905874,4040.0
ST_Reg3.50in,mitra,0.95,10,True,-1.0,5.0,2024-12-01,1.0,1.0,20005.661288905878,0.0,396996.24191139993,81360.0,27345.661288905874,4040.0
ST_Reg3.50in,mitra,0.95,10,True,-1.0,0.0,2024-08-01,1.0,1.0,19205.661288905874,0.0,153645.290311247,64560.0,15425.661288905874,23200.0
ST_Reg3.50in,naive,0.95,10,True,-1.0,2.5,2024-12-01,1.0,1.0,136118.53829758888,0.0,2011806.3053150387,81360.0,151353.53829758885,0.0
ST_Reg3.50in,naive,0.95,10,True,-1.0,5.0,2024-12-01,1.0,1.0,136118.53829758888,0.0,2390190.151059011,81360.0,151353.53829758885,0.0
ST_Reg3.50in,naive,0.95,10,True,-1.0,0.0,2024-08-01,1.0,1.0,131208.53829758885,0.0,1049668.3063807108,64560.0,129693.53829758885,38460.0
ST_Reg3.50in,rf,0.95,10,True,-1.0,2.5,2024-12-01,1.0,1.0,27070.236633381457,0.0,418855.9311840311,81360.0,37605.23663338146,0.0
ST_Reg3.50in,rf,0.95,10,True,-1.0,5.0,2024-12-01,1.0,1.0,27070.236633381457,0.0,512869.02276748477,81360.0,37605.23663338146,0.0
ST_Reg3.50in,rf,0.95,10,True,-1.0,0.0,2024-08-01,1.0,1.0,26587.736633381457,0.0,212701.89306705166,64560.0,16645.236633381457,29100.0
ST_Reg3.50in,sba,0.95,10,True,-1.0,2.5,2024-12-01,1.0,1.0,24168.898220646766,0.0,413665.6908660448,81360.0,40655.564887313434,8800.0
ST_Reg3.50in,sba,0.95,10,True,-1.0,5.0,2024-12-01,1.0,1.0,24168.898220646766,0.0,537304.6030843284,81360.0,40655.564887313434,8800.0
ST_Reg3.50in,sba,0.95,10,True,-1.0,0.0,2024-08-01,1.0,1.0,20348.064887313434,0.0,162784.51909850747,64560.0,22275.564887313434,26680.0
ST_Reg3.50in,ses,0.95,10,True,-1.0,2.5,2024-12-01,1.0,1.0,29784.41275898793,0.0,450432.3183386583,81360.0,37207.746092321264,0.0
ST_Reg3.50in,ses,0.95,10,True,-1.0,5.0,2024-12-01,1.0,1.0,29784.41275898793,0.0,543451.6835694615,81360.0,37207.746092321264,0.0
ST_Reg3.50in,ses,0.95,10,True,-1.0,0.0,2024-08-01,1.0,1.0,27562.746092321264,0.0,220501.9687385701,64560.0,25287.746092321264,28720.0
ST_Reg3.50in,tsb,0.95,10,True,-1.0,2.5,2024-12-01,1.0,1.0,29843.797612631042,0.0,454189.2320498168,81360.0,38125.46427929771,300.0
ST_Reg3.50in,tsb,0.95,10,True,-1.0,5.0,2024-12-01,1.0,1.0,29843.797612631042,0.0,550252.8927480611,81360.0,38125.46427929771,300.0
ST_Reg3.50in,tsb,0.95,10,True,-1.0,0.0,2024-08-01,1.0,1.0,27665.46427929771,0.0,221323.71423438168,64560.0,26265.46427929771,26740.0
ST_Reg3.50in,xgb,0.95,10,True,-1.0,2.5,2024-12-01,1.0,1.0,29434.886703993037,0.0,477968.3572078991,81360.0,40479.88670399304,9420.0
ST_Reg3.50in,xgb,0.95,10,True,-1.0,5.0,2024-12-01,1.0,1.0,29434.886703993037,0.0,602718.0739678817,81360.0,40479.88670399304,9420.0
ST_Reg3.50in,xgb,0.95,10,True,-1.0,0.0,2024-08-01,1.0,1.0,24302.38670399304,0.0,194419.09363194433,64560.0,37359.88670399304,19920.0
ST_Reg4.00in,arima,0.95,10,True,-1.0,2.5,2024-12-01,1.0,1.0,38507.211324882046,0.0,541204.5642107897,17760.0,31647.211324882046,0.0
ST_Reg4.00in,arima,0.95,10,True,-1.0,5.0,2024-12-01,1.0,1.0,38507.211324882046,0.0,620322.5925229948,17760.0,31647.211324882046,0.0
ST_Reg4.00in,arima,0.95,10,True,-1.0,0.0,2024-08-01,1.0,1.0,41712.211324882046,0.0,333697.69059905637,15960.0,33447.211324882046,0.0
ST_Reg4.00in,croston,0.95,10,True,-1.0,2.5,2024-12-01,1.0,1.0,55590.74921180397,0.0,788915.8635711576,17760.0,48730.749211803966,0.0
ST_Reg4.00in,croston,0.95,10,True,-1.0,5.0,2024-12-01,1.0,1.0,55590.74921180397,0.0,910742.7366006675,17760.0,48730.749211803966,0.0
ST_Reg4.00in,croston,0.95,10,True,-1.0,0.0,2024-08-01,1.0,1.0,58795.749211803966,0.0,470365.99369443173,15960.0,50530.749211803966,0.0
ST_Reg4.00in,hybrid,0.95,10,True,-1.0,2.5,2024-12-01,1.0,1.0,31907.294976138324,0.0,445505.7771540057,17760.0,25047.29497613832,0.0
ST_Reg4.00in,hybrid,0.95,10,True,-1.0,5.0,2024-12-01,1.0,1.0,31907.294976138324,0.0,508124.0145943515,17760.0,25047.29497613832,0.0
ST_Reg4.00in,hybrid,0.95,10,True,-1.0,0.0,2024-08-01,1.0,1.0,35112.29497613832,0.0,280898.35980910657,15960.0,26847.29497613832,0.0
ST_Reg4.00in,mitra,0.95,10,True,-1.0,2.5,2024-12-01,1.0,1.0,8960.329681553581,0.0,134195.61371586027,17760.0,10668.663014886915,0.0
ST_Reg4.00in,mitra,0.95,10,True,-1.0,5.0,2024-12-01,1.0,1.0,8960.329681553581,0.0,160867.27125307755,17760.0,10668.663014886915,0.0
ST_Reg4.00in,mitra,0.95,10,True,-1.0,0.0,2024-08-01,1.0,1.0,10358.663014886915,0.0,82869.30411909532,15960.0,5848.663014886915,20.0
ST_Reg4.00in,naive,0.95,10,True,-1.0,2.5,2024-12-01,1.0,1.0,32635.798877802696,0.0,501206.5837281391,17760.0,43830.7988778027,0.0
ST_Reg4.00in,naive,0.95,10,True,-1.0,5.0,2024-12-01,1.0,1.0,32635.798877802696,0.0,610783.5809226459,17760.0,43830.7988778027,0.0
ST_Reg4.00in,naive,0.95,10,True,-1.0,0.0,2024-08-01,1.0,1.0,26813.2988778027,0.0,214506.3910224216,15960.0,45630.7988778027,0.0
ST_Reg4.00in,rf,0.95,10,True,-1.0,2.5,2024-12-01,1.0,1.0,51957.93928302496,0.0,736240.1196038619,17760.0,45097.939283024956,0.0
ST_Reg4.00in,rf,0.95,10,True,-1.0,5.0,2024-12-01,1.0,1.0,51957.93928302496,0.0,848984.9678114244,17760.0,45097.939283024956,0.0
ST_Reg4.00in,rf,0.95,10,True,-1.0,0.0,2024-08-01,1.0,1.0,55162.939283024956,0.0,441303.51426419965,15960.0,46897.939283024956,0.0
ST_Reg4.00in,sba,0.95,10,True,-1.0,2.5,2024-12-01,1.0,1.0,51351.966866314506,0.0,727453.5195615604,17760.0,44491.9668663145,0.0
ST_Reg4.00in,sba,0.95,10,True,-1.0,5.0,2024-12-01,1.0,1.0,51351.966866314506,0.0,838683.4367273466,17760.0,44491.9668663145,0.0
ST_Reg4.00in,sba,0.95,10,True,-1.0,0.0,2024-08-01,1.0,1.0,54556.9668663145,0.0,436455.734930516,15960.0,46291.9668663145,0.0
ST_Reg4.00in,ses,0.95,10,True,-1.0,2.5,2024-12-01,1.0,1.0,17468.715836984407,0.0,257796.3796362739,17760.0,19268.71583698441,0.0
ST_Reg4.00in,ses,0.95,10,True,-1.0,5.0,2024-12-01,1.0,1.0,17468.715836984407,0.0,305968.1692287349,17760.0,19268.71583698441,0.0
ST_Reg4.00in,ses,0.95,10,True,-1.0,0.0,2024-08-01,1.0,1.0,19763.71583698441,0.0,158109.7266958753,15960.0,11948.715836984411,0.0
ST_Reg4.00in,tsb,0.95,10,True,-1.0,2.5,2024-12-01,1.0,1.0,67857.49070112802,0.0,966783.6151663561,17760.0,60997.490701128,0.0
ST_Reg4.00in,tsb,0.95,10,True,-1.0,5.0,2024-12-01,1.0,1.0,67857.49070112802,0.0,1119277.3419191763,17760.0,60997.490701128,0.0
ST_Reg4.00in,tsb,0.95,10,True,-1.0,0.0,2024-08-01,1.0,1.0,71062.490701128,0.0,568499.925609024,15960.0,62797.490701128,0.0
ST_Reg4.00in,xgb,0.95,10,True,-1.0,2.5,2024-12-01,1.0,1.0,7573.126167589765,0.0,119660.32943005158,17760.0,10933.126167589762,580.0
ST_Reg4.00in,xgb,0.95,10,True,-1.0,5.0,2024-12-01,1.0,1.0,7573.126167589765,0.0,148443.144849026,17760.0,10933.126167589762,580.0
ST_Reg4.00in,xgb,0.95,10,True,-1.0,0.0,2024-08-01,1.0,1.0,8308.126167589762,0.0,66465.0093407181,15960.0,5693.126167589762,0.0
ST_Reg6.00in,arima,0.95,10,True,-1.0,2.5,2024-12-01,0.9575377409925134,0.8333333333333334,1850.099151180549,23.778865044192496,33341.287668143916,6720.0,3054.65361946969,260.0
ST_Reg6.00in,arima,0.95,10,True,-1.0,5.0,2024-12-01,0.9575377409925134,0.8333333333333334,1850.099151180549,23.778865044192496,41627.921716818135,6720.0,3054.65361946969,260.0
ST_Reg6.00in,arima,0.95,10,True,-1.0,0.0,2024-08-01,0.950460697824599,0.75,1952.821917035979,35.66829756628874,18476.039141590933,5760.0,1814.65361946969,0.0
ST_Reg6.00in,croston,0.95,10,True,-1.0,2.5,2024-12-01,0.9382140020908551,0.8333333333333334,1802.7315862130015,34.600158829121106,34396.793329176915,6720.0,3204.7980940505468,240.0
ST_Reg6.00in,croston,0.95,10,True,-1.0,5.0,2024-12-01,0.9382140020908551,0.8333333333333334,1802.7315862130015,34.600158829121106,43008.788564303286,6720.0,3204.7980940505468,240.0
ST_Reg6.00in,croston,0.95,10,True,-1.0,0.0,2024-08-01,0.9279163357726644,0.75,1864.1983322942283,51.900238243681656,19065.60571784836,5760.0,1704.7980940505468,160.0
ST_Reg6.00in,hybrid,0.95,10,True,-1.0,2.5,2024-12-01,1.0,1.0,14243.674222487241,0.0,206791.60955939832,6720.0,14347.007555820575,0.0
ST_Reg6.00in,hybrid,0.95,10,True,-1.0,5.0,2024-12-01,1.0,1.0,14243.674222487241,0.0,242659.12844894978,6720.0,14347.007555820575,0.0
ST_Reg6.00in,hybrid,0.95,10,True,-1.0,0.0,2024-08-01,1.0,1.0,14822.007555820575,0.0,118576.0604465646,5760.0,13067.007555820575,360.0
ST_Reg6.00in,mitra,0.95,10,True,-1.0,2.5,2024-12-01,1.0,1.0,1981.467981262919,0.0,31431.285728312323,6720.0,2981.4679812629192,80.0
ST_Reg6.00in,mitra,0.95,10,True,-1.0,5.0,2024-12-01,1.0,1.0,1981.467981262919,0.0,39084.955681469626,6720.0,2981.4679812629192,80.0
ST_Reg6.00in,mitra,0.95,10,True,-1.0,0.0,2024-08-01,1.0,1.0,2048.9679812629192,0.0,16391.743850103354,5760.0,2081.4679812629192,40.0
ST_Reg6.00in,naive,0.95,10,True,-1.0,2.5,2024-12-01,1.0,1.0,10471.848711111717,0.0,161970.97297778656,6720.0,14523.515377778383,0.0
ST_Reg6.00in,naive,0.95,10,True,-1.0,5.0,2024-12-01,1.0,1.0,10471.848711111717,0.0,198279.76142223252,6720.0,14523.515377778383,0.0
ST_Reg6.00in,naive,0.95,10,True,-1.0,0.0,2024-08-01,1.0,1.0,8326.015377778383,0.0,66608.12302222707,5760.0,15483.515377778383,0.0
ST_Reg6.00in,rf,0.95,10,True,-1.0,2.5,2024-12-01,1.0,1.0,4621.847608186049,0.0,74233.45698536438,6720.0,7508.514274852716,0.0
ST_Reg6.00in,rf,0.95,10,True,-1.0,5.0,2024-12-01,1.0,1.0,4621.847608186049,0.0,93004.74267249616,6720.0,7508.514274852716,0.0
ST_Reg6.00in,rf,0.95,10,True,-1.0,0.0,2024-08-01,1.0,1.0,4443.514274852716,0.0,35548.11419882173,5760.0,3388.514274852716,2080.0
ST_Reg6.00in,sba,0.95,10,True,-1.0,2.5,2024-12-01,0.9316022500714004,0.8333333333333334,1752.0031937731603,38.30273996001574,34271.28492167934,6720.0,3200.367120479811,260.0
ST_Reg6.00in,sba,0.95,10,True,-1.0,5.0,2024-12-01,0.9316022500714004,0.8333333333333334,1752.0031937731603,38.30273996001574,42922.20272287887,6720.0,3200.367120479811,260.0
ST_Reg6.00in,sba,0.95,10,True,-1.0,0.0,2024-08-01,0.9202026250833005,0.75,1800.3212304198346,57.45410994002361,18998.898638560568,5760.0,1660.367120479811,180.0
ST_Reg6.00in,ses,0.95,10,True,-1.0,2.5,2024-12-01,0.9988488529075666,0.8333333333333334,2176.2422672439443,0.6446423717626809,35522.92502038597,6720.0,3612.264291538848,120.0
ST_Reg6.00in,ses,0.95,10,True,-1.0,5.0,2024-12-01,0.9988488529075666,0.8333333333333334,2176.2422672439443,0.6446423717626809,44853.5857492331,6720.0,3612.264291538848,120.0
ST_Reg6.00in,ses,0.95,10,True,-1.0,0.0,2024-08-01,0.9986569950588278,0.75,2193.2312550964916,0.9669635576440214,17623.207125383455,5760.0,2292.264291538848,0.0
ST_Reg6.00in,tsb,0.95,10,True,-1.0,2.5,2024-12-01,0.9895890170526934,0.8333333333333334,2272.5350117112584,5.830150450491677,37895.13368107936,6720.0,3830.0381945941,140.0
ST_Reg6.00in,tsb,0.95,10,True,-1.0,5.0,2024-12-01,0.9895890170526934,0.8333333333333334,2272.5350117112584,5.830150450491677,47820.229167564605,6720.0,3830.0381945941,140.0
ST_Reg6.00in,tsb,0.95,10,True,-1.0,0.0,2024-08-01,0.9878538532281423,0.75,2243.7834202698373,8.745225675737515,18649.8854162177,5760.0,2470.0381945941,0.0
ST_Reg6.00in,xgb,0.95,10,True,-1.0,2.5,2024-12-01,1.0,1.0,1885.9836609010197,0.0,33355.09641639812,6720.0,3409.3169942343534,880.0
ST_Reg6.00in,xgb,0.95,10,True,-1.0,5.0,2024-12-01,1.0,1.0,1885.9836609010197,0.0,44078.388901984,6720.0,3409.3169942343534,880.0
ST_Reg6.00in,xgb,0.95,10,True,-1.0,0.0,2024-08-01,1.0,1.0,1891.8169942343534,0.0,15134.535953874827,5760.0,1949.3169942343534,80.0
ST_VA10cm,arima,0.95,10,True,-1.0,2.5,2024-12-01,,1.0,5180.0,0.0,75110.0,0.0,5180.0,0.0
ST_VA10cm,arima,0.95,10,True,-1.0,5.0,2024-12-01,,1.0,5180.0,0.0,88060.0,0.0,5180.0,0.0
ST_VA10cm,arima,0.95,10,True,-1.0,0.0,2024-08-01,,1.0,5180.0,0.0,41440.0,0.0,5180.0,0.0
ST_VA10cm,croston,0.95,10,True,-1.0,2.5,2024-12-01,,1.0,17833.333333333332,0.0,263600.0,0.0,19840.0,0.0
ST_VA10cm,croston,0.95,10,True,-1.0,5.0,2024-12-01,,1.0,17833.333333333332,0.0,313200.0,0.0,19840.0,0.0
ST_VA10cm,croston,0.95,10,True,-1.0,0.0,2024-08-01,,1.0,16892.5,0.0,135140.0,0.0,19340.0,500.0
ST_VA10cm,hybrid,0.95,10,True,-1.0,2.5,2024-12-01,,1.0,5181.459807198348,0.0,77231.16720437605,0.0,6021.459807198347,0.0
ST_VA10cm,hybrid,0.95,10,True,-1.0,5.0,2024-12-01,,1.0,5181.459807198348,0.0,92284.8167223719,0.0,6021.459807198347,0.0
ST_VA10cm,hybrid,0.95,10,True,-1.0,0.0,2024-08-01,,1.0,4761.459807198347,0.0,38091.67845758678,0.0,6021.459807198347,0.0
ST_VA10cm,mitra,0.95,10,True,-1.0,2.5,2024-12-01,,1.0,2326.6666666666665,0.0,34020.0,0.0,2440.0,0.0
ST_VA10cm,mitra,0.95,10,True,-1.0,5.0,2024-12-01,,1.0,2326.6666666666665,0.0,40120.0,0.0,2440.0,0.0
ST_VA10cm,mitra,0.95,10,True,-1.0,0.0,2024-08-01,,1.0,2270.0,0.0,18160.0,0.0,2440.0,0.0
ST_VA10cm,naive,0.95,10,True,-1.0,2.5,2024-12-01,,1.0,3920.0,0.0,56840.0,0.0,3920.0,0.0
ST_VA10cm,naive,0.95,10,True,-1.0,5.0,2024-12-01,,1.0,3920.0,0.0,66640.0,0.0,3920.0,0.0
ST_VA10cm,naive,0.95,10,True,-1.0,0.0,2024-08-01,,1.0,3920.0,0.0,31360.0,0.0,3920.0,0.0
ST_VA10cm,rf,0.95,10,True,-1.0,2.5,2024-12-01,,1.0,3220.121443966542,0.0,46691.76093751486,0.0,3220.121443966542,0.0
ST_VA10cm,rf,0.95,10,True,-1.0,5.0,2024-12-01,,1.0,3220.121443966542,0.0,54742.06454743121,0.0,3220.121443966542,0.0
ST_VA10cm,rf,0.95,10,True,-1.0,0.0,2024-08-01,,1.0,3220.121443966542,0.0,25760.971551732335,0.0,3220.121443966542,0.0
ST_VA10cm,sba,0.95,10,True,-1.0,2.5,2024-12-01,,1.0,16951.666666666668,0.0,250570.0,0.0,18860.0,0.0
ST_VA10cm,sba,0.95,10,True,-1.0,5.0,2024-12-01,,1.0,16951.666666666668,0.0,297720.0,0.0,18860.0,0.0
ST_VA10cm,sba,0.95,10,True,-1.0,0.0,2024-08-01,,1.0,16057.5,0.0,128460.0,0.0,18380.0,480.0
ST_VA10cm,ses,0.95,10,True,-1.0,2.5,2024-12-01,,1.0,1900.0,0.0,27550.0,0.0,1900.0,0.0
ST_VA10cm,ses,0.95,10,True,-1.0,5.0,2024-12-01,,1.0,1900.0,0.0,32300.0,0.0,1900.0,0.0
ST_VA10cm,ses,0.95,10,True,-1.0,0.0,2024-08-01,,1.0,1900.0,0.0,15200.0,0.0,1900.0,0.0
ST_VA10cm,tsb,0.95,10,True,-1.0,2.5,2024-12-01,,1.0,2080.0,0.0,30160.0,0.0,2080.0,0.0
ST_VA10cm,tsb,0.95,10,True,-1.0,5.0,2024-12-01,,1.0,2080.0,0.0,35360.0,0.0,2080.0,0.0
ST_VA10cm,tsb,0.95,10,True,-1.0,0.0,2024-08-01,,1.0,2080.0,0.0,16640.0,0.0,2080.0,0.0
ST_VA10cm,xgb,0.95,10,True,-1.0,2.5,2024-12-01,,1.0,1624.1831053670587,0.0,23550.65502782235,0.0,1624.183105367059,0.0
ST_VA10cm,xgb,0.95,10,True,-1.0,5.0,2024-12-01,,1.0,1624.1831053670587,0.0,27611.11279124,0.0,1624.183105367059,0.0
ST_VA10cm,xgb,0.95,10,True,-1.0,0.0,2024-08-01,,1.0,1624.183105367059,0.0,12993.464842936472,0.0,1624.183105367059,0.0
ST_VA7cm,arima,0.95,10,True,-1.0,2.5,2024-12-01,1.0,1.0,43209.13567092001,0.0,661153.3005616735,74000.0,57057.46900425335,0.0
ST_VA7cm,arima,0.95,10,True,-1.0,5.0,2024-12-01,1.0,1.0,43209.13567092001,0.0,803796.9730723068,74000.0,57057.46900425335,0.0
ST_VA7cm,arima,0.95,10,True,-1.0,0.0,2024-08-01,1.0,1.0,53157.46900425335,0.0,425259.7520340268,74000.0,7157.4690042533475,7360.0
ST_VA7cm,croston,0.95,10,True,-1.0,2.5,2024-12-01,1.0,1.0,33545.051661804464,0.0,547694.9157628315,74000.0,58061.718328471135,0.0
ST_VA7cm,croston,0.95,10,True,-1.0,5.0,2024-12-01,1.0,1.0,33545.051661804464,0.0,692849.2115840092,74000.0,58061.718328471135,0.0
ST_VA7cm,croston,0.95,10,True,-1.0,0.0,2024-08-01,1.0,1.0,38156.718328471135,0.0,305253.7466277691,74000.0,3341.7183284711355,14600.0
ST_VA7cm,hybrid,0.95,10,True,-1.0,2.5,2024-12-01,0.719610342586362,0.8333333333333334,22709.110234260526,4246.278216203071,915640.6221339718,74000.0,49751.16535139079,3680.0
ST_VA7cm,hybrid,0.95,10,True,-1.0,5.0,2024-12-01,0.719610342586362,0.8333333333333334,22709.110234260526,4246.278216203071,1049218.5355124488,74000.0,49751.16535139079,3680.0
ST_VA7cm,hybrid,0.95,10,True,-1.0,0.0,2024-08-01,0.719610342586362,0.75,27844.76968246694,2593.6043310761515,430246.50394582766,74000.0,0.0,16020.0
ST_VA7cm,mitra,0.95,10,True,-1.0,2.5,2024-12-01,0.967552709070157,0.8333333333333334,24225.750392659684,400.1832548013966,467128.24646606285,74000.0,51358.90047119162,0.0
ST_VA7cm,mitra,0.95,10,True,-1.0,5.0,2024-12-01,0.967552709070157,0.8333333333333334,24225.750392659684,400.1832548013966,595525.4976440419,74000.0,51358.90047119162,0.0
ST_VA7cm,mitra,0.95,10,True,-1.0,0.0,2024-08-01,0.967552709070157,0.75,26729.037912292668,300.13744110104744,237843.29858642514,74000.0,0.0,15160.0
ST_VA7cm,naive,0.95,10,True,-1.0,2.5,2024-12-01,1.0,1.0,57510.28534682479,0.0,1063857.4708622927,74000.0,149493.6186801581,0.0
ST_VA7cm,naive,0.95,10,True,-1.0,5.0,2024-12-01,1.0,1.0,57510.28534682479,0.0,1437591.517562688,74000.0,149493.6186801581,0.0
ST_VA7cm,naive,0.95,10,True,-1.0,0.0,2024-08-01,1.0,1.0,61693.61868015812,0.0,493548.94944126497,74000.0,15693.61868015812,0.0
ST_VA7cm,rf,0.95,10,True,-1.0,2.5,2024-12-01,0.9146470318499251,0.8333333333333334,34233.23363074538,1052.6866071842571,678230.8973232915,74000.0,56443.88035689446,0.0
ST_VA7cm,rf,0.95,10,True,-1.0,5.0,2024-12-01,0.9146470318499251,0.8333333333333334,34233.23363074538,1052.6866071842571,819340.5982155277,74000.0,56443.88035689446,0.0
ST_VA7cm,rf,0.95,10,True,-1.0,0.0,2024-08-01,0.9146470318499251,0.75,40473.39531228265,789.5149553881929,386948.35892931663,74000.0,0.0,21600.0
ST_VA7cm,sba,0.95,10,True,-1.0,2.5,2024-12-01,1.0,1.0,30618.252358571463,0.0,507702.1591992862,74000.0,56113.252358571466,0.0
ST_VA7cm,sba,0.95,10,True,-1.0,5.0,2024-12-01,1.0,1.0,30618.252358571463,0.0,647985.2900957149,74000.0,56113.252358571466,0.0
ST_VA7cm,sba,0.95,10,True,-1.0,0.0,2024-08-01,1.0,1.0,35113.252358571466,0.0,280906.01886857173,74000.0,213.25235857146617,14880.0
ST_VA7cm,ses,0.95,10,True,-1.0,2.5,2024-12-01,0.8734551808603508,0.8333333333333334,32993.0694863883,1560.719436055674,763992.3746225054,74000.0,72315.68338366595,0.0
ST_VA7cm,ses,0.95,10,True,-1.0,5.0,2024-12-01,0.8734551808603508,0.8333333333333334,32993.0694863883,1560.719436055674,944781.5830816703,74000.0,72315.68338366595,0.0
ST_VA7cm,ses,0.95,10,True,-1.0,0.0,2024-08-01,0.8734551808603508,0.75,37806.22296070772,1170.5395770417554,396092.9498490022,74000.0,0.0,19940.0
ST_VA7cm,tsb,0.95,10,True,-1.0,2.5,2024-12-01,0.8110647861323891,0.8333333333333334,28372.328478163992,2330.200971033868,770839.043696524,74000.0,60298.79417379679,0.0
ST_VA7cm,tsb,0.95,10,True,-1.0,5.0,2024-12-01,0.8110647861323891,0.8333333333333334,28372.328478163992,2330.200971033868,921586.029131016,74000.0,60298.79417379679,0.0
ST_VA7cm,tsb,0.95,10,True,-1.0,0.0,2024-08-01,0.8110647861323891,0.75,33766.444902072195,1747.650728275401,409943.61747860967,74000.0,0.0,19000.0
ST_VA7cm,xgb,0.95,10,True,-1.0,2.5,2024-12-01,0.7324648154262804,0.8333333333333334,22698.2642276965,5539.201219485083,1071239.30792443,74000.0,42962.39634154475,10700.0
ST_VA7cm,xgb,0.95,10,True,-1.0,5.0,2024-12-01,0.7324648154262804,0.8333333333333334,22698.2642276965,5539.201219485083,1205395.2987782918,74000.0,42962.39634154475,10700.0
ST_VA7cm,xgb,0.95,10,True,-1.0,0.0,2024-08-01,0.7324648154262804,0.75,28677.096798851657,2474.700457306906,427392.81097536575,74000.0,0.0,6360.0
ST_VA7cmbox,arima,0.95,10,True,-1.0,2.5,2024-12-01,,1.0,59460.0,0.0,862170.0,0.0,59460.0,0.0
ST_VA7cmbox,arima,0.95,10,True,-1.0,5.0,2024-12-01,,1.0,59460.0,0.0,1010820.0,0.0,59460.0,0.0
ST_VA7cmbox,arima,0.95,10,True,-1.0,0.0,2024-08-01,,1.0,59460.0,0.0,475680.0,0.0,59460.0,0.0
ST_VA7cmbox,croston,0.95,10,True,-1.0,2.5,2024-12-01,,1.0,190150.0,0.0,2810800.0,0.0,211600.0,0.0
ST_VA7cmbox,croston,0.95,10,True,-1.0,5.0,2024-12-01,,1.0,190150.0,0.0,3339800.0,0.0,211600.0,0.0
ST_VA7cmbox,croston,0.95,10,True,-1.0,0.0,2024-08-01,,1.0,180097.5,0.0,1440780.0,0.0,206220.0,5380.0
ST_VA7cmbox,hybrid,0.95,10,True,-1.0,2.5,2024-12-01,,1.0,21701.536360543076,0.0,314672.2772278746,0.0,21701.536360543076,0.0
ST_VA7cmbox,hybrid,0.95,10,True,-1.0,5.0,2024-12-01,,1.0,21701.536360543076,0.0,368926.1181292323,0.0,21701.536360543076,0.0
ST_VA7cmbox,hybrid,0.95,10,True,-1.0,0.0,2024-08-01,,1.0,21701.536360543076,0.0,173612.2908843446,0.0,21701.536360543076,0.0
ST_VA7cmbox,mitra,0.95,10,True,-1.0,2.5,2024-12-01,,1.0,19100.0,0.0,276950.0,0.0,19100.0,0.0
ST_VA7cmbox,mitra,0.95,10,True,-1.0,5.0,2024-12-01,,1.0,19100.0,0.0,324700.0,0.0,19100.0,0.0
ST_VA7cmbox,mitra,0.95,10,True,-1.0,0.0,2024-08-01,,1.0,19100.0,0.0,152800.0,0.0,19100.0,0.0
ST_VA7cmbox,naive,0.95,10,True,-1.0,2.5,2024-12-01,,1.0,41620.0,0.0,603490.0,0.0,41620.0,0.0
ST_VA7cmbox,naive,0.95,10,True,-1.0,5.0,2024-12-01,,1.0,41620.0,0.0,707540.0,0.0,41620.0,0.0
ST_VA7cmbox,naive,0.95,10,True,-1.0,0.0,2024-08-01,,1.0,41620.0,0.0,332960.0,0.0,41620.0,0.0
ST_VA7cmbox,rf,0.95,10,True,-1.0,2.5,2024-12-01,,1.0,30159.218458459898,0.0,437308.6676476685,0.0,30159.2184584599,0.0
ST_VA7cmbox,rf,0.95,10,True,-1.0,5.0,2024-12-01,,1.0,30159.218458459898,0.0,512706.71379381826,0.0,30159.2184584599,0.0
ST_VA7cmbox,rf,0.95,10,True,-1.0,0.0,2024-08-01,,1.0,30159.2184584599,0.0,241273.7476676792,0.0,30159.2184584599,0.0
ST_VA7cmbox,sba,0.95,10,True,-1.0,2.5,2024-12-01,,1.0,180733.33333333334,0.0,2671350.0,0.0,201020.0,0.0
ST_VA7cmbox,sba,0.95,10,True,-1.0,5.0,2024-12-01,,1.0,180733.33333333334,0.0,3173900.0,0.0,201020.0,0.0
ST_VA7cmbox,sba,0.95,10,True,-1.0,0.0,2024-08-01,,1.0,171225.0,0.0,1369800.0,0.0,195940.0,5080.0
ST_VA7cmbox,ses,0.95,10,True,-1.0,2.5,2024-12-01,,1.0,20200.0,0.0,292900.0,0.0,20200.0,0.0
ST_VA7cmbox,ses,0.95,10,True,-1.0,5.0,2024-12-01,,1.0,20200.0,0.0,343400.0,0.0,20200.0,0.0
ST_VA7cmbox,ses,0.95,10,True,-1.0,0.0,2024-08-01,,1.0,20200.0,0.0,161600.0,0.0,20200.0,0.0
ST_VA7cmbox,tsb,0.95,10,True,-1.0,2.5,2024-12-01,,1.0,22140.0,0.0,321030.0,0.0,22140.0,0.0
ST_VA7cmbox,tsb,0.95,10,True,-1.0,5.0,2024-12-01,,1.0,22140.0,0.0,376380.0,0.0,22140.0,0.0
ST_VA7cmbox,tsb,0.95,10,True,-1.0,0.0,2024-08-01,,1.0,22140.0,0.0,177120.0,0.0,22140.0,0.0
ST_VA7cmbox,xgb,0.95,10,True,-1.0,2.5,2024-12-01,,1.0,17084.69044896035,0.0,247728.01150992507,0.0,17084.69044896035,0.0
ST_VA7cmbox,xgb,0.95,10,True,-1.0,5.0,2024-12-01,,1.0,17084.69044896035,0.0,290439.73763232597,0.0,17084.69044896035,0.0
ST_VA7cmbox,xgb,0.95,10,True,-1.0,0.0,2024-08-01,,1.0,17084.69044896035,0.0,136677.5235916828,0.0,17084.69044896035,0.0
ST_VA7cmrej,arima,0.95,10,True,-1.0,2.5,2024-12-01,,1.0,37180.0,0.0,539110.0,0.0,37180.0,0.0
ST_VA7cmrej,arima,0.95,10,True,-1.0,5.0,2024-12-01,,1.0,37180.0,0.0,632060.0,0.0,37180.0,0.0
ST_VA7cmrej,arima,0.95,10,True,-1.0,0.0,2024-08-01,,1.0,37180.0,0.0,297440.0,0.0,37180.0,0.0
ST_VA7cmrej,croston,0.95,10,True,-1.0,2.5,2024-12-01,,1.0,118851.66666666667,0.0,1756870.0,0.0,132260.0,0.0
ST_VA7cmrej,croston,0.95,10,True,-1.0,5.0,2024-12-01,,1.0,118851.66666666667,0.0,2087520.0,0.0,132260.0,0.0
ST_VA7cmrej,croston,0.95,10,True,-1.0,0.0,2024-08-01,,1.0,112567.5,0.0,900540.0,0.0,128900.0,3360.0
ST_VA7cmrej,hybrid,0.95,10,True,-1.0,2.5,2024-12-01,,1.0,14816.266112129988,0.0,214835.8586258848,0.0,14816.266112129988,0.0
ST_VA7cmrej,hybrid,0.95,10,True,-1.0,5.0,2024-12-01,,1.0,14816.266112129988,0.0,251876.5239062098,0.0,14816.266112129988,0.0
ST_VA7cmrej,hybrid,0.95,10,True,-1.0,0.0,2024-08-01,,1.0,14816.266112129988,0.0,118530.1288970399,0.0,14816.266112129988,0.0
ST_VA7cmrej,mitra,0.95,10,True,-1.0,2.5,2024-12-01,,1.0,12075.0,0.0,175650.0,0.0,12300.0,0.0
ST_VA7cmrej,mitra,0.95,10,True,-1.0,5.0,2024-12-01,,1.0,12075.0,0.0,206400.0,0.0,12300.0,0.0
ST_VA7cmrej,mitra,0.95,10,True,-1.0,0.0,2024-08-01,,1.0,11962.5,0.0,95700.0,0.0,12300.0,0.0
ST_VA7cmrej,naive,0.95,10,True,-1.0,2.5,2024-12-01,,1.0,26020.0,0.0,377290.0,0.0,26020.0,0.0
ST_VA7cmrej,naive,0.95,10,True,-1.0,5.0,2024-12-01,,1.0,26020.0,0.0,442340.0,0.0,26020.0,0.0
ST_VA7cmrej,naive,0.95,10,True,-1.0,0.0,2024-08-01,,1.0,26020.0,0.0,208160.0,0.0,26020.0,0.0
ST_VA7cmrej,rf,0.95,10,True,-1.0,2.5,2024-12-01,,1.0,17404.302323760403,0.0,252362.38369452587,0.0,17404.302323760403,0.0
ST_VA7cmrej,rf,0.95,10,True,-1.0,5.0,2024-12-01,,1.0,17404.302323760403,0.0,295873.13950392685,0.0,17404.302323760403,0.0
ST_VA7cmrej,rf,0.95,10,True,-1.0,0.0,2024-08-01,,1.0,17404.302323760403,0.0,139234.41859008322,0.0,17404.302323760403,0.0
ST_VA7cmrej,sba,0.95,10,True,-1.0,2.5,2024-12-01,,1.0,112963.33333333333,0.0,1669660.0,0.0,125640.0,0.0
ST_VA7cmrej,sba,0.95,10,True,-1.0,5.0,2024-12-01,,1.0,112963.33333333333,0.0,1983760.0,0.0,125640.0,0.0
ST_VA7cmrej,sba,0.95,10,True,-1.0,0.0,2024-08-01,,1.0,107022.5,0.0,856180.0,0.0,122460.0,3180.0
ST_VA7cmrej,ses,0.95,10,True,-1.0,2.5,2024-12-01,,1.0,12620.0,0.0,182990.0,0.0,12620.0,0.0
ST_VA7cmrej,ses,0.95,10,True,-1.0,5.0,2024-12-01,,1.0,12620.0,0.0,214540.0,0.0,12620.0,0.0
ST_VA7cmrej,ses,0.95,10,True,-1.0,0.0,2024-08-01,,1.0,12620.0,0.0,100960.0,0.0,12620.0,0.0
ST_VA7cmrej,tsb,0.95,10,True,-1.0,2.5,2024-12-01,,1.0,13840.0,0.0,200680.0,0.0,13840.0,0.0
ST_VA7cmrej,tsb,0.95,10,True,-1.0,5.0,2024-12-01,,1.0,13840.0,0.0,235280.0,0.0,13840.0,0.0
ST_VA7cmrej,tsb,0.95,10,True,-1.0,0.0,2024-08-01,,1.0,13840.0,0.0,110720.0,0.0,13840.0,0.0
ST_VA7cmrej,xgb,0.95,10,True,-1.0,2.5,2024-12-01,,1.0,10664.195128547773,0.0,154630.82936394273,0.0,10664.195128547775,0.0
ST_VA7cmrej,xgb,0.95,10,True,-1.0,5.0,2024-12-01,,1.0,10664.195128547773,0.0,181291.31718531216,0.0,10664.195128547775,0.0
ST_VA7cmrej,xgb,0.95,10,True,-1.0,0.0,2024-08-01,,1.0,10664.195128547775,0.0,85313.5610283822,0.0,10664.195128547775,0.0
BR_1.0-1.5,mitra,0.95,2,True,0.1,0.0,2024-12-01,0.359247096897011,0.0,5315.62499999999,44559.37500000003,1133212.5000000005,525300.0,0.0,50050.0
BR_1.0-1.5,mitra,0.95,5,True,0.1,0.0,2024-12-01,0.359247096897011,0.0,5315.62499999999,44559.37500000003,2737350.000000002,525300.0,0.0,50050.0
BR_1.0-1.5,mitra,0.95,10,True,0.1,0.0,2024-12-01,0.359247096897011,0.0,5315.62499999999,44559.37500000003,5410912.500000004,525300.0,0.0,50050.0
BR_1.0-1.5,mitra,0.95,20,True,0.1,0.0,2024-12-01,0.359247096897011,0.0,5315.62499999999,44559.37500000003,10758037.500000007,525300.0,0.0,50050.0
BR_1.0-1.5,mitra,0.95,50,True,0.1,0.0,2024-12-01,0.359247096897011,0.0,5315.62499999999,44559.37500000003,26799412.50000002,525300.0,0.0,50050.0
BR_1.0-1.5,mitra,0.95,10,True,0.1,2.5,2024-12-01,0.359247096897011,0.0,5315.62499999999,44559.37500000003,5536037.500000004,525300.0,0.0,50050.0
BR_1.0-1.5,mitra,0.95,10,True,0.1,5.0,2024-12-01,0.359247096897011,0.0,5315.62499999999,44559.37500000003,5661162.500000004,525300.0,0.0,50050.0
BR_1.0-1.5,mitra,0.95,10,True,0.1,0.0,2024-08-01,0.3127678948186641,0.0,2641.1458333333285,56527.6041666667,4543337.500000003,375225.0,0.0,150150.0
BR_1.0-1.5,mitra,0.95,2,True,0.2,0.0,2024-12-01,0.38297163525604416,0.16666666666666666,6456.25,41529.166666666664,1074175.0,525300.0,475.0,50050.0
BR_1.0-1.5,mitra,0.95,5,True,0.2,0.0,2024-12-01,0.38297163525604416,0.16666666666666666,6456.25,41529.166666666664,2569225.0,525300.0,475.0,50050.0
BR_1.0-1.5,mitra,0.95,10,True,0.2,0.0,2024-12-01,0.38297163525604416,0.16666666666666666,6456.25,41529.166666666664,5060975.0,525300.0,475.0,50050.0
BR_1.0-1.5,mitra,0.95,20,True,0.2,0.0,2024-12-01,0.38297163525604416,0.16666666666666666,6456.25,41529.166666666664,10044475.0,525300.0,475.0,50050.0
BR_1.0-1.5,mitra,0.95,50,True,0.2,0.0,2024-12-01,0.38297163525604416,0.16666666666666666,6456.25,41529.166666666664,24994975.0,525300.0,475.0,50050.0
BR_1.0-1.5,mitra,0.95,10,True,0.2,2.5,2024-12-01,0.38297163525604416,0.16666666666666666,6456.25,41529.166666666664,5187287.5,525300.0,475.0,50050.0
BR_1.0-1.5,mitra,0.95,10,True,0.2,5.0,2024-12-01,0.38297163525604416,0.16666666666666666,6456.25,41529.166666666664,5313600.0,525300.0,475.0,50050.0
BR_1.0-1.5,mitra,0.95,10,True,0.2,0.0,2024-08-01,0.3350656272902925,0.0,3250.0,52965.625,4263250.0,375225.0,400.0,150150.0
BR_1.0-1.5,mitra,0.95,2,True,0.3,0.0,2024-12-01,0.5497096897011231,0.3333333333333333,21428.819444444434,27305.902777777785,912487.5,525300.0,29670.833333333314,25025.0
BR_1.0-1.5,mitra,0.95,5,True,0.3,0.0,2024-12-01,0.5497096897011231,0.3333333333333333,21428.819444444434,27305.902777777785,1895500.0000000005,525300.0,29670.833333333314,25025.0
BR_1.0-1.5,mitra,0.95,10,True,0.3,0.0,2024-12-01,0.5497096897011231,0.3333333333333333,21428.819444444434,27305.902777777785,3533854.1666666674,525300.0,29670.833333333314,25025.0
BR_1.0-1.5,mitra,0.95,20,True,0.3,0.0,2024-12-01,0.5497096897011231,0.3333333333333333,21428.819444444434,27305.902777777785,6810562.500000002,525300.0,29670.833333333314,25025.0
BR_1.0-1.5,mitra,0.95,50,True,0.3,0.0,2024-12-01,0.5497096897011231,0.3333333333333333,21428.819444444434,27305.902777777785,16640687.500000006,525300.0,29670.833333333314,25025.0
BR_1.0-1.5,mitra,0.95,10,True,0.3,2.5,2024-12-01,0.5497096897011231,0.3333333333333333,21428.819444444434,27305.902777777785,3670593.750000001,525300.0,29670.833333333314,25025.0
BR_1.0-1.5,mitra,0.95,10,True,0.3,5.0,2024-12-01,0.5497096897011231,0.3333333333333333,21428.819444444434,27305.902777777785,3807333.333333334,525300.0,29670.833333333314,25025.0
BR_1.0-1.5,mitra,0.95,10,True,0.3,0.0,2024-08-01,0.4906833677571234,0.25,14760.416666666657,35280.20833333334,2940500.000000001,375225.0,29595.833333333314,150150.0
BR_1.7-2.2,mitra,0.95,2,True,0.1,0.0,2024-12-01,0.8134798848523781,0.3333333333333333,23687.1527777778,12564.236111111095,585787.4999999999,700550.0,0.0,75075.0
BR_1.7-2.2,mitra,0.95,5,True,0.1,0.0,2024-12-01,0.8134798848523781,0.3333333333333333,23687.1527777778,12564.236111111095,1038099.9999999993,700550.0,0.0,75075.0
BR_1.7-2.2,mitra,0.95,10,True,0.1,0.0,2024-12-01,0.8134798848523781,0.3333333333333333,23687.1527777778,12564.236111111095,1791954.166666665,700550.0,0.0,75075.0
BR_1.7-2.2,mitra,0.95,20,True,0.1,0.0,2024-12-01,0.8134798848523781,0.3333333333333333,23687.1527777778,12564.236111111095,3299662.4999999963,700550.0,0.0,75075.0
BR_1.7-2.2,mitra,0.95,50,True,0.1,0.0,2024-12-01,0.8134798848523781,0.3333333333333333,23687.1527777778,12564.236111111095,7822787.499999991,700550.0,0.0,75075.0
BR_1.7-2.2,mitra,0.95,10,True,0.1,2.5,2024-12-01,0.8134798848523781,0.3333333333333333,23687.1527777778,12564.236111111095,1979641.666666665,700550.0,0.0,75075.0
BR_1.7-2.2,mitra,0.95,10,True,0.1,5.0,2024-12-01,0.8134798848523781,0.3333333333333333,23687.1527777778,12564.236111111095,2167329.166666665,700550.0,0.0,75075.0
BR_1.7-2.2,mitra,0.95,10,True,0.1,0.0,2024-08-01,0.9049942201061935,0.5,28659.37500000003,5051.041666666657,633358.3333333328,425325.0,54945.83333333337,175175.0
BR_1.7-2.2,mitra,0.95,2,True,0.2,0.0,2024-12-01,0.9306973092570123,0.6666666666666666,36022.916666666686,4045.8333333333285,529375.0000000001,700550.0,0.0,50050.0
BR_1.7-2.2,mitra,0.95,5,True,0.2,0.0,2024-12-01,0.9306973092570123,0.6666666666666666,36022.916666666686,4045.8333333333285,675025.0,700550.0,0.0,50050.0
BR_1.7-2.2,mitra,0.95,10,True,0.2,0.0,2024-12-01,0.9306973092570123,0.6666666666666666,36022.916666666686,4045.8333333333285,917774.9999999997,700550.0,0.0,50050.0
BR_1.7-2.2,mitra,0.95,20,True,0.2,0.0,2024-12-01,0.9306973092570123,0.6666666666666666,36022.916666666686,4045.8333333333285,1403274.999999999,700550.0,0.0,50050.0
BR_1.7-2.2,mitra,0.95,50,True,0.2,0.0,2024-12-01,0.9306973092570123,0.6666666666666666,36022.916666666686,4045.8333333333285,2859774.999999997,700550.0,0.0,50050.0
BR_1.7-2.2,mitra,0.95,10,True,0.2,2.5,2024-12-01,0.9306973092570123,0.6666666666666666,36022.916666666686,4045.8333333333285,1042899.9999999997,700550.0,0.0,50050.0
BR_1.7-2.2,mitra,0.95,10,True,0.2,5.0,2024-12-01,0.9306973092570123,0.6666666666666666,36022.916666666686,4045.8333333333285,1168024.9999999995,700550.0,0.0,50050.0
BR_1.7-2.2,mitra,0.95,10,True,0.2,0.0,2024-08-01,1.0,1.0,44462.50000000003,0.0,355700.00000000023,425325.0,75800.00000000003,175175.0
BR_1.7-2.2,mitra,0.95,2,True,0.3,0.0,2024-12-01,0.9902338638688651,0.6666666666666666,53401.38888888891,570.1388888888856,654500.0000000002,700550.0,0.0,50050.0
BR_1.7-2.2,mitra,0.95,5,True,0.3,0.0,2024-12-01,0.9902338638688651,0.6666666666666666,53401.38888888891,570.1388888888856,675025.0000000001,700550.0,0.0,50050.0
BR_1.7-2.2,mitra,0.95,10,True,0.3,0.0,2024-12-01,0.9902338638688651,0.6666666666666666,53401.38888888891,570.1388888888856,709233.3333333333,700550.0,0.0,50050.0
BR_1.7-2.2,mitra,0.95,20,True,0.3,0.0,2024-12-01,0.9902338638688651,0.6666666666666666,53401.38888888891,570.1388888888856,777649.9999999995,700550.0,0.0,50050.0
BR_1.7-2.2,mitra,0.95,50,True,0.3,0.0,2024-12-01,0.9902338638688651,0.6666666666666666,53401.38888888891,570.1388888888856,982899.9999999984,700550.0,0.0,50050.0
BR_1.7-2.2,mitra,0.95,10,True,0.3,2.5,2024-12-01,0.9902338638688651,0.6666666666666666,53401.38888888891,570.1388888888856,834358.3333333333,700550.0,0.0,50050.0
BR_1.7-2.2,mitra,0.95,10,True,0.3,5.0,2024-12-01,0.9902338638688651,0.6666666666666666,53401.38888888891,570.1388888888856,959483.3333333333,700550.0,0.0,50050.0
BR_1.7-2.2,mitra,0.95,10,True,0.3,0.0,2024-08-01,1.0,1.0,65316.666666666686,0.0,522533.3333333335,425325.0,96654.16666666669,175175.0
BR_2.1-2.6,mitra,0.95,2,True,0.1,0.0,2024-12-01,0.7197916666666668,0.0,30933.680555555562,23634.722222222208,938437.4999999998,1001000.0,0.0,25025.0
BR_2.1-2.6,mitra,0.95,5,True,0.1,0.0,2024-12-01,0.7197916666666668,0.0,30933.680555555562,23634.722222222208,1789287.4999999993,1001000.0,0.0,25025.0
BR_2.1-2.6,mitra,0.95,10,True,0.1,0.0,2024-12-01,0.7197916666666668,0.0,30933.680555555562,23634.722222222208,3207370.833333332,1001000.0,0.0,25025.0
BR_2.1-2.6,mitra,0.95,20,True,0.1,0.0,2024-12-01,0.7197916666666668,0.0,30933.680555555562,23634.722222222208,6043537.499999997,1001000.0,0.0,25025.0
BR_2.1-2.6,mitra,0.95,50,True,0.1,0.0,2024-12-01,0.7197916666666668,0.0,30933.680555555562,23634.722222222208,14552037.49999999,1001000.0,0.0,25025.0
BR_2.1-2.6,mitra,0.95,10,True,0.1,2.5,2024-12-01,0.7197916666666668,0.0,30933.680555555562,23634.722222222208,3269933.333333332,1001000.0,0.0,25025.0
BR_2.1-2.6,mitra,0.95,10,True,0.1,5.0,2024-12-01,0.7197916666666668,0.0,30933.680555555562,23634.722222222208,3332495.833333332,1001000.0,0.0,25025.0
BR_2.1-2.6,mitra,0.95,10,True,0.1,0.0,2024-08-01,0.7731481481481483,0.0,40274.60937500001,19420.44270833332,1875832.2916666656,675675.0,0.0,225225.0
BR_2.1-2.6,mitra,0.95,2,True,0.2,0.0,2024-12-01,0.8000000000000003,0.3333333333333333,43793.75000000004,16683.333333333314,925925.0,1001000.0,12512.500000000058,25025.0
BR_2.1-2.6,mitra,0.95,5,True,0.2,0.0,2024-12-01,0.8000000000000003,0.3333333333333333,43793.75000000004,16683.333333333314,1526524.9999999993,1001000.0,12512.500000000058,25025.0
BR_2.1-2.6,mitra,0.95,10,True,0.2,0.0,2024-12-01,0.8000000000000003,0.3333333333333333,43793.75000000004,16683.333333333314,2527524.999999998,1001000.0,12512.500000000058,25025.0
BR_2.1-2.6,mitra,0.95,20,True,0.2,0.0,2024-12-01,0.8000000000000003,0.3333333333333333,43793.75000000004,16683.333333333314,4529524.999999996,1001000.0,12512.500000000058,25025.0
BR_2.1-2.6,mitra,0.95,50,True,0.2,0.0,2024-12-01,0.8000000000000003,0.3333333333333333,43793.75000000004,16683.333333333314,10535524.999999989,1001000.0,12512.500000000058,25025.0
BR_2.1-2.6,mitra,0.95,10,True,0.2,2.5,2024-12-01,0.8000000000000003,0.3333333333333333,43793.75000000004,16683.333333333314,2621368.749999998,1001000.0,12512.500000000058,25025.0
BR_2.1-2.6,mitra,0.95,10,True,0.2,5.0,2024-12-01,0.8000000000000003,0.3333333333333333,43793.75000000004,16683.333333333314,2715212.4999999986,1001000.0,12512.500000000058,25025.0
BR_2.1-2.6,mitra,0.95,10,True,0.2,0.0,2024-08-01,0.851851851851852,0.5,56306.250000000044,12512.499999999985,1451449.999999999,675675.0,12512.500000000058,225225.0
BR_2.1-2.6,mitra,0.95,2,True,0.3,0.0,2024-12-01,0.9270833333333334,0.6666666666666666,71773.09027777781,6082.465277777771,1007256.2500000002,1001000.0,51092.70833333337,0.0
BR_2.1-2.6,mitra,0.95,5,True,0.3,0.0,2024-12-01,0.9270833333333334,0.6666666666666666,71773.09027777781,6082.465277777771,1226225.0,1001000.0,51092.70833333337,0.0
BR_2.1-2.6,mitra,0.95,10,True,0.3,0.0,2024-12-01,0.9270833333333334,0.6666666666666666,71773.09027777781,6082.465277777771,1591172.9166666663,1001000.0,51092.70833333337,0.0
BR_2.1-2.6,mitra,0.95,20,True,0.3,0.0,2024-12-01,0.9270833333333334,0.6666666666666666,71773.09027777781,6082.465277777771,2321068.749999999,1001000.0,51092.70833333337,0.0
BR_2.1-2.6,mitra,0.95,50,True,0.3,0.0,2024-12-01,0.9270833333333334,0.6666666666666666,71773.09027777781,6082.465277777771,4510756.249999996,1001000.0,51092.70833333337,0.0
BR_2.1-2.6,mitra,0.95,10,True,0.3,2.5,2024-12-01,0.9270833333333334,0.6666666666666666,71773.09027777781,6082.465277777771,1718904.6874999998,1001000.0,51092.70833333337,0.0
BR_2.1-2.6,mitra,0.95,10,True,0.3,5.0,2024-12-01,0.9270833333333334,0.6666666666666666,71773.09027777781,6082.465277777771,1846636.458333333,1001000.0,51092.70833333337,0.0
BR_2.1-2.6,mitra,0.95,10,True,0.3,0.0,2024-08-01,0.9645061728395062,0.75,85371.7447916667,2997.7864583333285,922796.8749999999,675675.0,51092.70833333337,225225.0
BR_2.6-3.1,mitra,0.95,2,True,0.1,0.0,2024-12-01,0.9444444444444443,0.8333333333333334,37885.06944444443,347.5694444444446,462962.4999999998,75075.0,45879.16666666666,0.0
BR_2.6-3.1,mitra,0.95,5,True,0.1,0.0,2024-12-01,0.9444444444444443,0.8333333333333334,37885.06944444443,347.5694444444446,475474.9999999998,75075.0,45879.16666666666,0.0
BR_2.6-3.1,mitra,0.95,10,True,0.1,0.0,2024-12-01,0.9444444444444443,0.8333333333333334,37885.06944444443,347.5694444444446,496329.1666666665,75075.0,45879.16666666666,0.0
BR_2.6-3.1,mitra,0.95,20,True,0.1,0.0,2024-12-01,0.9444444444444443,0.8333333333333334,37885.06944444443,347.5694444444446,538037.4999999999,75075.0,45879.16666666666,0.0
BR_2.6-3.1,mitra,0.95,50,True,0.1,0.0,2024-12-01,0.9444444444444443,0.8333333333333334,37885.06944444443,347.5694444444446,663162.5,75075.0,45879.16666666666,0.0
BR_2.6-3.1,mitra,0.95,10,True,0.1,2.5,2024-12-01,0.9444444444444443,0.8333333333333334,37885.06944444443,347.5694444444446,611027.0833333331,75075.0,45879.16666666666,0.0
BR_2.6-3.1,mitra,0.95,10,True,0.1,5.0,2024-12-01,0.9444444444444443,0.8333333333333334,37885.06944444443,347.5694444444446,725724.9999999998,75075.0,45879.16666666666,0.0
BR_2.6-3.1,mitra,0.95,10,True,0.1,0.0,2024-08-01,0.9166666666666666,0.75,33888.02083333333,521.354166666667,312812.5,50050.0,45879.16666666666,25025.0
BR_2.6-3.1,mitra,0.95,2,True,0.2,0.0,2024-12-01,1.0,1.0,41708.333333333336,6.063298011819521e-13,500500.0,75075.0,50050.0,0.0
BR_2.6-3.1,mitra,0.95,5,True,0.2,0.0,2024-12-01,1.0,1.0,41708.333333333336,6.063298011819521e-13,500500.00000000006,75075.0,50050.0,0.0
BR_2.6-3.1,mitra,0.95,10,True,0.2,0.0,2024-12-01,1.0,1.0,41708.333333333336,6.063298011819521e-13,500500.00000000006,75075.0,50050.0,0.0
BR_2.6-3.1,mitra,0.95,20,True,0.2,0.0,2024-12-01,1.0,1.0,41708.333333333336,6.063298011819521e-13,500500.0000000001,75075.0,50050.0,0.0
BR_2.6-3.1,mitra,0.95,50,True,0.2,0.0,2024-12-01,1.0,1.0,41708.333333333336,6.063298011819521e-13,500500.00000000035,75075.0,50050.0,0.0
BR_2.6-3.1,mitra,0.95,10,True,0.2,2.5,2024-12-01,1.0,1.0,41708.333333333336,6.063298011819521e-13,625625.0,75075.0,50050.0,0.0
BR_2.6-3.1,mitra,0.95,10,True,0.2,5.0,2024-12-01,1.0,1.0,41708.333333333336,6.063298011819521e-13,750750.0,75075.0,50050.0,0.0
BR_2.6-3.1,mitra,0.95,10,True,0.2,0.0,2024-08-01,0.9999999999999999,1.0,37537.5,9.094947017729282e-13,300300.00000000006,50050.0,50050.0,25025.0
BR_2.6-3.1,mitra,0.95,2,True,0.3,0.0,2024-12-01,1.0,1.0,45879.16666666666,0.0,550549.9999999999,75075.0,54220.83333333333,0.0
BR_2.6-3.1,mitra,0.95,5,True,0.3,0.0,2024-12-01,1.0,1.0,45879.16666666666,0.0,550549.9999999999,75075.0,54220.83333333333,0.0
BR_2.6-3.1,mitra,0.95,10,True,0.3,0.0,2024-12-01,1.0,1.0,45879.16666666666,0.0,550549.9999999999,75075.0,54220.83333333333,0.0
BR_2.6-3.1,mitra,0.95,20,True,0.3,0.0,2024-12-01,1.0,1.0,45879.16666666666,0.0,550549.9999999999,75075.0,54220.83333333333,0.0
BR_2.6-3.1,mitra,0.95,50,True,0.3,0.0,2024-12-01,1.0,1.0,45879.16666666666,0.0,550549.9999999999,75075.0,54220.83333333333,0.0
BR_2.6-3.1,mitra,0.95,10,True,0.3,2.5,2024-12-01,1.0,1.0,45879.16666666666,0.0,686102.0833333333,75075.0,54220.83333333333,0.0
BR_2.6-3.1,mitra,0.95,10,True,0.3,5.0,2024-12-01,1.0,1.0,45879.16666666666,0.0,821654.1666666665,75075.0,54220.83333333333,0.0
BR_2.6-3.1,mitra,0.95,10,True,0.3,0.0,2024-08-01,1.0,1.0,41708.33333333333,0.0,333666.6666666666,50050.0,54220.83333333333,25025.0
BR_3.1-3.6,mitra,0.95,2,True,0.1,0.0,2024-12-01,1.0,1.0,23200.260416666668,1303.3854166666667,309684.375,25025.0,9384.375,0.0
BR_3.1-3.6,mitra,0.95,5,True,0.1,0.0,2024-12-01,1.0,1.0,23200.260416666668,1303.3854166666667,356606.25,25025.0,9384.375,0.0
BR_3.1-3.6,mitra,0.95,10,True,0.1,0.0,2024-12-01,1.0,1.0,23200.260416666668,1303.3854166666667,434809.375,25025.0,9384.375,0.0
BR_3.1-3.6,mitra,0.95,20,True,0.1,0.0,2024-12-01,1.0,1.0,23200.260416666668,1303.3854166666667,591215.625,25025.0,9384.375,0.0
BR_3.1-3.6,mitra,0.95,50,True,0.1,0.0,2024-12-01,1.0,1.0,23200.260416666668,1303.3854166666667,1060434.375,25025.0,9384.375,0.0
BR_3.1-3.6,mitra,0.95,10,True,0.1,2.5,2024-12-01,1.0,1.0,23200.260416666668,1303.3854166666667,458270.3125,25025.0,9384.375,0.0
BR_3.1-3.6,mitra,0.95,10,True,0.1,5.0,2024-12-01,1.0,1.0,23200.260416666668,1303.3854166666667,481731.25,25025.0,9384.375,0.0
BR_3.1-3.6,mitra,0.95,10,True,0.1,0.0,2024-08-01,,1.0,30108.203125,1955.078125,397271.875,0.0,34409.375,0.0
BR_3.1-3.6,mitra,0.95,2,True,0.2,0.0,2024-12-01,1.0,1.0,26067.708333333332,1042.7083333333333,337837.5,25025.0,12512.5,0.0
BR_3.1-3.6,mitra,0.95,5,True,0.2,0.0,2024-12-01,1.0,1.0,26067.708333333332,1042.7083333333333,375375.0,25025.0,12512.5,0.0
BR_3.1-3.6,mitra,0.95,10,True,0.2,0.0,2024-12-01,1.0,1.0,26067.708333333332,1042.7083333333333,437937.5,25025.0,12512.5,0.0
BR_3.1-3.6,mitra,0.95,20,True,0.2,0.0,2024-12-01,1.0,1.0,26067.708333333332,1042.7083333333333,563062.5,25025.0,12512.5,0.0
BR_3.1-3.6,mitra,0.95,50,True,0.2,0.0,2024-12-01,1.0,1.0,26067.708333333332,1042.7083333333333,938437.5,25025.0,12512.5,0.0
BR_3.1-3.6,mitra,0.95,10,True,0.2,2.5,2024-12-01,1.0,1.0,26067.708333333332,1042.7083333333333,469218.75,25025.0,12512.5,0.0
BR_3.1-3.6,mitra,0.95,10,True,0.2,5.0,2024-12-01,1.0,1.0,26067.708333333332,1042.7083333333333,500500.0,25025.0,12512.5,0.0
BR_3.1-3.6,mitra,0.95,10,True,0.2,0.0,2024-08-01,,1.0,32845.3125,1564.0625,387887.5,0.0,37537.5,0.0
BR_3.1-3.6,mitra,0.95,2,True,0.3,0.0,2024-12-01,1.0,1.0,28935.15625,782.03125,365990.625,25025.0,15640.625,0.0
BR_3.1-3.6,mitra,0.95,5,True,0.3,0.0,2024-12-01,1.0,1.0,28935.15625,782.03125,394143.75,25025.0,15640.625,0.0
BR_3.1-3.6,mitra,0.95,10,True,0.3,0.0,2024-12-01,1.0,1.0,28935.15625,782.03125,441065.625,25025.0,15640.625,0.0
BR_3.1-3.6,mitra,0.95,20,True,0.3,0.0,2024-12-01,1.0,1.0,28935.15625,782.03125,534909.375,25025.0,15640.625,0.0
BR_3.1-3.6,mitra,0.95,50,True,0.3,0.0,2024-12-01,1.0,1.0,28935.15625,782.03125,816440.625,25025.0,15640.625,0.0
BR_3.1-3.6,mitra,0.95,10,True,0.3,2.5,2024-12-01,1.0,1.0,28935.15625,782.03125,480167.1875,25025.0,15640.625,0.0
BR_3.1-3.6,mitra,0.95,10,True,0.3,5.0,2024-12-01,1.0,1.0,28935.15625,782.03125,519268.75,25025.0,15640.625,0.0
BR_3.1-3.6,mitra,0.95,10,True,0.3,0.0,2024-08-01,,1.0,35582.421875,1173.046875,378503.125,0.0,40665.625,0.0
BR_3.5,mitra,0.95,2,True,0.1,0.0,2024-12-01,0.9444444444444443,0.8333333333333334,19463.888888888887,695.1388888888893,250249.99999999997,75075.0,20854.166666666664,0.0
BR_3.5,mitra,0.95,5,True,0.1,0.0,2024-12-01,0.9444444444444443,0.8333333333333334,19463.888888888887,695.1388888888893,275275.0,75075.0,20854.166666666664,0.0
BR_3.5,mitra,0.95,10,True,0.1,0.0,2024-12-01,0.9444444444444443,0.8333333333333334,19463.888888888887,695.1388888888893,316983.3333333334,75075.0,20854.166666666664,0.0
BR_3.5,mitra,0.95,20,True,0.1,0.0,2024-12-01,0.9444444444444443,0.8333333333333334,19463.888888888887,695.1388888888893,400400.00000000006,75075.0,20854.166666666664,0.0
BR_3.5,mitra,0.95,50,True,0.1,0.0,2024-12-01,0.9444444444444443,0.8333333333333334,19463.888888888887,695.1388888888893,650650.0000000002,75075.0,20854.166666666664,0.0
BR_3.5,mitra,0.95,10,True,0.1,2.5,2024-12-01,0.9444444444444443,0.8333333333333334,19463.888888888887,695.1388888888893,369118.75,75075.0,20854.166666666664,0.0
BR_3.5,mitra,0.95,10,True,0.1,5.0,2024-12-01,0.9444444444444443,0.8333333333333334,19463.888888888887,695.1388888888893,421254.1666666667,75075.0,20854.166666666664,0.0
BR_3.5,mitra,0.95,10,True,0.1,0.0,2024-08-01,0.9166666666666666,0.75,15640.624999999998,1042.708333333334,208541.6666666667,50050.0,20854.166666666664,25025.0
BR_3.5,mitra,0.95,2,True,0.2,0.0,2024-12-01,1.0,1.0,22939.58333333333,1.2126596023639042e-12,275275.0,75075.0,25024.999999999993,0.0
BR_3.5,mitra,0.95,5,True,0.2,0.0,2024-12-01,1.0,1.0,22939.58333333333,1.2126596023639042e-12,275275.0,75075.0,25024.999999999993,0.0
BR_3.5,mitra,0.95,10,True,0.2,0.0,2024-12-01,1.0,1.0,22939.58333333333,1.2126596023639042e-12,275275.0000000001,75075.0,25024.999999999993,0.0
BR_3.5,mitra,0.95,20,True,0.2,0.0,2024-12-01,1.0,1.0,22939.58333333333,1.2126596023639042e-12,275275.00000000023,75075.0,25024.999999999993,0.0
BR_3.5,mitra,0.95,50,True,0.2,0.0,2024-12-01,1.0,1.0,22939.58333333333,1.2126596023639042e-12,275275.0000000007,75075.0,25024.999999999993,0.0
BR_3.5,mitra,0.95,10,True,0.2,2.5,2024-12-01,1.0,1.0,22939.58333333333,1.2126596023639042e-12,337837.5000000001,75075.0,25024.999999999993,0.0
BR_3.5,mitra,0.95,10,True,0.2,5.0,2024-12-01,1.0,1.0,22939.58333333333,1.2126596023639042e-12,400400.0000000001,75075.0,25024.999999999993,0.0
BR_3.5,mitra,0.95,10,True,0.2,0.0,2024-08-01,0.9999999999999999,1.0,18768.749999999993,1.8189894035458565e-12,150150.0000000001,50050.0,25024.999999999993,25025.0
BR_3.5,mitra,0.95,2,True,0.3,0.0,2024-12-01,0.7222222222222222,0.8333333333333334,11817.361111111104,3475.6944444444453,225224.99999999994,75075.0,4170.8333333333285,0.0
BR_3.5,mitra,0.95,5,True,0.3,0.0,2024-12-01,0.7222222222222222,0.8333333333333334,11817.361111111104,3475.6944444444453,350350.0,75075.0,4170.8333333333285,0.0
BR_3.5,mitra,0.95,10,True,0.3,0.0,2024-12-01,0.7222222222222222,0.8333333333333334,11817.361111111104,3475.6944444444453,558891.6666666667,75075.0,4170.8333333333285,0.0
BR_3.5,mitra,0.95,20,True,0.3,0.0,2024-12-01,0.7222222222222222,0.8333333333333334,11817.361111111104,3475.6944444444453,975975.0000000001,75075.0,4170.8333333333285,0.0
BR_3.5,mitra,0.95,50,True,0.3,0.0,2024-12-01,0.7222222222222222,0.8333333333333334,11817.361111111104,3475.6944444444453,2227225.0000000005,75075.0,4170.8333333333285,0.0
BR_3.5,mitra,0.95,10,True,0.3,2.5,2024-12-01,0.7222222222222222,0.8333333333333334,11817.361111111104,3475.6944444444453,569318.7500000001,75075.0,4170.8333333333285,0.0
BR_3.5,mitra,0.95,10,True,0.3,5.0,2024-12-01,0.7222222222222222,0.8333333333333334,11817.361111111104,3475.6944444444453,579745.8333333334,75075.0,4170.8333333333285,0.0
BR_3.5,mitra,0.95,10,True,0.3,0.0,2024-08-01,0.5833333333333333,0.75,12512.499999999996,5213.541666666668,517183.3333333334,50050.0,4170.8333333333285,25025.0
ST_A3.50in,mitra,0.95,2,True,0.1,0.0,2024-12-01,0.5126262626262628,0.5,935.0000000000003,1068.333333333333,36860.0,13200.0,83.33333333333394,1760.0
ST_A3.50in,mitra,0.95,5,True,0.1,0.0,2024-12-01,0.5126262626262628,0.5,935.0000000000003,1068.333333333333,75319.99999999999,13200.0,83.33333333333394,1760.0
ST_A3.50in,mitra,0.95,10,True,0.1,0.0,2024-12-01,0.5126262626262628,0.5,935.0000000000003,1068.333333333333,139419.99999999997,13200.0,83.33333333333394,1760.0
ST_A3.50in,mitra,0.95,20,True,0.1,0.0,2024-12-01,0.5126262626262628,0.5,935.0000000000003,1068.333333333333,267619.99999999994,13200.0,83.33333333333394,1760.0
ST_A3.50in,mitra,0.95,50,True,0.1,0.0,2024-12-01,0.5126262626262628,0.5,935.0000000000003,1068.333333333333,652219.9999999998,13200.0,83.33333333333394,1760.0
ST_A3.50in,mitra,0.95,10,True,0.1,2.5,2024-12-01,0.5126262626262628,0.5,935.0000000000003,1068.333333333333,144028.3333333333,13200.0,83.33333333333394,1760.0
ST_A3.50in,mitra,0.95,10,True,0.1,5.0,2024-12-01,0.5126262626262628,0.5,935.0000000000003,1068.333333333333,148636.66666666663,13200.0,83.33333333333394,1760.0
ST_A3.50in,mitra,0.95,10,True,0.1,0.0,2024-08-01,0.47743055555555564,0.5,1119.166666666667,1248.333333333333,108819.99999999997,9600.0,2183.333333333334,0.0
ST_A3.50in,mitra,0.95,2,True,0.2,0.0,2024-12-01,0.5757575757575758,0.5,1135.0,860.0,34260.0,13200.0,400.0,1600.0
ST_A3.50in,mitra,0.95,5,True,0.2,0.0,2024-12-01,0.5757575757575758,0.5,1135.0,860.0,65220.0,13200.0,400.0,1600.0
ST_A3.50in,mitra,0.95,10,True,0.2,0.0,2024-12-01,0.5757575757575758,0.5,1135.0,860.0,116820.0,13200.0,400.0,1600.0
ST_A3.50in,mitra,0.95,20,True,0.2,0.0,2024-12-01,0.5757575757575758,0.5,1135.0,860.0,220020.0,13200.0,400.0,1600.0
ST_A3.50in,mitra,0.95,50,True,0.2,0.0,2024-12-01,0.5757575757575758,0.5,1135.0,860.0,529620.0,13200.0,400.0,1600.0
ST_A3.50in,mitra,0.95,10,True,0.2,2.5,2024-12-01,0.5757575757575758,0.5,1135.0,860.0,121820.0,13200.0,400.0,1600.0
ST_A3.50in,mitra,0.95,10,True,0.2,5.0,2024-12-01,0.5757575757575758,0.5,1135.0,860.0,126820.0,13200.0,400.0,1600.0
ST_A3.50in,mitra,0.95,10,True,0.2,0.0,2024-08-01,0.5208333333333334,0.5,1327.5,1040.0,93820.0,9600.0,2600.0,0.0
ST_A3.50in,mitra,0.95,2,True,0.3,0.0,2024-12-01,0.638888888888889,0.5,1336.666666666667,651.6666666666665,31680.0,13200.0,736.666666666667,1440.0
ST_A3.50in,mitra,0.95,5,True,0.3,0.0,2024-12-01,0.638888888888889,0.5,1336.666666666667,651.6666666666665,55140.0,13200.0,736.666666666667,1440.0
ST_A3.50in,mitra,0.95,10,True,0.3,0.0,2024-12-01,0.638888888888889,0.5,1336.666666666667,651.6666666666665,94239.99999999999,13200.0,736.666666666667,1440.0
ST_A3.50in,mitra,0.95,20,True,0.3,0.0,2024-12-01,0.638888888888889,0.5,1336.666666666667,651.6666666666665,172439.99999999997,13200.0,736.666666666667,1440.0
ST_A3.50in,mitra,0.95,50,True,0.3,0.0,2024-12-01,0.638888888888889,0.5,1336.666666666667,651.6666666666665,407039.9999999999,13200.0,736.666666666667,1440.0
ST_A3.50in,mitra,0.95,10,True,0.3,2.5,2024-12-01,0.638888888888889,0.5,1336.666666666667,651.6666666666665,99681.66666666666,13200.0,736.666666666667,1440.0
ST_A3.50in,mitra,0.95,10,True,0.3,5.0,2024-12-01,0.638888888888889,0.5,1336.666666666667,651.6666666666665,105123.33333333331,13200.0,736.666666666667,1440.0
ST_A3.50in,mitra,0.95,10,True,0.3,0.0,2024-08-01,0.5642361111111112,0.5,1535.8333333333335,831.6666666666665,78819.99999999999,9600.0,3016.666666666667,0.0
ST_A4-6cm,mitra,0.95,2,True,0.1,0.0,2024-12-01,0.056,0.8333333333333334,1610.0,3383.3333333333335,100520.0,10000.0,2760.0,0.0
ST_A4-6cm,mitra,0.95,5,True,0.1,0.0,2024-12-01,0.056,0.8333333333333334,1610.0,3383.3333333333335,222320.0,10000.0,2760.0,0.0
ST_A4-6cm,mitra,0.95,10,True,0.1,0.0,2024-12-01,0.056,0.8333333333333334,1610.0,3383.3333333333335,425320.0,10000.0,2760.0,0.0
ST_A4-6cm,mitra,0.95,20,True,0.1,0.0,2024-12-01,0.056,0.8333333333333334,1610.0,3383.3333333333335,831320.0,10000.0,2760.0,0.0
ST_A4-6cm,mitra,0.95,50,True,0.1,0.0,2024-12-01,0.056,0.8333333333333334,1610.0,3383.3333333333335,2049320.0,10000.0,2760.0,0.0
ST_A4-6cm,mitra,0.95,10,True,0.1,2.5,2024-12-01,0.056,0.8333333333333334,1610.0,3383.3333333333335,432220.0,10000.0,2760.0,0.0
ST_A4-6cm,mitra,0.95,10,True,0.1,5.0,2024-12-01,0.056,0.8333333333333334,1610.0,3383.3333333333335,439120.0,10000.0,2760.0,0.0
ST_A4-6cm,mitra,0.95,10,True,0.1,0.0,2024-08-01,0.056,0.75,1035.0,5075.0,414280.0,10000.0,2760.0,0.0
ST_A4-6cm,mitra,0.95,2,True,0.2,0.0,2024-12-01,0.06,0.8333333333333334,1750.0,3316.6666666666665,100600.0,10000.0,3000.0,0.0
ST_A4-6cm,mitra,0.95,5,True,0.2,0.0,2024-12-01,0.06,0.8333333333333334,1750.0,3316.6666666666665,220000.0,10000.0,3000.0,0.0
ST_A4-6cm,mitra,0.95,10,True,0.2,0.0,2024-12-01,0.06,0.8333333333333334,1750.0,3316.6666666666665,419000.0,10000.0,3000.0,0.0
ST_A4-6cm,mitra,0.95,20,True,0.2,0.0,2024-12-01,0.06,0.8333333333333334,1750.0,3316.6666666666665,817000.0,10000.0,3000.0,0.0
ST_A4-6cm,mitra,0.95,50,True,0.2,0.0,2024-12-01,0.06,0.8333333333333334,1750.0,3316.6666666666665,2011000.0,10000.0,3000.0,0.0
ST_A4-6cm,mitra,0.95,10,True,0.2,2.5,2024-12-01,0.06,0.8333333333333334,1750.0,3316.6666666666665,426500.0,10000.0,3000.0,0.0
ST_A4-6cm,mitra,0.95,10,True,0.2,5.0,2024-12-01,0.06,0.8333333333333334,1750.0,3316.6666666666665,434000.0,10000.0,3000.0,0.0
ST_A4-6cm,mitra,0.95,10,True,0.2,0.0,2024-08-01,0.06,0.75,1125.0,4975.0,407000.0,10000.0,3000.0,0.0
ST_A4-6cm,mitra,0.95,2,True,0.3,0.0,2024-12-01,0.066,0.8333333333333334,1901.6666666666667,3241.6666666666665,100620.0,10000.0,3260.0,0.0
ST_A4-6cm,mitra,0.95,5,True,0.3,0.0,2024-12-01,0.066,0.8333333333333334,1901.6666666666667,3241.6666666666665,217320.0,10000.0,3260.0,0.0
ST_A4-6cm,mitra,0.95,10,True,0.3,0.0,2024-12-01,0.066,0.8333333333333334,1901.6666666666667,3241.6666666666665,411820.0,10000.0,3260.0,0.0
ST_A4-6cm,mitra,0.95,20,True,0.3,0.0,2024-12-01,0.066,0.8333333333333334,1901.6666666666667,3241.6666666666665,800820.0,10000.0,3260.0,0.0
ST_A4-6cm,mitra,0.95,50,True,0.3,0.0,2024-12-01,0.066,0.8333333333333334,1901.6666666666667,3241.6666666666665,1967820.0,10000.0,3260.0,0.0
ST_A4-6cm,mitra,0.95,10,True,0.3,2.5,2024-12-01,0.066,0.8333333333333334,1901.6666666666667,3241.6666666666665,419970.0,10000.0,3260.0,0.0
ST_A4-6cm,mitra,0.95,10,True,0.3,5.0,2024-12-01,0.066,0.8333333333333334,1901.6666666666667,3241.6666666666665,428120.0,10000.0,3260.0,0.0
ST_A4-6cm,mitra,0.95,10,True,0.3,0.0,2024-08-01,0.066,0.75,1222.5,4862.5,398780.0,10000.0,3260.0,0.0
ST_Reg3-4cm,mitra,0.95,2,True,0.1,0.0,2024-12-01,,1.0,0.0,0.0,0.0,0.0,0.0,0.0
ST_Reg3-4cm,mitra,0.95,5,True,0.1,0.0,2024-12-01,,1.0,0.0,0.0,0.0,0.0,0.0,0.0
ST_Reg3-4cm,mitra,0.95,10,True,0.1,0.0,2024-12-01,,1.0,0.0,0.0,0.0,0.0,0.0,0.0
ST_Reg3-4cm,mitra,0.95,20,True,0.1,0.0,2024-12-01,,1.0,0.0,0.0,0.0,0.0,0.0,0.0
ST_Reg3-4cm,mitra,0.95,50,True,0.1,0.0,2024-12-01,,1.0,0.0,0.0,0.0,0.0,0.0,0.0
ST_Reg3-4cm,mitra,0.95,10,True,0.1,2.5,2024-12-01,,1.0,0.0,0.0,0.0,0.0,0.0,0.0
ST_Reg3-4cm,mitra,0.95,10,True,0.1,5.0,2024-12-01,,1.0,0.0,0.0,0.0,0.0,0.0,0.0
ST_Reg3-4cm,mitra,0.95,10,True,0.1,0.0,2024-08-01,,1.0,0.0,0.0,0.0,0.0,0.0,0.0
ST_Reg3-4cm,mitra,0.95,2,True,0.2,0.0,2024-12-01,,1.0,0.0,0.0,0.0,0.0,0.0,0.0
ST_Reg3-4cm,mitra,0.95,5,True,0.2,0.0,2024-12-01,,1.0,0.0,0.0,0.0,0.0,0.0,0.0
ST_Reg3-4cm,mitra,0.95,10,True,0.2,0.0,2024-12-01,,1.0,0.0,0.0,0.0,0.0,0.0,0.0
ST_Reg3-4cm,mitra,0.95,20,True,0.2,0.0,2024-12-01,,1.0,0.0,0.0,0.0,0.0,0.0,0.0
ST_Reg3-4cm,mitra,0.95,50,True,0.2,0.0,2024-12-01,,1.0,0.0,0.0,0.0,0.0,0.0,0.0
ST_Reg3-4cm,mitra,0.95,10,True,0.2,2.5,2024-12-01,,1.0,0.0,0.0,0.0,0.0,0.0,0.0
ST_Reg3-4cm,mitra,0.95,10,True,0.2,5.0,2024-12-01,,1.0,0.0,0.0,0.0,0.0,0.0,0.0
ST_Reg3-4cm,mitra,0.95,10,True,0.2,0.0,2024-08-01,,1.0,0.0,0.0,0.0,0.0,0.0,0.0
ST_Reg3-4cm,mitra,0.95,2,True,0.3,0.0,2024-12-01,,1.0,0.0,0.0,0.0,0.0,0.0,0.0
ST_Reg3-4cm,mitra,0.95,5,True,0.3,0.0,2024-12-01,,1.0,0.0,0.0,0.0,0.0,0.0,0.0
ST_Reg3-4cm,mitra,0.95,10,True,0.3,0.0,2024-12-01,,1.0,0.0,0.0,0.0,0.0,0.0,0.0
ST_Reg3-4cm,mitra,0.95,20,True,0.3,0.0,2024-12-01,,1.0,0.0,0.0,0.0,0.0,0.0,0.0
ST_Reg3-4cm,mitra,0.95,50,True,0.3,0.0,2024-12-01,,1.0,0.0,0.0,0.0,0.0,0.0,0.0
ST_Reg3-4cm,mitra,0.95,10,True,0.3,2.5,2024-12-01,,1.0,0.0,0.0,0.0,0.0,0.0,0.0
ST_Reg3-4cm,mitra,0.95,10,True,0.3,5.0,2024-12-01,,1.0,0.0,0.0,0.0,0.0,0.0,0.0
ST_Reg3-4cm,mitra,0.95,10,True,0.3,0.0,2024-08-01,,1.0,0.0,0.0,0.0,0.0,0.0,0.0
ST_Reg3.50in,mitra,0.95,2,True,0.1,0.0,2024-12-01,0.8658841363487383,0.5,5607.777777777781,978.6111111111095,90780.0,81360.0,9604.166666666672,3600.0
ST_Reg3.50in,mitra,0.95,5,True,0.1,0.0,2024-12-01,0.8658841363487383,0.5,5607.777777777781,978.6111111111095,126009.99999999994,81360.0,9604.166666666672,3600.0
ST_Reg3.50in,mitra,0.95,10,True,0.1,0.0,2024-12-01,0.8658841363487383,0.5,5607.777777777781,978.6111111111095,184726.6666666665,81360.0,9604.166666666672,3600.0
ST_Reg3.50in,mitra,0.95,20,True,0.1,0.0,2024-12-01,0.8658841363487383,0.5,5607.777777777781,978.6111111111095,302159.99999999965,81360.0,9604.166666666672,3600.0
ST_Reg3.50in,mitra,0.95,50,True,0.1,0.0,2024-12-01,0.8658841363487383,0.5,5607.777777777781,978.6111111111095,654459.9999999991,81360.0,9604.166666666672,3600.0
ST_Reg3.50in,mitra,0.95,10,True,0.1,2.5,2024-12-01,0.8658841363487383,0.5,5607.777777777781,978.6111111111095,217737.0833333332,81360.0,9604.166666666672,3600.0
ST_Reg3.50in,mitra,0.95,10,True,0.1,5.0,2024-12-01,0.8658841363487383,0.5,5607.777777777781,978.6111111111095,250747.49999999988,81360.0,9604.166666666672,3600.0
ST_Reg3.50in,mitra,0.95,10,True,0.1,0.0,2024-08-01,0.8309840974803802,0.25,5439.583333333336,1467.9166666666642,160949.99999999983,64560.0,1924.1666666666715,21000.0
ST_Reg3.50in,mitra,0.95,2,True,0.2,0.0,2024-12-01,0.9072025565388397,0.8333333333333334,8214.166666666666,629.1666666666666,113670.0,81360.0,12010.0,2400.0
ST_Reg3.50in,mitra,0.95,5,True,0.2,0.0,2024-12-01,0.9072025565388397,0.8333333333333334,8214.166666666666,629.1666666666666,136320.0,81360.0,12010.0,2400.0
ST_Reg3.50in,mitra,0.95,10,True,0.2,0.0,2024-12-01,0.9072025565388397,0.8333333333333334,8214.166666666666,629.1666666666666,174070.0,81360.0,12010.0,2400.0
ST_Reg3.50in,mitra,0.95,20,True,0.2,0.0,2024-12-01,0.9072025565388397,0.8333333333333334,8214.166666666666,629.1666666666666,249570.0,81360.0,12010.0,2400.0
ST_Reg3.50in,mitra,0.95,50,True,0.2,0.0,2024-12-01,0.9072025565388397,0.8333333333333334,8214.166666666666,629.1666666666666,476070.0,81360.0,12010.0,2400.0
ST_Reg3.50in,mitra,0.95,10,True,0.2,2.5,2024-12-01,0.9072025565388397,0.8333333333333334,8214.166666666666,629.1666666666666,210095.0,81360.0,12010.0,2400.0
ST_Reg3.50in,mitra,0.95,10,True,0.2,5.0,2024-12-01,0.9072025565388397,0.8333333333333334,8214.166666666666,629.1666666666666,246120.0,81360.0,12010.0,2400.0
ST_Reg3.50in,mitra,0.95,10,True,0.2,0.0,2024-08-01,0.8830545229244114,0.75,7921.25,943.75,138870.0,64560.0,4930.0,21000.0
ST_Reg3.50in,mitra,0.95,2,True,0.3,0.0,2024-12-01,0.9441474106850214,0.8333333333333334,10921.18055555556,378.6805555555554,140142.50000000006,81360.0,14415.833333333336,1200.0
ST_Reg3.50in,mitra,0.95,5,True,0.3,0.0,2024-12-01,0.9441474106850214,0.8333333333333334,10921.18055555556,378.6805555555554,153775.00000000003,81360.0,14415.833333333336,1200.0
ST_Reg3.50in,mitra,0.95,10,True,0.3,0.0,2024-12-01,0.9441474106850214,0.8333333333333334,10921.18055555556,378.6805555555554,176495.83333333337,81360.0,14415.833333333336,1200.0
ST_Reg3.50in,mitra,0.95,20,True,0.3,0.0,2024-12-01,0.9441474106850214,0.8333333333333334,10921.18055555556,378.6805555555554,221937.5,81360.0,14415.833333333336,1200.0
ST_Reg3.50in,mitra,0.95,50,True,0.3,0.0,2024-12-01,0.9441474106850214,0.8333333333333334,10921.18055555556,378.6805555555554,358262.4999999999,81360.0,14415.833333333336,1200.0
ST_Reg3.50in,mitra,0.95,10,True,0.3,2.5,2024-12-01,0.9441474106850214,0.8333333333333334,10921.18055555556,378.6805555555554,215535.41666666672,81360.0,14415.833333333336,1200.0
ST_Reg3.50in,mitra,0.95,10,True,0.3,5.0,2024-12-01,0.9441474106850214,0.8333333333333334,10921.18055555556,378.6805555555554,254575.00000000006,81360.0,14415.833333333336,1200.0
ST_Reg3.50in,mitra,0.95,10,True,0.3,0.0,2024-08-01,0.9296132796365139,0.75,10553.854166666668,568.020833333333,129872.49999999999,64560.0,7935.833333333336,21000.0
ST_Reg4.00in,mitra,0.95,2,True,0.1,0.0,2024-12-01,0.5898085585585586,0.3333333333333333,976.2500000000001,2034.5833333333328,60544.999999999985,17760.0,2978.333333333334,0.0
ST_Reg4.00in,mitra,0.95,5,True,0.1,0.0,2024-12-01,0.5898085585585586,0.3333333333333333,976.2500000000001,2034.5833333333328,133789.99999999997,17760.0,2978.333333333334,0.0
ST_Reg4.00in,mitra,0.95,10,True,0.1,0.0,2024-12-01,0.5898085585585586,0.3333333333333333,976.2500000000001,2034.5833333333328,255864.99999999994,17760.0,2978.333333333334,0.0
ST_Reg4.00in,mitra,0.95,20,True,0.1,0.0,2024-12-01,0.5898085585585586,0.3333333333333333,976.2500000000001,2034.5833333333328,500014.9999999999,17760.0,2978.333333333334,0.0
ST_Reg4.00in,mitra,0.95,50,True,0.1,0.0,2024-12-01,0.5898085585585586,0.3333333333333333,976.2500000000001,2034.5833333333328,1232464.9999999995,17760.0,2978.333333333334,0.0
ST_Reg4.00in,mitra,0.95,10,True,0.1,2.5,2024-12-01,0.5898085585585586,0.3333333333333333,976.2500000000001,2034.5833333333328,263310.83333333326,17760.0,2978.333333333334,0.0
ST_Reg4.00in,mitra,0.95,10,True,0.1,5.0,2024-12-01,0.5898085585585586,0.3333333333333333,976.2500000000001,2034.5833333333328,270756.6666666666,17760.0,2978.333333333334,0.0
ST_Reg4.00in,mitra,0.95,10,True,0.1,0.0,2024-08-01,0.6563283208020051,0.25,1092.0833333333335,1236.2499999999995,107636.66666666664,15960.0,0.0,0.0
ST_Reg4.00in,mitra,0.95,2,True,0.2,0.0,2024-12-01,0.6632882882882883,0.6666666666666666,1121.6666666666667,1681.6666666666667,53820.0,17760.0,3400.0,0.0
ST_Reg4.00in,mitra,0.95,5,True,0.2,0.0,2024-12-01,0.6632882882882883,0.6666666666666666,1121.6666666666667,1681.6666666666667,114360.0,17760.0,3400.0,0.0
ST_Reg4.00in,mitra,0.95,10,True,0.2,0.0,2024-12-01,0.6632882882882883,0.6666666666666666,1121.6666666666667,1681.6666666666667,215260.0,17760.0,3400.0,0.0
ST_Reg4.00in,mitra,0.95,20,True,0.2,0.0,2024-12-01,0.6632882882882883,0.6666666666666666,1121.6666666666667,1681.6666666666667,417060.0,17760.0,3400.0,0.0
ST_Reg4.00in,mitra,0.95,50,True,0.2,0.0,2024-12-01,0.6632882882882883,0.6666666666666666,1121.6666666666667,1681.6666666666667,1022460.0,17760.0,3400.0,0.0
ST_Reg4.00in,mitra,0.95,10,True,0.2,2.5,2024-12-01,0.6632882882882883,0.6666666666666666,1121.6666666666667,1681.6666666666667,223760.0,17760.0,3400.0,0.0
ST_Reg4.00in,mitra,0.95,10,True,0.2,5.0,2024-12-01,0.6632882882882883,0.6666666666666666,1121.6666666666667,1681.6666666666667,232260.0,17760.0,3400.0,0.0
ST_Reg4.00in,mitra,0.95,10,True,0.2,0.0,2024-08-01,0.7380952380952381,0.75,1257.5,910.0,82860.0,15960.0,0.0,0.0
ST_Reg4.00in,mitra,0.95,2,True,0.3,0.0,2024-12-01,0.6937875375375376,0.6666666666666666,1397.6388888888896,1455.9722222222217,51715.0,17760.0,3841.666666666668,0.0
ST_Reg4.00in,mitra,0.95,5,True,0.3,0.0,2024-12-01,0.6937875375375376,0.6666666666666666,1397.6388888888896,1455.9722222222217,104129.99999999997,17760.0,3841.666666666668,0.0
ST_Reg4.00in,mitra,0.95,10,True,0.3,0.0,2024-12-01,0.6937875375375376,0.6666666666666666,1397.6388888888896,1455.9722222222217,191488.33333333328,17760.0,3841.666666666668,0.0
ST_Reg4.00in,mitra,0.95,20,True,0.3,0.0,2024-12-01,0.6937875375375376,0.6666666666666666,1397.6388888888896,1455.9722222222217,366204.9999999999,17760.0,3841.666666666668,0.0
ST_Reg4.00in,mitra,0.95,50,True,0.3,0.0,2024-12-01,0.6937875375375376,0.6666666666666666,1397.6388888888896,1455.9722222222217,890354.9999999997,17760.0,3841.666666666668,0.0
ST_Reg4.00in,mitra,0.95,10,True,0.3,2.5,2024-12-01,0.6937875375375376,0.6666666666666666,1397.6388888888896,1455.9722222222217,201092.49999999994,17760.0,3841.666666666668,0.0
ST_Reg4.00in,mitra,0.95,10,True,0.3,5.0,2024-12-01,0.6937875375375376,0.6666666666666666,1397.6388888888896,1455.9722222222217,210696.66666666663,17760.0,3841.666666666668,0.0
ST_Reg4.00in,mitra,0.95,10,True,0.3,0.0,2024-08-01,0.7720342522974103,0.75,1616.250000000001,774.583333333333,74896.66666666666,15960.0,0.0,0.0
ST_Reg6.00in,mitra,0.95,2,True,0.1,0.0,2024-12-01,0.42435515873015867,0.5,369.0972222222221,488.2638888888891,16147.500000000004,6720.0,965.833333333333,0.0
ST_Reg6.00in,mitra,0.95,5,True,0.1,0.0,2024-12-01,0.42435515873015867,0.5,369.0972222222221,488.2638888888891,33725.00000000001,6720.0,965.833333333333,0.0
ST_Reg6.00in,mitra,0.95,10,True,0.1,0.0,2024-12-01,0.42435515873015867,0.5,369.0972222222221,488.2638888888891,63020.83333333335,6720.0,965.833333333333,0.0
ST_Reg6.00in,mitra,0.95,20,True,0.1,0.0,2024-12-01,0.42435515873015867,0.5,369.0972222222221,488.2638888888891,121612.50000000004,6720.0,965.833333333333,0.0
ST_Reg6.00in,mitra,0.95,50,True,0.1,0.0,2024-12-01,0.42435515873015867,0.5,369.0972222222221,488.2638888888891,297387.5000000001,6720.0,965.833333333333,0.0
ST_Reg6.00in,mitra,0.95,10,True,0.1,2.5,2024-12-01,0.42435515873015867,0.5,369.0972222222221,488.2638888888891,65435.416666666686,6720.0,965.833333333333,0.0
ST_Reg6.00in,mitra,0.95,10,True,0.1,5.0,2024-12-01,0.42435515873015867,0.5,369.0972222222221,488.2638888888891,67850.00000000001,6720.0,965.833333333333,0.0
ST_Reg6.00in,mitra,0.95,10,True,0.1,0.0,2024-08-01,0.49508101851851843,0.5,432.9166666666665,487.0833333333335,42430.000000000015,5760.0,0.0,0.0
ST_Reg6.00in,mitra,0.95,2,True,0.2,0.0,2024-12-01,0.5223214285714286,0.5,484.1666666666667,392.5,15230.0,6720.0,1130.0,0.0
ST_Reg6.00in,mitra,0.95,5,True,0.2,0.0,2024-12-01,0.5223214285714286,0.5,484.1666666666667,392.5,29360.0,6720.0,1130.0,0.0
ST_Reg6.00in,mitra,0.95,10,True,0.2,0.0,2024-12-01,0.5223214285714286,0.5,484.1666666666667,392.5,52910.0,6720.0,1130.0,0.0
ST_Reg6.00in,mitra,0.95,20,True,0.2,0.0,2024-12-01,0.5223214285714286,0.5,484.1666666666667,392.5,100010.0,6720.0,1130.0,0.0
ST_Reg6.00in,mitra,0.95,50,True,0.2,0.0,2024-12-01,0.5223214285714286,0.5,484.1666666666667,392.5,241310.0,6720.0,1130.0,0.0
ST_Reg6.00in,mitra,0.95,10,True,0.2,2.5,2024-12-01,0.5223214285714286,0.5,484.1666666666667,392.5,55735.0,6720.0,1130.0,0.0
ST_Reg6.00in,mitra,0.95,10,True,0.2,5.0,2024-12-01,0.5223214285714286,0.5,484.1666666666667,392.5,58560.0,6720.0,1130.0,0.0
ST_Reg6.00in,mitra,0.95,10,True,0.2,0.0,2024-08-01,0.5729166666666666,0.5,558.75,401.25,36570.0,5760.0,210.0,0.0
ST_Reg6.00in,mitra,0.95,2,True,0.3,0.0,2024-12-01,0.6223958333333334,0.5,598.2638888888888,299.0972222222223,14357.5,6720.0,1294.1666666666665,0.0
ST_Reg6.00in,mitra,0.95,5,True,0.3,0.0,2024-12-01,0.6223958333333334,0.5,598.2638888888888,299.0972222222223,25125.0,6720.0,1294.1666666666665,0.0
ST_Reg6.00in,mitra,0.95,10,True,0.3,0.0,2024-12-01,0.6223958333333334,0.5,598.2638888888888,299.0972222222223,43070.833333333336,6720.0,1294.1666666666665,0.0
ST_Reg6.00in,mitra,0.95,20,True,0.3,0.0,2024-12-01,0.6223958333333334,0.5,598.2638888888888,299.0972222222223,78962.50000000001,6720.0,1294.1666666666665,0.0
ST_Reg6.00in,mitra,0.95,50,True,0.3,0.0,2024-12-01,0.6223958333333334,0.5,598.2638888888888,299.0972222222223,186637.50000000003,6720.0,1294.1666666666665,0.0
ST_Reg6.00in,mitra,0.95,10,True,0.3,2.5,2024-12-01,0.6223958333333334,0.5,598.2638888888888,299.0972222222223,46306.25,6720.0,1294.1666666666665,0.0
ST_Reg6.00in,mitra,0.95,10,True,0.3,5.0,2024-12-01,0.6223958333333334,0.5,598.2638888888888,299.0972222222223,49541.66666666667,6720.0,1294.1666666666665,0.0
ST_Reg6.00in,mitra,0.95,10,True,0.3,0.0,2024-08-01,0.6507523148148148,0.5,681.3541666666666,317.18750000000006,30825.833333333336,5760.0,434.1666666666665,0.0
ST_VA10cm,mitra,0.95,2,True,0.1,0.0,2024-12-01,,1.0,800.0,0.0,9600.0,0.0,920.0,0.0
ST_VA10cm,mitra,0.95,5,True,0.1,0.0,2024-12-01,,1.0,800.0,0.0,9600.0,0.0,920.0,0.0
ST_VA10cm,mitra,0.95,10,True,0.1,0.0,2024-12-01,,1.0,800.0,0.0,9600.0,0.0,920.0,0.0
ST_VA10cm,mitra,0.95,20,True,0.1,0.0,2024-12-01,,1.0,800.0,0.0,9600.0,0.0,920.0,0.0
ST_VA10cm,mitra,0.95,50,True,0.1,0.0,2024-12-01,,1.0,800.0,0.0,9600.0,0.0,920.0,0.0
ST_VA10cm,mitra,0.95,10,True,0.1,2.5,2024-12-01,,1.0,800.0,0.0,11900.0,0.0,920.0,0.0
ST_VA10cm,mitra,0.95,10,True,0.1,5.0,2024-12-01,,1.0,800.0,0.0,14200.0,0.0,920.0,0.0
ST_VA10cm,mitra,0.95,10,True,0.1,0.0,2024-08-01,,1.0,740.0,0.0,5920.0,0.0,920.0,0.0
ST_VA10cm,mitra,0.95,2,True,0.2,0.0,2024-12-01,,1.0,866.6666666666666,0.0,10400.0,0.0,1000.0,0.0
ST_VA10cm,mitra,0.95,5,True,0.2,0.0,2024-12-01,,1.0,866.6666666666666,0.0,10400.0,0.0,1000.0,0.0
ST_VA10cm,mitra,0.95,10,True,0.2,0.0,2024-12-01,,1.0,866.6666666666666,0.0,10400.0,0.0,1000.0,0.0
ST_VA10cm,mitra,0.95,20,True,0.2,0.0,2024-12-01,,1.0,866.6666666666666,0.0,10400.0,0.0,1000.0,0.0
ST_VA10cm,mitra,0.95,50,True,0.2,0.0,2024-12-01,,1.0,866.6666666666666,0.0,10400.0,0.0,1000.0,0.0
ST_VA10cm,mitra,0.95,10,True,0.2,2.5,2024-12-01,,1.0,866.6666666666666,0.0,12900.0,0.0,1000.0,0.0
ST_VA10cm,mitra,0.95,10,True,0.2,5.0,2024-12-01,,1.0,866.6666666666666,0.0,15400.0,0.0,1000.0,0.0
ST_VA10cm,mitra,0.95,10,True,0.2,0.0,2024-08-01,,1.0,800.0,0.0,6400.0,0.0,1000.0,0.0
ST_VA10cm,mitra,0.95,2,True,0.3,0.0,2024-12-01,,1.0,953.3333333333334,0.0,11440.0,0.0,1100.0,0.0
ST_VA10cm,mitra,0.95,5,True,0.3,0.0,2024-12-01,,1.0,953.3333333333334,0.0,11440.0,0.0,1100.0,0.0
ST_VA10cm,mitra,0.95,10,True,0.3,0.0,2024-12-01,,1.0,953.3333333333334,0.0,11440.0,0.0,1100.0,0.0
ST_VA10cm,mitra,0.95,20,True,0.3,0.0,2024-12-01,,1.0,953.3333333333334,0.0,11440.0,0.0,1100.0,0.0
ST_VA10cm,mitra,0.95,50,True,0.3,0.0,2024-12-01,,1.0,953.3333333333334,0.0,11440.0,0.0,1100.0,0.0
ST_VA10cm,mitra,0.95,10,True,0.3,2.5,2024-12-01,,1.0,953.3333333333334,0.0,14190.0,0.0,1100.0,0.0
ST_VA10cm,mitra,0.95,10,True,0.3,5.0,2024-12-01,,1.0,953.3333333333334,0.0,16940.0,0.0,1100.0,0.0
ST_VA10cm,mitra,0.95,10,True,0.3,0.0,2024-08-01,,1.0,880.0,0.0,7040.0,0.0,1100.0,0.0
ST_VA7cm,mitra,0.95,2,True,0.1,0.0,2024-12-01,0.34065315315315314,0.6666666666666666,6931.805555555555,11555.13888888889,360505.0,74000.0,18348.33333333333,0.0
ST_VA7cm,mitra,0.95,5,True,0.1,0.0,2024-12-01,0.34065315315315314,0.6666666666666666,6931.805555555555,11555.13888888889,776490.0000000001,74000.0,18348.33333333333,0.0
ST_VA7cm,mitra,0.95,10,True,0.1,0.0,2024-12-01,0.34065315315315314,0.6666666666666666,6931.805555555555,11555.13888888889,1469798.3333333337,74000.0,18348.33333333333,0.0
ST_VA7cm,mitra,0.95,20,True,0.1,0.0,2024-12-01,0.34065315315315314,0.6666666666666666,6931.805555555555,11555.13888888889,2856415.0000000005,74000.0,18348.33333333333,0.0
ST_VA7cm,mitra,0.95,50,True,0.1,0.0,2024-12-01,0.34065315315315314,0.6666666666666666,6931.805555555555,11555.13888888889,7016265.000000001,74000.0,18348.33333333333,0.0
ST_VA7cm,mitra,0.95,10,True,0.1,2.5,2024-12-01,0.34065315315315314,0.6666666666666666,6931.805555555555,11555.13888888889,1515669.166666667,74000.0,18348.33333333333,0.0
ST_VA7cm,mitra,0.95,10,True,0.1,5.0,2024-12-01,0.34065315315315314,0.6666666666666666,6931.805555555555,11555.13888888889,1561540.0000000005,74000.0,18348.33333333333,0.0
ST_VA7cm,mitra,0.95,10,True,0.1,0.0,2024-08-01,0.34065315315315314,0.5,8104.166666666666,8930.833333333336,779300.0000000002,74000.0,0.0,16000.0
ST_VA7cm,mitra,0.95,2,True,0.2,0.0,2024-12-01,0.37162162162162155,0.6666666666666666,7833.333333333332,10285.000000000002,340840.0,74000.0,19999.999999999996,0.0
ST_VA7cm,mitra,0.95,5,True,0.2,0.0,2024-12-01,0.37162162162162155,0.6666666666666666,7833.333333333332,10285.000000000002,711100.0000000001,74000.0,19999.999999999996,0.0
ST_VA7cm,mitra,0.95,10,True,0.2,0.0,2024-12-01,0.37162162162162155,0.6666666666666666,7833.333333333332,10285.000000000002,1328200.0000000002,74000.0,19999.999999999996,0.0
ST_VA7cm,mitra,0.95,20,True,0.2,0.0,2024-12-01,0.37162162162162155,0.6666666666666666,7833.333333333332,10285.000000000002,2562400.0000000005,74000.0,19999.999999999996,0.0
ST_VA7cm,mitra,0.95,50,True,0.2,0.0,2024-12-01,0.37162162162162155,0.6666666666666666,7833.333333333332,10285.000000000002,6265000.000000001,74000.0,19999.999999999996,0.0
ST_VA7cm,mitra,0.95,10,True,0.2,2.5,2024-12-01,0.37162162162162155,0.6666666666666666,7833.333333333332,10285.000000000002,1378200.0000000002,74000.0,19999.999999999996,0.0
ST_VA7cm,mitra,0.95,10,True,0.2,5.0,2024-12-01,0.37162162162162155,0.6666666666666666,7833.333333333332,10285.000000000002,1428200.0000000002,74000.0,19999.999999999996,0.0
ST_VA7cm,mitra,0.95,10,True,0.2,0.0,2024-08-01,0.37162162162162155,0.5,9249.999999999998,7810.000000000002,698800.0000000001,74000.0,0.0,16000.0
ST_VA7cm,mitra,0.95,2,True,0.3,0.0,2024-12-01,0.40259009009009006,0.6666666666666666,8736.527777777776,9021.527777777781,321355.00000000006,74000.0,21671.666666666664,0.0
ST_VA7cm,mitra,0.95,5,True,0.3,0.0,2024-12-01,0.40259009009009006,0.6666666666666666,8736.527777777776,9021.527777777781,646130.0000000002,74000.0,21671.666666666664,0.0
ST_VA7cm,mitra,0.95,10,True,0.3,0.0,2024-12-01,0.40259009009009006,0.6666666666666666,8736.527777777776,9021.527777777781,1187421.666666667,74000.0,21671.666666666664,0.0
ST_VA7cm,mitra,0.95,20,True,0.3,0.0,2024-12-01,0.40259009009009006,0.6666666666666666,8736.527777777776,9021.527777777781,2270005.000000001,74000.0,21671.666666666664,0.0
ST_VA7cm,mitra,0.95,50,True,0.3,0.0,2024-12-01,0.40259009009009006,0.6666666666666666,8736.527777777776,9021.527777777781,5517755.000000002,74000.0,21671.666666666664,0.0
ST_VA7cm,mitra,0.95,10,True,0.3,2.5,2024-12-01,0.40259009009009006,0.6666666666666666,8736.527777777776,9021.527777777781,1241600.8333333337,74000.0,21671.666666666664,0.0
ST_VA7cm,mitra,0.95,10,True,0.3,5.0,2024-12-01,0.40259009009009006,0.6666666666666666,8736.527777777776,9021.527777777781,1295780.0000000002,74000.0,21671.666666666664,0.0
ST_VA7cm,mitra,0.95,10,True,0.3,0.0,2024-08-01,0.40259009009009006,0.5,10395.833333333332,6691.666666666668,618500.0000000001,74000.0,0.0,16000.0
ST_VA7cmbox,mitra,0.95,2,True,0.1,0.0,2024-12-01,,1.0,5500.0,0.0,66000.0,0.0,5500.0,0.0
ST_VA7cmbox,mitra,0.95,5,True,0.1,0.0,2024-12-01,,1.0,5500.0,0.0,66000.0,0.0,5500.0,0.0
ST_VA7cmbox,mitra,0.95,10,True,0.1,0.0,2024-12-01,,1.0,5500.0,0.0,66000.0,0.0,5500.0,0.0
ST_VA7cmbox,mitra,0.95,20,True,0.1,0.0,2024-12-01,,1.0,5500.0,0.0,66000.0,0.0,5500.0,0.0
ST_VA7cmbox,mitra,0.95,50,True,0.1,0.0,2024-12-01,,1.0,5500.0,0.0,66000.0,0.0,5500.0,0.0
ST_VA7cmbox,mitra,0.95,10,True,0.1,2.5,2024-12-01,,1.0,5500.0,0.0,79750.0,0.0,5500.0,0.0
ST_VA7cmbox,mitra,0.95,10,True,0.1,5.0,2024-12-01,,1.0,5500.0,0.0,93500.0,0.0,5500.0,0.0
ST_VA7cmbox,mitra,0.95,10,True,0.1,0.0,2024-08-01,,1.0,5500.0,0.0,44000.0,0.0,5500.0,0.0
ST_VA7cmbox,mitra,0.95,2,True,0.2,0.0,2024-12-01,,1.0,6000.0,0.0,72000.0,0.0,6000.0,0.0
ST_VA7cmbox,mitra,0.95,5,True,0.2,0.0,2024-12-01,,1.0,6000.0,0.0,72000.0,0.0,6000.0,0.0
ST_VA7cmbox,mitra,0.95,10,True,0.2,0.0,2024-12-01,,1.0,6000.0,0.0,72000.0,0.0,6000.0,0.0
ST_VA7cmbox,mitra,0.95,20,True,0.2,0.0,2024-12-01,,1.0,6000.0,0.0,72000.0,0.0,6000.0,0.0
ST_VA7cmbox,mitra,0.95,50,True,0.2,0.0,2024-12-01,,1.0,6000.0,0.0,72000.0,0.0,6000.0,0.0
ST_VA7cmbox,mitra,0.95,10,True,0.2,2.5,2024-12-01,,1.0,6000.0,0.0,87000.0,0.0,6000.0,0.0
ST_VA7cmbox,mitra,0.95,10,True,0.2,5.0,2024-12-01,,1.0,6000.0,0.0,102000.0,0.0,6000.0,0.0
ST_VA7cmbox,mitra,0.95,10,True,0.2,0.0,2024-08-01,,1.0,6000.0,0.0,48000.0,0.0,6000.0,0.0
ST_VA7cmbox,mitra,0.95,2,True,0.3,0.0,2024-12-01,,1.0,6500.0,0.0,78000.0,0.0,6500.0,0.0
ST_VA7cmbox,mitra,0.95,5,True,0.3,0.0,2024-12-01,,1.0,6500.0,0.0,78000.0,0.0,6500.0,0.0
ST_VA7cmbox,mitra,0.95,10,True,0.3,0.0,2024-12-01,,1.0,6500.0,0.0,78000.0,0.0,6500.0,0.0
ST_VA7cmbox,mitra,0.95,20,True,0.3,0.0,2024-12-01,,1.0,6500.0,0.0,78000.0,0.0,6500.0,0.0
ST_VA7cmbox,mitra,0.95,50,True,0.3,0.0,2024-12-01,,1.0,6500.0,0.0,78000.0,0.0,6500.0,0.0
ST_VA7cmbox,mitra,0.95,10,True,0.3,2.5,2024-12-01,,1.0,6500.0,0.0,94250.0,0.0,6500.0,0.0
ST_VA7cmbox,mitra,0.95,10,True,0.3,5.0,2024-12-01,,1.0,6500.0,0.0,110500.0,0.0,6500.0,0.0
ST_VA7cmbox,mitra,0.95,10,True,0.3,0.0,2024-08-01,,1.0,6500.0,0.0,52000.0,0.0,6500.0,0.0
ST_VA7cmrej,mitra,0.95,2,True,0.1,0.0,2024-12-01,,1.0,1595.0,0.0,19140.0,0.0,1840.0,0.0
ST_VA7cmrej,mitra,0.95,5,True,0.1,0.0,2024-12-01,,1.0,1595.0,0.0,19140.0,0.0,1840.0,0.0
ST_VA7cmrej,mitra,0.95,10,True,0.1,0.0,2024-12-01,,1.0,1595.0,0.0,19140.0,0.0,1840.0,0.0
ST_VA7cmrej,mitra,0.95,20,True,0.1,0.0,2024-12-01,,1.0,1595.0,0.0,19140.0,0.0,1840.0,0.0
ST_VA7cmrej,mitra,0.95,50,True,0.1,0.0,2024-12-01,,1.0,1595.0,0.0,19140.0,0.0,1840.0,0.0
ST_VA7cmrej,mitra,0.95,10,True,0.1,2.5,2024-12-01,,1.0,1595.0,0.0,23740.0,0.0,1840.0,0.0
ST_VA7cmrej,mitra,0.95,10,True,0.1,5.0,2024-12-01,,1.0,1595.0,0.0,28340.0,0.0,1840.0,0.0
ST_VA7cmrej,mitra,0.95,10,True,0.1,0.0,2024-08-01,,1.0,1472.5,0.0,11780.0,0.0,1840.0,0.0
ST_VA7cmrej,mitra,0.95,2,True,0.2,0.0,2024-12-01,,1.0,1733.3333333333333,0.0,20800.0,0.0,2000.0,0.0
ST_VA7cmrej,mitra,0.95,5,True,0.2,0.0,2024-12-01,,1.0,1733.3333333333333,0.0,20800.0,0.0,2000.0,0.0
ST_VA7cmrej,mitra,0.95,10,True,0.2,0.0,2024-12-01,,1.0,1733.3333333333333,0.0,20800.0,0.0,2000.0,0.0
ST_VA7cmrej,mitra,0.95,20,True,0.2,0.0,2024-12-01,,1.0,1733.3333333333333,0.0,20800.0,0.0,2000.0,0.0
ST_VA7cmrej,mitra,0.95,50,True,0.2,0.0,2024-12-01,,1.0,1733.3333333333333,0.0,20800.0,0.0,2000.0,0.0
ST_VA7cmrej,mitra,0.95,10,True,0.2,2.5,2024-12-01,,1.0,1733.3333333333333,0.0,25800.0,0.0,2000.0,0.0
ST_VA7cmrej,mitra,0.95,10,True,0.2,5.0,2024-12-01,,1.0,1733.3333333333333,0.0,30800.0,0.0,2000.0,0.0
ST_VA7cmrej,mitra,0.95,10,True,0.2,0.0,2024-08-01,,1.0,1600.0,0.0,12800.0,0.0,2000.0,0.0
ST_VA7cmrej,mitra,0.95,2,True,0.3,0.0,2024-12-01,,1.0,1888.3333333333333,0.0,22660.0,0.0,2180.0,0.0
ST_VA7cmrej,mitra,0.95,5,True,0.3,0.0,2024-12-01,,1.0,1888.3333333333333,0.0,22660.0,0.0,2180.0,0.0
ST_VA7cmrej,mitra,0.95,10,True,0.3,0.0,2024-12-01,,1.0,1888.3333333333333,0.0,22660.0,0.0,2180.0,0.0
ST_VA7cmrej,mitra,0.95,20,True,0.3,0.0,2024-12-01,,1.0,1888.3333333333333,0.0,22660.0,0.0,2180.0,0.0
ST_VA7cmrej,mitra,0.95,50,True,0.3,0.0,2024-12-01,,1.0,1888.3333333333333,0.0,22660.0,0.0,2180.0,0.0
ST_VA7cmrej,mitra,0.95,10,True,0.3,2.5,2024-12-01,,1.0,1888.3333333333333,0.0,28110.0,0.0,2180.0,0.0
ST_VA7cmrej,mitra,0.95,10,True,0.3,5.0,2024-12-01,,1.0,1888.3333333333333,0.0,33560.0,0.0,2180.0,0.0
ST_VA7cmrej,mitra,0.95,10,True,0.3,0.0,2024-08-01,,1.0,1742.5,0.0,13940.0,0.0,2180.0,0.0
